ACCIDENT_NO,ACCIDENT_DATE,ACCIDENT_TIME,ACCIDENT_TYPE,ACCIDENT_TYPE_DESC,DAY_OF_WEEK,DAY_WEEK_DESC,DCA_CODE,DCA_DESC,LIGHT_CONDITION,NODE_ID,NO_OF_VEHICLES,NO_PERSONS_KILLED,NO_PERSONS_INJ_2,NO_PERSONS_INJ_3,NO_PERSONS_NOT_INJ,NO_PERSONS,POLICE_ATTEND,ROAD_GEOMETRY,ROAD_GEOMETRY_DESC,SEVERITY,SPEED_ZONE,RMA
T20230000780,2023/1/8,14:30:00,8,No collision and no object struck,0,Sunday,179,OTHER ACCIDENTS-OFF STRAIGHT NOT INCLUDED IN DCAs 170-175,1,15294,1,0,0,1,0,1,2,2,T intersection,3,100,Arterial Other
T20230000833,2023/1/8,19:30:00,2,Struck Pedestrian,0,Sunday,100,PED NEAR SIDE. PED HIT BY VEHICLE FROM THE RIGHT.,9,761776,1,0,0,1,1,2,2,5,Not at intersection,3,50,Local Road
T20230000492,2023/1/8,12:55:00,1,Collision with vehicle,0,Sunday,134,LANE CHANGE RIGHT (NOT OVERTAKING),1,746714,2,0,1,0,1,2,1,1,Cross intersection,2,60,Arterial Other
T20230005412,2023/1/8,16:00:00,2,Struck Pedestrian,0,Sunday,100,PED NEAR SIDE. PED HIT BY VEHICLE FROM THE RIGHT.,1,788442,1,0,0,1,1,2,2,5,Not at intersection,3,40,Local Road
T20230000497,2023/1/8,13:25:00,6,Vehicle overturned (no collision),1,Sunday,174,OUT OF CONTROL ON CARRIAGEWAY (ON STRAIGHT),1,747366,1,0,1,0,0,1,1,5,Not at intersection,2,50,Local Road
T20230001183,2023/1/9,8:15:00,1,Collision with vehicle,1,Monday,160,VEHICLE COLLIDES WITH VEHICLE PARKED ON LEFT OF ROAD,1,748483,2,0,1,0,1,2,1,2,T intersection,2,60,Arterial Other
T20230001348,2023/1/9,1:00:00,8,No collision and no object struck,1,Monday,179,OTHER ACCIDENTS-OFF STRAIGHT NOT INCLUDED IN DCAs 170-175,3,354705,1,0,0,1,0,1,2,2,T intersection,3,40,Local Road
T20230000611,2023/1/9,23:00:00,8,No collision and no object struck,2,Monday,174,OUT OF CONTROL ON CARRIAGEWAY (ON STRAIGHT),3,747255,1,0,1,0,0,1,1,5,Not at intersection,2,50,Local Road
T20230000609,2023/1/9,21:14:00,1,Collision with vehicle,1,Monday,110,CROSS TRAFFIC(INTERSECTIONS ONLY),3,683318,2,0,1,0,1,2,1,1,Cross intersection,2,80,Arterial Other
T20230000600,2023/1/9,6:00:00,1,Collision with vehicle,1,Monday,131,LEFT REAR,2,788261,2,0,1,0,1,2,2,2,T intersection,2,50,
T20230000624,2023/1/9,8:28:00,4,Collision with a fixed object,1,Monday,173,RIGHT OFF CARRIAGEWAY INTO OBJECT/PARKED VEHICLE,1,757026,1,0,1,0,0,1,1,5,Not at intersection,2,80,Local Road
T20230000565,2023/1/9,8:12:00,1,Collision with vehicle,1,Monday,111,RIGHT FAR (INTERSECTIONS ONLY),1,65042,2,0,0,1,1,2,1,2,T intersection,3,60,Local Road
T20230001520,2023/1/9,14:51:00,1,Collision with vehicle,2,Monday,130,REAR END(VEHICLES IN SAME LANE),1,754304,5,0,0,1,4,5,1,5,Not at intersection,3,80,Arterial Highway
T20230000612,2023/1/9,2:00:00,1,Collision with vehicle,2,Monday,121,RIGHT THROUGH,3,55691,2,0,2,4,0,6,1,1,Cross intersection,2,70,Arterial Other
T20230000634,2023/1/9,7:50:00,6,Vehicle overturned (no collision),2,Monday,174,OUT OF CONTROL ON CARRIAGEWAY (ON STRAIGHT),1,56722,1,0,1,0,0,1,2,2,T intersection,2,999,Arterial Other
T20230000597,2023/1/9,16:30:00,1,Collision with vehicle,1,Monday,130,REAR END(VEHICLES IN SAME LANE),1,747151,2,0,0,1,3,4,1,5,Not at intersection,3,100,Freeway
T20230000596,2023/1/9,17:45:00,2,Struck Pedestrian,2,Monday,100,PED NEAR SIDE. PED HIT BY VEHICLE FROM THE RIGHT.,1,202162,1,0,1,0,1,2,1,5,Not at intersection,2,40,Arterial Other
T20230000594,2023/1/9,16:00:00,6,Vehicle overturned (no collision),1,Monday,182,OFF CARRIAGEWAY ON LEFT BEND,1,755663,1,0,1,0,0,1,1,5,Not at intersection,2,80,Local Road
T20230000591,2023/1/9,14:20:00,1,Collision with vehicle,1,Monday,110,CROSS TRAFFIC(INTERSECTIONS ONLY),1,61046,3,0,0,1,3,4,1,1,Cross intersection,3,60,Local Road
T20230000553,2023/1/9,9:18:00,6,Vehicle overturned (no collision),1,Monday,184,OUT OF CONTROL ON CARRIAGEWAY (ON BEND),1,788259,1,0,1,0,0,1,1,5,Not at intersection,2,100,Arterial Highway
T20230000572,2023/1/9,10:30:00,1,Collision with vehicle,1,Monday,110,CROSS TRAFFIC(INTERSECTIONS ONLY),1,52221,2,0,0,1,1,2,1,1,Cross intersection,3,999,Local Road
T20230000543,2023/1/9,6:30:00,4,Collision with a fixed object,2,Monday,175,OFF END OF ROAD/T-INTERSECTION.,1,762475,1,0,1,0,0,1,1,2,T intersection,2,60,Local Road
T20230000542,2023/1/9,7:45:00,1,Collision with vehicle,1,Monday,116,LEFT NEAR (INTERSECTIONS ONLY),1,59079,2,0,1,0,1,2,1,2,T intersection,2,60,Local Road
T20230000541,2023/1/9,7:30:00,4,Collision with a fixed object,2,Monday,173,RIGHT OFF CARRIAGEWAY INTO OBJECT/PARKED VEHICLE,1,746879,1,0,1,0,0,1,1,5,Not at intersection,2,100,Arterial Highway
T20230000537,2023/1/9,7:00:00,1,Collision with vehicle,1,Monday,110,CROSS TRAFFIC(INTERSECTIONS ONLY),1,35794,2,0,1,1,1,3,1,1,Cross intersection,2,60,Arterial Highway
T20230000571,2023/1/9,7:38:00,6,Vehicle overturned (no collision),2,Monday,174,OUT OF CONTROL ON CARRIAGEWAY (ON STRAIGHT),1,754765,1,1,0,0,0,1,1,5,Not at intersection,1,100,Arterial Other
T20230000582,2023/1/9,10:30:00,4,Collision with a fixed object,2,Monday,181,OFF RIGHT BEND INTO OBJECT/PARKED VEHICLE,1,748376,1,0,1,0,0,1,1,5,Not at intersection,2,80,
T20230001003,2023/1/9,16:30:00,1,Collision with vehicle,1,Monday,137,LEFT TURN SIDESWIPE,1,36489,2,0,0,1,1,2,2,1,Cross intersection,3,40,Local Road
T20230000639,2023/1/9,17:07:00,1,Collision with vehicle,1,Monday,130,REAR END(VEHICLES IN SAME LANE),1,755938,2,0,0,1,1,2,2,5,Not at intersection,3,100,Freeway
T20230000590,2023/1/9,17:20:00,4,Collision with a fixed object,1,Monday,179,OTHER ACCIDENTS-OFF STRAIGHT NOT INCLUDED IN DCAs 170-175,1,747789,1,0,0,1,3,4,1,5,Not at intersection,3,110,Freeway
T20230000999,2023/1/9,8:20:00,1,Collision with vehicle,1,Monday,130,REAR END(VEHICLES IN SAME LANE),1,751959,2,0,0,1,1,2,2,5,Not at intersection,3,999,Freeway
T20230000566,2023/1/9,9:00:00,1,Collision with vehicle,2,Monday,113,RIGHT NEAR (INTERSECTIONS ONLY),1,30043,2,0,0,1,1,2,1,2,T intersection,3,80,Arterial Highway
T20230001174,2023/1/9,21:00:00,2,Struck Pedestrian,1,Monday,100,PED NEAR SIDE. PED HIT BY VEHICLE FROM THE RIGHT.,2,321927,1,0,0,1,1,2,2,1,Cross intersection,3,999,Arterial Other
T20230000581,2023/1/9,8:57:00,1,Collision with vehicle,1,Monday,153,CUTTING IN (OVERTAKING),1,756825,2,0,0,1,1,2,2,5,Not at intersection,3,80,Local Road
T20230000585,2023/1/9,15:31:00,1,Collision with vehicle,1,Monday,130,REAR END(VEHICLES IN SAME LANE),1,778359,4,0,0,1,4,5,1,5,Not at intersection,3,100,Freeway
T20230000579,2023/1/9,12:30:00,5,collision with some other object,1,Monday,191,LOAD OR MISSILE STRUCK VEHICLE,1,748583,1,0,0,1,3,4,1,5,Not at intersection,3,50,Arterial Other
T20230000686,2023/1/9,6:00:00,1,Collision with vehicle,2,Monday,134,LANE CHANGE RIGHT (NOT OVERTAKING),2,747158,3,0,1,0,2,3,1,5,Not at intersection,2,100,Freeway
T20230000560,2023/1/9,9:20:00,1,Collision with vehicle,2,Monday,130,REAR END(VEHICLES IN SAME LANE),1,747150,2,0,0,2,2,4,1,5,Not at intersection,3,110,Freeway
T20230000547,2023/1/9,6:40:00,4,Collision with a fixed object,2,Monday,189,OTHER ACCIDENTS ON CURVE NOT INCLUDED IN DCAs 180-184,1,780705,1,0,0,1,0,1,1,5,Not at intersection,3,80,Arterial Other
T20230000684,2023/1/10,5:30:00,3,Struck animal,2,Tuesday,167,STRUCK ANIMAL,5,776364,1,0,0,1,0,1,1,5,Not at intersection,3,100,Local Road
T20230000680,2023/1/10,16:31:00,4,Collision with a fixed object,3,Tuesday,171,LEFT OFF CARRIAGEWAY INTO OBJECT/PARKED VEHICLE,1,747044,3,1,0,1,0,2,1,5,Not at intersection,1,50,Local Road
T20230000615,2023/1/10,3:15:00,8,No collision and no object struck,3,Tuesday,170,OFF CARRIAGEWAY TO LEFT,3,775263,1,0,1,0,0,1,1,5,Not at intersection,2,60,Arterial Other
T20230000844,2023/1/10,15:50:00,1,Collision with vehicle,3,Tuesday,113,RIGHT NEAR (INTERSECTIONS ONLY),1,784332,2,0,0,1,2,3,1,2,T intersection,3,50,Local Road
T20230000617,2023/1/10,6:09:00,1,Collision with vehicle,2,Tuesday,110,CROSS TRAFFIC(INTERSECTIONS ONLY),1,243224,2,0,0,2,0,2,1,1,Cross intersection,3,80,Local Road
T20230000619,2023/1/10,8:45:00,1,Collision with vehicle,3,Tuesday,110,CROSS TRAFFIC(INTERSECTIONS ONLY),1,54706,2,0,0,1,1,2,1,1,Cross intersection,3,50,Local Road
T20230000626,2023/1/10,10:30:00,1,Collision with vehicle,2,Tuesday,121,RIGHT THROUGH,1,44402,2,0,1,0,1,2,1,1,Cross intersection,2,60,Arterial Other
T20230000672,2023/1/10,17:30:00,1,Collision with vehicle,3,Tuesday,130,REAR END(VEHICLES IN SAME LANE),1,123537,3,0,0,1,2,3,1,1,Cross intersection,3,60,Arterial Highway
T20230000818,2023/1/10,18:00:00,2,Struck Pedestrian,2,Tuesday,104,PED WALKING WITH TRAFFIC,1,90906,1,0,0,1,1,2,2,5,Not at intersection,3,40,Arterial Other
T20230001181,2023/1/10,22:27:00,1,Collision with vehicle,2,Tuesday,110,CROSS TRAFFIC(INTERSECTIONS ONLY),3,784344,2,0,0,1,1,2,1,1,Cross intersection,3,70,Arterial Highway
T20230000669,2023/1/10,19:10:00,1,Collision with vehicle,2,Tuesday,122,LEFT THROUGH,2,689631,2,0,0,1,1,2,1,1,Cross intersection,3,60,Arterial Other
T20230000667,2023/1/10,16:49:00,1,Collision with vehicle,2,Tuesday,130,REAR END(VEHICLES IN SAME LANE),1,749042,3,0,0,2,1,3,1,5,Not at intersection,3,60,Arterial Other
T20230003004,2023/1/10,15:30:00,1,Collision with vehicle,3,Tuesday,131,LEFT REAR,1,768030,2,0,0,1,2,3,2,1,Cross intersection,3,60,Freeway
T20230000664,2023/1/10,17:10:00,1,Collision with vehicle,2,Tuesday,130,REAR END(VEHICLES IN SAME LANE),1,763581,2,0,1,1,1,3,1,5,Not at intersection,2,100,Freeway
T20230002471,2023/1/10,19:00:00,4,Collision with a fixed object,2,Tuesday,171,LEFT OFF CARRIAGEWAY INTO OBJECT/PARKED VEHICLE,1,773190,1,0,1,0,0,1,2,5,Not at intersection,2,80,Local Road
T20230000631,2023/1/10,10:00:00,1,Collision with vehicle,3,Tuesday,133,LANE SIDE SWIPE (VEHICLES IN PARALLEL LANES),1,44687,3,0,0,1,2,3,1,2,T intersection,3,60,Arterial Highway
T20230000636,2023/1/10,10:48:00,4,Collision with a fixed object,3,Tuesday,173,RIGHT OFF CARRIAGEWAY INTO OBJECT/PARKED VEHICLE,1,747889,1,0,1,0,0,1,1,5,Not at intersection,2,110,Freeway
T20230008711,2023/1/10,15:00:00,1,Collision with vehicle,2,Tuesday,135,LANE CHANGE LEFT (NOT OVERTAKING),1,784333,2,0,0,1,1,2,2,5,Not at intersection,3,60,Arterial Highway
T20230000663,2023/1/10,16:55:00,1,Collision with vehicle,2,Tuesday,130,REAR END(VEHICLES IN SAME LANE),1,777092,2,0,0,1,1,2,1,5,Not at intersection,3,60,Arterial Highway
T20230000660,2023/1/10,15:30:00,1,Collision with vehicle,3,Tuesday,130,REAR END(VEHICLES IN SAME LANE),1,763972,2,0,1,0,1,2,1,5,Not at intersection,2,110,Arterial Highway
T20230002837,2023/1/10,10:05:00,2,Struck Pedestrian,2,Tuesday,107,PED ON FOOTHPATH STRUCK BY VEHENTERING/LEAVING DRIVEWAY.,1,754438,2,0,0,1,1,2,1,2,T intersection,3,999,Local Road
T20230001839,2023/1/10,15:00:00,6,Vehicle overturned (no collision),2,Tuesday,179,OTHER ACCIDENTS-OFF STRAIGHT NOT INCLUDED IN DCAs 170-175,1,784351,1,0,0,1,0,1,2,5,Not at intersection,3,999,Local Road
T20230000659,2023/1/10,16:50:00,1,Collision with vehicle,2,Tuesday,130,REAR END(VEHICLES IN SAME LANE),1,777630,2,0,0,2,1,3,1,5,Not at intersection,3,60,Arterial Other
T20230000655,2023/1/10,15:07:00,1,Collision with vehicle,2,Tuesday,140,U TURN,1,66514,2,0,1,1,1,3,1,2,T intersection,2,60,Arterial Other
T20230000648,2023/1/10,13:35:00,1,Collision with vehicle,3,Tuesday,134,LANE CHANGE RIGHT (NOT OVERTAKING),1,747583,2,0,1,0,1,2,1,5,Not at intersection,2,80,Freeway
T20230000637,2023/1/10,11:35:00,1,Collision with vehicle,2,Tuesday,113,RIGHT NEAR (INTERSECTIONS ONLY),1,788410,2,0,0,2,3,5,1,2,T intersection,3,60,
T20230000638,2023/1/10,12:05:00,1,Collision with vehicle,2,Tuesday,130,REAR END(VEHICLES IN SAME LANE),1,788405,2,0,1,0,1,2,1,5,Not at intersection,2,40,Local Road
T20230000643,2023/1/10,13:37:00,6,Vehicle overturned (no collision),2,Tuesday,184,OUT OF CONTROL ON CARRIAGEWAY (ON BEND),1,747155,1,0,1,0,0,1,1,5,Not at intersection,2,80,Local Road
T20230001062,2023/1/10,19:06:00,4,Collision with a fixed object,2,Tuesday,171,LEFT OFF CARRIAGEWAY INTO OBJECT/PARKED VEHICLE,1,278579,1,0,1,1,2,4,1,4,Multiple intersection,2,80,Freeway
T20230000905,2023/1/10,13:30:00,6,Vehicle overturned (no collision),3,Tuesday,184,OUT OF CONTROL ON CARRIAGEWAY (ON BEND),1,44178,1,0,1,0,0,1,2,2,T intersection,2,999,Local Road
T20230002622,2023/1/10,17:30:00,4,Collision with a fixed object,3,Tuesday,171,LEFT OFF CARRIAGEWAY INTO OBJECT/PARKED VEHICLE,1,784347,1,0,0,1,0,1,2,5,Not at intersection,3,60,Local Road
T20230000784,2023/1/10,11:00:00,8,No collision and no object struck,2,Tuesday,175,OFF END OF ROAD/T-INTERSECTION.,1,747586,1,0,0,1,0,1,2,2,T intersection,3,100,Local Road
T20230015198,2023/1/10,18:20:00,1,Collision with vehicle,3,Tuesday,130,REAR END(VEHICLES IN SAME LANE),1,776579,2,0,0,1,1,2,2,5,Not at intersection,3,80,Arterial Other
T20230000954,2023/1/10,15:49:00,2,Struck Pedestrian,2,Tuesday,102,FAR SIDE. PED HIT BY VEHICLE FROM THE LEFT,1,788408,1,0,1,0,1,2,1,5,Not at intersection,2,60,Arterial Highway
T20230000706,2023/1/10,12:45:00,8,No collision and no object struck,2,Tuesday,151,OUT OF CONTROL (OVERTAKING),1,747368,1,0,0,1,0,1,2,5,Not at intersection,3,80,Arterial Other
T20230001913,2023/1/10,17:50:00,1,Collision with vehicle,2,Tuesday,136,RIGHT TURN SIDESWIPE,1,752279,2,0,0,1,1,2,2,2,T intersection,3,60,Local Road
T20230000698,2023/1/10,16:40:00,1,Collision with vehicle,2,Tuesday,160,VEHICLE COLLIDES WITH VEHICLE PARKED ON LEFT OF ROAD,1,788407,2,0,0,1,1,2,1,5,Not at intersection,3,100,Local Road
T20230000689,2023/1/10,21:30:00,4,Collision with a fixed object,2,Tuesday,171,LEFT OFF CARRIAGEWAY INTO OBJECT/PARKED VEHICLE,3,784345,1,0,0,1,0,1,1,5,Not at intersection,3,80,Arterial Other
T20230001185,2023/1/11,16:13:00,1,Collision with vehicle,3,Wednesday,130,REAR END(VEHICLES IN SAME LANE),1,777391,2,0,0,1,1,2,2,2,T intersection,3,999,Arterial Highway
T20230000735,2023/1/11,7:30:00,1,Collision with vehicle,3,Wednesday,130,REAR END(VEHICLES IN SAME LANE),1,777867,2,0,0,1,1,2,2,5,Not at intersection,3,60,Freeway
T20230001200,2023/1/11,6:30:00,1,Collision with vehicle,3,Wednesday,130,REAR END(VEHICLES IN SAME LANE),9,323730,2,0,0,1,1,2,2,1,Cross intersection,3,80,Arterial Other
T20230000734,2023/1/11,6:31:00,1,Collision with vehicle,4,Wednesday,134,LANE CHANGE RIGHT (NOT OVERTAKING),1,137879,2,0,1,0,1,2,1,5,Not at intersection,2,60,Local Road
T20230000691,2023/1/11,2:20:00,1,Collision with vehicle,3,Wednesday,110,CROSS TRAFFIC(INTERSECTIONS ONLY),3,144327,2,0,1,0,1,2,1,1,Cross intersection,2,50,Arterial Other
T20230000710,2023/1/11,5:50:00,1,Collision with vehicle,4,Wednesday,130,REAR END(VEHICLES IN SAME LANE),1,777623,2,0,1,0,1,2,1,1,Cross intersection,2,80,Local Road
T20230001480,2023/1/11,8:30:00,1,Collision with vehicle,3,Wednesday,110,CROSS TRAFFIC(INTERSECTIONS ONLY),1,39296,2,0,0,1,1,2,2,1,Cross intersection,3,50,Local Road
T20230003203,2023/1/11,8:50:00,4,Collision with a fixed object,3,Wednesday,181,OFF RIGHT BEND INTO OBJECT/PARKED VEHICLE,1,757742,1,0,0,1,1,2,2,5,Not at intersection,3,80,Local Road
T20230000733,2023/1/11,13:25:00,1,Collision with vehicle,3,Wednesday,121,RIGHT THROUGH,1,777379,2,0,0,1,1,2,1,5,Not at intersection,3,60,Arterial Other
T20230008505,2023/1/11,20:00:00,1,Collision with vehicle,4,Wednesday,130,REAR END(VEHICLES IN SAME LANE),9,776156,2,0,0,1,1,2,2,5,Not at intersection,3,999,Arterial Other
T20230000723,2023/1/11,10:40:00,1,Collision with vehicle,4,Wednesday,134,LANE CHANGE RIGHT (NOT OVERTAKING),1,748092,2,0,2,0,1,3,1,5,Not at intersection,2,100,Freeway
T20230001739,2023/1/11,8:30:00,1,Collision with vehicle,3,Wednesday,130,REAR END(VEHICLES IN SAME LANE),9,749992,4,0,0,1,3,4,2,2,T intersection,3,60,Arterial Other
T20230000762,2023/1/11,15:00:00,4,Collision with a fixed object,4,Wednesday,173,RIGHT OFF CARRIAGEWAY INTO OBJECT/PARKED VEHICLE,1,775507,1,1,0,0,0,1,1,5,Not at intersection,1,80,Arterial Other
T20230000732,2023/1/11,13:15:00,1,Collision with vehicle,3,Wednesday,113,RIGHT NEAR (INTERSECTIONS ONLY),1,48995,2,0,1,0,1,2,1,3,Y intersection,2,80,Arterial Other
T20230000731,2023/1/11,13:23:00,1,Collision with vehicle,3,Wednesday,130,REAR END(VEHICLES IN SAME LANE),1,747585,3,0,0,1,3,4,1,5,Not at intersection,3,80,Arterial Other
T20230000712,2023/1/11,8:40:00,1,Collision with vehicle,3,Wednesday,130,REAR END(VEHICLES IN SAME LANE),1,751840,3,0,0,1,2,3,1,5,Not at intersection,3,70,Arterial Other
T20230000927,2023/1/11,11:00:00,1,Collision with vehicle,3,Wednesday,120,HEAD ON (NOT OVERTAKING),1,751580,2,0,0,1,2,3,1,5,Not at intersection,3,100,Local Road
T20230000752,2023/1/11,17:50:00,6,Vehicle overturned (no collision),3,Wednesday,182,OFF CARRIAGEWAY ON LEFT BEND,1,781010,1,0,1,0,0,1,1,5,Not at intersection,2,100,Arterial Other
T20230000754,2023/1/11,18:20:00,1,Collision with vehicle,3,Wednesday,121,RIGHT THROUGH,1,8888,2,0,0,1,4,5,1,2,T intersection,3,999,
T20230000782,2023/1/11,9:20:00,6,Vehicle overturned (no collision),4,Wednesday,182,OFF CARRIAGEWAY ON LEFT BEND,1,748041,1,0,1,1,0,2,1,5,Not at intersection,2,60,Arterial Other
T20230000755,2023/1/11,9:30:00,1,Collision with vehicle,4,Wednesday,110,CROSS TRAFFIC(INTERSECTIONS ONLY),1,749557,2,0,1,0,1,2,2,1,Cross intersection,2,40,Local Road
T20230000729,2023/1/11,13:52:00,1,Collision with vehicle,3,Wednesday,140,U TURN,1,346061,2,0,0,2,0,2,1,5,Not at intersection,3,60,Local Road
T20230000768,2023/1/11,22:20:00,5,collision with some other object,3,Wednesday,166,STRUCK OBJECT ON CARRIAGEWAY,3,778260,2,0,0,2,0,2,1,5,Not at intersection,3,100,Freeway
T20230000765,2023/1/11,4:01:00,4,Collision with a fixed object,3,Wednesday,173,RIGHT OFF CARRIAGEWAY INTO OBJECT/PARKED VEHICLE,5,754887,1,0,0,1,0,1,2,5,Not at intersection,3,100,Arterial Other
T20230000707,2023/1/11,9:15:00,2,Struck Pedestrian,3,Wednesday,104,PED WALKING WITH TRAFFIC,1,784373,1,0,0,1,1,2,1,5,Not at intersection,3,50,Local Road
T20230000757,2023/1/11,16:23:00,1,Collision with vehicle,3,Wednesday,130,REAR END(VEHICLES IN SAME LANE),1,747790,3,0,0,1,2,3,1,5,Not at intersection,3,100,Freeway
T20230001099,2023/1/11,9:30:00,6,Vehicle overturned (no collision),4,Wednesday,184,OUT OF CONTROL ON CARRIAGEWAY (ON BEND),1,752481,1,0,0,1,0,1,2,5,Not at intersection,3,80,Arterial Other
T20230000828,2023/1/11,22:00:00,2,Struck Pedestrian,3,Wednesday,100,PED NEAR SIDE. PED HIT BY VEHICLE FROM THE RIGHT.,6,749558,1,0,1,0,1,2,2,5,Not at intersection,2,60,Arterial Other
T20230000863,2023/1/11,22:38:00,1,Collision with vehicle,4,Wednesday,148,VEHICLE OFF FOOTPATH STRIKES VEH ON CARRIAGEWAY,3,784362,2,0,0,1,1,2,2,5,Not at intersection,3,999,Arterial Other
T20230000717,2023/1/11,10:10:00,1,Collision with vehicle,3,Wednesday,130,REAR END(VEHICLES IN SAME LANE),1,750439,2,0,0,1,2,3,1,5,Not at intersection,3,40,Arterial Other
T20230000756,2023/1/11,21:18:00,1,Collision with vehicle,4,Wednesday,133,LANE SIDE SWIPE (VEHICLES IN PARALLEL LANES),3,747373,2,0,0,1,1,2,1,5,Not at intersection,3,60,Local Road
T20230000716,2023/1/11,10:45:00,8,No collision and no object struck,4,Wednesday,174,OUT OF CONTROL ON CARRIAGEWAY (ON STRAIGHT),1,747370,1,0,1,0,0,1,1,5,Not at intersection,2,50,Local Road
T20230000720,2023/1/11,10:35:00,1,Collision with vehicle,4,Wednesday,132,RIGHT REAR.,1,754649,2,0,1,0,1,2,1,5,Not at intersection,2,60,Arterial Other
T20230002833,2023/1/11,7:30:00,2,Struck Pedestrian,4,Wednesday,109,ANY MANOEUVRE INVOLVING PED NOT INCLUDED IN DCAs 100-108.,1,66611,1,0,1,0,1,2,2,2,T intersection,2,999,Arterial Other
T20230001322,2023/1/11,17:00:00,1,Collision with vehicle,4,Wednesday,130,REAR END(VEHICLES IN SAME LANE),9,39961,2,0,0,1,1,2,2,2,T intersection,3,999,Local Road
T20230000777,2023/1/11,8:10:00,1,Collision with vehicle,3,Wednesday,110,CROSS TRAFFIC(INTERSECTIONS ONLY),1,39385,2,0,0,1,1,2,1,1,Cross intersection,3,60,Arterial Other
T20230000743,2023/1/11,15:45:00,4,Collision with a fixed object,4,Wednesday,171,LEFT OFF CARRIAGEWAY INTO OBJECT/PARKED VEHICLE,1,758809,1,0,1,0,0,1,1,5,Not at intersection,2,60,Local Road
T20230004738,2023/1/11,10:50:00,1,Collision with vehicle,4,Wednesday,116,LEFT NEAR (INTERSECTIONS ONLY),1,784365,2,0,0,1,1,2,1,2,T intersection,3,60,Local Road
T20230000744,2023/1/11,16:00:00,1,Collision with vehicle,3,Wednesday,110,CROSS TRAFFIC(INTERSECTIONS ONLY),1,44860,2,0,0,1,4,5,1,1,Cross intersection,3,60,Arterial Other
T20230000748,2023/1/11,13:45:00,1,Collision with vehicle,4,Wednesday,130,REAR END(VEHICLES IN SAME LANE),1,748926,6,0,0,3,4,7,1,5,Not at intersection,3,60,Arterial Other
T20230000714,2023/1/11,10:35:00,4,Collision with a fixed object,3,Wednesday,171,LEFT OFF CARRIAGEWAY INTO OBJECT/PARKED VEHICLE,1,784371,1,0,0,1,0,1,1,1,Cross intersection,3,40,Local Road
T20230000749,2023/1/11,13:45:00,1,Collision with vehicle,3,Wednesday,133,LANE SIDE SWIPE (VEHICLES IN PARALLEL LANES),1,784368,2,0,0,1,1,2,1,5,Not at intersection,3,40,Arterial Highway
T20230002110,2023/1/11,20:00:00,1,Collision with vehicle,3,Wednesday,137,LEFT TURN SIDESWIPE,2,29528,2,0,0,1,1,2,2,1,Cross intersection,3,60,Arterial Highway
T20230001242,2023/1/11,11:30:00,1,Collision with vehicle,3,Wednesday,121,RIGHT THROUGH,1,322346,2,0,0,2,3,5,1,3,Y intersection,3,60,Arterial Other
T20230000750,2023/1/11,12:36:00,1,Collision with vehicle,3,Wednesday,147,VEHICLE STRIKES ANOTHER VEH WHILE EMERGING FROM DRIVEWAY,1,250867,2,0,0,1,1,2,2,2,T intersection,3,999,Local Road
T20230000813,2023/1/12,12:20:00,2,Struck Pedestrian,5,Thursday,100,PED NEAR SIDE. PED HIT BY VEHICLE FROM THE RIGHT.,1,30356,1,0,1,0,1,2,1,1,Cross intersection,2,40,Local Road
T20230002007,2023/1/12,16:19:00,1,Collision with vehicle,4,Thursday,121,RIGHT THROUGH,1,36019,2,0,0,1,1,2,1,1,Cross intersection,3,60,Arterial Other
T20230000821,2023/1/12,14:30:00,8,No collision and no object struck,4,Thursday,182,OFF CARRIAGEWAY ON LEFT BEND,1,748479,1,0,1,0,0,1,2,5,Not at intersection,2,70,Arterial Other
T20230000822,2023/1/12,14:35:00,2,Struck Pedestrian,4,Thursday,100,PED NEAR SIDE. PED HIT BY VEHICLE FROM THE RIGHT.,1,753159,2,0,0,1,2,3,2,5,Not at intersection,3,50,Local Road
T20230000791,2023/1/12,10:56:00,1,Collision with vehicle,4,Thursday,121,RIGHT THROUGH,1,788438,2,0,1,0,1,2,1,1,Cross intersection,2,60,Freeway
T20230001187,2023/1/12,17:50:00,1,Collision with vehicle,4,Thursday,130,REAR END(VEHICLES IN SAME LANE),1,39978,2,0,0,1,1,2,2,1,Cross intersection,3,50,Local Road
T20230028482,2023/1/12,14:00:00,1,Collision with vehicle,4,Thursday,130,REAR END(VEHICLES IN SAME LANE),1,797157,2,0,0,1,6,7,2,5,Not at intersection,3,60,Arterial Other
T20230000805,2023/1/12,10:00:00,1,Collision with vehicle,4,Thursday,120,HEAD ON (NOT OVERTAKING),1,759700,2,0,0,3,1,4,1,5,Not at intersection,3,50,Local Road
T20230000830,2023/1/12,16:40:00,1,Collision with vehicle,5,Thursday,110,CROSS TRAFFIC(INTERSECTIONS ONLY),1,299403,2,0,3,1,0,4,1,1,Cross intersection,2,80,Arterial Highway
T20230000831,2023/1/12,16:30:00,4,Collision with a fixed object,4,Thursday,171,LEFT OFF CARRIAGEWAY INTO OBJECT/PARKED VEHICLE,1,747890,1,0,0,1,0,1,1,5,Not at intersection,3,110,Freeway
T20230000832,2023/1/12,17:27:00,4,Collision with a fixed object,5,Thursday,181,OFF RIGHT BEND INTO OBJECT/PARKED VEHICLE,1,781011,1,0,1,0,0,1,1,5,Not at intersection,2,80,Local Road