ACCIDENT_NO,ACCIDENT_DATE,ACCIDENT_TIME,ACCIDENT_TYPE,ACCIDENT_TYPE_DESC,DAY_OF_WEEK,DAY_WEEK_DESC,DCA_CODE,DCA_DESC,LIGHT_CONDITION,NODE_ID,NO_OF_VEHICLES,NO_PERSONS_KILLED,NO_PERSONS_INJ_2,NO_PERSONS_INJ_3,NO_PERSONS_NOT_INJ,NO_PERSONS,POLICE_ATTEND,ROAD_GEOMETRY,ROAD_GEOMETRY_DESC,SEVERITY,SPEED_ZONE,RMA
T20230001082,2023/1/12,21:20:00,1,Collision with vehicle,4,Thursday,133,LANE SIDE SWIPE (VEHICLES IN PARALLEL LANES),2,777389,3,0,0,2,3,5,1,5,Not at intersection,3,100,Arterial Other
T20230000834,2023/1/12,14:58:00,1,Collision with vehicle,4,Thursday,132,RIGHT REAR.,1,50415,2,0,0,1,4,5,1,2,T intersection,3,60,Arterial Highway
T20230000792,2023/1/12,10:30:00,4,Collision with a fixed object,4,Thursday,175,OFF END OF ROAD/T-INTERSECTION.,1,784388,1,0,0,1,0,1,1,2,T intersection,3,40,Arterial Highway
T20230000793,2023/1/12,10:56:00,1,Collision with vehicle,4,Thursday,110,CROSS TRAFFIC(INTERSECTIONS ONLY),1,784377,2,0,0,1,1,2,1,1,Cross intersection,3,999,Local Road
T20230000838,2023/1/12,16:30:00,4,Collision with a fixed object,4,Thursday,173,RIGHT OFF CARRIAGEWAY INTO OBJECT/PARKED VEHICLE,1,751600,1,0,0,1,0,1,1,5,Not at intersection,3,100,Arterial Other
T20230000840,2023/1/12,15:50:00,1,Collision with vehicle,4,Thursday,148,VEHICLE OFF FOOTPATH STRIKES VEH ON CARRIAGEWAY,1,784375,2,0,0,1,1,2,1,5,Not at intersection,3,60,Local Road
T20230000841,2023/1/12,14:40:00,1,Collision with vehicle,5,Thursday,111,RIGHT FAR (INTERSECTIONS ONLY),1,37058,3,0,1,0,3,4,1,2,T intersection,2,70,Arterial Highway
T20230000842,2023/1/12,17:11:00,1,Collision with vehicle,4,Thursday,130,REAR END(VEHICLES IN SAME LANE),1,749982,3,0,0,2,1,3,1,5,Not at intersection,3,60,Arterial Other
T20230000779,2023/1/12,9:05:00,1,Collision with vehicle,4,Thursday,116,LEFT NEAR (INTERSECTIONS ONLY),1,47362,2,0,1,0,1,2,1,3,Y intersection,2,40,Local Road
T20230000845,2023/1/12,15:44:00,1,Collision with vehicle,4,Thursday,130,REAR END(VEHICLES IN SAME LANE),1,711904,4,0,0,1,4,5,1,5,Not at intersection,3,80,Arterial Other
T20230000853,2023/1/12,17:09:00,6,Vehicle overturned (no collision),4,Thursday,179,OTHER ACCIDENTS-OFF STRAIGHT NOT INCLUDED IN DCAs 170-175,1,358547,1,0,0,1,0,1,1,1,Cross intersection,3,70,Arterial Other
T20230000854,2023/1/12,21:14:00,4,Collision with a fixed object,4,Thursday,171,LEFT OFF CARRIAGEWAY INTO OBJECT/PARKED VEHICLE,5,752720,1,0,1,0,0,1,1,5,Not at intersection,2,50,Arterial Highway
T20230000856,2023/1/12,17:43:00,2,Struck Pedestrian,4,Thursday,100,PED NEAR SIDE. PED HIT BY VEHICLE FROM THE RIGHT.,1,784378,1,0,0,1,1,2,1,5,Not at intersection,3,40,Local Road
T20230000796,2023/1/12,8:26:00,2,Struck Pedestrian,5,Thursday,102,FAR SIDE. PED HIT BY VEHICLE FROM THE LEFT,1,28,4,0,1,2,2,5,1,2,T intersection,2,60,Arterial Other
T20230001400,2023/1/12,13:49:00,1,Collision with vehicle,5,Thursday,110,CROSS TRAFFIC(INTERSECTIONS ONLY),1,38778,2,0,0,1,2,3,1,1,Cross intersection,3,60,Local Road
T20230000797,2023/1/12,11:46:00,2,Struck Pedestrian,5,Thursday,100,PED NEAR SIDE. PED HIT BY VEHICLE FROM THE RIGHT.,1,292945,1,0,1,0,1,2,1,5,Not at intersection,2,60,Arterial Other
T20230008555,2023/1/12,19:15:00,8,No collision and no object struck,4,Thursday,174,OUT OF CONTROL ON CARRIAGEWAY (ON STRAIGHT),1,774380,1,0,1,0,0,1,2,5,Not at intersection,2,60,Local Road
T20230000871,2023/1/12,16:00:00,1,Collision with vehicle,4,Thursday,121,RIGHT THROUGH,1,699041,2,0,1,0,2,3,1,5,Not at intersection,2,80,Arterial Other
T20230001060,2023/1/12,20:46:00,1,Collision with vehicle,4,Thursday,116,LEFT NEAR (INTERSECTIONS ONLY),3,46594,3,0,0,2,4,6,1,2,T intersection,3,60,Local Road
T20230000799,2023/1/12,11:30:00,1,Collision with vehicle,5,Thursday,135,LANE CHANGE LEFT (NOT OVERTAKING),1,765763,2,0,1,0,1,2,1,5,Not at intersection,2,70,Arterial Highway
T20230000800,2023/1/12,11:50:00,2,Struck Pedestrian,5,Thursday,100,PED NEAR SIDE. PED HIT BY VEHICLE FROM THE RIGHT.,1,36193,1,0,1,0,1,2,1,1,Cross intersection,2,40,Local Road
T20230000803,2023/1/12,12:10:00,4,Collision with a fixed object,4,Thursday,171,LEFT OFF CARRIAGEWAY INTO OBJECT/PARKED VEHICLE,1,747589,1,0,1,0,0,1,1,5,Not at intersection,2,100,Local Road
T20230007908,2023/1/12,14:00:00,7,Fall from or in moving vehicle,5,Thursday,190,FELL IN/FROM VEHICLE,1,765409,1,0,0,1,1,2,2,5,Not at intersection,3,60,Arterial Other
T20230000984,2023/1/12,10:40:00,1,Collision with vehicle,5,Thursday,133,LANE SIDE SWIPE (VEHICLES IN PARALLEL LANES),1,784376,2,0,0,1,1,2,2,5,Not at intersection,3,100,Arterial Other
T20230001449,2023/1/12,18:00:00,1,Collision with vehicle,4,Thursday,130,REAR END(VEHICLES IN SAME LANE),1,44514,2,0,1,0,1,2,1,2,T intersection,2,50,Local Road
T20230000806,2023/1/12,9:00:00,1,Collision with vehicle,4,Thursday,113,RIGHT NEAR (INTERSECTIONS ONLY),1,225712,2,0,1,0,1,2,1,2,T intersection,2,70,Freeway
T20230001325,2023/1/12,19:20:00,4,Collision with a fixed object,4,Thursday,173,RIGHT OFF CARRIAGEWAY INTO OBJECT/PARKED VEHICLE,1,748703,1,0,0,2,0,2,1,5,Not at intersection,3,60,Arterial Highway
T20230000776,2023/1/12,6:20:00,1,Collision with vehicle,4,Thursday,130,REAR END(VEHICLES IN SAME LANE),2,748367,3,0,1,0,2,3,1,5,Not at intersection,2,100,Freeway
T20230001314,2023/1/12,15:19:00,1,Collision with vehicle,5,Thursday,130,REAR END(VEHICLES IN SAME LANE),1,778127,2,0,0,1,2,3,2,4,Multiple intersection,3,60,Arterial Other
T20230000883,2023/1/12,21:20:00,1,Collision with vehicle,4,Thursday,121,RIGHT THROUGH,3,715351,2,0,0,1,1,2,1,2,T intersection,3,80,Arterial Other
T20230000775,2023/1/12,4:15:00,4,Collision with a fixed object,5,Thursday,179,OTHER ACCIDENTS-OFF STRAIGHT NOT INCLUDED IN DCAs 170-175,3,772182,1,0,1,0,0,1,1,2,T intersection,2,60,Local Road
T20230000988,2023/1/12,6:00:00,1,Collision with vehicle,4,Thursday,121,RIGHT THROUGH,1,899,2,0,1,0,1,2,1,1,Cross intersection,2,80,Arterial Highway
T20230001052,2023/1/12,17:50:00,1,Collision with vehicle,4,Thursday,113,RIGHT NEAR (INTERSECTIONS ONLY),1,38217,2,0,0,1,1,2,2,2,T intersection,3,999,Arterial Other
T20230001043,2023/1/12,13:38:00,1,Collision with vehicle,5,Thursday,132,RIGHT REAR.,1,777606,2,0,0,1,2,3,1,5,Not at intersection,3,60,Arterial Other
T20230000906,2023/1/12,17:30:00,1,Collision with vehicle,5,Thursday,133,LANE SIDE SWIPE (VEHICLES IN PARALLEL LANES),1,751842,2,0,0,1,1,2,2,5,Not at intersection,3,60,Local Road
T20230002481,2023/1/12,18:17:00,1,Collision with vehicle,5,Thursday,130,REAR END(VEHICLES IN SAME LANE),1,469,2,0,0,2,1,3,2,2,T intersection,3,999,Local Road
T20230000786,2023/1/12,7:41:00,1,Collision with vehicle,5,Thursday,120,HEAD ON (NOT OVERTAKING),1,748043,3,0,1,0,2,3,1,5,Not at intersection,2,80,Local Road
T20230000783,2023/1/12,7:10:00,1,Collision with vehicle,4,Thursday,110,CROSS TRAFFIC(INTERSECTIONS ONLY),1,32011,3,0,0,1,1,2,1,1,Cross intersection,3,80,Arterial Highway
T20230000788,2023/1/12,8:00:00,1,Collision with vehicle,4,Thursday,130,REAR END(VEHICLES IN SAME LANE),1,777380,2,0,0,1,1,2,2,1,Cross intersection,3,60,Local Road
T20230000811,2023/1/12,8:08:00,1,Collision with vehicle,5,Thursday,121,RIGHT THROUGH,1,777850,2,0,0,1,1,2,1,1,Cross intersection,3,80,Arterial Other
T20230000829,2023/1/12,17:21:00,1,Collision with vehicle,5,Thursday,148,VEHICLE OFF FOOTPATH STRIKES VEH ON CARRIAGEWAY,1,56802,2,0,1,0,2,3,1,2,T intersection,2,60,Arterial Other
T20230000887,2023/1/13,11:57:00,6,Vehicle overturned (no collision),6,Friday,174,OUT OF CONTROL ON CARRIAGEWAY (ON STRAIGHT),1,583688,1,0,1,0,0,1,1,5,Not at intersection,2,40,Local Road
T20230000889,2023/1/13,12:00:00,1,Collision with vehicle,5,Friday,133,LANE SIDE SWIPE (VEHICLES IN PARALLEL LANES),1,42979,2,0,1,0,1,2,1,2,T intersection,2,60,Arterial Other
T20230000896,2023/1/13,14:30:00,1,Collision with vehicle,5,Friday,121,RIGHT THROUGH,1,660522,2,0,0,1,1,2,1,2,T intersection,3,70,Arterial Other
T20230000897,2023/1/13,14:40:00,1,Collision with vehicle,6,Friday,160,VEHICLE COLLIDES WITH VEHICLE PARKED ON LEFT OF ROAD,1,787349,4,0,1,0,0,1,1,5,Not at intersection,2,60,Arterial Other
T20230000898,2023/1/13,11:59:00,1,Collision with vehicle,5,Friday,140,U TURN,1,771660,2,0,0,1,1,2,1,5,Not at intersection,3,50,Local Road
T20230000899,2023/1/13,14:42:00,2,Struck Pedestrian,5,Friday,102,FAR SIDE. PED HIT BY VEHICLE FROM THE LEFT,1,748694,1,0,1,0,1,2,1,5,Not at intersection,2,60,Arterial Other
T20230000903,2023/1/13,15:08:00,1,Collision with vehicle,5,Friday,130,REAR END(VEHICLES IN SAME LANE),1,748695,2,0,0,2,2,4,1,5,Not at intersection,3,80,Arterial Other
T20230000912,2023/1/13,16:45:00,1,Collision with vehicle,6,Friday,130,REAR END(VEHICLES IN SAME LANE),1,752721,2,0,1,0,1,2,1,1,Cross intersection,2,60,Local Road
T20230000917,2023/1/13,15:55:00,4,Collision with a fixed object,6,Friday,173,RIGHT OFF CARRIAGEWAY INTO OBJECT/PARKED VEHICLE,1,751717,1,0,1,0,0,1,1,5,Not at intersection,2,100,Arterial Highway
T20230001800,2023/1/13,16:30:00,1,Collision with vehicle,5,Friday,130,REAR END(VEHICLES IN SAME LANE),1,777679,2,0,0,1,0,1,9,5,Not at intersection,3,70,Arterial Other
T20230001801,2023/1/13,18:51:00,1,Collision with vehicle,6,Friday,110,CROSS TRAFFIC(INTERSECTIONS ONLY),1,52884,2,0,0,2,0,2,1,1,Cross intersection,3,50,Local Road
T20230000920,2023/1/13,16:40:00,1,Collision with vehicle,6,Friday,130,REAR END(VEHICLES IN SAME LANE),1,751966,4,0,0,3,3,6,1,5,Not at intersection,3,70,Arterial Other
T20230002593,2023/1/13,21:00:00,6,Vehicle overturned (no collision),5,Friday,179,OTHER ACCIDENTS-OFF STRAIGHT NOT INCLUDED IN DCAs 170-175,2,784391,1,0,0,1,1,2,2,5,Not at intersection,3,100,Local Road
T20230000923,2023/1/13,15:50:00,1,Collision with vehicle,5,Friday,130,REAR END(VEHICLES IN SAME LANE),1,777387,2,0,0,1,3,4,1,5,Not at intersection,3,80,Freeway
T20230000928,2023/1/13,15:15:00,1,Collision with vehicle,6,Friday,110,CROSS TRAFFIC(INTERSECTIONS ONLY),1,360426,2,0,0,3,3,6,1,1,Cross intersection,3,60,Arterial Highway
T20230000931,2023/1/13,13:10:00,1,Collision with vehicle,6,Friday,131,LEFT REAR,1,352248,2,0,1,0,1,2,2,1,Cross intersection,2,50,Arterial Other
T20230000936,2023/1/13,2:00:00,1,Collision with vehicle,6,Friday,154,PULLING OUT -REAR END,3,775622,2,0,1,0,1,2,1,5,Not at intersection,2,70,Arterial Other
T20230000938,2023/1/13,21:03:00,1,Collision with vehicle,5,Friday,120,HEAD ON (NOT OVERTAKING),2,782,2,0,0,1,0,1,1,1,Cross intersection,3,60,Arterial Highway
T20230000940,2023/1/13,22:48:00,4,Collision with a fixed object,5,Friday,175,OFF END OF ROAD/T-INTERSECTION.,3,777388,1,0,0,1,1,2,1,2,T intersection,3,50,Local Road
T20230000941,2023/1/13,17:00:00,4,Collision with a fixed object,6,Friday,183,OFF LEFT BEND INTO OBJECT/PARKED VEHICLE,1,751802,1,0,1,0,0,1,1,5,Not at intersection,2,80,Arterial Other
T20230000942,2023/1/13,6:10:00,1,Collision with vehicle,6,Friday,111,RIGHT FAR (INTERSECTIONS ONLY),2,51083,2,0,0,7,1,8,1,1,Cross intersection,3,999,Local Road
T20230000943,2023/1/13,22:40:00,1,Collision with vehicle,6,Friday,169,OTHER ON PATH,3,759218,2,0,1,0,0,1,1,5,Not at intersection,2,50,Local Road
T20230001936,2023/1/13,11:30:00,1,Collision with vehicle,6,Friday,130,REAR END(VEHICLES IN SAME LANE),1,777383,4,0,1,0,3,4,1,5,Not at intersection,2,60,Arterial Highway
T20230000965,2023/1/13,22:10:00,4,Collision with a fixed object,5,Friday,151,OUT OF CONTROL (OVERTAKING),5,778890,3,0,1,0,2,3,1,5,Not at intersection,2,60,Arterial Other
T20230000970,2023/1/13,14:10:00,1,Collision with vehicle,6,Friday,134,LANE CHANGE RIGHT (NOT OVERTAKING),1,783472,2,0,0,1,1,2,2,5,Not at intersection,3,70,Arterial Other
T20230001090,2023/1/13,11:20:00,1,Collision with vehicle,5,Friday,110,CROSS TRAFFIC(INTERSECTIONS ONLY),1,50724,2,0,0,2,1,3,1,1,Cross intersection,3,50,Local Road
T20230001182,2023/1/13,22:08:00,4,Collision with a fixed object,5,Friday,179,OTHER ACCIDENTS-OFF STRAIGHT NOT INCLUDED IN DCAs 170-175,3,777381,1,0,1,0,0,1,1,5,Not at intersection,2,60,Local Road
T20230001273,2023/1/13,18:00:00,1,Collision with vehicle,5,Friday,130,REAR END(VEHICLES IN SAME LANE),1,775964,2,0,0,1,4,5,2,5,Not at intersection,3,100,Freeway
T20230001412,2023/1/13,16:00:00,8,No collision and no object struck,6,Friday,179,OTHER ACCIDENTS-OFF STRAIGHT NOT INCLUDED IN DCAs 170-175,1,784506,1,0,0,1,0,1,2,5,Not at intersection,3,50,Arterial Highway
T20230002180,2023/1/13,23:00:00,4,Collision with a fixed object,6,Friday,171,LEFT OFF CARRIAGEWAY INTO OBJECT/PARKED VEHICLE,5,751715,1,0,0,1,0,1,2,5,Not at intersection,3,100,Arterial Other
T20230002996,2023/1/13,17:24:00,1,Collision with vehicle,5,Friday,130,REAR END(VEHICLES IN SAME LANE),1,42800,2,0,0,1,2,3,1,2,T intersection,3,60,Arterial Highway
T20230002702,2023/1/13,17:00:00,1,Collision with vehicle,5,Friday,133,LANE SIDE SWIPE (VEHICLES IN PARALLEL LANES),9,752729,2,0,0,1,1,2,2,5,Not at intersection,3,80,Freeway
T20230002639,2023/1/13,19:40:00,1,Collision with vehicle,5,Friday,130,REAR END(VEHICLES IN SAME LANE),2,582848,2,0,0,1,2,3,1,4,Multiple intersection,3,80,Freeway
T20230003073,2023/1/13,14:00:00,1,Collision with vehicle,5,Friday,136,RIGHT TURN SIDESWIPE,1,273099,2,0,0,1,3,4,1,2,T intersection,3,60,Arterial Other
T20230007960,2023/1/13,13:40:00,1,Collision with vehicle,5,Friday,130,REAR END(VEHICLES IN SAME LANE),1,765663,3,0,0,1,2,3,1,5,Not at intersection,3,60,Arterial Other
T20230004383,2023/1/13,16:11:00,1,Collision with vehicle,6,Friday,130,REAR END(VEHICLES IN SAME LANE),1,45241,2,0,0,1,1,2,1,2,T intersection,3,60,Arterial Other
T20230002829,2023/1/13,15:15:00,1,Collision with vehicle,5,Friday,130,REAR END(VEHICLES IN SAME LANE),1,752493,3,0,0,1,2,3,2,5,Not at intersection,3,999,Arterial Highway
T20230009058,2023/1/13,15:20:00,1,Collision with vehicle,6,Friday,130,REAR END(VEHICLES IN SAME LANE),1,777820,2,0,0,1,1,2,1,5,Not at intersection,3,999,Arterial Highway
T20230000866,2023/1/13,4:45:00,1,Collision with vehicle,6,Friday,113,RIGHT NEAR (INTERSECTIONS ONLY),3,322870,2,0,1,0,2,3,1,2,T intersection,2,80,Arterial Highway
T20230000867,2023/1/13,6:00:00,1,Collision with vehicle,5,Friday,169,OTHER ON PATH,2,777386,2,0,1,0,0,1,1,5,Not at intersection,2,50,Local Road
T20230000872,2023/1/13,7:20:00,4,Collision with a fixed object,5,Friday,181,OFF RIGHT BEND INTO OBJECT/PARKED VEHICLE,1,786747,1,0,1,0,0,1,1,1,Cross intersection,2,60,
T20230000873,2023/1/13,4:55:00,1,Collision with vehicle,6,Friday,130,REAR END(VEHICLES IN SAME LANE),5,748219,2,1,0,0,1,2,1,5,Not at intersection,1,100,Arterial Highway
T20230004517,2023/1/13,16:10:00,1,Collision with vehicle,6,Friday,137,LEFT TURN SIDESWIPE,1,249929,2,0,0,2,1,3,1,2,T intersection,3,80,Arterial Highway
T20230000879,2023/1/13,11:30:00,1,Collision with vehicle,6,Friday,121,RIGHT THROUGH,1,44126,2,0,1,0,1,2,1,1,Cross intersection,2,60,Local Road
T20230000881,2023/1/13,9:45:00,1,Collision with vehicle,5,Friday,111,RIGHT FAR (INTERSECTIONS ONLY),1,777872,2,0,0,1,1,2,2,4,Multiple intersection,3,50,Local Road
T20230000884,2023/1/13,11:00:00,1,Collision with vehicle,5,Friday,160,VEHICLE COLLIDES WITH VEHICLE PARKED ON LEFT OF ROAD,1,748927,4,0,0,1,0,1,1,5,Not at intersection,3,60,Arterial Other
T20230000885,2023/1/13,12:22:00,1,Collision with vehicle,5,Friday,139,OTHER SAME DIRECTION-MANOUEVRES NOT INCLUDED IN DCAs 130-137,1,747794,3,0,1,0,0,1,1,5,Not at intersection,2,50,Local Road
T20230000886,2023/1/13,8:35:00,1,Collision with vehicle,5,Friday,148,VEHICLE OFF FOOTPATH STRIKES VEH ON CARRIAGEWAY,1,747795,2,0,0,1,1,2,2,1,Cross intersection,3,50,Local Road
T20230000986,2023/1/14,0:38:00,2,Struck Pedestrian,6,Saturday,103,PED PLAYING/LYING/WORKING/STANDING ON CARRIAGEWAY.,3,787345,1,0,1,0,1,2,1,5,Not at intersection,2,888,Local Road
T20230000945,2023/1/14,1:10:00,4,Collision with a fixed object,7,Saturday,173,RIGHT OFF CARRIAGEWAY INTO OBJECT/PARKED VEHICLE,3,787344,1,0,1,0,0,1,1,5,Not at intersection,2,60,Local Road
T20230001018,2023/1/14,16:06:00,1,Collision with vehicle,7,Saturday,139,OTHER SAME DIRECTION-MANOUEVRES NOT INCLUDED IN DCAs 130-137,1,757891,3,0,2,1,2,5,1,4,Multiple intersection,2,80,Local Road
T20230000946,2023/1/14,1:30:00,7,Fall from or in moving vehicle,6,Saturday,190,FELL IN/FROM VEHICLE,3,783477,1,0,0,1,1,2,1,5,Not at intersection,3,60,Arterial Other
T20230012291,2023/1/14,8:30:00,4,Collision with a fixed object,7,Saturday,179,OTHER ACCIDENTS-OFF STRAIGHT NOT INCLUDED IN DCAs 170-175,2,777207,1,0,0,1,0,1,2,2,T intersection,3,50,Local Road
T20230001019,2023/1/14,18:41:00,6,Vehicle overturned (no collision),7,Saturday,174,OUT OF CONTROL ON CARRIAGEWAY (ON STRAIGHT),1,748263,1,0,1,0,0,1,1,5,Not at intersection,2,80,Local Road
T20230001105,2023/1/14,16:00:00,5,collision with some other object,6,Saturday,171,LEFT OFF CARRIAGEWAY INTO OBJECT/PARKED VEHICLE,1,751377,1,0,0,1,0,1,1,5,Not at intersection,3,100,Local Road
T20230001022,2023/1/14,20:01:00,4,Collision with a fixed object,7,Saturday,181,OFF RIGHT BEND INTO OBJECT/PARKED VEHICLE,1,764481,1,0,1,0,0,1,1,5,Not at intersection,2,60,Arterial Other
T20230000971,2023/1/14,8:20:00,1,Collision with vehicle,6,Saturday,121,RIGHT THROUGH,1,747940,2,0,1,0,1,2,1,3,Y intersection,2,60,Local Road
T20230000951,2023/1/14,0:15:00,1,Collision with vehicle,6,Saturday,160,VEHICLE COLLIDES WITH VEHICLE PARKED ON LEFT OF ROAD,3,748481,2,0,0,1,0,1,1,5,Not at intersection,3,50,Local Road
T20230000956,2023/1/14,6:45:00,1,Collision with vehicle,6,Saturday,110,CROSS TRAFFIC(INTERSECTIONS ONLY),2,52524,2,0,0,1,1,2,1,1,Cross intersection,3,60,Local Road
T20230000950,2023/1/14,3:36:00,1,Collision with vehicle,6,Saturday,133,LANE SIDE SWIPE (VEHICLES IN PARALLEL LANES),3,208948,2,0,1,0,1,2,1,5,Not at intersection,2,80,Arterial Highway
T20230001023,2023/1/14,14:50:00,7,Fall from or in moving vehicle,6,Saturday,190,FELL IN/FROM VEHICLE,1,750091,1,0,0,1,0,1,1,5,Not at intersection,3,40,Arterial Other
T20230001024,2023/1/14,21:26:00,1,Collision with vehicle,6,Saturday,139,OTHER SAME DIRECTION-MANOUEVRES NOT INCLUDED IN DCAs 130-137,3,753782,2,0,1,1,6,8,1,5,Not at intersection,2,50,Local Road
T20230002971,2023/1/14,8:07:00,1,Collision with vehicle,7,Saturday,160,VEHICLE COLLIDES WITH VEHICLE PARKED ON LEFT OF ROAD,1,752739,2,0,0,1,1,2,2,5,Not at intersection,3,50,Local Road
T20230001561,2023/1/14,15:20:00,2,Struck Pedestrian,6,Saturday,101,PED EMERGES FROM IN FRONT OF PARKED OR STATIONARY VEHICLE,9,42427,1,0,0,1,1,2,2,2,T intersection,3,50,Arterial Other
T20230001389,2023/1/14,12:20:00,1,Collision with vehicle,6,Saturday,130,REAR END(VEHICLES IN SAME LANE),1,780075,3,0,0,1,2,3,2,5,Not at intersection,3,60,Arterial Highway
T20230001027,2023/1/14,21:10:00,1,Collision with vehicle,6,Saturday,160,VEHICLE COLLIDES WITH VEHICLE PARKED ON LEFT OF ROAD,3,754424,2,0,0,1,0,1,1,5,Not at intersection,3,70,Arterial Other
T20230000949,2023/1/14,0:55:00,1,Collision with vehicle,7,Saturday,160,VEHICLE COLLIDES WITH VEHICLE PARKED ON LEFT OF ROAD,3,763110,2,0,1,0,0,1,1,5,Not at intersection,2,60,Arterial Highway
T20230001239,2023/1/14,13:32:00,1,Collision with vehicle,6,Saturday,130,REAR END(VEHICLES IN SAME LANE),1,749160,4,0,0,1,3,4,1,5,Not at intersection,3,60,Arterial Highway
T20230001447,2023/1/14,16:00:00,1,Collision with vehicle,7,Saturday,130,REAR END(VEHICLES IN SAME LANE),1,794010,2,0,0,1,1,2,2,5,Not at intersection,3,100,Freeway
T20230006335,2023/1/14,13:30:00,7,Fall from or in moving vehicle,6,Saturday,190,FELL IN/FROM VEHICLE,1,777385,1,0,0,1,0,1,2,5,Not at intersection,3,80,Arterial Highway
T20230000961,2023/1/14,6:42:00,4,Collision with a fixed object,7,Saturday,181,OFF RIGHT BEND INTO OBJECT/PARKED VEHICLE,1,765165,1,0,0,1,0,1,1,5,Not at intersection,3,100,Arterial Highway
T20230004282,2023/1/14,20:00:00,3,Struck animal,6,Saturday,167,STRUCK ANIMAL,2,777399,1,0,0,1,0,1,9,5,Not at intersection,3,100,Local Road
T20230001173,2023/1/14,14:00:00,1,Collision with vehicle,7,Saturday,130,REAR END(VEHICLES IN SAME LANE),1,777839,2,0,0,1,1,2,2,5,Not at intersection,3,999,Arterial Highway
T20230018819,2023/1/14,12:00:00,1,Collision with vehicle,7,Saturday,130,REAR END(VEHICLES IN SAME LANE),1,49836,2,0,0,2,1,3,2,2,T intersection,3,50,Local Road
T20230000974,2023/1/14,10:15:00,6,Vehicle overturned (no collision),6,Saturday,170,OFF CARRIAGEWAY TO LEFT,1,781284,1,0,0,1,0,1,1,4,Multiple intersection,3,100,Local Road
T20230000975,2023/1/14,9:30:00,6,Vehicle overturned (no collision),7,Saturday,170,OFF CARRIAGEWAY TO LEFT,1,752610,1,0,2,0,1,3,1,5,Not at intersection,2,100,Arterial Other
T20230000977,2023/1/14,12:12:00,1,Collision with vehicle,6,Saturday,163,VEHICLE STRIKES DOOR OF PARKED/STATIONARY VEHICLE,1,770917,3,0,0,1,2,3,2,5,Not at intersection,3,999,Local Road
T20230000978,2023/1/14,11:00:00,2,Struck Pedestrian,6,Saturday,109,ANY MANOEUVRE INVOLVING PED NOT INCLUDED IN DCAs 100-108.,1,38772,1,0,0,1,1,2,1,1,Cross intersection,3,50,Local Road
T20230009052,2023/1/14,8:35:00,6,Vehicle overturned (no collision),6,Saturday,174,OUT OF CONTROL ON CARRIAGEWAY (ON STRAIGHT),1,787850,1,0,1,0,0,1,2,5,Not at intersection,2,999,Local Road
T20230000979,2023/1/14,8:06:00,6,Vehicle overturned (no collision),6,Saturday,174,OUT OF CONTROL ON CARRIAGEWAY (ON STRAIGHT),1,780707,1,0,0,1,2,3,1,5,Not at intersection,3,100,Arterial Other
T20230000980,2023/1/14,11:40:00,1,Collision with vehicle,6,Saturday,130,REAR END(VEHICLES IN SAME LANE),1,748042,2,0,1,0,3,4,1,5,Not at intersection,2,60,Arterial Other
T20230000966,2023/1/14,8:15:00,8,No collision and no object struck,6,Saturday,130,REAR END(VEHICLES IN SAME LANE),1,783476,2,0,0,1,0,1,1,5,Not at intersection,3,30,Local Road
T20230000982,2023/1/14,10:53:00,4,Collision with a fixed object,6,Saturday,171,LEFT OFF CARRIAGEWAY INTO OBJECT/PARKED VEHICLE,1,783478,2,0,0,1,0,1,1,5,Not at intersection,3,100,Local Road
T20230000983,2023/1/14,14:50:00,1,Collision with vehicle,6,Saturday,121,RIGHT THROUGH,1,280084,3,0,0,2,3,5,1,2,T intersection,3,80,Freeway
T20230001931,2023/1/14,14:00:00,1,Collision with vehicle,6,Saturday,121,RIGHT THROUGH,9,34518,2,0,0,1,1,2,2,4,Multiple intersection,3,999,Arterial Other
T20230000991,2023/1/14,14:40:00,7,Fall from or in moving vehicle,6,Saturday,190,FELL IN/FROM VEHICLE,1,41752,1,0,0,1,1,2,1,5,Not at intersection,3,80,Arterial Other
T20230001002,2023/1/14,16:35:00,1,Collision with vehicle,7,Saturday,163,VEHICLE STRIKES DOOR OF PARKED/STATIONARY VEHICLE,1,753383,3,0,0,1,3,4,1,5,Not at intersection,3,50,Local Road
T20230001007,2023/1/14,17:30:00,8,No collision and no object struck,7,Saturday,174,OUT OF CONTROL ON CARRIAGEWAY (ON STRAIGHT),1,765299,1,0,1,0,0,1,1,5,Not at intersection,2,80,Arterial Highway
T20230001010,2023/1/14,20:43:00,1,Collision with vehicle,7,Saturday,110,CROSS TRAFFIC(INTERSECTIONS ONLY),2,326348,2,0,1,0,1,2,1,1,Cross intersection,2,40,Local Road
T20230000948,2023/1/14,0:41:00,1,Collision with vehicle,7,Saturday,111,RIGHT FAR (INTERSECTIONS ONLY),3,767724,2,0,0,1,1,2,1,1,Cross intersection,3,60,