ACCIDENT_NO,ACCIDENT_DATE,ACCIDENT_TIME,ACCIDENT_TYPE,ACCIDENT_TYPE_DESC,DAY_OF_WEEK,DAY_WEEK_DESC,DCA_CODE,DCA_DESC,LIGHT_CONDITION,NODE_ID,NO_OF_VEHICLES,NO_PERSONS_KILLED,NO_PERSONS_INJ_2,NO_PERSONS_INJ_3,NO_PERSONS_NOT_INJ,NO_PERSONS,POLICE_ATTEND,ROAD_GEOMETRY,ROAD_GEOMETRY_DESC,SEVERITY,SPEED_ZONE,RMA
T20230001014,2023/1/14,18:50:00,1,Collision with vehicle,6,Saturday,137,LEFT TURN SIDESWIPE,1,305833,2,0,0,1,1,2,1,1,Cross intersection,3,50,Local Road
T20230002039,2023/1/14,12:30:00,1,Collision with vehicle,6,Saturday,163,VEHICLE STRIKES DOOR OF PARKED/STATIONARY VEHICLE,1,780282,2,0,0,1,1,2,2,5,Not at intersection,3,999,Local Road
T20230001016,2023/1/14,16:32:00,1,Collision with vehicle,7,Saturday,113,RIGHT NEAR (INTERSECTIONS ONLY),1,29528,2,0,1,0,1,2,1,2,T intersection,2,50,Arterial Highway
T20230001017,2023/1/14,19:33:00,1,Collision with vehicle,7,Saturday,122,LEFT THROUGH,1,750332,2,0,0,1,1,2,1,2,T intersection,3,50,Arterial Other
T20230001048,2023/1/15,11:40:00,1,Collision with vehicle,0,Sunday,121,RIGHT THROUGH,1,59490,2,0,0,1,1,2,2,2,T intersection,3,50,Arterial Highway
T20230001224,2023/1/15,3:20:00,1,Collision with vehicle,0,Sunday,130,REAR END(VEHICLES IN SAME LANE),3,748486,2,0,0,1,1,2,1,5,Not at intersection,3,40,Arterial Other
T20230001069,2023/1/15,12:00:00,4,Collision with a fixed object,1,Sunday,183,OFF LEFT BEND INTO OBJECT/PARKED VEHICLE,1,765520,1,0,1,0,0,1,1,5,Not at intersection,2,100,Local Road
T20230001068,2023/1/15,15:55:00,1,Collision with vehicle,0,Sunday,121,RIGHT THROUGH,1,73843,2,0,0,1,2,3,1,1,Cross intersection,3,50,Local Road
T20230001064,2023/1/15,16:10:00,1,Collision with vehicle,0,Sunday,140,U TURN,1,748482,2,0,0,3,4,7,1,2,T intersection,3,60,Local Road
T20230001038,2023/1/15,1:27:00,1,Collision with vehicle,0,Sunday,121,RIGHT THROUGH,3,54553,2,0,0,2,1,3,1,1,Cross intersection,3,70,Arterial Highway
T20230001668,2023/1/15,9:30:00,2,Struck Pedestrian,1,Sunday,109,ANY MANOEUVRE INVOLVING PED NOT INCLUDED IN DCAs 100-108.,9,759492,1,0,1,0,1,2,2,5,Not at intersection,2,999,Arterial Highway
T20230001063,2023/1/15,16:10:00,1,Collision with vehicle,1,Sunday,130,REAR END(VEHICLES IN SAME LANE),1,777602,2,0,0,2,1,3,1,5,Not at intersection,3,100,Freeway
T20230001061,2023/1/15,15:00:00,4,Collision with a fixed object,1,Sunday,181,OFF RIGHT BEND INTO OBJECT/PARKED VEHICLE,1,754751,1,0,1,0,0,1,1,5,Not at intersection,2,80,Arterial Highway
T20230001058,2023/1/15,14:28:00,1,Collision with vehicle,0,Sunday,130,REAR END(VEHICLES IN SAME LANE),1,777668,3,0,1,0,3,4,1,5,Not at intersection,2,80,Freeway
T20230014884,2023/1/15,13:20:00,1,Collision with vehicle,0,Sunday,130,REAR END(VEHICLES IN SAME LANE),1,776526,2,0,0,1,2,3,1,5,Not at intersection,3,80,Arterial Other
T20230017921,2023/1/15,20:30:00,1,Collision with vehicle,0,Sunday,131,LEFT REAR,2,60659,2,0,0,1,1,2,2,3,Y intersection,3,100,Arterial Highway
T20230001050,2023/1/15,11:00:00,2,Struck Pedestrian,0,Sunday,100,PED NEAR SIDE. PED HIT BY VEHICLE FROM THE RIGHT.,1,92791,1,0,1,0,1,2,1,1,Cross intersection,2,60,Arterial Other
T20230001045,2023/1/15,10:21:00,1,Collision with vehicle,0,Sunday,132,RIGHT REAR.,1,45311,2,0,1,0,1,2,1,2,T intersection,2,60,Arterial Other
T20230001040,2023/1/15,6:50:00,4,Collision with a fixed object,1,Sunday,171,LEFT OFF CARRIAGEWAY INTO OBJECT/PARKED VEHICLE,2,787348,1,0,1,0,0,1,1,5,Not at intersection,2,60,Arterial Other
T20230002460,2023/1/15,11:30:00,8,No collision and no object struck,1,Sunday,174,OUT OF CONTROL ON CARRIAGEWAY (ON STRAIGHT),1,780460,1,0,1,0,0,1,2,5,Not at intersection,2,50,Local Road
T20230001075,2023/1/15,18:52:00,6,Vehicle overturned (no collision),0,Sunday,198,OTHER ACCIDENTS NOT CLASSIFIABLE ELSEWHERE,1,756513,4,0,2,0,3,5,1,5,Not at intersection,2,100,Freeway
T20230001115,2023/1/15,16:00:00,2,Struck Pedestrian,0,Sunday,100,PED NEAR SIDE. PED HIT BY VEHICLE FROM THE RIGHT.,1,787346,1,0,1,0,1,2,2,2,T intersection,2,40,Local Road
T20230001077,2023/1/15,20:06:00,8,No collision and no object struck,1,Sunday,174,OUT OF CONTROL ON CARRIAGEWAY (ON STRAIGHT),2,760581,1,0,1,0,0,1,1,5,Not at intersection,2,60,Arterial Other
T20230001080,2023/1/15,21:12:00,6,Vehicle overturned (no collision),0,Sunday,172,OFF CARRIAGEWAY TO RIGHT,5,783486,1,0,0,1,0,1,1,2,T intersection,3,80,Local Road
T20230001041,2023/1/15,8:25:00,6,Vehicle overturned (no collision),0,Sunday,174,OUT OF CONTROL ON CARRIAGEWAY (ON STRAIGHT),1,43852,1,0,1,0,0,1,1,1,Cross intersection,2,90,Arterial Highway
T20230002543,2023/1/15,11:00:00,6,Vehicle overturned (no collision),0,Sunday,174,OUT OF CONTROL ON CARRIAGEWAY (ON STRAIGHT),1,751849,1,0,0,1,0,1,2,5,Not at intersection,3,60,Arterial Other
T20240001037,2023/1/15,13:15:00,1,Collision with vehicle,1,Sunday,130,REAR END(VEHICLES IN SAME LANE),1,255532,3,0,0,1,2,3,1,5,Not at intersection,3,70,Arterial Highway
T20230001070,2023/1/15,13:45:00,6,Vehicle overturned (no collision),0,Sunday,174,OUT OF CONTROL ON CARRIAGEWAY (ON STRAIGHT),1,754991,1,0,1,0,0,1,1,5,Not at intersection,2,60,Arterial Highway
T20230001781,2023/1/16,16:45:00,1,Collision with vehicle,1,Monday,130,REAR END(VEHICLES IN SAME LANE),9,352622,2,0,0,1,1,2,2,5,Not at intersection,3,40,Arterial Other
T20230001132,2023/1/16,14:28:00,1,Collision with vehicle,2,Monday,134,LANE CHANGE RIGHT (NOT OVERTAKING),1,751713,2,0,1,0,1,2,1,5,Not at intersection,2,60,Arterial Highway
T20230001131,2023/1/16,13:43:00,4,Collision with a fixed object,1,Monday,171,LEFT OFF CARRIAGEWAY INTO OBJECT/PARKED VEHICLE,1,781182,1,0,0,5,0,5,1,5,Not at intersection,3,80,Arterial Highway
T20230005739,2023/1/16,10:57:00,4,Collision with a fixed object,1,Monday,181,OFF RIGHT BEND INTO OBJECT/PARKED VEHICLE,1,783597,1,0,0,1,0,1,1,5,Not at intersection,3,80,Local Road
T20230001162,2023/1/16,15:50:00,1,Collision with vehicle,1,Monday,148,VEHICLE OFF FOOTPATH STRIKES VEH ON CARRIAGEWAY,1,783596,2,0,0,1,4,5,1,5,Not at intersection,3,40,Local Road
T20230001106,2023/1/16,9:27:00,1,Collision with vehicle,1,Monday,130,REAR END(VEHICLES IN SAME LANE),1,704631,4,0,0,1,3,4,1,5,Not at intersection,3,100,Freeway
T20230001601,2023/1/16,19:00:00,8,No collision and no object struck,2,Monday,184,OUT OF CONTROL ON CARRIAGEWAY (ON BEND),9,749360,1,0,1,0,0,1,2,5,Not at intersection,2,999,Arterial Other
T20230001166,2023/1/16,14:29:00,1,Collision with vehicle,2,Monday,135,LANE CHANGE LEFT (NOT OVERTAKING),1,777452,2,0,1,1,1,3,1,5,Not at intersection,2,100,Freeway
T20230001102,2023/1/16,9:45:00,1,Collision with vehicle,2,Monday,136,RIGHT TURN SIDESWIPE,1,41448,2,0,1,0,5,6,1,1,Cross intersection,2,60,Arterial Other
T20230001158,2023/1/16,17:47:00,1,Collision with vehicle,1,Monday,130,REAR END(VEHICLES IN SAME LANE),1,748933,3,0,0,1,2,3,1,5,Not at intersection,3,100,Freeway
T20230001157,2023/1/16,14:54:00,1,Collision with vehicle,1,Monday,153,CUTTING IN (OVERTAKING),1,292163,2,0,1,2,0,3,1,1,Cross intersection,2,60,Arterial Other
T20230001127,2023/1/16,11:45:00,3,Struck animal,1,Monday,167,STRUCK ANIMAL,1,781180,1,0,0,1,2,3,1,5,Not at intersection,3,100,Arterial Highway
T20230001156,2023/1/16,19:45:00,1,Collision with vehicle,1,Monday,121,RIGHT THROUGH,1,41964,2,0,0,2,2,4,1,1,Cross intersection,3,60,Arterial Highway
T20230001103,2023/1/16,8:51:00,1,Collision with vehicle,2,Monday,133,LANE SIDE SWIPE (VEHICLES IN PARALLEL LANES),1,748264,3,0,1,0,3,4,1,5,Not at intersection,2,100,Freeway
T20230001153,2023/1/16,10:30:00,1,Collision with vehicle,2,Monday,131,LEFT REAR,1,777838,2,0,0,1,1,2,2,2,T intersection,3,80,Arterial Other
T20230001152,2023/1/16,15:35:00,1,Collision with vehicle,2,Monday,120,HEAD ON (NOT OVERTAKING),1,776230,3,1,0,1,1,3,1,5,Not at intersection,1,80,Arterial Other
T20230001146,2023/1/16,16:20:00,1,Collision with vehicle,1,Monday,130,REAR END(VEHICLES IN SAME LANE),1,753481,3,0,0,1,3,4,1,5,Not at intersection,3,100,Freeway
T20230002880,2023/1/16,18:15:00,1,Collision with vehicle,1,Monday,130,REAR END(VEHICLES IN SAME LANE),2,779366,2,0,0,1,1,2,2,5,Not at intersection,3,60,Arterial Other
T20230001410,2023/1/16,13:30:00,7,Fall from or in moving vehicle,2,Monday,190,FELL IN/FROM VEHICLE,1,749045,1,0,0,1,0,1,2,5,Not at intersection,3,100,Local Road
T20230001126,2023/1/16,13:01:00,4,Collision with a fixed object,1,Monday,171,LEFT OFF CARRIAGEWAY INTO OBJECT/PARKED VEHICLE,1,748265,1,0,0,2,0,2,1,5,Not at intersection,3,100,Local Road
T20230001196,2023/1/16,17:40:00,1,Collision with vehicle,1,Monday,110,CROSS TRAFFIC(INTERSECTIONS ONLY),1,8250,2,0,0,1,1,2,2,1,Cross intersection,3,40,
T20230001176,2023/1/16,14:30:00,1,Collision with vehicle,1,Monday,139,OTHER SAME DIRECTION-MANOUEVRES NOT INCLUDED IN DCAs 130-137,1,783592,2,0,0,1,1,2,1,5,Not at intersection,3,100,Local Road
T20230001591,2023/1/16,12:50:00,2,Struck Pedestrian,1,Monday,100,PED NEAR SIDE. PED HIT BY VEHICLE FROM THE RIGHT.,1,57772,1,0,1,0,1,2,1,1,Cross intersection,2,50,Arterial Other
T20230001139,2023/1/16,7:15:00,1,Collision with vehicle,2,Monday,120,HEAD ON (NOT OVERTAKING),1,773776,2,0,2,0,2,4,1,5,Not at intersection,2,100,Arterial Highway
T20230001108,2023/1/16,11:16:00,1,Collision with vehicle,1,Monday,110,CROSS TRAFFIC(INTERSECTIONS ONLY),1,52413,2,0,0,1,1,2,1,1,Cross intersection,3,60,Local Road
T20230001091,2023/1/16,7:50:00,1,Collision with vehicle,1,Monday,152,PULLING OUT (OVERTAKING),1,782533,2,0,1,0,1,2,1,2,T intersection,2,50,Local Road
T20230001922,2023/1/16,18:00:00,1,Collision with vehicle,2,Monday,121,RIGHT THROUGH,1,783586,2,0,0,1,1,2,2,2,T intersection,3,60,Arterial Other
T20230006788,2023/1/16,6:40:00,1,Collision with vehicle,2,Monday,130,REAR END(VEHICLES IN SAME LANE),9,29766,2,0,0,1,1,2,2,1,Cross intersection,3,60,Arterial Highway
T20230001144,2023/1/16,17:50:00,1,Collision with vehicle,2,Monday,148,VEHICLE OFF FOOTPATH STRIKES VEH ON CARRIAGEWAY,1,787351,2,0,0,1,1,2,1,5,Not at intersection,3,50,Arterial Highway
T20230001227,2023/1/16,17:30:00,2,Struck Pedestrian,1,Monday,106,VEH STRIKES PED ON FOOTPATH/MEDIAN/TRAFFIC ISLAND.,1,56099,1,0,0,1,1,2,2,9,Unknown,3,999,Local Road
T20230001101,2023/1/16,8:58:00,1,Collision with vehicle,1,Monday,130,REAR END(VEHICLES IN SAME LANE),1,777448,2,0,1,0,1,2,1,5,Not at intersection,2,40,Arterial Other
T20230001135,2023/1/16,14:18:00,1,Collision with vehicle,1,Monday,113,RIGHT NEAR (INTERSECTIONS ONLY),1,42282,2,0,0,1,1,2,1,2,T intersection,3,60,Local Road
T20230004294,2023/1/16,17:25:00,1,Collision with vehicle,1,Monday,147,VEHICLE STRIKES ANOTHER VEH WHILE EMERGING FROM DRIVEWAY,1,773196,2,0,0,1,2,3,1,5,Not at intersection,3,80,Local Road
T20230001141,2023/1/16,9:10:00,1,Collision with vehicle,1,Monday,130,REAR END(VEHICLES IN SAME LANE),9,748932,2,0,0,1,1,2,2,1,Cross intersection,3,999,Arterial Other
T20230001140,2023/1/16,14:17:00,4,Collision with a fixed object,2,Monday,171,LEFT OFF CARRIAGEWAY INTO OBJECT/PARKED VEHICLE,1,773945,1,0,3,0,1,4,1,5,Not at intersection,2,60,Local Road
T20230001206,2023/1/17,7:50:00,1,Collision with vehicle,3,Tuesday,110,CROSS TRAFFIC(INTERSECTIONS ONLY),1,43815,3,2,0,3,0,5,1,1,Cross intersection,1,80,Local Road
T20230001207,2023/1/17,11:40:00,1,Collision with vehicle,2,Tuesday,113,RIGHT NEAR (INTERSECTIONS ONLY),1,29518,2,0,0,3,1,4,1,2,T intersection,3,50,Arterial Highway
T20230001217,2023/1/17,14:30:00,1,Collision with vehicle,2,Tuesday,110,CROSS TRAFFIC(INTERSECTIONS ONLY),1,60873,2,0,0,2,1,3,1,1,Cross intersection,3,60,Local Road
T20230001220,2023/1/17,8:15:00,1,Collision with vehicle,2,Tuesday,130,REAR END(VEHICLES IN SAME LANE),1,793140,3,0,0,3,0,3,1,5,Not at intersection,3,60,Arterial Highway
T20230006393,2023/1/17,16:50:00,2,Struck Pedestrian,3,Tuesday,100,PED NEAR SIDE. PED HIT BY VEHICLE FROM THE RIGHT.,1,57482,1,0,0,1,1,2,2,2,T intersection,3,999,Arterial Other
T20230001221,2023/1/17,14:40:00,1,Collision with vehicle,2,Tuesday,131,LEFT REAR,1,777430,2,0,0,1,1,2,1,5,Not at intersection,3,70,Arterial Other
T20230001223,2023/1/17,15:56:00,1,Collision with vehicle,2,Tuesday,113,RIGHT NEAR (INTERSECTIONS ONLY),1,777392,2,0,1,0,3,4,1,8,Private property,2,100,Arterial Highway
T20230001172,2023/1/17,1:10:00,4,Collision with a fixed object,3,Tuesday,171,LEFT OFF CARRIAGEWAY INTO OBJECT/PARKED VEHICLE,3,749159,1,0,1,1,0,2,1,5,Not at intersection,2,80,Arterial Other
T20230001409,2023/1/17,16:20:00,8,No collision and no object struck,3,Tuesday,172,OFF CARRIAGEWAY TO RIGHT,1,754888,2,0,0,1,1,2,1,5,Not at intersection,3,60,Arterial Highway
T20230001193,2023/1/17,8:43:00,1,Collision with vehicle,2,Tuesday,116,LEFT NEAR (INTERSECTIONS ONLY),1,222752,2,0,0,1,1,2,2,2,T intersection,3,60,Local Road
T20230001485,2023/1/17,10:15:00,1,Collision with vehicle,3,Tuesday,113,RIGHT NEAR (INTERSECTIONS ONLY),1,52514,2,0,0,1,1,2,1,1,Cross intersection,3,60,Arterial Other
T20230002295,2023/1/17,21:00:00,5,collision with some other object,2,Tuesday,199,UNKNOWN-NO DETAILS ON MANOEUVRES OF ROAD-USERS IN ACCIDENT,2,773627,1,0,0,1,0,1,2,5,Not at intersection,3,60,Local Road
T20230002370,2023/1/17,8:30:00,1,Collision with vehicle,2,Tuesday,139,OTHER SAME DIRECTION-MANOUEVRES NOT INCLUDED IN DCAs 130-137,2,781171,3,0,0,1,2,3,1,5,Not at intersection,3,100,Freeway
T20230001417,2023/1/17,6:54:00,1,Collision with vehicle,2,Tuesday,130,REAR END(VEHICLES IN SAME LANE),1,355719,2,0,0,1,1,2,2,2,T intersection,3,50,Arterial Other
T20230002365,2023/1/17,17:30:00,6,Vehicle overturned (no collision),3,Tuesday,184,OUT OF CONTROL ON CARRIAGEWAY (ON BEND),1,752599,1,0,0,1,0,1,2,4,Multiple intersection,3,100,Local Road
T20230002982,2023/1/17,18:30:00,1,Collision with vehicle,3,Tuesday,130,REAR END(VEHICLES IN SAME LANE),1,42016,2,0,0,2,1,3,2,1,Cross intersection,3,50,Local Road
T20230010551,2023/1/17,18:00:00,1,Collision with vehicle,2,Tuesday,130,REAR END(VEHICLES IN SAME LANE),1,190407,4,0,0,1,3,4,2,2,T intersection,3,60,Arterial Highway
T20230001175,2023/1/17,7:15:00,4,Collision with a fixed object,2,Tuesday,181,OFF RIGHT BEND INTO OBJECT/PARKED VEHICLE,1,787356,1,0,1,0,0,1,1,5,Not at intersection,2,60,Local Road
T20230002262,2023/1/17,23:47:00,1,Collision with vehicle,2,Tuesday,148,VEHICLE OFF FOOTPATH STRIKES VEH ON CARRIAGEWAY,4,763130,2,0,0,1,1,2,2,2,T intersection,3,60,Arterial Highway
T20230001483,2023/1/17,11:30:00,1,Collision with vehicle,2,Tuesday,130,REAR END(VEHICLES IN SAME LANE),1,749356,2,0,0,1,1,2,2,1,Cross intersection,3,50,Local Road
T20230001179,2023/1/17,8:00:00,1,Collision with vehicle,2,Tuesday,142,LEAVING PARKING,1,748934,2,0,0,1,1,2,1,5,Not at intersection,3,50,Local Road
T20230002915,2023/1/17,13:22:00,1,Collision with vehicle,2,Tuesday,121,RIGHT THROUGH,1,11101,2,0,1,0,2,3,1,1,Cross intersection,2,60,Freeway
T20230001255,2023/1/17,20:05:00,1,Collision with vehicle,2,Tuesday,110,CROSS TRAFFIC(INTERSECTIONS ONLY),2,50190,2,0,1,0,5,6,1,1,Cross intersection,2,80,Arterial Highway
T20230001253,2023/1/17,23:37:00,1,Collision with vehicle,2,Tuesday,151,OUT OF CONTROL (OVERTAKING),3,37278,2,0,1,0,2,3,1,2,T intersection,2,60,Arterial Other
T20230001567,2023/1/17,15:00:00,1,Collision with vehicle,2,Tuesday,130,REAR END(VEHICLES IN SAME LANE),9,749565,3,0,0,2,2,4,2,2,T intersection,3,999,Arterial Other
T20230001251,2023/1/17,22:07:00,1,Collision with vehicle,2,Tuesday,121,RIGHT THROUGH,3,748699,2,0,1,0,1,2,1,1,Cross intersection,2,70,Arterial Other
T20230001186,2023/1/17,6:07:00,1,Collision with vehicle,3,Tuesday,132,RIGHT REAR.,1,49048,3,1,1,2,1,5,1,1,Cross intersection,1,60,Arterial Highway
T20230001250,2023/1/17,21:43:00,1,Collision with vehicle,2,Tuesday,121,RIGHT THROUGH,3,759588,2,0,0,2,2,4,1,1,Cross intersection,3,60,Arterial Highway
T20230001248,2023/1/17,15:10:00,1,Collision with vehicle,3,Tuesday,130,REAR END(VEHICLES IN SAME LANE),1,749879,2,0,1,1,1,3,1,5,Not at intersection,2,80,Freeway
T20230001247,2023/1/17,18:50:00,1,Collision with vehicle,2,Tuesday,140,U TURN,1,783621,2,0,0,2,3,5,1,5,Not at intersection,3,60,Arterial Other
T20230002732,2023/1/17,9:44:00,1,Collision with vehicle,2,Tuesday,130,REAR END(VEHICLES IN SAME LANE),1,777429,2,0,0,1,1,2,2,5,Not at intersection,3,60,Arterial Other
T20230001246,2023/1/17,20:43:00,1,Collision with vehicle,3,Tuesday,113,RIGHT NEAR (INTERSECTIONS ONLY),2,881,2,0,1,1,0,2,1,2,T intersection,2,60,Local Road
T20230001245,2023/1/17,21:40:00,1,Collision with vehicle,2,Tuesday,113,RIGHT NEAR (INTERSECTIONS ONLY),3,748698,2,0,0,3,1,4,1,2,T intersection,3,60,Arterial Highway
T20230001243,2023/1/17,16:55:00,1,Collision with vehicle,3,Tuesday,116,LEFT NEAR (INTERSECTIONS ONLY),1,757263,2,0,0,4,0,4,1,4,Multiple intersection,3,60,Freeway
T20230001194,2023/1/17,3:50:00,4,Collision with a fixed object,2,Tuesday,171,LEFT OFF CARRIAGEWAY INTO OBJECT/PARKED VEHICLE,5,749559,1,0,0,1,0,1,2,5,Not at intersection,3,80,Local Road
T20230001233,2023/1/17,15:14:00,1,Collision with vehicle,2,Tuesday,113,RIGHT NEAR (INTERSECTIONS ONLY),1,295550,2,0,0,2,1,3,1,2,T intersection,3,80,Arterial Other
T20230001231,2023/1/17,17:35:00,1,Collision with vehicle,2,Tuesday,130,REAR END(VEHICLES IN SAME LANE),2,750938,3,0,1,1,2,4,1,5,Not at intersection,2,80,Freeway
T20230001230,2023/1/17,14:59:00,1,Collision with vehicle,2,Tuesday,121,RIGHT THROUGH,1,307024,2,0,1,2,0,3,1,5,Not at intersection,2,80,Arterial Highway
T20230001198,2023/1/17,9:45:00,1,Collision with vehicle,2,Tuesday,130,REAR END(VEHICLES IN SAME LANE),1,756171,2,0,0,1,2,3,1,5,Not at intersection,3,100,Freeway
T20230001184,2023/1/17,6:59:00,1,Collision with vehicle,2,Tuesday,121,RIGHT THROUGH,1,8759,3,0,0,1,2,3,1,1,Cross intersection,3,60,Arterial Highway
T20230006764,2023/1/17,18:44:00,1,Collision with vehicle,3,Tuesday,111,RIGHT FAR (INTERSECTIONS ONLY),2,308076,2,0,0,1,1,2,1,3,Y intersection,3,60,Freeway
T20230001204,2023/1/17,11:15:00,1,Collision with vehicle,2,Tuesday,160,VEHICLE COLLIDES WITH VEHICLE PARKED ON LEFT OF ROAD,1,781012,3,0,1,0,0,1,1,5,Not at intersection,2,40,Local Road
T20230001252,2023/1/17,15:40:00,1,Collision with vehicle,2,Tuesday,147,VEHICLE STRIKES ANOTHER VEH WHILE EMERGING FROM DRIVEWAY,1,751602,2,0,0,1,1,2,1,5,Not at intersection,3,40,Arterial Other
T20230001312,2023/1/18,15:50:00,4,Collision with a fixed object,4,Wednesday,171,LEFT OFF CARRIAGEWAY INTO OBJECT/PARKED VEHICLE,1,787376,1,0,1,0,0,1,1,5,Not at intersection,2,100,
T20230001313,2023/1/18,13:20:00,1,Collision with vehicle,3,Wednesday,121,RIGHT THROUGH,1,748936,2,0,0,1,1,2,1,5,Not at intersection,3,60,Local Road
T20230001276,2023/1/18,7:36:00,6,Vehicle overturned (no collision),4,Wednesday,180,OFF CARRIAGEWAY ON RIGHT BEND,1,752276,1,0,1,0,0,1,1,5,Not at intersection,2,100,Arterial Highway
T20230001315,2023/1/18,12:00:00,4,Collision with a fixed object,3,Wednesday,183,OFF LEFT BEND INTO OBJECT/PARKED VEHICLE,1,754425,1,0,0,1,0,1,1,5,Not at intersection,3,50,Local Road
T20230001317,2023/1/18,12:30:00,1,Collision with vehicle,3,Wednesday,130,REAR END(VEHICLES IN SAME LANE),1,752951,2,0,0,1,4,5,1,5,Not at intersection,3,80,Arterial Other
T20230001321,2023/1/18,18:00:00,4,Collision with a fixed object,3,Wednesday,171,LEFT OFF CARRIAGEWAY INTO OBJECT/PARKED VEHICLE,1,787369,1,0,1,0,0,1,1,5,Not at intersection,2,100,Local Road
T20230001277,2023/1/18,9:26:00,6,Vehicle overturned (no collision),3,Wednesday,182,OFF CARRIAGEWAY ON LEFT BEND,1,258880,1,0,0,1,0,1,1,5,Not at intersection,3,100,Local Road
T20230001285,2023/1/18,10:16:00,1,Collision with vehicle,4,Wednesday,120,HEAD ON (NOT OVERTAKING),1,775896,2,0,2,0,0,2,1,5,Not at intersection,2,40,Local Road
T20230001286,2023/1/18,11:55:00,1,Collision with vehicle,3,Wednesday,130,REAR END(VEHICLES IN SAME LANE),9,777900,2,0,0,0,2,2,1,5,Not at intersection,3,999,Arterial Other
T20230001287,2023/1/18,10:47:00,1,Collision with vehicle,3,Wednesday,120,HEAD ON (NOT OVERTAKING),1,224428,3,0,2,3,1,6,1,5,Not at intersection,2,100,Arterial Highway
T20230001288,2023/1/18,11:01:00,1,Collision with vehicle,4,Wednesday,130,REAR END(VEHICLES IN SAME LANE),1,779889,3,0,4,3,0,7,1,5,Not at intersection,2,100,Freeway
T20230001293,2023/1/18,13:05:00,1,Collision with vehicle,3,Wednesday,130,REAR END(VEHICLES IN SAME LANE),1,777767,2,0,0,1,1,2,1,5,Not at intersection,3,60,Arterial Highway
T20230001296,2023/1/18,6:15:00,4,Collision with a fixed object,3,Wednesday,151,OUT OF CONTROL (OVERTAKING),2,757634,1,0,0,1,0,1,1,5,Not at intersection,3,100,Freeway
T20230001298,2023/1/18,8:50:00,1,Collision with vehicle,4,Wednesday,110,CROSS TRAFFIC(INTERSECTIONS ONLY),1,52967,2,0,0,1,2,3,1,1,Cross intersection,3,60,Local Road
T20230001299,2023/1/18,12:40:00,1,Collision with vehicle,4,Wednesday,147,VEHICLE STRIKES ANOTHER VEH WHILE EMERGING FROM DRIVEWAY,1,765423,2,0,1,4,0,5,1,5,Not at intersection,2,100,Arterial Highway
T20230001303,2023/1/18,14:25:00,2,Struck Pedestrian,3,Wednesday,102,FAR SIDE. PED HIT BY VEHICLE FROM THE LEFT,1,777762,1,0,0,1,1,2,1,5,Not at intersection,3,40,Local Road
T20230001304,2023/1/18,12:55:00,7,Fall from or in moving vehicle,4,Wednesday,190,FELL IN/FROM VEHICLE,1,748935,1,0,0,1,0,1,1,5,Not at intersection,3,70,Arterial Highway
T20230001306,2023/1/18,14:42:00,1,Collision with vehicle,4,Wednesday,121,RIGHT THROUGH,1,51916,2,0,0,2,0,2,1,1,Cross intersection,3,70,Arterial Highway
T20230002609,2023/1/18,17:00:00,6,Vehicle overturned (no collision),3,Wednesday,180,OFF CARRIAGEWAY ON RIGHT BEND,9,751853,1,0,0,1,0,1,2,5,Not at intersection,3,999,Local Road
T20230001307,2023/1/18,14:10:00,1,Collision with vehicle,4,Wednesday,121,RIGHT THROUGH,1,55677,3,0,3,1,3,7,1,2,T intersection,2,60,Arterial Other
T20230002131,2023/1/18,18:10:00,1,Collision with vehicle,3,Wednesday,147,VEHICLE STRIKES ANOTHER VEH WHILE EMERGING FROM DRIVEWAY,9,751381,2,0,0,1,1,2,2,5,Not at intersection,3,60,Local Road
T20230002616,2023/1/18,17:05:00,1,Collision with vehicle,3,Wednesday,130,REAR END(VEHICLES IN SAME LANE),1,728982,2,0,0,1,1,2,2,5,Not at intersection,3,60,Arterial Highway
T20230001308,2023/1/18,14:30:00,1,Collision with vehicle,3,Wednesday,110,CROSS TRAFFIC(INTERSECTIONS ONLY),1,52986,2,0,0,1,1,2,1,1,Cross intersection,3,60,Local Road
T20230002189,2023/1/18,14:15:00,1,Collision with vehicle,3,Wednesday,111,RIGHT FAR (INTERSECTIONS ONLY),1,39963,2,0,0,1,1,2,2,2,T intersection,3,60,Arterial Other
T20230000814,2023/1/18,13:07:00,1,Collision with vehicle,3,Wednesday,139,OTHER SAME DIRECTION-MANOUEVRES NOT INCLUDED IN DCAs 130-137,1,783169,2,0,0,1,1,2,2,5,Not at intersection,3,100,Freeway
T20230001613,2023/1/18,8:30:00,1,Collision with vehicle,3,Wednesday,121,RIGHT THROUGH,1,43935,2,0,1,0,1,2,1,1,Cross intersection,2,80,Arterial Highway
T20230001310,2023/1/18,13:45:00,1,Collision with vehicle,3,Wednesday,130,REAR END(VEHICLES IN SAME LANE),1,772184,4,0,1,0,3,4,1,5,Not at intersection,2,80,Arterial Other
T20230004229,2023/1/18,10:50:00,1,Collision with vehicle,3,Wednesday,132,RIGHT REAR.,1,336568,2,0,0,1,1,2,1,2,T intersection,3,60,Arterial Other