ACCIDENT_NO,ACCIDENT_DATE,ACCIDENT_TIME,ACCIDENT_TYPE,ACCIDENT_TYPE_DESC,DAY_OF_WEEK,DAY_WEEK_DESC,DCA_CODE,DCA_DESC,LIGHT_CONDITION,NODE_ID,NO_OF_VEHICLES,NO_PERSONS_KILLED,NO_PERSONS_INJ_2,NO_PERSONS_INJ_3,NO_PERSONS_NOT_INJ,NO_PERSONS,POLICE_ATTEND,ROAD_GEOMETRY,ROAD_GEOMETRY_DESC,SEVERITY,SPEED_ZONE,RMA
T20230001398,2023/1/18,17:00:00,1,Collision with vehicle,3,Wednesday,147,VEHICLE STRIKES ANOTHER VEH WHILE EMERGING FROM DRIVEWAY,1,757028,2,0,0,1,2,3,2,2,T intersection,3,888,Local Road
T20230001399,2023/1/18,15:20:00,2,Struck Pedestrian,4,Wednesday,100,PED NEAR SIDE. PED HIT BY VEHICLE FROM THE RIGHT.,1,591756,1,0,0,2,1,3,1,1,Cross intersection,3,60,Arterial Highway
T20230004811,2023/1/18,1:27:00,3,Struck animal,3,Wednesday,167,STRUCK ANIMAL,6,757871,1,0,0,1,0,1,1,5,Not at intersection,3,100,Arterial Highway
T20230001718,2023/1/18,16:15:00,1,Collision with vehicle,3,Wednesday,111,RIGHT FAR (INTERSECTIONS ONLY),1,275245,2,0,0,1,1,2,2,2,T intersection,3,50,Local Road
T20230001402,2023/1/18,16:23:00,1,Collision with vehicle,4,Wednesday,147,VEHICLE STRIKES ANOTHER VEH WHILE EMERGING FROM DRIVEWAY,1,749561,2,0,0,1,1,2,1,5,Not at intersection,3,60,Arterial Highway
T20230007516,2023/1/18,6:30:00,1,Collision with vehicle,3,Wednesday,130,REAR END(VEHICLES IN SAME LANE),2,778009,2,0,1,0,1,2,1,5,Not at intersection,2,60,Arterial Other
T20230001327,2023/1/18,17:30:00,1,Collision with vehicle,3,Wednesday,120,HEAD ON (NOT OVERTAKING),1,772822,2,0,0,1,3,4,1,5,Not at intersection,3,60,Arterial Other
T20230001328,2023/1/18,16:09:00,1,Collision with vehicle,3,Wednesday,140,U TURN,1,278720,2,0,0,1,1,2,1,2,T intersection,3,50,Local Road
T20230001331,2023/1/18,13:45:00,8,No collision and no object struck,3,Wednesday,151,OUT OF CONTROL (OVERTAKING),1,81560,1,0,0,1,0,1,2,5,Not at intersection,3,50,Local Road
T20230001332,2023/1/18,17:40:00,1,Collision with vehicle,3,Wednesday,111,RIGHT FAR (INTERSECTIONS ONLY),1,44232,2,0,0,1,1,2,2,1,Cross intersection,3,50,Local Road
T20230001404,2023/1/18,9:30:00,4,Collision with a fixed object,3,Wednesday,181,OFF RIGHT BEND INTO OBJECT/PARKED VEHICLE,1,748942,1,0,1,0,0,1,1,5,Not at intersection,2,50,Local Road
T20230001337,2023/1/18,15:45:00,1,Collision with vehicle,3,Wednesday,130,REAR END(VEHICLES IN SAME LANE),1,344091,3,0,0,1,2,3,2,1,Cross intersection,3,999,Arterial Other
T20230001338,2023/1/18,21:20:00,1,Collision with vehicle,3,Wednesday,135,LANE CHANGE LEFT (NOT OVERTAKING),3,777428,2,0,0,1,2,3,1,5,Not at intersection,3,100,Freeway
T20230001339,2023/1/18,21:15:00,1,Collision with vehicle,4,Wednesday,121,RIGHT THROUGH,3,43517,2,0,1,0,2,3,1,2,T intersection,2,80,Arterial Other
T20230001341,2023/1/18,20:00:00,4,Collision with a fixed object,4,Wednesday,181,OFF RIGHT BEND INTO OBJECT/PARKED VEHICLE,5,775582,1,0,1,0,0,1,1,5,Not at intersection,2,100,Local Road
T20230001807,2023/1/18,7:30:00,1,Collision with vehicle,4,Wednesday,120,HEAD ON (NOT OVERTAKING),1,771181,2,0,0,1,1,2,1,5,Not at intersection,3,999,Local Road
T20230001754,2023/1/18,13:05:00,4,Collision with a fixed object,4,Wednesday,171,LEFT OFF CARRIAGEWAY INTO OBJECT/PARKED VEHICLE,1,650979,1,0,0,1,1,2,1,1,Cross intersection,3,60,Arterial Highway
T20230005113,2023/1/18,9:15:00,1,Collision with vehicle,4,Wednesday,130,REAR END(VEHICLES IN SAME LANE),1,777439,2,0,0,1,1,2,2,5,Not at intersection,3,100,Freeway
T20230005031,2023/1/18,13:27:00,1,Collision with vehicle,4,Wednesday,130,REAR END(VEHICLES IN SAME LANE),1,777182,2,0,1,0,1,2,2,5,Not at intersection,2,80,Arterial Highway
T20230001350,2023/1/18,20:02:00,1,Collision with vehicle,4,Wednesday,130,REAR END(VEHICLES IN SAME LANE),1,750368,2,0,1,0,1,2,1,1,Cross intersection,2,80,Freeway
T20230001959,2023/1/18,7:10:00,1,Collision with vehicle,3,Wednesday,130,REAR END(VEHICLES IN SAME LANE),9,40858,2,0,0,1,1,2,2,2,T intersection,3,999,Arterial Highway
T20230003287,2023/1/18,14:00:00,6,Vehicle overturned (no collision),3,Wednesday,151,OUT OF CONTROL (OVERTAKING),1,262027,1,0,0,1,0,1,2,2,T intersection,3,60,Local Road
T20230001494,2023/1/18,11:55:00,1,Collision with vehicle,4,Wednesday,130,REAR END(VEHICLES IN SAME LANE),9,45283,2,0,0,1,2,3,2,1,Cross intersection,3,999,Arterial Other
T20230001453,2023/1/18,22:30:00,4,Collision with a fixed object,4,Wednesday,175,OFF END OF ROAD/T-INTERSECTION.,5,1147,1,0,1,0,0,1,1,1,Cross intersection,2,80,Arterial Other
T20230001256,2023/1/18,2:10:00,4,Collision with a fixed object,3,Wednesday,171,LEFT OFF CARRIAGEWAY INTO OBJECT/PARKED VEHICLE,3,783627,1,0,0,1,0,1,1,5,Not at intersection,3,50,Local Road
T20230001460,2023/1/18,8:53:00,1,Collision with vehicle,3,Wednesday,130,REAR END(VEHICLES IN SAME LANE),1,325176,2,0,0,2,1,3,1,1,Cross intersection,3,70,Arterial Other
T20230001257,2023/1/18,0:26:00,4,Collision with a fixed object,3,Wednesday,171,LEFT OFF CARRIAGEWAY INTO OBJECT/PARKED VEHICLE,5,772183,1,0,0,2,3,5,1,5,Not at intersection,3,40,Local Road
T20230001259,2023/1/18,4:45:00,6,Vehicle overturned (no collision),4,Wednesday,174,OUT OF CONTROL ON CARRIAGEWAY (ON STRAIGHT),3,748700,1,0,0,1,1,2,1,2,T intersection,3,40,Arterial Other
T20230001263,2023/1/18,7:45:00,4,Collision with a fixed object,3,Wednesday,181,OFF RIGHT BEND INTO OBJECT/PARKED VEHICLE,1,749874,1,0,0,1,0,1,1,5,Not at intersection,3,80,Arterial Highway
T20230001371,2023/1/18,6:45:00,7,Fall from or in moving vehicle,3,Wednesday,190,FELL IN/FROM VEHICLE,2,206,1,0,0,1,0,1,2,1,Cross intersection,3,40,Arterial Other
T20230001265,2023/1/18,8:00:00,1,Collision with vehicle,3,Wednesday,113,RIGHT NEAR (INTERSECTIONS ONLY),1,748701,2,0,0,2,0,2,1,2,T intersection,3,50,Local Road
T20230001267,2023/1/18,6:37:00,1,Collision with vehicle,4,Wednesday,121,RIGHT THROUGH,2,42570,2,0,1,0,1,2,1,1,Cross intersection,2,60,Arterial Other
T20230001269,2023/1/18,9:06:00,1,Collision with vehicle,4,Wednesday,113,RIGHT NEAR (INTERSECTIONS ONLY),1,71615,2,0,1,1,1,3,1,1,Cross intersection,2,70,Local Road
T20230001270,2023/1/18,7:25:00,2,Struck Pedestrian,4,Wednesday,100,PED NEAR SIDE. PED HIT BY VEHICLE FROM THE RIGHT.,1,749538,1,0,1,0,1,2,1,5,Not at intersection,2,60,Arterial Highway
T20230001527,2023/1/18,16:10:00,1,Collision with vehicle,3,Wednesday,130,REAR END(VEHICLES IN SAME LANE),1,749165,2,0,1,1,3,5,2,1,Cross intersection,2,999,Local Road
T20230001444,2023/1/19,22:58:00,1,Collision with vehicle,5,Thursday,130,REAR END(VEHICLES IN SAME LANE),3,749772,2,0,0,1,1,2,1,2,T intersection,3,80,Arterial Other
T20230001432,2023/1/19,18:30:00,4,Collision with a fixed object,5,Thursday,173,RIGHT OFF CARRIAGEWAY INTO OBJECT/PARKED VEHICLE,1,774063,1,0,0,1,0,1,1,5,Not at intersection,3,100,Arterial Other
T20230001396,2023/1/19,12:53:00,1,Collision with vehicle,5,Thursday,111,RIGHT FAR (INTERSECTIONS ONLY),1,256561,3,0,1,1,1,3,1,1,Cross intersection,2,50,Local Road
T20230001343,2023/1/19,0:15:00,1,Collision with vehicle,5,Thursday,121,RIGHT THROUGH,3,44630,2,0,0,3,0,3,1,1,Cross intersection,3,60,Arterial Highway
T20230001344,2023/1/19,1:15:00,4,Collision with a fixed object,5,Thursday,171,LEFT OFF CARRIAGEWAY INTO OBJECT/PARKED VEHICLE,3,759496,1,0,1,0,0,1,1,2,T intersection,2,60,Local Road
T20230001427,2023/1/19,16:21:00,1,Collision with vehicle,5,Thursday,169,OTHER ON PATH,1,756521,2,0,1,0,0,1,1,5,Not at intersection,2,50,Local Road
T20230001353,2023/1/19,7:50:00,1,Collision with vehicle,5,Thursday,130,REAR END(VEHICLES IN SAME LANE),1,749560,2,0,1,0,1,2,1,5,Not at intersection,2,80,Freeway
T20230001431,2023/1/19,16:09:00,4,Collision with a fixed object,5,Thursday,171,LEFT OFF CARRIAGEWAY INTO OBJECT/PARKED VEHICLE,1,782461,1,0,1,1,0,2,1,5,Not at intersection,2,100,Arterial Highway
T20230001430,2023/1/19,17:52:00,1,Collision with vehicle,4,Thursday,110,CROSS TRAFFIC(INTERSECTIONS ONLY),1,707275,2,0,1,3,1,5,1,1,Cross intersection,2,100,Arterial Other
T20230001356,2023/1/19,8:00:00,2,Struck Pedestrian,5,Thursday,102,FAR SIDE. PED HIT BY VEHICLE FROM THE LEFT,1,748938,1,0,1,0,1,2,1,5,Not at intersection,2,40,Local Road
T20230001428,2023/1/19,18:50:00,1,Collision with vehicle,4,Thursday,147,VEHICLE STRIKES ANOTHER VEH WHILE EMERGING FROM DRIVEWAY,1,760832,2,0,0,1,1,2,1,5,Not at intersection,3,80,Local Road
T20230001376,2023/1/19,12:30:00,1,Collision with vehicle,4,Thursday,134,LANE CHANGE RIGHT (NOT OVERTAKING),1,760890,2,0,0,1,1,2,1,5,Not at intersection,3,50,Arterial Highway
T20230001360,2023/1/19,7:40:00,1,Collision with vehicle,5,Thursday,139,OTHER SAME DIRECTION-MANOUEVRES NOT INCLUDED IN DCAs 130-137,1,749161,2,0,0,1,1,2,1,5,Not at intersection,3,60,Arterial Other
T20230001380,2023/1/19,11:40:00,4,Collision with a fixed object,5,Thursday,171,LEFT OFF CARRIAGEWAY INTO OBJECT/PARKED VEHICLE,1,753767,2,0,0,2,1,3,1,5,Not at intersection,3,80,Freeway
T20230001405,2023/1/19,16:05:00,1,Collision with vehicle,5,Thursday,110,CROSS TRAFFIC(INTERSECTIONS ONLY),1,43056,2,0,1,0,1,2,1,1,Cross intersection,2,40,Local Road
T20230001364,2023/1/19,7:45:00,1,Collision with vehicle,4,Thursday,120,HEAD ON (NOT OVERTAKING),1,758752,2,0,1,0,1,2,1,5,Not at intersection,2,100,Local Road
T20230003094,2023/1/19,11:50:00,1,Collision with vehicle,4,Thursday,121,RIGHT THROUGH,1,51051,2,0,0,1,1,2,1,1,Cross intersection,3,50,Local Road
T20230001384,2023/1/19,9:35:00,1,Collision with vehicle,5,Thursday,130,REAR END(VEHICLES IN SAME LANE),1,752068,2,0,0,1,2,3,1,5,Not at intersection,3,50,Arterial Other
T20230001401,2023/1/19,11:05:00,1,Collision with vehicle,5,Thursday,120,HEAD ON (NOT OVERTAKING),1,357062,2,0,1,0,4,5,1,5,Not at intersection,2,60,Arterial Other
T20230001448,2023/1/19,23:10:00,4,Collision with a fixed object,4,Thursday,173,RIGHT OFF CARRIAGEWAY INTO OBJECT/PARKED VEHICLE,5,787350,1,0,1,0,0,1,1,5,Not at intersection,2,60,Local Road
T20230001385,2023/1/19,11:20:00,1,Collision with vehicle,4,Thursday,121,RIGHT THROUGH,1,29377,2,0,0,4,2,6,1,1,Cross intersection,3,60,Arterial Other
T20230001446,2023/1/19,21:47:00,1,Collision with vehicle,5,Thursday,121,RIGHT THROUGH,3,759320,2,0,1,0,1,2,1,2,T intersection,2,60,Arterial Other
T20230001374,2023/1/19,8:58:00,1,Collision with vehicle,4,Thursday,110,CROSS TRAFFIC(INTERSECTIONS ONLY),1,275767,2,0,0,1,1,2,1,1,Cross intersection,3,100,Local Road
T20230001443,2023/1/19,22:15:00,1,Collision with vehicle,5,Thursday,131,LEFT REAR,3,760895,3,0,0,1,2,3,1,5,Not at intersection,3,60,Arterial Other
T20230001442,2023/1/19,15:50:00,1,Collision with vehicle,5,Thursday,121,RIGHT THROUGH,1,36768,2,0,1,0,1,2,1,1,Cross intersection,2,80,Arterial Other
T20230001437,2023/1/19,18:35:00,2,Struck Pedestrian,4,Thursday,108,PED STRUCK WALKING TO/FROM OR BOARDING/ALIGHTING VEHICLE.,1,757522,1,0,1,0,1,2,1,5,Not at intersection,2,60,Arterial Other
T20230001388,2023/1/19,13:10:00,1,Collision with vehicle,4,Thursday,121,RIGHT THROUGH,1,40045,2,0,1,0,1,2,1,2,T intersection,2,60,Arterial Other
T20230001378,2023/1/19,11:18:00,1,Collision with vehicle,4,Thursday,113,RIGHT NEAR (INTERSECTIONS ONLY),1,72630,2,0,1,0,1,2,1,2,T intersection,2,60,Local Road
T20230001406,2023/1/19,15:55:00,1,Collision with vehicle,4,Thursday,130,REAR END(VEHICLES IN SAME LANE),1,680486,3,0,0,1,2,3,2,5,Not at intersection,3,70,Arterial Other
T20230001411,2023/1/19,15:24:00,1,Collision with vehicle,5,Thursday,113,RIGHT NEAR (INTERSECTIONS ONLY),1,38868,2,0,1,0,2,3,1,1,Cross intersection,2,60,Arterial Other
T20230001416,2023/1/19,15:05:00,2,Struck Pedestrian,5,Thursday,107,PED ON FOOTHPATH STRUCK BY VEHENTERING/LEAVING DRIVEWAY.,1,760889,1,0,0,1,1,2,1,5,Not at intersection,3,888,Local Road
T20230021355,2023/1/19,15:50:00,1,Collision with vehicle,4,Thursday,130,REAR END(VEHICLES IN SAME LANE),9,780982,2,0,0,1,1,2,2,5,Not at intersection,3,80,Arterial Other
T20230001418,2023/1/19,17:51:00,1,Collision with vehicle,5,Thursday,147,VEHICLE STRIKES ANOTHER VEH WHILE EMERGING FROM DRIVEWAY,1,749525,2,0,1,0,1,2,1,5,Not at intersection,2,50,Local Road
T20230001419,2023/1/19,16:11:00,1,Collision with vehicle,4,Thursday,113,RIGHT NEAR (INTERSECTIONS ONLY),1,236448,2,0,0,1,1,2,1,2,T intersection,3,60,Local Road
T20230001422,2023/1/19,14:30:00,1,Collision with vehicle,5,Thursday,130,REAR END(VEHICLES IN SAME LANE),1,751253,2,0,1,2,4,7,1,2,T intersection,2,70,Arterial Other
T20230014356,2023/1/19,11:30:00,1,Collision with vehicle,4,Thursday,130,REAR END(VEHICLES IN SAME LANE),9,50420,2,0,0,1,1,2,2,1,Cross intersection,3,999,Arterial Highway
T20230003745,2023/1/19,15:19:00,1,Collision with vehicle,5,Thursday,130,REAR END(VEHICLES IN SAME LANE),1,768511,2,0,0,1,1,2,2,1,Cross intersection,3,80,Arterial Other
T20230001425,2023/1/19,17:25:00,1,Collision with vehicle,4,Thursday,131,LEFT REAR,1,748943,2,0,0,1,1,2,1,5,Not at intersection,3,50,Local Road
T20230001426,2023/1/19,17:45:00,4,Collision with a fixed object,4,Thursday,173,RIGHT OFF CARRIAGEWAY INTO OBJECT/PARKED VEHICLE,1,43594,1,0,0,1,0,1,1,2,T intersection,3,80,Arterial Highway
T20230007971,2023/1/19,18:30:00,1,Collision with vehicle,4,Thursday,130,REAR END(VEHICLES IN SAME LANE),1,777794,2,0,0,2,1,3,1,5,Not at intersection,3,60,Arterial Other
T20230002113,2023/1/19,13:30:00,1,Collision with vehicle,5,Thursday,147,VEHICLE STRIKES ANOTHER VEH WHILE EMERGING FROM DRIVEWAY,1,752725,2,0,0,1,1,2,2,4,Multiple intersection,3,50,Local Road
T20230001751,2023/1/19,9:30:00,1,Collision with vehicle,5,Thursday,130,REAR END(VEHICLES IN SAME LANE),1,780203,2,0,0,1,1,2,2,2,T intersection,3,80,Local Road
T20230001543,2023/1/20,23:29:00,4,Collision with a fixed object,6,Friday,181,OFF RIGHT BEND INTO OBJECT/PARKED VEHICLE,3,750355,1,0,0,1,0,1,1,5,Not at intersection,3,60,Local Road
T20230002633,2023/1/20,8:50:00,1,Collision with vehicle,6,Friday,130,REAR END(VEHICLES IN SAME LANE),1,287624,3,0,1,0,2,3,2,5,Not at intersection,2,100,Freeway
T20230001475,2023/1/20,8:30:00,1,Collision with vehicle,5,Friday,130,REAR END(VEHICLES IN SAME LANE),1,760587,2,0,0,1,1,2,2,5,Not at intersection,3,80,Arterial Highway
T20230001531,2023/1/20,18:30:00,1,Collision with vehicle,5,Friday,130,REAR END(VEHICLES IN SAME LANE),1,774089,3,0,0,1,3,4,1,2,T intersection,3,50,Arterial Other
T20230005345,2023/1/20,15:55:00,1,Collision with vehicle,5,Friday,134,LANE CHANGE RIGHT (NOT OVERTAKING),1,781201,2,0,0,1,1,2,2,5,Not at intersection,3,50,Local Road
T20230001624,2023/1/20,19:30:00,1,Collision with vehicle,5,Friday,130,REAR END(VEHICLES IN SAME LANE),1,309683,2,0,0,1,1,2,2,1,Cross intersection,3,60,Arterial Other
T20230001532,2023/1/20,20:30:00,1,Collision with vehicle,5,Friday,179,OTHER ACCIDENTS-OFF STRAIGHT NOT INCLUDED IN DCAs 170-175,2,777768,4,0,0,1,2,3,1,2,T intersection,3,50,Local Road
T20230001856,2023/1/20,20:02:00,7,Fall from or in moving vehicle,6,Friday,190,FELL IN/FROM VEHICLE,1,783681,1,0,0,1,2,3,2,5,Not at intersection,3,50,Local Road
T20230004535,2023/1/20,19:55:00,8,No collision and no object struck,6,Friday,174,OUT OF CONTROL ON CARRIAGEWAY (ON STRAIGHT),1,774079,1,0,1,0,0,1,2,5,Not at intersection,2,999,Arterial Other
T20230001534,2023/1/20,15:05:00,1,Collision with vehicle,6,Friday,132,RIGHT REAR.,1,760583,2,0,0,3,0,3,1,2,T intersection,3,60,Local Road
T20230001537,2023/1/20,15:02:00,4,Collision with a fixed object,6,Friday,173,RIGHT OFF CARRIAGEWAY INTO OBJECT/PARKED VEHICLE,1,749454,1,2,0,0,0,2,1,5,Not at intersection,1,110,Freeway
T20230001538,2023/1/20,15:15:00,1,Collision with vehicle,6,Friday,130,REAR END(VEHICLES IN SAME LANE),1,752070,2,0,0,2,1,3,1,5,Not at intersection,3,80,Arterial Other
T20230001539,2023/1/20,15:10:00,1,Collision with vehicle,6,Friday,110,CROSS TRAFFIC(INTERSECTIONS ONLY),1,45636,2,0,1,0,1,2,1,1,Cross intersection,2,40,Local Road
T20230001868,2023/1/20,5:00:00,4,Collision with a fixed object,6,Friday,181,OFF RIGHT BEND INTO OBJECT/PARKED VEHICLE,5,750731,1,0,1,0,0,1,1,5,Not at intersection,2,100,Arterial Highway
T20230001540,2023/1/20,4:00:00,7,Fall from or in moving vehicle,5,Friday,190,FELL IN/FROM VEHICLE,6,783708,1,0,0,1,1,2,1,5,Not at intersection,3,999,Local Road
T20230001541,2023/1/20,22:30:00,5,collision with some other object,6,Friday,166,STRUCK OBJECT ON CARRIAGEWAY,5,760586,1,0,0,2,0,2,1,5,Not at intersection,3,100,Arterial Highway
T20230001542,2023/1/20,18:37:00,1,Collision with vehicle,5,Friday,130,REAR END(VEHICLES IN SAME LANE),1,777723,4,0,0,2,4,6,1,5,Not at intersection,3,60,Arterial Other
T20230003474,2023/1/20,10:40:00,1,Collision with vehicle,5,Friday,130,REAR END(VEHICLES IN SAME LANE),1,754206,3,0,0,1,2,3,1,5,Not at intersection,3,110,Freeway
T20230001463,2023/1/20,7:20:00,2,Struck Pedestrian,6,Friday,102,FAR SIDE. PED HIT BY VEHICLE FROM THE LEFT,1,775371,1,0,1,0,1,2,1,5,Not at intersection,2,50,Local Road
T20230001467,2023/1/20,10:55:00,1,Collision with vehicle,5,Friday,121,RIGHT THROUGH,1,356648,2,0,0,2,0,2,1,2,T intersection,3,70,Arterial Other
T20230001530,2023/1/20,16:13:00,1,Collision with vehicle,5,Friday,110,CROSS TRAFFIC(INTERSECTIONS ONLY),1,225697,2,0,0,1,1,2,2,1,Cross intersection,3,60,Local Road
T20230001473,2023/1/20,9:42:00,1,Collision with vehicle,6,Friday,134,LANE CHANGE RIGHT (NOT OVERTAKING),1,783680,2,0,0,1,2,3,1,5,Not at intersection,3,100,Freeway
T20230001474,2023/1/20,10:02:00,1,Collision with vehicle,5,Friday,148,VEHICLE OFF FOOTPATH STRIKES VEH ON CARRIAGEWAY,1,783688,2,0,0,1,1,2,1,1,Cross intersection,3,60,Local Road
T20230001476,2023/1/20,9:40:00,4,Collision with a fixed object,5,Friday,181,OFF RIGHT BEND INTO OBJECT/PARKED VEHICLE,1,774421,1,0,0,1,0,1,1,5,Not at intersection,3,100,Arterial Other
T20230001477,2023/1/20,11:22:00,1,Collision with vehicle,5,Friday,130,REAR END(VEHICLES IN SAME LANE),1,760585,2,0,0,1,1,2,1,5,Not at intersection,3,60,Arterial Other
T20230001478,2023/1/20,12:30:00,4,Collision with a fixed object,6,Friday,183,OFF LEFT BEND INTO OBJECT/PARKED VEHICLE,1,750841,1,0,0,1,0,1,1,5,Not at intersection,3,110,Freeway
T20230001479,2023/1/20,9:30:00,1,Collision with vehicle,6,Friday,147,VEHICLE STRIKES ANOTHER VEH WHILE EMERGING FROM DRIVEWAY,1,775244,2,0,0,1,1,2,2,5,Not at intersection,3,777,Arterial Highway
T20230006329,2023/1/20,9:15:00,1,Collision with vehicle,5,Friday,130,REAR END(VEHICLES IN SAME LANE),1,777786,3,0,0,1,4,5,1,5,Not at intersection,3,80,Arterial Highway
T20230001556,2023/1/20,22:35:00,1,Collision with vehicle,6,Friday,110,CROSS TRAFFIC(INTERSECTIONS ONLY),5,19647,2,1,1,1,0,3,1,1,Cross intersection,1,100,Arterial Other
T20230001452,2023/1/20,2:45:00,4,Collision with a fixed object,5,Friday,171,LEFT OFF CARRIAGEWAY INTO OBJECT/PARKED VEHICLE,3,783682,1,0,0,1,0,1,1,5,Not at intersection,3,60,Arterial Other
T20230002344,2023/1/20,16:00:00,4,Collision with a fixed object,5,Friday,173,RIGHT OFF CARRIAGEWAY INTO OBJECT/PARKED VEHICLE,1,783683,2,0,0,1,0,1,2,5,Not at intersection,3,40,Arterial Other
T20230001544,2023/1/20,20:41:00,4,Collision with a fixed object,6,Friday,181,OFF RIGHT BEND INTO OBJECT/PARKED VEHICLE,2,767214,1,0,1,0,0,1,1,5,Not at intersection,2,60,Local Road
T20230001545,2023/1/20,23:37:00,1,Collision with vehicle,5,Friday,160,VEHICLE COLLIDES WITH VEHICLE PARKED ON LEFT OF ROAD,3,767585,2,0,1,0,0,1,1,5,Not at intersection,2,50,Local Road
T20230001547,2023/1/20,23:09:00,2,Struck Pedestrian,6,Friday,107,PED ON FOOTHPATH STRUCK BY VEHENTERING/LEAVING DRIVEWAY.,3,749774,1,0,1,0,1,2,1,5,Not at intersection,2,50,Local Road
T20230001481,2023/1/20,12:04:00,1,Collision with vehicle,5,Friday,110,CROSS TRAFFIC(INTERSECTIONS ONLY),1,59034,2,0,0,1,1,2,1,1,Cross intersection,3,80,Arterial Other
T20230001487,2023/1/20,6:50:00,1,Collision with vehicle,5,Friday,140,U TURN,2,769032,2,0,0,1,1,2,2,1,Cross intersection,3,999,Arterial Highway
T20230001490,2023/1/20,12:55:00,4,Collision with a fixed object,6,Friday,183,OFF LEFT BEND INTO OBJECT/PARKED VEHICLE,1,749163,1,0,0,1,0,1,1,5,Not at intersection,3,50,Local Road
T20230001491,2023/1/20,8:20:00,1,Collision with vehicle,6,Friday,163,VEHICLE STRIKES DOOR OF PARKED/STATIONARY VEHICLE,1,760588,2,0,1,0,1,2,1,5,Not at intersection,2,50,Local Road
T20230001500,2023/1/20,15:30:00,1,Collision with vehicle,6,Friday,121,RIGHT THROUGH,1,40550,2,0,1,0,1,2,1,2,T intersection,2,60,Local Road
T20230001501,2023/1/20,7:00:00,8,No collision and no object struck,5,Friday,151,OUT OF CONTROL (OVERTAKING),9,749670,2,0,0,1,1,2,2,5,Not at intersection,3,999,Local Road
T20230001503,2023/1/20,15:36:00,1,Collision with vehicle,6,Friday,130,REAR END(VEHICLES IN SAME LANE),1,749986,2,0,1,0,1,2,1,5,Not at intersection,2,100,Freeway
T20230001507,2023/1/20,15:20:00,6,Vehicle overturned (no collision),5,Friday,184,OUT OF CONTROL ON CARRIAGEWAY (ON BEND),1,749987,1,0,1,0,0,1,1,5,Not at intersection,2,888,Local Road
T20230001508,2023/1/20,16:35:00,1,Collision with vehicle,5,Friday,130,REAR END(VEHICLES IN SAME LANE),1,17640,3,0,0,2,2,4,1,1,Cross intersection,3,60,Arterial Highway
T20230001517,2023/1/20,17:04:00,1,Collision with vehicle,6,Friday,143,ENTERING PARKING,1,757154,2,0,1,2,3,6,1,5,Not at intersection,2,40,Local Road
T20230001553,2023/1/20,20:25:00,1,Collision with vehicle,6,Friday,160,VEHICLE COLLIDES WITH VEHICLE PARKED ON LEFT OF ROAD,6,760822,2,0,0,1,0,1,1,5,Not at intersection,3,50,Local Road
T20230001524,2023/1/20,14:08:00,1,Collision with vehicle,6,Friday,130,REAR END(VEHICLES IN SAME LANE),1,749564,2,0,1,0,1,2,1,1,Cross intersection,2,70,Arterial Other
T20230001593,2023/1/21,12:03:00,1,Collision with vehicle,7,Saturday,120,HEAD ON (NOT OVERTAKING),1,777999,2,0,0,1,1,2,2,5,Not at intersection,3,50,Local Road
T20230001594,2023/1/21,13:35:00,1,Collision with vehicle,7,Saturday,110,CROSS TRAFFIC(INTERSECTIONS ONLY),1,749566,2,0,0,1,1,2,1,4,Multiple intersection,3,80,Freeway
T20230001621,2023/1/21,17:54:00,2,Struck Pedestrian,7,Saturday,102,FAR SIDE. PED HIT BY VEHICLE FROM THE LEFT,1,753385,1,0,1,0,1,2,1,5,Not at intersection,2,60,Arterial Other
T20230001620,2023/1/21,13:45:00,1,Collision with vehicle,7,Saturday,140,U TURN,1,756925,2,0,0,1,1,2,1,5,Not at intersection,3,60,Local Road
T20230001615,2023/1/21,16:25:00,4,Collision with a fixed object,7,Saturday,183,OFF LEFT BEND INTO OBJECT/PARKED VEHICLE,1,751104,1,0,1,0,0,1,1,5,Not at intersection,2,80,Arterial Other
T20230001730,2023/1/21,16:00:00,5,collision with some other object,6,Saturday,166,STRUCK OBJECT ON CARRIAGEWAY,1,787386,1,0,1,0,0,1,2,5,Not at intersection,2,999,Arterial Other
T20230001611,2023/1/21,16:24:00,1,Collision with vehicle,6,Saturday,160,VEHICLE COLLIDES WITH VEHICLE PARKED ON LEFT OF ROAD,1,782522,3,0,1,0,2,3,1,5,Not at intersection,2,50,Arterial Other
T20230001604,2023/1/21,14:17:00,1,Collision with vehicle,6,Saturday,129,OTHER OPPOSING MANOEUVRES NOT INCLUDED IN DCAs 120-125.,1,42348,3,0,0,2,4,6,1,2,T intersection,3,70,Arterial Other
T20230001600,2023/1/21,12:30:00,8,No collision and no object struck,7,Saturday,184,OUT OF CONTROL ON CARRIAGEWAY (ON BEND),1,760532,1,0,1,0,0,1,1,5,Not at intersection,2,80,Local Road
T20230010127,2023/1/21,11:00:00,5,collision with some other object,6,Saturday,166,STRUCK OBJECT ON CARRIAGEWAY,1,779013,1,0,0,1,0,1,2,9,Unknown,3,999,Arterial Other