ACCIDENT_NO,ACCIDENT_DATE,ACCIDENT_TIME,ACCIDENT_TYPE,ACCIDENT_TYPE_DESC,DAY_OF_WEEK,DAY_WEEK_DESC,DCA_CODE,DCA_DESC,LIGHT_CONDITION,NODE_ID,NO_OF_VEHICLES,NO_PERSONS_KILLED,NO_PERSONS_INJ_2,NO_PERSONS_INJ_3,NO_PERSONS_NOT_INJ,NO_PERSONS,POLICE_ATTEND,ROAD_GEOMETRY,ROAD_GEOMETRY_DESC,SEVERITY,SPEED_ZONE,RMA
T20230001554,2023/1/21,2:00:00,6,Vehicle overturned (no collision),7,Saturday,170,OFF CARRIAGEWAY TO LEFT,5,761059,1,0,2,0,0,2,1,5,Not at intersection,2,60,Arterial Other
T20230001555,2023/1/21,4:20:00,1,Collision with vehicle,6,Saturday,111,RIGHT FAR (INTERSECTIONS ONLY),3,288676,2,0,0,1,1,2,1,2,T intersection,3,60,Freeway
T20230001559,2023/1/21,6:00:00,1,Collision with vehicle,7,Saturday,110,CROSS TRAFFIC(INTERSECTIONS ONLY),1,39063,2,0,1,1,1,3,1,1,Cross intersection,2,60,Arterial Other
T20230001772,2023/1/21,19:38:00,1,Collision with vehicle,7,Saturday,132,RIGHT REAR.,2,777773,2,0,1,0,1,2,1,5,Not at intersection,2,100,Local Road
T20230001693,2023/1/21,14:06:00,2,Struck Pedestrian,6,Saturday,100,PED NEAR SIDE. PED HIT BY VEHICLE FROM THE RIGHT.,1,783711,1,0,0,1,1,2,2,1,Cross intersection,3,60,Local Road
T20230002588,2023/1/21,11:00:00,6,Vehicle overturned (no collision),7,Saturday,184,OUT OF CONTROL ON CARRIAGEWAY (ON BEND),9,755487,1,0,0,1,0,1,2,5,Not at intersection,3,999,Local Road
T20230001744,2023/1/21,16:00:00,4,Collision with a fixed object,6,Saturday,183,OFF LEFT BEND INTO OBJECT/PARKED VEHICLE,1,785055,1,0,1,0,0,1,2,5,Not at intersection,2,999,Arterial Other
T20230007632,2023/1/21,17:15:00,1,Collision with vehicle,6,Saturday,124,RIGHT/RIGHT BOTH VEHs FROM OPPOSITE DIRECTIONS TURNING RIGHT,1,777766,2,0,0,1,1,2,2,1,Cross intersection,3,60,Arterial Other
T20230002411,2023/1/21,21:40:00,1,Collision with vehicle,6,Saturday,140,U TURN,3,773871,2,0,1,0,4,5,2,5,Not at intersection,2,60,Arterial Highway
T20230001635,2023/1/21,21:44:00,1,Collision with vehicle,7,Saturday,169,OTHER ON PATH,3,754427,2,0,1,0,0,1,1,5,Not at intersection,2,60,Local Road
T20230002063,2023/1/21,12:05:00,4,Collision with a fixed object,7,Saturday,183,OFF LEFT BEND INTO OBJECT/PARKED VEHICLE,1,751150,2,0,0,1,1,2,2,5,Not at intersection,3,100,Arterial Other
T20230001560,2023/1/21,5:30:00,1,Collision with vehicle,6,Saturday,114,TWO RIGHT TURNING (INTERSECTIONS ONLY),3,46621,2,0,1,1,1,3,1,4,Multiple intersection,2,60,Arterial Highway
T20230002923,2023/1/21,13:00:00,8,No collision and no object struck,7,Saturday,172,OFF CARRIAGEWAY TO RIGHT,1,760533,2,0,0,1,1,2,2,5,Not at intersection,3,50,Local Road
T20230001717,2023/1/21,16:06:00,1,Collision with vehicle,7,Saturday,110,CROSS TRAFFIC(INTERSECTIONS ONLY),1,53374,3,0,0,2,1,3,1,1,Cross intersection,3,70,Arterial Highway
T20230001646,2023/1/21,17:30:00,1,Collision with vehicle,7,Saturday,121,RIGHT THROUGH,1,258000,2,0,3,0,0,3,1,2,T intersection,2,60,Local Road
T20230001750,2023/1/21,17:00:00,1,Collision with vehicle,6,Saturday,136,RIGHT TURN SIDESWIPE,1,273911,2,0,0,1,2,3,2,2,T intersection,3,100,Arterial Highway
T20230005513,2023/1/21,15:30:00,4,Collision with a fixed object,7,Saturday,173,RIGHT OFF CARRIAGEWAY INTO OBJECT/PARKED VEHICLE,1,760571,1,0,1,0,0,1,1,2,T intersection,2,40,Local Road
T20230002094,2023/1/21,13:00:00,1,Collision with vehicle,7,Saturday,130,REAR END(VEHICLES IN SAME LANE),1,29485,2,0,0,1,1,2,2,5,Not at intersection,3,40,Arterial Highway
T20230002391,2023/1/21,10:00:00,8,No collision and no object struck,7,Saturday,174,OUT OF CONTROL ON CARRIAGEWAY (ON STRAIGHT),1,751388,1,0,0,1,0,1,2,5,Not at intersection,3,888,Local Road
T20230003533,2023/1/21,12:49:00,1,Collision with vehicle,7,Saturday,137,LEFT TURN SIDESWIPE,1,38051,2,0,0,1,1,2,2,1,Cross intersection,3,60,Arterial Other
T20230001598,2023/1/21,13:30:00,8,No collision and no object struck,7,Saturday,149,OTHER MANOEUVRING NOT INCLUDED IN DCAs 140-148,1,782140,1,0,1,0,0,1,1,5,Not at intersection,2,100,Local Road
T20230015804,2023/1/21,7:00:00,3,Struck animal,6,Saturday,167,STRUCK ANIMAL,2,777281,1,0,0,1,0,1,2,5,Not at intersection,3,80,Local Road
T20230001563,2023/1/21,7:52:00,1,Collision with vehicle,7,Saturday,169,OTHER ON PATH,2,775629,2,0,1,0,0,1,1,5,Not at intersection,2,50,
T20230001564,2023/1/21,5:50:00,1,Collision with vehicle,7,Saturday,130,REAR END(VEHICLES IN SAME LANE),2,349422,2,0,1,0,1,2,1,1,Cross intersection,2,80,Arterial Other
T20230001568,2023/1/21,9:45:00,8,No collision and no object struck,7,Saturday,140,U TURN,1,756812,2,0,0,1,1,2,1,5,Not at intersection,3,40,Local Road
T20230001599,2023/1/21,11:00:00,1,Collision with vehicle,7,Saturday,121,RIGHT THROUGH,1,31040,3,0,1,0,3,4,1,2,T intersection,2,60,Arterial Other
T20230001629,2023/1/21,20:50:00,4,Collision with a fixed object,7,Saturday,173,RIGHT OFF CARRIAGEWAY INTO OBJECT/PARKED VEHICLE,5,757265,1,0,1,0,0,1,1,5,Not at intersection,2,100,Local Road
T20230001570,2023/1/21,9:38:00,6,Vehicle overturned (no collision),7,Saturday,174,OUT OF CONTROL ON CARRIAGEWAY (ON STRAIGHT),1,749358,1,0,1,0,0,1,1,5,Not at intersection,2,50,Local Road
T20230003181,2023/1/21,10:45:00,2,Struck Pedestrian,6,Saturday,108,PED STRUCK WALKING TO/FROM OR BOARDING/ALIGHTING VEHICLE.,1,40434,1,0,0,1,1,2,2,1,Cross intersection,3,40,Arterial Other
T20230001579,2023/1/21,10:50:00,1,Collision with vehicle,6,Saturday,121,RIGHT THROUGH,1,777769,2,0,0,1,6,7,1,4,Multiple intersection,3,80,Freeway
T20230001582,2023/1/21,12:30:00,1,Collision with vehicle,6,Saturday,121,RIGHT THROUGH,1,49902,2,0,1,0,1,2,1,1,Cross intersection,2,60,Arterial Other
T20230001584,2023/1/21,7:38:00,6,Vehicle overturned (no collision),7,Saturday,170,OFF CARRIAGEWAY TO LEFT,1,769435,1,0,2,0,0,2,1,5,Not at intersection,2,80,Arterial Other
T20230001587,2023/1/21,11:32:00,2,Struck Pedestrian,7,Saturday,100,PED NEAR SIDE. PED HIT BY VEHICLE FROM THE RIGHT.,1,749988,1,0,1,0,1,2,1,2,T intersection,2,80,Arterial Highway
T20230001588,2023/1/21,12:09:00,1,Collision with vehicle,6,Saturday,110,CROSS TRAFFIC(INTERSECTIONS ONLY),1,50843,2,0,0,1,1,2,1,1,Cross intersection,3,100,Local Road
T20230001590,2023/1/21,10:03:00,1,Collision with vehicle,7,Saturday,137,LEFT TURN SIDESWIPE,1,289646,2,0,1,0,1,2,1,2,T intersection,2,60,Arterial Other
T20230001652,2023/1/21,17:40:00,1,Collision with vehicle,7,Saturday,120,HEAD ON (NOT OVERTAKING),1,760572,2,0,0,1,1,2,1,5,Not at intersection,3,60,Local Road
T20230001659,2023/1/22,13:44:00,2,Struck Pedestrian,1,Sunday,100,PED NEAR SIDE. PED HIT BY VEHICLE FROM THE RIGHT.,1,49732,1,0,0,1,1,2,1,1,Cross intersection,3,70,Arterial Highway
T20230001689,2023/1/22,19:07:00,4,Collision with a fixed object,1,Sunday,181,OFF RIGHT BEND INTO OBJECT/PARKED VEHICLE,1,760511,1,0,0,1,0,1,1,5,Not at intersection,3,100,Local Road
T20230001688,2023/1/22,15:26:00,4,Collision with a fixed object,1,Sunday,173,RIGHT OFF CARRIAGEWAY INTO OBJECT/PARKED VEHICLE,1,752677,1,1,0,0,0,1,1,5,Not at intersection,1,100,Arterial Other
T20230001637,2023/1/22,3:00:00,1,Collision with vehicle,0,Sunday,133,LANE SIDE SWIPE (VEHICLES IN PARALLEL LANES),9,29764,2,0,0,1,2,3,1,1,Cross intersection,3,80,Arterial Other
T20230001644,2023/1/22,6:50:00,4,Collision with a fixed object,1,Sunday,181,OFF RIGHT BEND INTO OBJECT/PARKED VEHICLE,1,760505,1,0,0,1,0,1,1,5,Not at intersection,3,60,Freeway
T20230001686,2023/1/22,13:56:00,4,Collision with a fixed object,1,Sunday,173,RIGHT OFF CARRIAGEWAY INTO OBJECT/PARKED VEHICLE,1,778073,1,1,0,0,0,1,1,1,Cross intersection,1,100,Local Road
T20230001649,2023/1/22,8:30:00,1,Collision with vehicle,1,Sunday,113,RIGHT NEAR (INTERSECTIONS ONLY),1,44463,2,0,1,0,1,2,1,2,T intersection,2,70,Arterial Highway
T20230001685,2023/1/22,14:45:00,4,Collision with a fixed object,1,Sunday,181,OFF RIGHT BEND INTO OBJECT/PARKED VEHICLE,1,751595,1,1,3,0,0,4,1,5,Not at intersection,1,70,Local Road
T20230001683,2023/1/22,10:15:00,6,Vehicle overturned (no collision),1,Sunday,180,OFF CARRIAGEWAY ON RIGHT BEND,1,752483,1,0,0,1,0,1,1,5,Not at intersection,3,100,Arterial Other
T20230001676,2023/1/22,16:40:00,1,Collision with vehicle,1,Sunday,130,REAR END(VEHICLES IN SAME LANE),1,759819,2,0,0,2,1,3,1,5,Not at intersection,3,60,Arterial Highway
T20230001672,2023/1/22,13:49:00,6,Vehicle overturned (no collision),0,Sunday,151,OUT OF CONTROL (OVERTAKING),1,777274,1,0,0,4,0,4,1,5,Not at intersection,3,100,Local Road
T20230001944,2023/1/22,18:00:00,1,Collision with vehicle,1,Sunday,110,CROSS TRAFFIC(INTERSECTIONS ONLY),1,340956,2,0,0,1,1,2,1,1,Cross intersection,3,50,Local Road
T20230001748,2023/1/22,19:35:00,1,Collision with vehicle,1,Sunday,131,LEFT REAR,6,46606,2,0,0,1,1,2,2,1,Cross intersection,3,40,Local Road
T20230003489,2023/1/22,11:00:00,6,Vehicle overturned (no collision),0,Sunday,170,OFF CARRIAGEWAY TO LEFT,1,760516,1,0,0,1,0,1,2,5,Not at intersection,3,50,Local Road
T20230001684,2023/1/22,16:55:00,4,Collision with a fixed object,1,Sunday,183,OFF LEFT BEND INTO OBJECT/PARKED VEHICLE,1,751256,1,0,2,1,0,3,1,5,Not at intersection,2,110,Freeway
T20230001632,2023/1/22,1:15:00,1,Collision with vehicle,0,Sunday,160,VEHICLE COLLIDES WITH VEHICLE PARKED ON LEFT OF ROAD,3,90835,4,0,1,0,1,2,1,5,Not at intersection,2,40,Local Road
T20230001867,2023/1/22,15:30:00,1,Collision with vehicle,0,Sunday,130,REAR END(VEHICLES IN SAME LANE),1,777776,2,0,0,2,2,4,1,5,Not at intersection,3,100,Local Road
T20230007155,2023/1/22,0:40:00,1,Collision with vehicle,0,Sunday,160,VEHICLE COLLIDES WITH VEHICLE PARKED ON LEFT OF ROAD,3,60706,2,0,0,1,0,1,1,1,Cross intersection,3,50,Arterial Other
T20230001664,2023/1/22,14:15:00,1,Collision with vehicle,1,Sunday,130,REAR END(VEHICLES IN SAME LANE),1,749570,2,0,1,0,3,4,1,2,T intersection,2,60,Arterial Other
T20230001658,2023/1/22,12:25:00,4,Collision with a fixed object,0,Sunday,171,LEFT OFF CARRIAGEWAY INTO OBJECT/PARKED VEHICLE,1,775125,1,0,0,1,0,1,1,5,Not at intersection,3,100,Arterial Highway
T20230001842,2023/1/22,3:00:00,4,Collision with a fixed object,1,Sunday,183,OFF LEFT BEND INTO OBJECT/PARKED VEHICLE,5,760451,1,0,0,1,0,1,1,5,Not at intersection,3,100,Arterial Highway
T20230001653,2023/1/22,11:30:00,1,Collision with vehicle,1,Sunday,110,CROSS TRAFFIC(INTERSECTIONS ONLY),1,55175,2,0,0,1,1,2,1,1,Cross intersection,3,60,Arterial Other
T20230001698,2023/1/22,21:55:00,1,Collision with vehicle,0,Sunday,121,RIGHT THROUGH,3,781939,2,0,0,2,1,3,1,2,T intersection,3,50,
T20230003711,2023/1/22,13:10:00,1,Collision with vehicle,0,Sunday,130,REAR END(VEHICLES IN SAME LANE),1,757535,3,0,0,1,2,3,2,2,T intersection,3,80,Arterial Other
T20230001660,2023/1/22,10:55:00,1,Collision with vehicle,1,Sunday,136,RIGHT TURN SIDESWIPE,1,65743,2,0,0,1,1,2,2,1,Cross intersection,3,40,Local Road
T20230001663,2023/1/22,12:10:00,1,Collision with vehicle,0,Sunday,130,REAR END(VEHICLES IN SAME LANE),1,749569,2,0,0,1,1,2,2,2,T intersection,3,50,Local Road
T20230001691,2023/1/22,16:31:00,4,Collision with a fixed object,1,Sunday,173,RIGHT OFF CARRIAGEWAY INTO OBJECT/PARKED VEHICLE,9,775547,1,0,0,1,0,1,2,5,Not at intersection,3,50,Local Road
T20230014289,2023/1/22,16:30:00,1,Collision with vehicle,0,Sunday,130,REAR END(VEHICLES IN SAME LANE),1,776148,2,0,0,1,1,2,2,5,Not at intersection,3,40,Freeway
T20230001787,2023/1/23,17:28:00,1,Collision with vehicle,2,Monday,147,VEHICLE STRIKES ANOTHER VEH WHILE EMERGING FROM DRIVEWAY,1,760413,2,0,1,0,3,4,1,5,Not at intersection,2,888,Local Road
T20230001783,2023/1/23,18:10:00,1,Collision with vehicle,2,Monday,130,REAR END(VEHICLES IN SAME LANE),1,749993,4,0,0,1,4,5,1,5,Not at intersection,3,70,Arterial Other
T20230004264,2023/1/23,8:00:00,1,Collision with vehicle,1,Monday,130,REAR END(VEHICLES IN SAME LANE),1,757039,2,0,0,1,1,2,2,5,Not at intersection,3,50,Arterial Other
T20230001782,2023/1/23,16:20:00,1,Collision with vehicle,1,Monday,130,REAR END(VEHICLES IN SAME LANE),1,758008,3,0,0,1,4,5,1,5,Not at intersection,3,60,Arterial Other
T20230001777,2023/1/23,18:26:00,1,Collision with vehicle,2,Monday,130,REAR END(VEHICLES IN SAME LANE),1,753161,2,0,0,1,1,2,2,5,Not at intersection,3,50,Local Road
T20230001776,2023/1/23,15:55:00,1,Collision with vehicle,2,Monday,113,RIGHT NEAR (INTERSECTIONS ONLY),1,43974,2,0,1,2,0,3,1,2,T intersection,2,80,Arterial Highway
T20230001773,2023/1/23,17:00:00,1,Collision with vehicle,2,Monday,160,VEHICLE COLLIDES WITH VEHICLE PARKED ON LEFT OF ROAD,1,749876,2,0,0,1,0,1,1,5,Not at intersection,3,50,Local Road
T20230001769,2023/1/23,16:40:00,1,Collision with vehicle,1,Monday,111,RIGHT FAR (INTERSECTIONS ONLY),1,777772,2,0,0,1,3,4,1,2,T intersection,3,80,Arterial Highway
T20230001768,2023/1/23,16:35:00,1,Collision with vehicle,1,Monday,130,REAR END(VEHICLES IN SAME LANE),1,775209,2,0,0,1,1,2,2,5,Not at intersection,3,80,Arterial Highway
T20230001765,2023/1/23,16:33:00,1,Collision with vehicle,2,Monday,147,VEHICLE STRIKES ANOTHER VEH WHILE EMERGING FROM DRIVEWAY,1,760407,2,0,0,1,1,2,1,5,Not at intersection,3,70,Arterial Other
T20230001763,2023/1/23,16:20:00,1,Collision with vehicle,2,Monday,121,RIGHT THROUGH,1,35314,3,0,1,0,2,3,1,3,Y intersection,2,80,Arterial Other
T20230001762,2023/1/23,14:15:00,2,Struck Pedestrian,1,Monday,100,PED NEAR SIDE. PED HIT BY VEHICLE FROM THE RIGHT.,1,41670,1,0,1,1,0,2,1,1,Cross intersection,2,70,Arterial Highway
T20230001759,2023/1/23,16:10:00,4,Collision with a fixed object,2,Monday,171,LEFT OFF CARRIAGEWAY INTO OBJECT/PARKED VEHICLE,1,749878,1,0,2,0,0,2,1,2,T intersection,2,60,Arterial Other
T20230010149,2023/1/23,13:00:00,5,collision with some other object,1,Monday,179,OTHER ACCIDENTS-OFF STRAIGHT NOT INCLUDED IN DCAs 170-175,1,771962,1,0,0,1,0,1,2,5,Not at intersection,3,50,Arterial Other
T20230001756,2023/1/23,15:13:00,4,Collision with a fixed object,1,Monday,199,UNKNOWN-NO DETAILS ON MANOEUVRES OF ROAD-USERS IN ACCIDENT,1,781287,1,0,0,1,0,1,1,5,Not at intersection,3,50,Local Road
T20230001746,2023/1/23,11:40:00,1,Collision with vehicle,1,Monday,113,RIGHT NEAR (INTERSECTIONS ONLY),1,43960,2,0,0,2,0,2,1,2,T intersection,3,100,Arterial Highway
T20230001742,2023/1/23,10:00:00,4,Collision with a fixed object,1,Monday,171,LEFT OFF CARRIAGEWAY INTO OBJECT/PARKED VEHICLE,1,777771,1,0,2,0,1,3,1,5,Not at intersection,2,50,Local Road
T20230001736,2023/1/23,10:00:00,1,Collision with vehicle,2,Monday,147,VEHICLE STRIKES ANOTHER VEH WHILE EMERGING FROM DRIVEWAY,1,749778,2,0,0,1,3,4,1,5,Not at intersection,3,50,Local Road
T20230005094,2023/1/23,7:21:00,1,Collision with vehicle,2,Monday,154,PULLING OUT -REAR END,1,760442,3,0,0,1,3,4,1,5,Not at intersection,3,60,Arterial Highway
T20230001734,2023/1/23,7:27:00,1,Collision with vehicle,1,Monday,121,RIGHT THROUGH,1,304268,2,0,0,1,1,2,1,2,T intersection,3,60,Freeway
T20230001729,2023/1/23,8:45:00,1,Collision with vehicle,1,Monday,160,VEHICLE COLLIDES WITH VEHICLE PARKED ON LEFT OF ROAD,2,780724,2,0,1,0,0,1,1,5,Not at intersection,2,50,Local Road
T20230001728,2023/1/23,3:00:00,6,Vehicle overturned (no collision),2,Monday,184,OUT OF CONTROL ON CARRIAGEWAY (ON BEND),9,758007,1,0,1,0,0,1,1,5,Not at intersection,2,60,Local Road
T20230003664,2023/1/23,15:30:00,1,Collision with vehicle,2,Monday,130,REAR END(VEHICLES IN SAME LANE),9,758016,2,0,0,1,1,2,2,5,Not at intersection,3,999,Arterial Other
T20230001726,2023/1/23,9:05:00,4,Collision with a fixed object,2,Monday,183,OFF LEFT BEND INTO OBJECT/PARKED VEHICLE,1,770841,1,0,1,0,0,1,1,5,Not at intersection,2,100,Arterial Other
T20230001725,2023/1/23,9:05:00,4,Collision with a fixed object,1,Monday,171,LEFT OFF CARRIAGEWAY INTO OBJECT/PARKED VEHICLE,1,758808,1,0,1,0,0,1,1,5,Not at intersection,2,888,Local Road
T20230002303,2023/1/23,20:22:00,1,Collision with vehicle,2,Monday,162,ACCIDENT OR BROKEN DOWN,2,777442,2,0,1,0,0,1,1,5,Not at intersection,2,100,Freeway
T20230002523,2023/1/23,17:38:00,1,Collision with vehicle,1,Monday,130,REAR END(VEHICLES IN SAME LANE),1,778051,2,0,0,1,1,2,2,5,Not at intersection,3,80,Arterial Highway
T20230002920,2023/1/23,18:45:00,1,Collision with vehicle,1,Monday,130,REAR END(VEHICLES IN SAME LANE),2,759494,2,0,0,1,1,2,2,5,Not at intersection,3,80,Arterial Highway
T20230002403,2023/1/23,16:25:00,1,Collision with vehicle,1,Monday,130,REAR END(VEHICLES IN SAME LANE),1,756280,3,0,0,1,4,5,2,5,Not at intersection,3,40,Arterial Other
T20230002905,2023/1/23,7:55:00,1,Collision with vehicle,1,Monday,111,RIGHT FAR (INTERSECTIONS ONLY),1,52661,2,0,0,2,0,2,1,1,Cross intersection,3,60,Local Road
T20230001704,2023/1/23,1:05:00,8,No collision and no object struck,1,Monday,174,OUT OF CONTROL ON CARRIAGEWAY (ON STRAIGHT),3,771427,1,0,1,0,0,1,1,5,Not at intersection,2,999,Local Road
T20230001706,2023/1/23,2:42:00,4,Collision with a fixed object,2,Monday,173,RIGHT OFF CARRIAGEWAY INTO OBJECT/PARKED VEHICLE,3,768037,1,0,1,0,1,2,1,5,Not at intersection,2,70,Arterial Highway
T20230001711,2023/1/23,6:16:00,1,Collision with vehicle,2,Monday,130,REAR END(VEHICLES IN SAME LANE),1,749990,2,0,0,1,1,2,1,5,Not at intersection,3,80,Arterial Other
T20230001714,2023/1/23,7:35:00,1,Collision with vehicle,2,Monday,110,CROSS TRAFFIC(INTERSECTIONS ONLY),1,57008,2,0,1,0,1,2,1,1,Cross intersection,2,60,Arterial Highway
T20230001719,2023/1/23,9:44:00,4,Collision with a fixed object,1,Monday,146,REVERSING INTO FIXED OBJECT/PARKED VEHICLE,1,751491,1,0,0,1,0,1,1,5,Not at intersection,3,50,Local Road
T20230001721,2023/1/23,10:03:00,1,Collision with vehicle,1,Monday,130,REAR END(VEHICLES IN SAME LANE),1,777770,2,0,0,1,1,2,1,1,Cross intersection,3,60,Arterial Other
T20230001722,2023/1/23,10:05:00,1,Collision with vehicle,2,Monday,110,CROSS TRAFFIC(INTERSECTIONS ONLY),1,43788,2,0,0,6,0,6,1,1,Cross intersection,3,60,Arterial Other
T20230001891,2023/1/23,22:38:00,1,Collision with vehicle,2,Monday,121,RIGHT THROUGH,3,335867,2,0,0,2,0,2,1,1,Cross intersection,3,60,Arterial Other
T20230001876,2023/1/23,15:30:00,1,Collision with vehicle,2,Monday,130,REAR END(VEHICLES IN SAME LANE),1,777450,2,0,0,2,0,2,1,5,Not at intersection,3,100,Freeway
T20230002965,2023/1/23,21:48:00,1,Collision with vehicle,1,Monday,119,OTHER ADJACENT (INTERSECTIONS ONLY),2,40862,2,0,0,1,1,2,1,1,Cross intersection,3,60,Arterial Other
T20230001864,2023/1/23,18:43:00,1,Collision with vehicle,2,Monday,133,LANE SIDE SWIPE (VEHICLES IN PARALLEL LANES),1,750194,2,0,0,2,1,3,1,5,Not at intersection,3,80,Arterial Other
T20230001841,2023/1/23,7:15:00,1,Collision with vehicle,2,Monday,110,CROSS TRAFFIC(INTERSECTIONS ONLY),1,35781,2,0,0,1,1,2,2,1,Cross intersection,3,40,Local Road
T20230001838,2023/1/23,11:46:00,1,Collision with vehicle,1,Monday,120,HEAD ON (NOT OVERTAKING),1,39962,2,0,1,1,1,3,2,2,T intersection,2,60,Local Road
T20230001834,2023/1/23,15:00:00,1,Collision with vehicle,1,Monday,130,REAR END(VEHICLES IN SAME LANE),1,777774,2,0,0,1,1,2,2,5,Not at intersection,3,70,Arterial Other
T20230001817,2023/1/23,14:55:00,1,Collision with vehicle,1,Monday,130,REAR END(VEHICLES IN SAME LANE),1,750192,2,0,0,1,1,2,1,5,Not at intersection,3,80,Arterial Other
T20230001797,2023/1/23,17:40:00,1,Collision with vehicle,1,Monday,130,REAR END(VEHICLES IN SAME LANE),1,778364,4,0,0,2,4,6,1,5,Not at intersection,3,60,Arterial Highway
T20230001796,2023/1/23,20:00:00,1,Collision with vehicle,1,Monday,120,HEAD ON (NOT OVERTAKING),2,782751,2,0,1,0,1,2,1,5,Not at intersection,2,50,
T20230001795,2023/1/23,19:55:00,1,Collision with vehicle,1,Monday,110,CROSS TRAFFIC(INTERSECTIONS ONLY),1,50106,2,0,0,1,1,2,1,1,Cross intersection,3,60,Local Road
T20230001790,2023/1/23,14:38:00,1,Collision with vehicle,1,Monday,111,RIGHT FAR (INTERSECTIONS ONLY),1,29816,2,0,0,1,2,3,1,1,Cross intersection,3,70,Arterial Other
T20230001789,2023/1/23,17:40:00,1,Collision with vehicle,2,Monday,130,REAR END(VEHICLES IN SAME LANE),1,792747,3,0,0,2,2,4,2,1,Cross intersection,3,70,Arterial Other
T20230001837,2023/1/24,12:35:00,2,Struck Pedestrian,3,Tuesday,100,PED NEAR SIDE. PED HIT BY VEHICLE FROM THE RIGHT.,1,759478,1,0,0,1,1,2,1,5,Not at intersection,3,60,Arterial Other
T20230003244,2023/1/24,14:10:00,1,Collision with vehicle,2,Tuesday,113,RIGHT NEAR (INTERSECTIONS ONLY),1,45124,2,0,0,1,1,2,9,2,T intersection,3,50,Arterial Highway
T20230002448,2023/1/24,14:52:00,1,Collision with vehicle,2,Tuesday,130,REAR END(VEHICLES IN SAME LANE),1,751614,2,0,0,1,1,2,1,5,Not at intersection,3,60,Arterial Highway
T20230004866,2023/1/24,7:30:00,8,No collision and no object struck,2,Tuesday,180,OFF CARRIAGEWAY ON RIGHT BEND,9,704663,1,0,0,1,0,1,2,5,Not at intersection,3,999,Arterial Other
T20230001972,2023/1/24,11:00:00,1,Collision with vehicle,3,Tuesday,115,RIGHT/LEFT FAR (INTERSECTIONS ONLY),1,777777,2,0,0,1,1,2,2,2,T intersection,3,50,Local Road
T20230001831,2023/1/24,10:22:00,6,Vehicle overturned (no collision),3,Tuesday,174,OUT OF CONTROL ON CARRIAGEWAY (ON STRAIGHT),1,750286,1,0,1,0,0,1,1,5,Not at intersection,2,60,Arterial Other
T20230001887,2023/1/24,18:53:00,4,Collision with a fixed object,3,Tuesday,183,OFF LEFT BEND INTO OBJECT/PARKED VEHICLE,1,759477,1,0,1,0,0,1,1,2,T intersection,2,50,Local Road
T20230001896,2023/1/24,20:05:00,8,No collision and no object struck,3,Tuesday,174,OUT OF CONTROL ON CARRIAGEWAY (ON STRAIGHT),1,763733,1,0,1,0,0,1,1,5,Not at intersection,2,50,
T20230001814,2023/1/24,5:45:00,1,Collision with vehicle,3,Tuesday,140,U TURN,2,38057,3,0,1,1,1,3,1,1,Cross intersection,2,60,Arterial Other
T20230002126,2023/1/24,13:10:00,8,No collision and no object struck,2,Tuesday,140,U TURN,1,757267,2,0,0,1,1,2,2,5,Not at intersection,3,40,Local Road
T20230002009,2023/1/24,16:30:00,1,Collision with vehicle,2,Tuesday,137,LEFT TURN SIDESWIPE,1,39097,2,0,0,1,1,2,2,2,T intersection,3,60,Arterial Other
T20230001897,2023/1/24,23:01:00,4,Collision with a fixed object,2,Tuesday,183,OFF LEFT BEND INTO OBJECT/PARKED VEHICLE,5,783728,1,0,0,1,0,1,1,5,Not at intersection,3,100,Local Road
T20230001940,2023/1/24,15:15:00,1,Collision with vehicle,3,Tuesday,110,CROSS TRAFFIC(INTERSECTIONS ONLY),1,52979,2,0,1,1,0,2,1,1,Cross intersection,2,80,Local Road
T20230001882,2023/1/24,18:30:00,2,Struck Pedestrian,2,Tuesday,101,PED EMERGES FROM IN FRONT OF PARKED OR STATIONARY VEHICLE,1,759482,1,0,0,1,1,2,1,5,Not at intersection,3,60,Arterial Other
T20230001881,2023/1/24,20:00:00,1,Collision with vehicle,3,Tuesday,110,CROSS TRAFFIC(INTERSECTIONS ONLY),2,363,2,0,1,0,1,2,1,1,Cross intersection,2,40,Local Road
T20230001880,2023/1/24,19:13:00,4,Collision with a fixed object,2,Tuesday,141,U TURN INTO FIXED OBJECT/PARKED VEHICLE,1,750732,1,0,0,1,0,1,1,1,Cross intersection,3,80,Arterial Other
T20230004779,2023/1/24,17:30:00,4,Collision with a fixed object,3,Tuesday,181,OFF RIGHT BEND INTO OBJECT/PARKED VEHICLE,1,770124,1,0,1,0,0,1,2,5,Not at intersection,2,888,Local Road
T20230001874,2023/1/24,17:45:00,1,Collision with vehicle,3,Tuesday,130,REAR END(VEHICLES IN SAME LANE),1,750096,2,0,1,0,1,2,1,5,Not at intersection,2,80,Freeway
T20230002060,2023/1/24,18:00:00,1,Collision with vehicle,3,Tuesday,121,RIGHT THROUGH,1,35976,2,0,1,0,1,2,2,1,Cross intersection,2,60,Arterial Other