ACCIDENT_NO,ACCIDENT_DATE,ACCIDENT_TIME,ACCIDENT_TYPE,ACCIDENT_TYPE_DESC,DAY_OF_WEEK,DAY_WEEK_DESC,DCA_CODE,DCA_DESC,LIGHT_CONDITION,NODE_ID,NO_OF_VEHICLES,NO_PERSONS_KILLED,NO_PERSONS_INJ_2,NO_PERSONS_INJ_3,NO_PERSONS_NOT_INJ,NO_PERSONS,POLICE_ATTEND,ROAD_GEOMETRY,ROAD_GEOMETRY_DESC,SEVERITY,SPEED_ZONE,RMA
T20230003656,2023/1/24,18:00:00,1,Collision with vehicle,3,Tuesday,139,OTHER SAME DIRECTION-MANOUEVRES NOT INCLUDED IN DCAs 130-137,1,754660,2,0,0,1,1,2,2,5,Not at intersection,3,60,Arterial Highway
T20230002496,2023/1/24,15:40:00,1,Collision with vehicle,3,Tuesday,137,LEFT TURN SIDESWIPE,1,41394,2,0,0,1,1,2,2,2,T intersection,3,80,Arterial Highway
T20230001873,2023/1/24,18:21:00,1,Collision with vehicle,2,Tuesday,110,CROSS TRAFFIC(INTERSECTIONS ONLY),1,288498,2,0,0,1,1,2,1,1,Cross intersection,3,50,Arterial Highway
T20230001824,2023/1/24,6:56:00,4,Collision with a fixed object,2,Tuesday,173,RIGHT OFF CARRIAGEWAY INTO OBJECT/PARKED VEHICLE,1,763585,1,0,0,1,0,1,1,5,Not at intersection,3,100,Arterial Other
T20230001862,2023/1/24,16:45:00,1,Collision with vehicle,3,Tuesday,148,VEHICLE OFF FOOTPATH STRIKES VEH ON CARRIAGEWAY,1,750095,2,0,1,0,1,2,1,1,Cross intersection,2,60,Local Road
T20230002936,2023/1/24,8:50:00,1,Collision with vehicle,3,Tuesday,130,REAR END(VEHICLES IN SAME LANE),1,752842,2,0,1,0,1,2,2,5,Not at intersection,2,60,Arterial Highway
T20230001857,2023/1/24,10:00:00,1,Collision with vehicle,3,Tuesday,130,REAR END(VEHICLES IN SAME LANE),1,753875,3,0,0,1,2,3,1,5,Not at intersection,3,60,Arterial Other
T20230001827,2023/1/24,7:30:00,4,Collision with a fixed object,2,Tuesday,183,OFF LEFT BEND INTO OBJECT/PARKED VEHICLE,1,750094,2,0,0,1,1,2,1,5,Not at intersection,3,60,Local Road
T20230006885,2023/1/24,6:05:00,1,Collision with vehicle,3,Tuesday,130,REAR END(VEHICLES IN SAME LANE),2,765533,2,0,0,1,1,2,2,5,Not at intersection,3,100,Freeway
T20230001847,2023/1/24,10:30:00,1,Collision with vehicle,2,Tuesday,113,RIGHT NEAR (INTERSECTIONS ONLY),1,54444,2,0,0,1,1,2,1,2,T intersection,3,60,Arterial Other
T20230001829,2023/1/24,8:40:00,2,Struck Pedestrian,2,Tuesday,102,FAR SIDE. PED HIT BY VEHICLE FROM THE LEFT,1,69230,1,0,0,1,1,2,2,2,T intersection,3,60,Arterial Other
T20230001892,2023/1/24,23:10:00,3,Struck animal,3,Tuesday,167,STRUCK ANIMAL,5,751605,1,0,0,1,0,1,1,5,Not at intersection,3,100,Arterial Other
T20230001906,2023/1/24,17:37:00,1,Collision with vehicle,2,Tuesday,130,REAR END(VEHICLES IN SAME LANE),1,759489,3,0,0,2,1,3,1,5,Not at intersection,3,80,Arterial Highway
T20230002266,2023/1/24,18:50:00,1,Collision with vehicle,2,Tuesday,130,REAR END(VEHICLES IN SAME LANE),1,786973,4,0,0,1,3,4,2,5,Not at intersection,3,60,Arterial Other
T20230002015,2023/1/24,14:50:00,1,Collision with vehicle,3,Tuesday,163,VEHICLE STRIKES DOOR OF PARKED/STATIONARY VEHICLE,1,750282,2,0,1,0,1,2,1,5,Not at intersection,2,50,Local Road
T20230002092,2023/1/24,12:00:00,2,Struck Pedestrian,3,Tuesday,100,PED NEAR SIDE. PED HIT BY VEHICLE FROM THE RIGHT.,9,759480,1,0,0,1,1,2,2,5,Not at intersection,3,999,Local Road
T20230002569,2023/1/24,17:36:00,1,Collision with vehicle,3,Tuesday,130,REAR END(VEHICLES IN SAME LANE),1,777779,2,0,0,1,1,2,2,5,Not at intersection,3,60,Arterial Highway
T20230004940,2023/1/24,8:30:00,1,Collision with vehicle,2,Tuesday,121,RIGHT THROUGH,1,32015,2,0,0,1,1,2,1,1,Cross intersection,3,80,Arterial Highway
T20230002595,2023/1/24,19:20:00,1,Collision with vehicle,3,Tuesday,130,REAR END(VEHICLES IN SAME LANE),2,779014,2,0,0,1,1,2,2,5,Not at intersection,3,80,Freeway
T20230003053,2023/1/24,22:00:00,4,Collision with a fixed object,3,Tuesday,181,OFF RIGHT BEND INTO OBJECT/PARKED VEHICLE,4,753389,1,0,1,0,0,1,1,5,Not at intersection,2,50,Local Road
T20230001885,2023/1/24,20:20:00,4,Collision with a fixed object,2,Tuesday,171,LEFT OFF CARRIAGEWAY INTO OBJECT/PARKED VEHICLE,1,764787,1,0,0,1,0,1,1,1,Cross intersection,3,40,Local Road
T20230001955,2023/1/25,14:38:00,1,Collision with vehicle,4,Wednesday,140,U TURN,1,750197,2,0,0,1,2,3,1,2,T intersection,3,40,Local Road
T20230001954,2023/1/25,14:20:00,1,Collision with vehicle,4,Wednesday,147,VEHICLE STRIKES ANOTHER VEH WHILE EMERGING FROM DRIVEWAY,1,759025,2,0,0,1,2,3,1,5,Not at intersection,3,40,Arterial Other
T20230001921,2023/1/25,8:28:00,2,Struck Pedestrian,4,Wednesday,100,PED NEAR SIDE. PED HIT BY VEHICLE FROM THE RIGHT.,1,35713,1,0,0,1,1,2,1,2,T intersection,3,40,Arterial Other
T20230002185,2023/1/25,15:55:00,1,Collision with vehicle,4,Wednesday,130,REAR END(VEHICLES IN SAME LANE),1,750737,3,0,1,1,1,3,2,2,T intersection,2,50,Local Road
T20230001980,2023/1/25,21:35:00,2,Struck Pedestrian,4,Wednesday,102,FAR SIDE. PED HIT BY VEHICLE FROM THE LEFT,3,750541,1,0,1,1,0,2,1,4,Multiple intersection,2,60,Arterial Other
T20230001953,2023/1/25,14:30:00,1,Collision with vehicle,3,Wednesday,113,RIGHT NEAR (INTERSECTIONS ONLY),1,37540,2,0,0,1,1,2,1,2,T intersection,3,60,Local Road
T20230002502,2023/1/25,17:00:00,1,Collision with vehicle,3,Wednesday,130,REAR END(VEHICLES IN SAME LANE),1,755940,2,0,0,2,0,2,2,1,Cross intersection,3,60,Arterial Highway
T20230001982,2023/1/25,16:30:00,2,Struck Pedestrian,3,Wednesday,102,FAR SIDE. PED HIT BY VEHICLE FROM THE LEFT,1,43764,1,0,0,1,1,2,2,1,Cross intersection,3,60,Local Road
T20230001983,2023/1/25,19:45:00,1,Collision with vehicle,3,Wednesday,132,RIGHT REAR.,3,782693,3,0,0,1,2,3,1,2,T intersection,3,60,Arterial Other
T20230001986,2023/1/25,21:34:00,6,Vehicle overturned (no collision),4,Wednesday,170,OFF CARRIAGEWAY TO LEFT,5,752598,1,0,1,0,0,1,1,5,Not at intersection,2,100,Arterial Other
T20230001987,2023/1/25,21:10:00,1,Collision with vehicle,4,Wednesday,130,REAR END(VEHICLES IN SAME LANE),4,50898,2,0,0,3,0,3,1,2,T intersection,3,50,Local Road
T20230001951,2023/1/25,13:45:00,4,Collision with a fixed object,4,Wednesday,183,OFF LEFT BEND INTO OBJECT/PARKED VEHICLE,1,756070,1,0,1,0,0,1,1,2,T intersection,2,80,Local Road
T20230001988,2023/1/25,22:20:00,4,Collision with a fixed object,4,Wednesday,171,LEFT OFF CARRIAGEWAY INTO OBJECT/PARKED VEHICLE,5,759227,1,0,1,0,0,1,1,2,T intersection,2,50,Local Road
T20230001990,2023/1/25,22:45:00,1,Collision with vehicle,3,Wednesday,136,RIGHT TURN SIDESWIPE,3,783730,2,0,0,1,1,2,1,2,T intersection,3,60,Local Road
T20230001946,2023/1/25,6:00:00,1,Collision with vehicle,4,Wednesday,111,RIGHT FAR (INTERSECTIONS ONLY),1,783533,2,0,0,1,1,2,1,2,T intersection,3,60,Local Road
T20230001991,2023/1/25,21:10:00,8,No collision and no object struck,4,Wednesday,179,OTHER ACCIDENTS-OFF STRAIGHT NOT INCLUDED IN DCAs 170-175,3,760931,1,0,1,0,0,1,1,5,Not at intersection,2,40,Local Road
T20230001994,2023/1/25,20:27:00,4,Collision with a fixed object,4,Wednesday,171,LEFT OFF CARRIAGEWAY INTO OBJECT/PARKED VEHICLE,2,760823,1,1,0,0,0,1,1,5,Not at intersection,1,100,Local Road
T20230002096,2023/1/25,21:40:00,1,Collision with vehicle,4,Wednesday,110,CROSS TRAFFIC(INTERSECTIONS ONLY),3,774273,2,0,0,1,1,2,2,1,Cross intersection,3,999,Local Road
T20230003521,2023/1/25,17:30:00,6,Vehicle overturned (no collision),3,Wednesday,180,OFF CARRIAGEWAY ON RIGHT BEND,1,783536,1,0,0,1,0,1,2,5,Not at intersection,3,999,Local Road
T20230001993,2023/1/25,23:44:00,1,Collision with vehicle,4,Wednesday,135,LANE CHANGE LEFT (NOT OVERTAKING),3,759228,2,0,0,1,1,2,1,5,Not at intersection,3,100,Freeway
T20230002011,2023/1/25,19:30:00,1,Collision with vehicle,3,Wednesday,130,REAR END(VEHICLES IN SAME LANE),2,750543,3,0,0,1,2,3,1,2,T intersection,3,80,Arterial Other
T20230001934,2023/1/25,12:00:00,1,Collision with vehicle,3,Wednesday,110,CROSS TRAFFIC(INTERSECTIONS ONLY),1,603064,2,0,0,1,3,4,1,1,Cross intersection,3,100,Arterial Other
T20230002170,2023/1/25,16:48:00,1,Collision with vehicle,3,Wednesday,130,REAR END(VEHICLES IN SAME LANE),1,778147,3,0,2,0,2,4,1,5,Not at intersection,2,100,Freeway
T20230002019,2023/1/25,16:45:00,1,Collision with vehicle,3,Wednesday,130,REAR END(VEHICLES IN SAME LANE),1,778132,3,0,0,1,2,3,1,5,Not at intersection,3,80,Freeway
T20230001904,2023/1/25,7:00:00,1,Collision with vehicle,4,Wednesday,110,CROSS TRAFFIC(INTERSECTIONS ONLY),1,22585,2,0,0,1,3,4,1,1,Cross intersection,3,80,Arterial Other
T20230001902,2023/1/25,5:42:00,1,Collision with vehicle,3,Wednesday,110,CROSS TRAFFIC(INTERSECTIONS ONLY),2,358801,2,0,1,0,1,2,1,1,Cross intersection,2,50,Arterial Other
T20230001947,2023/1/25,10:40:00,1,Collision with vehicle,3,Wednesday,120,HEAD ON (NOT OVERTAKING),1,780280,2,0,0,1,3,4,1,5,Not at intersection,3,70,Arterial Other
T20230001996,2023/1/25,21:49:00,1,Collision with vehicle,4,Wednesday,121,RIGHT THROUGH,3,350792,2,0,1,0,1,2,1,1,Cross intersection,2,60,Arterial Highway
T20230001898,2023/1/25,2:33:00,4,Collision with a fixed object,3,Wednesday,173,RIGHT OFF CARRIAGEWAY INTO OBJECT/PARKED VEHICLE,3,783534,1,0,0,1,0,1,1,5,Not at intersection,3,60,Arterial Other
T20230001942,2023/1/25,6:50:00,1,Collision with vehicle,4,Wednesday,110,CROSS TRAFFIC(INTERSECTIONS ONLY),1,50125,2,0,1,0,1,2,1,1,Cross intersection,2,60,Local Road
T20230001961,2023/1/25,17:25:00,3,Struck animal,3,Wednesday,167,STRUCK ANIMAL,1,752607,1,0,1,0,0,1,1,5,Not at intersection,2,80,Local Road
T20230001929,2023/1/25,12:01:00,2,Struck Pedestrian,3,Wednesday,100,PED NEAR SIDE. PED HIT BY VEHICLE FROM THE RIGHT.,1,756173,2,0,0,1,4,5,1,5,Not at intersection,3,40,Local Road
T20230002046,2023/1/25,22:30:00,1,Collision with vehicle,4,Wednesday,163,VEHICLE STRIKES DOOR OF PARKED/STATIONARY VEHICLE,3,758910,2,0,0,1,2,3,2,5,Not at intersection,3,60,Arterial Other
T20230001901,2023/1/25,5:11:00,1,Collision with vehicle,4,Wednesday,130,REAR END(VEHICLES IN SAME LANE),3,44917,2,0,1,2,3,6,1,5,Not at intersection,2,60,Arterial Other
T20230001928,2023/1/25,9:00:00,1,Collision with vehicle,4,Wednesday,136,RIGHT TURN SIDESWIPE,1,49230,2,0,0,1,1,2,1,1,Cross intersection,3,80,Local Road
T20230002041,2023/1/25,19:00:00,6,Vehicle overturned (no collision),4,Wednesday,170,OFF CARRIAGEWAY TO LEFT,1,760682,1,0,0,1,0,1,2,5,Not at intersection,3,50,Local Road
T20230001941,2023/1/25,9:18:00,2,Struck Pedestrian,3,Wednesday,108,PED STRUCK WALKING TO/FROM OR BOARDING/ALIGHTING VEHICLE.,1,758254,1,0,0,1,1,2,1,5,Not at intersection,3,50,Arterial Other
T20230001963,2023/1/25,14:23:00,1,Collision with vehicle,4,Wednesday,130,REAR END(VEHICLES IN SAME LANE),1,753574,2,0,1,0,1,2,1,5,Not at intersection,2,80,Arterial Highway
T20230001914,2023/1/25,8:10:00,1,Collision with vehicle,4,Wednesday,130,REAR END(VEHICLES IN SAME LANE),1,750196,2,0,0,1,1,2,1,5,Not at intersection,3,80,Arterial Other
T20230001917,2023/1/25,9:18:00,6,Vehicle overturned (no collision),4,Wednesday,172,OFF CARRIAGEWAY TO RIGHT,1,781279,1,0,0,6,0,6,1,5,Not at intersection,3,110,Freeway
T20230001918,2023/1/25,7:40:00,1,Collision with vehicle,4,Wednesday,130,REAR END(VEHICLES IN SAME LANE),1,750334,2,0,0,2,0,2,2,5,Not at intersection,3,60,Arterial Other
T20230002047,2023/1/25,17:30:00,1,Collision with vehicle,4,Wednesday,130,REAR END(VEHICLES IN SAME LANE),1,778133,2,0,0,1,1,2,2,2,T intersection,3,60,Local Road
T20230001926,2023/1/25,10:50:00,1,Collision with vehicle,4,Wednesday,130,REAR END(VEHICLES IN SAME LANE),1,754428,4,0,0,1,3,4,1,5,Not at intersection,3,60,Local Road
T20230001923,2023/1/25,12:05:00,2,Struck Pedestrian,4,Wednesday,100,PED NEAR SIDE. PED HIT BY VEHICLE FROM THE RIGHT.,1,478,1,0,0,1,1,2,1,4,Multiple intersection,3,60,Arterial Other
T20230001920,2023/1/25,11:31:00,2,Struck Pedestrian,3,Wednesday,100,PED NEAR SIDE. PED HIT BY VEHICLE FROM THE RIGHT.,1,45484,1,0,1,0,1,2,1,2,T intersection,2,60,Arterial Other
T20230001967,2023/1/25,16:53:00,8,No collision and no object struck,4,Wednesday,174,OUT OF CONTROL ON CARRIAGEWAY (ON STRAIGHT),1,270441,2,0,1,0,1,2,1,2,T intersection,2,60,Local Road
T20230001968,2023/1/25,18:15:00,1,Collision with vehicle,4,Wednesday,134,LANE CHANGE RIGHT (NOT OVERTAKING),1,751606,2,0,1,0,1,2,1,5,Not at intersection,2,70,Arterial Highway
T20230001969,2023/1/25,16:30:00,1,Collision with vehicle,4,Wednesday,130,REAR END(VEHICLES IN SAME LANE),1,750941,4,0,1,0,3,4,1,5,Not at intersection,2,80,Arterial Other
T20230001970,2023/1/25,16:17:00,2,Struck Pedestrian,3,Wednesday,100,PED NEAR SIDE. PED HIT BY VEHICLE FROM THE RIGHT.,1,41785,1,0,0,1,1,2,1,1,Cross intersection,3,50,Local Road
T20230001971,2023/1/25,18:48:00,8,No collision and no object struck,4,Wednesday,184,OUT OF CONTROL ON CARRIAGEWAY (ON BEND),1,750198,1,0,0,1,0,1,1,5,Not at intersection,3,80,Freeway
T20230001979,2023/1/25,19:00:00,8,No collision and no object struck,3,Wednesday,174,OUT OF CONTROL ON CARRIAGEWAY (ON STRAIGHT),1,759178,1,0,0,1,0,1,1,5,Not at intersection,3,50,Arterial Other
T20230001956,2023/1/25,10:49:00,4,Collision with a fixed object,3,Wednesday,173,RIGHT OFF CARRIAGEWAY INTO OBJECT/PARKED VEHICLE,1,760217,1,0,1,0,0,1,1,5,Not at intersection,2,80,Arterial Other
T20230001958,2023/1/25,14:42:00,1,Collision with vehicle,4,Wednesday,110,CROSS TRAFFIC(INTERSECTIONS ONLY),1,49287,2,0,0,1,1,2,1,1,Cross intersection,3,50,Local Road
T20230002031,2023/1/25,13:30:00,4,Collision with a fixed object,4,Wednesday,181,OFF RIGHT BEND INTO OBJECT/PARKED VEHICLE,1,759005,1,0,0,1,0,1,1,2,T intersection,3,100,Local Road
T20230002387,2023/1/25,10:30:00,1,Collision with vehicle,4,Wednesday,110,CROSS TRAFFIC(INTERSECTIONS ONLY),9,53362,2,0,0,1,1,2,2,1,Cross intersection,3,999,Local Road
T20230002104,2023/1/25,13:43:00,1,Collision with vehicle,3,Wednesday,130,REAR END(VEHICLES IN SAME LANE),1,774315,2,0,0,2,2,4,2,5,Not at intersection,3,999,Arterial Other
T20230002801,2023/1/25,15:25:00,1,Collision with vehicle,4,Wednesday,137,LEFT TURN SIDESWIPE,1,36320,2,0,0,1,1,2,2,1,Cross intersection,3,60,Arterial Other
T20230001909,2023/1/25,9:40:00,1,Collision with vehicle,4,Wednesday,130,REAR END(VEHICLES IN SAME LANE),1,32494,2,0,1,0,1,2,1,2,T intersection,2,70,Arterial Highway
T20230002360,2023/1/25,6:00:00,1,Collision with vehicle,3,Wednesday,110,CROSS TRAFFIC(INTERSECTIONS ONLY),2,44386,2,0,0,1,1,2,2,1,Cross intersection,3,999,Arterial Other
T20230002069,2023/1/26,20:50:00,1,Collision with vehicle,4,Thursday,121,RIGHT THROUGH,3,35451,2,0,0,2,1,3,1,1,Cross intersection,3,50,Arterial Other
T20230002048,2023/1/26,14:39:00,4,Collision with a fixed object,4,Thursday,171,LEFT OFF CARRIAGEWAY INTO OBJECT/PARKED VEHICLE,1,751607,1,0,0,1,0,1,1,5,Not at intersection,3,50,Local Road
T20230002042,2023/1/26,12:30:00,1,Collision with vehicle,5,Thursday,111,RIGHT FAR (INTERSECTIONS ONLY),1,323717,2,0,0,2,1,3,1,4,Multiple intersection,3,60,Freeway
T20230002212,2023/1/26,15:50:00,8,No collision and no object struck,4,Thursday,184,OUT OF CONTROL ON CARRIAGEWAY (ON BEND),1,751382,1,0,1,0,0,1,1,5,Not at intersection,2,80,Arterial Other
T20230002049,2023/1/26,13:18:00,4,Collision with a fixed object,4,Thursday,175,OFF END OF ROAD/T-INTERSECTION.,1,777040,1,0,1,0,0,1,1,2,T intersection,2,80,Arterial Other
T20230005501,2023/1/26,22:30:00,3,Struck animal,5,Thursday,167,STRUCK ANIMAL,5,786872,1,0,0,1,1,2,2,5,Not at intersection,3,999,Arterial Highway
T20230002052,2023/1/26,15:45:00,1,Collision with vehicle,5,Thursday,120,HEAD ON (NOT OVERTAKING),1,779372,2,0,1,1,0,2,1,5,Not at intersection,2,100,Local Road
T20230002037,2023/1/26,10:00:00,1,Collision with vehicle,4,Thursday,130,REAR END(VEHICLES IN SAME LANE),1,48002,2,0,0,1,1,2,1,2,T intersection,3,60,Arterial Other
T20230002040,2023/1/26,11:22:00,4,Collision with a fixed object,5,Thursday,181,OFF RIGHT BEND INTO OBJECT/PARKED VEHICLE,1,774026,1,0,1,1,0,2,1,5,Not at intersection,2,100,Local Road
T20230006114,2023/1/26,15:00:00,6,Vehicle overturned (no collision),4,Thursday,172,OFF CARRIAGEWAY TO RIGHT,1,760709,1,0,0,1,0,1,2,5,Not at intersection,3,888,Local Road
T20230002033,2023/1/26,2:30:00,6,Vehicle overturned (no collision),5,Thursday,172,OFF CARRIAGEWAY TO RIGHT,5,752071,1,1,0,0,0,1,1,5,Not at intersection,1,100,Local Road
T20230002022,2023/1/26,12:45:00,1,Collision with vehicle,5,Thursday,131,LEFT REAR,1,750336,2,0,0,1,1,2,2,2,T intersection,3,999,Local Road
T20230002029,2023/1/26,10:50:00,1,Collision with vehicle,4,Thursday,131,LEFT REAR,1,750733,5,0,1,0,7,8,1,1,Cross intersection,2,60,Arterial Other
T20230002028,2023/1/26,9:30:00,1,Collision with vehicle,5,Thursday,130,REAR END(VEHICLES IN SAME LANE),1,43915,2,0,0,1,1,2,2,1,Cross intersection,3,80,Arterial Other
T20230002071,2023/1/26,16:33:00,1,Collision with vehicle,4,Thursday,121,RIGHT THROUGH,1,708234,2,0,0,1,3,4,1,2,T intersection,3,60,Local Road
T20230002980,2023/1/26,12:30:00,4,Collision with a fixed object,5,Thursday,181,OFF RIGHT BEND INTO OBJECT/PARKED VEHICLE,1,757530,1,0,0,1,0,1,2,5,Not at intersection,3,30,Arterial Other
T20230002074,2023/1/26,19:30:00,1,Collision with vehicle,5,Thursday,173,RIGHT OFF CARRIAGEWAY INTO OBJECT/PARKED VEHICLE,1,762150,2,0,0,2,0,2,1,5,Not at intersection,3,50,
T20230002065,2023/1/26,16:05:00,4,Collision with a fixed object,4,Thursday,171,LEFT OFF CARRIAGEWAY INTO OBJECT/PARKED VEHICLE,1,763967,1,0,1,0,0,1,1,5,Not at intersection,2,50,Local Road
T20230002076,2023/1/26,14:28:00,1,Collision with vehicle,5,Thursday,121,RIGHT THROUGH,1,296274,2,0,0,2,0,2,1,2,T intersection,3,80,Arterial Other
T20230002008,2023/1/26,6:35:00,6,Vehicle overturned (no collision),5,Thursday,174,OUT OF CONTROL ON CARRIAGEWAY (ON STRAIGHT),1,751148,1,0,0,1,0,1,1,5,Not at intersection,3,100,Local Road
T20230002024,2023/1/26,10:28:00,1,Collision with vehicle,5,Thursday,130,REAR END(VEHICLES IN SAME LANE),1,774105,4,0,1,0,0,1,1,5,Not at intersection,2,60,Local Road
T20230002716,2023/1/26,15:30:00,8,No collision and no object struck,5,Thursday,174,OUT OF CONTROL ON CARRIAGEWAY (ON STRAIGHT),1,752730,1,0,0,1,0,1,2,5,Not at intersection,3,999,Local Road
T20230007709,2023/1/26,12:00:00,6,Vehicle overturned (no collision),4,Thursday,184,OUT OF CONTROL ON CARRIAGEWAY (ON BEND),1,764827,1,0,0,1,0,1,2,5,Not at intersection,3,100,Local Road
T20240001940,2023/1/26,11:00:00,1,Collision with vehicle,5,Thursday,130,REAR END(VEHICLES IN SAME LANE),1,795918,2,0,1,0,1,2,2,2,T intersection,2,40,Arterial Other
T20230004850,2023/1/26,10:41:00,7,Fall from or in moving vehicle,4,Thursday,190,FELL IN/FROM VEHICLE,1,786902,1,0,1,0,0,1,1,5,Not at intersection,2,50,Local Road
T20230002062,2023/1/26,15:25:00,1,Collision with vehicle,5,Thursday,134,LANE CHANGE RIGHT (NOT OVERTAKING),1,751845,2,0,0,1,1,2,2,5,Not at intersection,3,50,Local Road
T20230002697,2023/1/26,21:30:00,4,Collision with a fixed object,4,Thursday,173,RIGHT OFF CARRIAGEWAY INTO OBJECT/PARKED VEHICLE,9,752285,1,0,0,1,0,1,2,5,Not at intersection,3,80,Arterial Other
T20230004879,2023/1/26,9:32:00,1,Collision with vehicle,5,Thursday,111,RIGHT FAR (INTERSECTIONS ONLY),1,342491,2,0,1,1,0,2,1,4,Multiple intersection,2,60,Freeway
T20230002018,2023/1/26,10:15:00,1,Collision with vehicle,4,Thursday,160,VEHICLE COLLIDES WITH VEHICLE PARKED ON LEFT OF ROAD,1,758988,2,0,0,1,0,1,1,5,Not at intersection,3,60,Local Road
T20230003658,2023/1/26,1:30:00,3,Struck animal,4,Thursday,167,STRUCK ANIMAL,5,791198,1,0,1,0,0,1,2,5,Not at intersection,2,100,
T20230002408,2023/1/26,11:30:00,6,Vehicle overturned (no collision),4,Thursday,149,OTHER MANOEUVRING NOT INCLUDED IN DCAs 140-148,9,43979,1,0,0,1,0,1,2,2,T intersection,3,80,Arterial Highway
T20230002308,2023/1/26,19:00:00,6,Vehicle overturned (no collision),4,Thursday,174,OUT OF CONTROL ON CARRIAGEWAY (ON STRAIGHT),2,753163,1,0,1,0,2,3,2,5,Not at intersection,2,80,Local Road
T20230002023,2023/1/26,10:00:00,1,Collision with vehicle,5,Thursday,116,LEFT NEAR (INTERSECTIONS ONLY),1,758986,2,0,0,1,2,3,2,2,T intersection,3,80,Arterial Other
T20230002423,2023/1/26,11:30:00,6,Vehicle overturned (no collision),5,Thursday,180,OFF CARRIAGEWAY ON RIGHT BEND,1,751392,1,0,0,1,0,1,2,5,Not at intersection,3,30,Local Road
T20230002056,2023/1/26,16:20:00,1,Collision with vehicle,5,Thursday,120,HEAD ON (NOT OVERTAKING),1,751844,2,0,1,0,3,4,1,5,Not at intersection,2,60,Arterial Other
T20230002026,2023/1/26,9:38:00,4,Collision with a fixed object,5,Thursday,181,OFF RIGHT BEND INTO OBJECT/PARKED VEHICLE,1,761268,1,0,1,0,0,1,1,5,Not at intersection,2,100,Arterial Other
T20230003435,2023/1/27,7:50:00,1,Collision with vehicle,6,Friday,130,REAR END(VEHICLES IN SAME LANE),1,765295,2,0,0,1,1,2,2,1,Cross intersection,3,80,Local Road
T20230002087,2023/1/27,6:20:00,1,Collision with vehicle,6,Friday,110,CROSS TRAFFIC(INTERSECTIONS ONLY),2,332681,6,0,1,0,6,7,1,1,Cross intersection,2,80,Arterial Highway
T20230002207,2023/1/27,20:20:00,1,Collision with vehicle,5,Friday,152,PULLING OUT (OVERTAKING),2,778151,2,0,0,2,1,3,1,5,Not at intersection,3,100,Arterial Highway
T20230002088,2023/1/27,7:45:00,1,Collision with vehicle,5,Friday,130,REAR END(VEHICLES IN SAME LANE),1,750545,2,0,0,1,1,2,1,5,Not at intersection,3,80,Freeway
T20230002091,2023/1/27,8:35:00,8,No collision and no object struck,6,Friday,174,OUT OF CONTROL ON CARRIAGEWAY (ON STRAIGHT),1,754430,1,0,0,1,0,1,1,5,Not at intersection,3,80,Arterial Other
T20230003013,2023/1/27,9:56:00,1,Collision with vehicle,6,Friday,130,REAR END(VEHICLES IN SAME LANE),1,777755,2,0,0,1,1,2,2,5,Not at intersection,3,999,Arterial Other
T20230002237,2023/1/27,14:55:00,8,No collision and no object struck,6,Friday,180,OFF CARRIAGEWAY ON RIGHT BEND,1,753386,1,0,1,0,0,1,1,5,Not at intersection,2,80,Arterial Other
T20230002181,2023/1/27,12:40:00,6,Vehicle overturned (no collision),6,Friday,174,OUT OF CONTROL ON CARRIAGEWAY (ON STRAIGHT),1,786694,1,0,0,1,0,1,2,5,Not at intersection,3,40,Local Road
T20230002252,2023/1/27,18:40:00,1,Collision with vehicle,6,Friday,113,RIGHT NEAR (INTERSECTIONS ONLY),1,37723,2,0,0,1,2,3,1,2,T intersection,3,40,Arterial Other
T20230002315,2023/1/27,17:00:00,1,Collision with vehicle,6,Friday,120,HEAD ON (NOT OVERTAKING),1,752073,2,0,2,0,0,2,2,5,Not at intersection,2,100,Local Road
T20230003194,2023/1/27,10:15:00,6,Vehicle overturned (no collision),6,Friday,184,OUT OF CONTROL ON CARRIAGEWAY (ON BEND),1,753590,1,0,1,0,0,1,2,5,Not at intersection,2,80,Arterial Other
T20230002084,2023/1/27,5:56:00,4,Collision with a fixed object,5,Friday,151,OUT OF CONTROL (OVERTAKING),2,778146,1,0,0,1,0,1,1,5,Not at intersection,3,100,Freeway
T20230002099,2023/1/27,8:15:00,1,Collision with vehicle,6,Friday,113,RIGHT NEAR (INTERSECTIONS ONLY),1,299679,2,0,0,2,0,2,1,2,T intersection,3,100,Arterial Other
T20230002101,2023/1/27,8:09:00,1,Collision with vehicle,6,Friday,130,REAR END(VEHICLES IN SAME LANE),1,778134,2,0,1,0,1,2,1,5,Not at intersection,2,110,Freeway
T20230002103,2023/1/27,10:37:00,4,Collision with a fixed object,6,Friday,171,LEFT OFF CARRIAGEWAY INTO OBJECT/PARKED VEHICLE,1,758813,1,0,1,0,0,1,1,5,Not at intersection,2,60,Arterial Other
T20230002081,2023/1/27,2:58:00,4,Collision with a fixed object,6,Friday,171,LEFT OFF CARRIAGEWAY INTO OBJECT/PARKED VEHICLE,5,781613,1,0,1,0,0,1,1,5,Not at intersection,2,60,Local Road