ACCIDENT_NO,ACCIDENT_DATE,ACCIDENT_TIME,ACCIDENT_TYPE,ACCIDENT_TYPE_DESC,DAY_OF_WEEK,DAY_WEEK_DESC,DCA_CODE,DCA_DESC,LIGHT_CONDITION,NODE_ID,NO_OF_VEHICLES,NO_PERSONS_KILLED,NO_PERSONS_INJ_2,NO_PERSONS_INJ_3,NO_PERSONS_NOT_INJ,NO_PERSONS,POLICE_ATTEND,ROAD_GEOMETRY,ROAD_GEOMETRY_DESC,SEVERITY,SPEED_ZONE,RMA
T20230005527,2023/1/27,16:45:00,1,Collision with vehicle,5,Friday,130,REAR END(VEHICLES IN SAME LANE),1,775669,2,0,0,1,1,2,1,5,Not at intersection,3,60,Arterial Other
T20230002083,2023/1/27,5:57:00,1,Collision with vehicle,5,Friday,110,CROSS TRAFFIC(INTERSECTIONS ONLY),2,29905,2,0,1,0,2,3,1,1,Cross intersection,2,50,Local Road
T20230002116,2023/1/27,13:08:00,2,Struck Pedestrian,5,Friday,100,PED NEAR SIDE. PED HIT BY VEHICLE FROM THE RIGHT.,1,783572,1,0,0,1,1,2,1,5,Not at intersection,3,60,Arterial Highway
T20230002117,2023/1/27,12:25:00,1,Collision with vehicle,6,Friday,113,RIGHT NEAR (INTERSECTIONS ONLY),1,32368,2,0,0,1,2,3,1,2,T intersection,3,50,Arterial Other
T20230002118,2023/1/27,10:30:00,1,Collision with vehicle,5,Friday,130,REAR END(VEHICLES IN SAME LANE),1,778135,2,0,0,1,1,2,2,1,Cross intersection,3,80,Arterial Other
T20230002120,2023/1/27,7:46:00,1,Collision with vehicle,5,Friday,163,VEHICLE STRIKES DOOR OF PARKED/STATIONARY VEHICLE,1,729107,2,0,1,0,3,4,1,5,Not at intersection,2,40,Arterial Other
T20230002124,2023/1/27,12:15:00,4,Collision with a fixed object,6,Friday,173,RIGHT OFF CARRIAGEWAY INTO OBJECT/PARKED VEHICLE,1,750944,1,0,1,0,0,1,1,5,Not at intersection,2,60,Arterial Highway
T20230002125,2023/1/27,13:30:00,1,Collision with vehicle,6,Friday,160,VEHICLE COLLIDES WITH VEHICLE PARKED ON LEFT OF ROAD,1,750546,2,0,0,1,0,1,1,5,Not at intersection,3,50,Local Road
T20230002127,2023/1/27,14:55:00,1,Collision with vehicle,6,Friday,130,REAR END(VEHICLES IN SAME LANE),1,37803,2,0,1,0,2,3,1,1,Cross intersection,2,50,Arterial Other
T20230002129,2023/1/27,12:24:00,1,Collision with vehicle,6,Friday,113,RIGHT NEAR (INTERSECTIONS ONLY),1,758274,2,0,1,1,0,2,1,2,T intersection,2,60,Local Road
T20230002612,2023/1/27,14:30:00,1,Collision with vehicle,5,Friday,130,REAR END(VEHICLES IN SAME LANE),1,766769,3,0,0,1,2,3,1,5,Not at intersection,3,40,Arterial Highway
T20230002132,2023/1/27,14:12:00,1,Collision with vehicle,6,Friday,113,RIGHT NEAR (INTERSECTIONS ONLY),1,55504,2,0,1,0,1,2,1,4,Multiple intersection,2,80,Freeway
T20230002134,2023/1/27,13:13:00,4,Collision with a fixed object,5,Friday,181,OFF RIGHT BEND INTO OBJECT/PARKED VEHICLE,1,783571,2,0,0,1,3,4,1,5,Not at intersection,3,50,Local Road
T20230002136,2023/1/27,15:55:00,1,Collision with vehicle,5,Friday,121,RIGHT THROUGH,1,324500,3,0,0,1,4,5,1,2,T intersection,3,70,Local Road
T20230002106,2023/1/27,9:35:00,1,Collision with vehicle,5,Friday,113,RIGHT NEAR (INTERSECTIONS ONLY),1,42244,3,0,0,1,1,2,1,2,T intersection,3,60,Arterial Other
T20230002107,2023/1/27,10:32:00,4,Collision with a fixed object,6,Friday,173,RIGHT OFF CARRIAGEWAY INTO OBJECT/PARKED VEHICLE,1,775574,1,0,2,0,0,2,1,2,T intersection,2,50,Local Road
T20230002108,2023/1/27,10:30:00,1,Collision with vehicle,6,Friday,137,LEFT TURN SIDESWIPE,1,750942,2,0,1,0,1,2,1,5,Not at intersection,2,50,Local Road
T20230002111,2023/1/27,12:27:00,1,Collision with vehicle,6,Friday,121,RIGHT THROUGH,1,38420,2,0,1,0,2,3,1,2,T intersection,2,80,Arterial Highway
T20230002140,2023/1/27,17:31:00,2,Struck Pedestrian,6,Friday,101,PED EMERGES FROM IN FRONT OF PARKED OR STATIONARY VEHICLE,1,758908,1,0,1,0,1,2,1,5,Not at intersection,2,50,Arterial Other
T20230002141,2023/1/27,13:50:00,1,Collision with vehicle,5,Friday,140,U TURN,1,751151,2,0,0,1,3,4,1,5,Not at intersection,3,70,Arterial Other
T20230003687,2023/1/27,15:15:00,1,Collision with vehicle,6,Friday,130,REAR END(VEHICLES IN SAME LANE),1,658787,2,0,0,1,1,2,2,1,Cross intersection,3,50,Arterial Highway
T20230002479,2023/1/27,22:50:00,1,Collision with vehicle,6,Friday,150,HEAD ON(OVERTAKING),6,776034,2,0,1,0,2,3,2,1,Cross intersection,2,999,Local Road
T20230002368,2023/1/27,17:45:00,1,Collision with vehicle,6,Friday,116,LEFT NEAR (INTERSECTIONS ONLY),1,50473,2,0,0,1,1,2,1,1,Cross intersection,3,40,Arterial Other
T20230002302,2023/1/27,8:15:00,6,Vehicle overturned (no collision),5,Friday,170,OFF CARRIAGEWAY TO LEFT,1,783579,1,0,0,1,0,1,2,5,Not at intersection,3,100,Local Road
T20230002115,2023/1/27,8:19:00,1,Collision with vehicle,6,Friday,130,REAR END(VEHICLES IN SAME LANE),1,750445,2,1,0,1,0,2,1,5,Not at intersection,1,100,Arterial Other
T20230004739,2023/1/27,12:30:00,4,Collision with a fixed object,5,Friday,189,OTHER ACCIDENTS ON CURVE NOT INCLUDED IN DCAs 180-184,1,781203,1,0,0,1,0,1,2,5,Not at intersection,3,40,Arterial Highway
T20230002297,2023/1/27,11:00:00,8,No collision and no object struck,5,Friday,174,OUT OF CONTROL ON CARRIAGEWAY (ON STRAIGHT),1,47426,2,0,1,0,1,2,2,2,T intersection,2,50,Arterial Highway
T20230003741,2023/1/27,9:45:00,1,Collision with vehicle,5,Friday,130,REAR END(VEHICLES IN SAME LANE),1,778157,2,0,1,0,1,2,2,5,Not at intersection,2,60,Arterial Highway
T20230003762,2023/1/27,19:00:00,7,Fall from or in moving vehicle,6,Friday,190,FELL IN/FROM VEHICLE,9,757037,1,0,0,1,1,2,2,5,Not at intersection,3,999,Local Road
T20230002143,2023/1/27,13:43:00,1,Collision with vehicle,6,Friday,110,CROSS TRAFFIC(INTERSECTIONS ONLY),1,72764,2,0,0,2,0,2,1,1,Cross intersection,3,80,Arterial Highway
T20230002148,2023/1/27,14:30:00,1,Collision with vehicle,6,Friday,148,VEHICLE OFF FOOTPATH STRIKES VEH ON CARRIAGEWAY,1,13376,2,0,0,1,1,2,1,2,T intersection,3,999,Freeway
T20230002150,2023/1/27,14:30:00,2,Struck Pedestrian,5,Friday,102,FAR SIDE. PED HIT BY VEHICLE FROM THE LEFT,1,57854,1,0,0,1,1,2,2,1,Cross intersection,3,60,Arterial Other
T20230002152,2023/1/27,18:55:00,2,Struck Pedestrian,5,Friday,100,PED NEAR SIDE. PED HIT BY VEHICLE FROM THE RIGHT.,1,763460,1,0,0,1,1,2,2,2,T intersection,3,999,Local Road
T20230002153,2023/1/27,18:07:00,1,Collision with vehicle,5,Friday,110,CROSS TRAFFIC(INTERSECTIONS ONLY),1,42292,2,0,1,0,1,2,1,1,Cross intersection,2,60,Arterial Other
T20230002157,2023/1/27,20:30:00,1,Collision with vehicle,5,Friday,116,LEFT NEAR (INTERSECTIONS ONLY),1,781612,2,0,1,0,1,2,1,1,Cross intersection,2,80,Arterial Highway
T20230004506,2023/1/27,11:30:00,6,Vehicle overturned (no collision),5,Friday,180,OFF CARRIAGEWAY ON RIGHT BEND,1,764577,1,0,0,1,0,1,2,5,Not at intersection,3,70,Local Road
T20230002158,2023/1/27,14:15:00,1,Collision with vehicle,6,Friday,152,PULLING OUT (OVERTAKING),1,754890,3,0,1,1,3,5,1,2,T intersection,2,100,Arterial Other
T20230002162,2023/1/27,19:07:00,6,Vehicle overturned (no collision),6,Friday,174,OUT OF CONTROL ON CARRIAGEWAY (ON STRAIGHT),1,56000,2,0,1,0,1,2,2,2,T intersection,2,60,Local Road
T20230002165,2023/1/27,19:27:00,6,Vehicle overturned (no collision),6,Friday,174,OUT OF CONTROL ON CARRIAGEWAY (ON STRAIGHT),1,758171,1,0,1,1,0,2,1,5,Not at intersection,2,100,Arterial Other
T20230002166,2023/1/27,21:53:00,1,Collision with vehicle,5,Friday,110,CROSS TRAFFIC(INTERSECTIONS ONLY),2,38039,2,0,0,1,1,2,2,1,Cross intersection,3,60,Arterial Other
T20230002080,2023/1/27,0:30:00,1,Collision with vehicle,5,Friday,111,RIGHT FAR (INTERSECTIONS ONLY),5,750734,2,0,0,1,2,3,1,2,T intersection,3,40,Local Road
T20230002209,2023/1/28,13:54:00,6,Vehicle overturned (no collision),6,Saturday,174,OUT OF CONTROL ON CARRIAGEWAY (ON STRAIGHT),1,751153,1,0,0,1,0,1,1,5,Not at intersection,3,40,Arterial Other
T20230002232,2023/1/28,13:54:00,4,Collision with a fixed object,7,Saturday,181,OFF RIGHT BEND INTO OBJECT/PARKED VEHICLE,1,269000,1,0,0,1,0,1,1,5,Not at intersection,3,100,Arterial Other
T20230002480,2023/1/28,12:13:00,1,Collision with vehicle,7,Saturday,130,REAR END(VEHICLES IN SAME LANE),1,754068,2,0,0,1,1,2,1,5,Not at intersection,3,60,Arterial Other
T20230002204,2023/1/28,11:50:00,1,Collision with vehicle,7,Saturday,120,HEAD ON (NOT OVERTAKING),1,776564,2,0,1,0,1,2,1,5,Not at intersection,2,100,Arterial Other
T20230002184,2023/1/28,11:07:00,1,Collision with vehicle,7,Saturday,111,RIGHT FAR (INTERSECTIONS ONLY),1,750736,2,0,0,3,0,3,1,2,T intersection,3,80,Local Road
T20230002345,2023/1/28,18:00:00,1,Collision with vehicle,7,Saturday,130,REAR END(VEHICLES IN SAME LANE),1,777753,2,0,0,2,1,3,2,5,Not at intersection,3,70,Arterial Other
T20230002206,2023/1/28,10:12:00,4,Collision with a fixed object,7,Saturday,173,RIGHT OFF CARRIAGEWAY INTO OBJECT/PARKED VEHICLE,1,752410,3,1,3,3,0,7,1,5,Not at intersection,1,60,Local Road
T20230002186,2023/1/28,11:40:00,2,Struck Pedestrian,6,Saturday,100,PED NEAR SIDE. PED HIT BY VEHICLE FROM THE RIGHT.,1,753483,1,0,0,2,1,3,2,5,Not at intersection,3,50,Local Road
T20230002208,2023/1/28,15:45:00,1,Collision with vehicle,7,Saturday,130,REAR END(VEHICLES IN SAME LANE),1,755825,2,0,1,2,0,3,1,5,Not at intersection,2,50,Local Road
T20230002191,2023/1/28,8:50:00,1,Collision with vehicle,7,Saturday,120,HEAD ON (NOT OVERTAKING),1,778150,2,0,1,0,1,2,2,5,Not at intersection,2,999,Local Road
T20230008137,2023/1/28,16:30:00,7,Fall from or in moving vehicle,7,Saturday,190,FELL IN/FROM VEHICLE,9,766022,1,0,0,1,1,2,2,5,Not at intersection,3,999,Local Road
T20230002195,2023/1/28,12:30:00,2,Struck Pedestrian,7,Saturday,100,PED NEAR SIDE. PED HIT BY VEHICLE FROM THE RIGHT.,1,751152,1,0,1,0,4,5,1,5,Not at intersection,2,40,Arterial Highway
T20230002219,2023/1/28,16:24:00,4,Collision with a fixed object,7,Saturday,171,LEFT OFF CARRIAGEWAY INTO OBJECT/PARKED VEHICLE,1,762381,1,1,1,0,0,2,1,5,Not at intersection,1,100,Local Road
T20230002311,2023/1/28,17:30:00,2,Struck Pedestrian,6,Saturday,100,PED NEAR SIDE. PED HIT BY VEHICLE FROM THE RIGHT.,1,778137,1,0,1,1,1,3,1,1,Cross intersection,2,40,Local Road
T20230002200,2023/1/28,12:25:00,1,Collision with vehicle,7,Saturday,116,LEFT NEAR (INTERSECTIONS ONLY),1,751609,2,0,2,1,0,3,1,4,Multiple intersection,2,80,Arterial Other
T20230002174,2023/1/28,7:58:00,1,Collision with vehicle,6,Saturday,130,REAR END(VEHICLES IN SAME LANE),1,778149,5,0,0,1,4,5,1,5,Not at intersection,3,60,Arterial Other
T20230002203,2023/1/28,13:30:00,1,Collision with vehicle,7,Saturday,133,LANE SIDE SWIPE (VEHICLES IN PARALLEL LANES),1,750946,3,0,1,2,3,6,1,5,Not at intersection,2,60,Arterial Other
T20230002236,2023/1/28,11:55:00,1,Collision with vehicle,7,Saturday,113,RIGHT NEAR (INTERSECTIONS ONLY),1,52340,2,0,1,2,0,3,1,1,Cross intersection,2,100,Arterial Highway
T20230002274,2023/1/28,13:00:00,1,Collision with vehicle,7,Saturday,110,CROSS TRAFFIC(INTERSECTIONS ONLY),1,37395,2,0,1,0,1,2,2,1,Cross intersection,2,999,Local Road
T20230002194,2023/1/28,11:15:00,1,Collision with vehicle,7,Saturday,130,REAR END(VEHICLES IN SAME LANE),1,777359,2,0,0,2,3,5,1,5,Not at intersection,3,100,Arterial Other
T20230002179,2023/1/28,9:00:00,1,Collision with vehicle,7,Saturday,140,U TURN,1,932,2,0,1,0,1,2,1,2,T intersection,2,80,Arterial Highway
T20230004616,2023/1/28,5:40:00,3,Struck animal,6,Saturday,167,STRUCK ANIMAL,2,756836,1,0,0,1,2,3,2,5,Not at intersection,3,80,Local Road
T20230012020,2023/1/28,20:34:00,1,Collision with vehicle,7,Saturday,110,CROSS TRAFFIC(INTERSECTIONS ONLY),2,41167,2,0,0,1,1,2,1,1,Cross intersection,3,30,Local Road
T20230002223,2023/1/28,19:30:00,1,Collision with vehicle,7,Saturday,130,REAR END(VEHICLES IN SAME LANE),2,776241,4,0,2,1,4,7,1,5,Not at intersection,2,110,Freeway
T20230002221,2023/1/28,21:12:00,1,Collision with vehicle,6,Saturday,134,LANE CHANGE RIGHT (NOT OVERTAKING),2,732613,2,0,0,2,2,4,1,5,Not at intersection,3,80,Arterial Other
T20230004482,2023/1/28,14:00:00,1,Collision with vehicle,6,Saturday,111,RIGHT FAR (INTERSECTIONS ONLY),1,37888,2,0,0,1,1,2,1,2,T intersection,3,60,Arterial Other
T20230003544,2023/1/28,5:30:00,3,Struck animal,7,Saturday,167,STRUCK ANIMAL,5,754657,1,0,0,1,0,1,1,5,Not at intersection,3,60,Freeway
T20230003028,2023/1/28,11:23:00,1,Collision with vehicle,6,Saturday,163,VEHICLE STRIKES DOOR OF PARKED/STATIONARY VEHICLE,1,758159,2,0,0,1,1,2,2,5,Not at intersection,3,60,Arterial Highway
T20230002957,2023/1/28,14:15:00,1,Collision with vehicle,7,Saturday,130,REAR END(VEHICLES IN SAME LANE),1,778140,2,0,0,1,1,2,2,5,Not at intersection,3,60,Freeway
T20230002218,2023/1/28,18:37:00,2,Struck Pedestrian,6,Saturday,108,PED STRUCK WALKING TO/FROM OR BOARDING/ALIGHTING VEHICLE.,1,759322,1,0,0,1,1,2,1,5,Not at intersection,3,50,Local Road
T20230002216,2023/1/28,16:20:00,2,Struck Pedestrian,7,Saturday,100,PED NEAR SIDE. PED HIT BY VEHICLE FROM THE RIGHT.,1,760429,1,0,1,0,1,2,1,5,Not at intersection,2,50,Local Road
T20230002183,2023/1/28,10:50:00,1,Collision with vehicle,7,Saturday,113,RIGHT NEAR (INTERSECTIONS ONLY),1,278920,2,0,1,0,1,2,1,4,Multiple intersection,2,60,Local Road
T20230002215,2023/1/28,18:35:00,4,Collision with a fixed object,7,Saturday,175,OFF END OF ROAD/T-INTERSECTION.,1,753491,1,0,0,1,0,1,1,2,T intersection,3,60,Local Road
T20230002214,2023/1/28,18:00:00,1,Collision with vehicle,7,Saturday,147,VEHICLE STRIKES ANOTHER VEH WHILE EMERGING FROM DRIVEWAY,1,762245,2,0,2,4,1,7,1,5,Not at intersection,2,60,Arterial Other
T20230002213,2023/1/28,14:52:00,1,Collision with vehicle,6,Saturday,130,REAR END(VEHICLES IN SAME LANE),1,44386,3,0,0,1,2,3,1,1,Cross intersection,3,60,Arterial Other
T20230002265,2023/1/29,8:24:00,4,Collision with a fixed object,1,Sunday,183,OFF LEFT BEND INTO OBJECT/PARKED VEHICLE,1,756175,1,0,0,1,0,1,1,5,Not at intersection,3,100,Arterial Other
T20230002283,2023/1/29,22:08:00,4,Collision with a fixed object,1,Sunday,181,OFF RIGHT BEND INTO OBJECT/PARKED VEHICLE,3,751847,1,0,1,2,1,4,1,5,Not at intersection,2,50,Local Road
T20230002242,2023/1/29,8:50:00,1,Collision with vehicle,1,Sunday,111,RIGHT FAR (INTERSECTIONS ONLY),1,263109,2,0,0,2,1,3,1,2,T intersection,3,70,Arterial Highway
T20230002243,2023/1/29,9:06:00,4,Collision with a fixed object,1,Sunday,181,OFF RIGHT BEND INTO OBJECT/PARKED VEHICLE,1,751726,1,0,0,1,0,1,1,5,Not at intersection,3,80,Arterial Other
T20230002278,2023/1/29,19:53:00,1,Collision with vehicle,1,Sunday,139,OTHER SAME DIRECTION-MANOUEVRES NOT INCLUDED IN DCAs 130-137,1,752484,2,0,0,1,1,2,1,5,Not at intersection,3,60,Local Road
T20230002231,2023/1/29,1:20:00,3,Struck animal,0,Sunday,167,STRUCK ANIMAL,5,786937,1,0,1,0,0,1,1,5,Not at intersection,2,100,Arterial Other
T20230003261,2023/1/29,9:30:00,6,Vehicle overturned (no collision),1,Sunday,174,OUT OF CONTROL ON CARRIAGEWAY (ON STRAIGHT),1,754442,1,0,0,1,0,1,2,5,Not at intersection,3,70,Arterial Highway
T20230002275,2023/1/29,18:34:00,4,Collision with a fixed object,1,Sunday,171,LEFT OFF CARRIAGEWAY INTO OBJECT/PARKED VEHICLE,1,775404,1,0,1,0,0,1,2,5,Not at intersection,2,80,Local Road
T20230002260,2023/1/29,14:12:00,2,Struck Pedestrian,1,Sunday,100,PED NEAR SIDE. PED HIT BY VEHICLE FROM THE RIGHT.,1,765879,1,0,0,1,1,2,1,2,T intersection,3,50,Local Road
T20230002248,2023/1/29,10:38:00,4,Collision with a fixed object,1,Sunday,181,OFF RIGHT BEND INTO OBJECT/PARKED VEHICLE,1,751014,1,0,1,0,0,1,1,5,Not at intersection,2,40,Arterial Other
T20230002247,2023/1/29,9:27:00,1,Collision with vehicle,0,Sunday,110,CROSS TRAFFIC(INTERSECTIONS ONLY),1,48577,2,0,0,1,1,2,1,1,Cross intersection,3,50,Local Road
T20230002270,2023/1/29,16:05:00,1,Collision with vehicle,1,Sunday,116,LEFT NEAR (INTERSECTIONS ONLY),1,40287,2,0,1,0,1,2,1,2,T intersection,2,60,Arterial Other
T20230002273,2023/1/29,18:40:00,1,Collision with vehicle,0,Sunday,121,RIGHT THROUGH,1,10592,2,0,1,0,2,3,1,2,T intersection,2,80,Arterial Highway
T20230002310,2023/1/29,12:45:00,1,Collision with vehicle,1,Sunday,121,RIGHT THROUGH,1,780381,2,0,0,1,1,2,1,2,T intersection,3,100,Local Road
T20230002241,2023/1/29,7:20:00,1,Collision with vehicle,0,Sunday,130,REAR END(VEHICLES IN SAME LANE),1,752280,4,0,1,2,4,7,1,1,Cross intersection,2,80,Arterial Highway
T20230002230,2023/1/29,5:07:00,4,Collision with a fixed object,0,Sunday,151,OUT OF CONTROL (OVERTAKING),2,781295,1,0,0,1,0,1,1,5,Not at intersection,3,80,Arterial Other
T20230002606,2023/1/29,15:30:00,1,Collision with vehicle,0,Sunday,130,REAR END(VEHICLES IN SAME LANE),1,778139,2,0,1,0,1,2,2,2,T intersection,2,50,Arterial Highway
T20230003725,2023/1/29,10:40:00,4,Collision with a fixed object,1,Sunday,171,LEFT OFF CARRIAGEWAY INTO OBJECT/PARKED VEHICLE,1,278821,1,0,1,0,0,1,1,1,Cross intersection,2,60,Local Road
T20230002402,2023/1/29,11:10:00,1,Collision with vehicle,0,Sunday,110,CROSS TRAFFIC(INTERSECTIONS ONLY),1,45123,2,0,0,2,1,3,1,1,Cross intersection,3,80,Arterial Highway
T20230002258,2023/1/29,7:53:00,4,Collision with a fixed object,0,Sunday,173,RIGHT OFF CARRIAGEWAY INTO OBJECT/PARKED VEHICLE,1,775857,1,0,1,0,0,1,1,5,Not at intersection,2,100,Arterial Other
T20230002228,2023/1/29,3:50:00,1,Collision with vehicle,1,Sunday,173,RIGHT OFF CARRIAGEWAY INTO OBJECT/PARKED VEHICLE,3,756174,2,0,0,1,0,1,1,2,T intersection,3,60,Local Road
T20230002286,2023/1/29,22:03:00,1,Collision with vehicle,0,Sunday,120,HEAD ON (NOT OVERTAKING),3,778152,2,0,0,1,1,2,1,5,Not at intersection,3,60,Local Road
T20230002229,2023/1/29,5:05:00,1,Collision with vehicle,1,Sunday,110,CROSS TRAFFIC(INTERSECTIONS ONLY),2,778136,5,0,0,1,13,14,1,1,Cross intersection,3,40,Local Road
T20230002332,2023/1/30,11:00:00,1,Collision with vehicle,2,Monday,120,HEAD ON (NOT OVERTAKING),1,756176,2,1,0,1,0,2,1,5,Not at intersection,1,100,Arterial Highway
T20230002292,2023/1/30,5:37:00,4,Collision with a fixed object,1,Monday,173,RIGHT OFF CARRIAGEWAY INTO OBJECT/PARKED VEHICLE,2,782520,1,0,1,0,0,1,1,5,Not at intersection,2,80,Arterial Highway
T20230002294,2023/1/30,9:00:00,1,Collision with vehicle,1,Monday,113,RIGHT NEAR (INTERSECTIONS ONLY),1,751383,3,0,0,2,1,3,1,2,T intersection,3,80,Arterial Highway
T20230002299,2023/1/30,8:44:00,1,Collision with vehicle,2,Monday,137,LEFT TURN SIDESWIPE,1,41576,2,0,1,0,1,2,1,2,T intersection,2,60,Arterial Highway
T20230002319,2023/1/30,13:32:00,1,Collision with vehicle,1,Monday,130,REAR END(VEHICLES IN SAME LANE),1,751384,2,0,0,2,1,3,1,5,Not at intersection,3,40,Local Road
T20230002720,2023/1/30,15:00:00,1,Collision with vehicle,2,Monday,113,RIGHT NEAR (INTERSECTIONS ONLY),1,752084,2,0,0,1,1,2,2,2,T intersection,3,50,Arterial Highway
T20230002304,2023/1/30,12:00:00,8,No collision and no object struck,2,Monday,174,OUT OF CONTROL ON CARRIAGEWAY (ON STRAIGHT),1,741387,1,0,1,0,0,1,2,5,Not at intersection,2,80,Local Road
T20230002301,2023/1/30,11:00:00,1,Collision with vehicle,2,Monday,120,HEAD ON (NOT OVERTAKING),1,42454,2,0,1,0,1,2,1,1,Cross intersection,2,60,Arterial Other
T20230002350,2023/1/30,16:00:00,2,Struck Pedestrian,2,Monday,109,ANY MANOEUVRE INVOLVING PED NOT INCLUDED IN DCAs 100-108.,1,770123,1,0,1,0,1,2,1,5,Not at intersection,2,50,Local Road
T20230002314,2023/1/30,11:00:00,1,Collision with vehicle,2,Monday,160,VEHICLE COLLIDES WITH VEHICLE PARKED ON LEFT OF ROAD,1,752072,3,0,0,1,0,1,1,2,T intersection,3,50,Local Road
T20230002346,2023/1/30,17:55:00,1,Collision with vehicle,2,Monday,121,RIGHT THROUGH,1,39675,2,0,0,2,0,2,1,2,T intersection,3,60,Local Road
T20230003089,2023/1/30,8:25:00,2,Struck Pedestrian,2,Monday,102,FAR SIDE. PED HIT BY VEHICLE FROM THE LEFT,1,770925,1,0,0,1,1,2,2,5,Not at intersection,3,40,Local Road
T20230002338,2023/1/30,18:00:00,1,Collision with vehicle,2,Monday,116,LEFT NEAR (INTERSECTIONS ONLY),1,1172,2,0,1,0,1,2,1,1,Cross intersection,2,80,Arterial Other
T20230002337,2023/1/30,15:06:00,2,Struck Pedestrian,1,Monday,106,VEH STRIKES PED ON FOOTPATH/MEDIAN/TRAFFIC ISLAND.,1,783589,1,0,0,1,1,2,1,5,Not at intersection,3,50,Local Road
T20230002307,2023/1/30,8:10:00,1,Collision with vehicle,2,Monday,110,CROSS TRAFFIC(INTERSECTIONS ONLY),1,51751,2,1,0,1,0,2,1,1,Cross intersection,1,100,Arterial Other
T20230002336,2023/1/30,14:40:00,1,Collision with vehicle,2,Monday,116,LEFT NEAR (INTERSECTIONS ONLY),1,751157,2,0,0,1,4,5,1,2,T intersection,3,80,Arterial Highway
T20230002339,2023/1/30,17:25:00,1,Collision with vehicle,2,Monday,110,CROSS TRAFFIC(INTERSECTIONS ONLY),1,751848,2,0,0,1,1,2,1,1,Cross intersection,3,50,Local Road
T20230003014,2023/1/30,8:45:00,1,Collision with vehicle,1,Monday,113,RIGHT NEAR (INTERSECTIONS ONLY),1,63833,2,0,0,1,1,2,1,2,T intersection,3,60,Local Road
T20230002334,2023/1/30,16:50:00,1,Collision with vehicle,2,Monday,121,RIGHT THROUGH,1,356679,2,0,1,0,2,3,1,2,T intersection,2,50,Local Road
T20230002320,2023/1/30,14:10:00,1,Collision with vehicle,2,Monday,130,REAR END(VEHICLES IN SAME LANE),1,751723,3,0,1,0,2,3,1,5,Not at intersection,2,100,Freeway
T20230002363,2023/1/30,23:00:00,1,Collision with vehicle,2,Monday,110,CROSS TRAFFIC(INTERSECTIONS ONLY),3,773628,2,0,1,0,1,2,1,1,Cross intersection,2,60,Arterial Highway
T20230002321,2023/1/30,13:00:00,2,Struck Pedestrian,2,Monday,100,PED NEAR SIDE. PED HIT BY VEHICLE FROM THE RIGHT.,1,35684,1,0,1,0,1,2,1,1,Cross intersection,2,40,Local Road
T20230002331,2023/1/30,15:00:00,1,Collision with vehicle,2,Monday,122,LEFT THROUGH,1,778153,2,0,0,1,2,3,1,2,T intersection,3,50,Local Road
T20230002328,2023/1/30,13:30:00,6,Vehicle overturned (no collision),2,Monday,180,OFF CARRIAGEWAY ON RIGHT BEND,1,754768,1,0,1,0,0,1,1,5,Not at intersection,2,80,Arterial Other
T20230002326,2023/1/30,13:40:00,1,Collision with vehicle,2,Monday,130,REAR END(VEHICLES IN SAME LANE),1,594814,2,0,0,2,1,3,2,1,Cross intersection,3,80,Arterial Other
T20230002741,2023/1/30,18:30:00,8,No collision and no object struck,2,Monday,174,OUT OF CONTROL ON CARRIAGEWAY (ON STRAIGHT),1,752085,2,0,1,0,1,2,1,1,Cross intersection,2,50,Local Road
T20230004118,2023/1/30,16:35:00,1,Collision with vehicle,1,Monday,130,REAR END(VEHICLES IN SAME LANE),1,44349,2,0,0,1,1,2,2,1,Cross intersection,3,60,Local Road
T20230002335,2023/1/30,17:20:00,1,Collision with vehicle,1,Monday,130,REAR END(VEHICLES IN SAME LANE),1,751724,2,0,0,1,1,2,2,5,Not at intersection,3,999,Freeway
T20230002358,2023/1/30,20:50:00,2,Struck Pedestrian,2,Monday,100,PED NEAR SIDE. PED HIT BY VEHICLE FROM THE RIGHT.,3,751611,1,0,1,0,1,2,1,5,Not at intersection,2,50,Local Road
T20230002355,2023/1/30,18:15:00,1,Collision with vehicle,1,Monday,116,LEFT NEAR (INTERSECTIONS ONLY),1,29587,2,0,0,1,1,2,2,2,T intersection,3,60,Arterial Other
T20230002324,2023/1/30,12:31:00,1,Collision with vehicle,1,Monday,140,U TURN,1,753265,2,0,0,1,1,2,1,5,Not at intersection,3,50,Local Road
T20230005343,2023/1/30,11:30:00,1,Collision with vehicle,1,Monday,110,CROSS TRAFFIC(INTERSECTIONS ONLY),1,44593,2,0,0,3,2,5,2,1,Cross intersection,3,60,Arterial Other
T20230002351,2023/1/30,19:00:00,4,Collision with a fixed object,1,Monday,171,LEFT OFF CARRIAGEWAY INTO OBJECT/PARKED VEHICLE,1,751385,1,0,0,1,0,1,1,1,Cross intersection,3,60,Local Road
T20230002449,2023/1/30,8:45:00,4,Collision with a fixed object,2,Monday,173,RIGHT OFF CARRIAGEWAY INTO OBJECT/PARKED VEHICLE,1,63425,1,0,0,1,0,1,2,2,T intersection,3,70,Local Road