ACCIDENT_NO,ACCIDENT_DATE,ACCIDENT_TIME,ACCIDENT_TYPE,ACCIDENT_TYPE_DESC,DAY_OF_WEEK,DAY_WEEK_DESC,DCA_CODE,DCA_DESC,LIGHT_CONDITION,NODE_ID,NO_OF_VEHICLES,NO_PERSONS_KILLED,NO_PERSONS_INJ_2,NO_PERSONS_INJ_3,NO_PERSONS_NOT_INJ,NO_PERSONS,POLICE_ATTEND,ROAD_GEOMETRY,ROAD_GEOMETRY_DESC,SEVERITY,SPEED_ZONE,RMA
T20230003331,2023/1/30,16:50:00,1,Collision with vehicle,2,Monday,110,CROSS TRAFFIC(INTERSECTIONS ONLY),1,295048,2,0,0,1,1,2,1,1,Cross intersection,3,60,Arterial Highway
T20230002535,2023/1/30,16:00:00,1,Collision with vehicle,2,Monday,130,REAR END(VEHICLES IN SAME LANE),1,751718,2,0,0,1,1,2,2,5,Not at intersection,3,100,Freeway
T20230016447,2023/1/30,12:00:00,1,Collision with vehicle,2,Monday,131,LEFT REAR,1,777289,2,0,0,1,1,2,2,1,Cross intersection,3,999,Arterial Other
T20230002669,2023/1/30,0:07:00,3,Struck animal,1,Monday,167,STRUCK ANIMAL,5,778154,1,0,0,1,0,1,2,1,Cross intersection,3,999,Arterial Highway
T20230002718,2023/1/31,8:00:00,1,Collision with vehicle,2,Tuesday,110,CROSS TRAFFIC(INTERSECTIONS ONLY),1,50746,2,0,0,1,2,3,1,1,Cross intersection,3,100,Arterial Highway
T20230002714,2023/1/31,18:55:00,1,Collision with vehicle,2,Tuesday,130,REAR END(VEHICLES IN SAME LANE),1,778155,2,0,0,1,1,2,2,5,Not at intersection,3,60,Freeway
T20230002389,2023/1/31,10:06:00,1,Collision with vehicle,2,Tuesday,130,REAR END(VEHICLES IN SAME LANE),1,35641,2,0,0,1,1,2,1,1,Cross intersection,3,80,Arterial Other
T20230002393,2023/1/31,7:50:00,1,Collision with vehicle,3,Tuesday,121,RIGHT THROUGH,1,751389,2,0,0,1,1,2,1,2,T intersection,3,80,Arterial Other
T20230002394,2023/1/31,10:30:00,1,Collision with vehicle,3,Tuesday,130,REAR END(VEHICLES IN SAME LANE),1,757894,2,0,0,1,1,2,2,5,Not at intersection,3,80,Arterial Highway
T20230002397,2023/1/31,10:30:00,4,Collision with a fixed object,2,Tuesday,171,LEFT OFF CARRIAGEWAY INTO OBJECT/PARKED VEHICLE,1,782519,1,0,1,0,0,1,1,5,Not at intersection,2,100,Arterial Highway
T20230002398,2023/1/31,10:53:00,8,No collision and no object struck,3,Tuesday,174,OUT OF CONTROL ON CARRIAGEWAY (ON STRAIGHT),1,751708,1,0,0,1,0,1,1,1,Cross intersection,3,60,Arterial Other
T20230002401,2023/1/31,8:35:00,1,Collision with vehicle,3,Tuesday,130,REAR END(VEHICLES IN SAME LANE),1,69231,2,0,0,1,1,2,1,2,T intersection,3,70,Arterial Other
T20230002404,2023/1/31,6:15:00,1,Collision with vehicle,3,Tuesday,130,REAR END(VEHICLES IN SAME LANE),1,753575,2,0,0,1,1,2,2,5,Not at intersection,3,100,Freeway
T20230002405,2023/1/31,10:50:00,1,Collision with vehicle,3,Tuesday,116,LEFT NEAR (INTERSECTIONS ONLY),1,777366,2,0,1,0,1,2,1,2,T intersection,2,80,Local Road
T20230002902,2023/1/31,15:59:00,1,Collision with vehicle,3,Tuesday,121,RIGHT THROUGH,1,126,3,0,1,0,2,3,1,2,T intersection,2,50,Arterial Highway
T20230002406,2023/1/31,12:55:00,2,Struck Pedestrian,2,Tuesday,100,PED NEAR SIDE. PED HIT BY VEHICLE FROM THE RIGHT.,1,38754,1,0,0,1,1,2,1,2,T intersection,3,999,Local Road
T20230002410,2023/1/31,13:00:00,1,Collision with vehicle,3,Tuesday,169,OTHER ON PATH,1,753486,3,0,1,0,1,2,1,5,Not at intersection,2,50,Local Road
T20230002422,2023/1/31,12:00:00,1,Collision with vehicle,2,Tuesday,135,LANE CHANGE LEFT (NOT OVERTAKING),9,754652,2,0,0,1,1,2,2,5,Not at intersection,3,100,Freeway
T20230002425,2023/1/31,13:50:00,1,Collision with vehicle,3,Tuesday,129,OTHER OPPOSING MANOEUVRES NOT INCLUDED IN DCAs 120-125.,1,46274,2,0,0,1,1,2,1,2,T intersection,3,60,Arterial Highway
T20230002427,2023/1/31,16:25:00,1,Collision with vehicle,3,Tuesday,110,CROSS TRAFFIC(INTERSECTIONS ONLY),1,35449,2,0,1,0,1,2,1,1,Cross intersection,2,40,Arterial Highway
T20230002428,2023/1/31,14:05:00,1,Collision with vehicle,3,Tuesday,121,RIGHT THROUGH,1,751719,2,0,0,1,1,2,1,5,Not at intersection,3,60,Local Road
T20230002429,2023/1/31,13:24:00,6,Vehicle overturned (no collision),2,Tuesday,170,OFF CARRIAGEWAY TO LEFT,1,775511,1,0,0,1,0,1,1,5,Not at intersection,3,100,Local Road
T20230002431,2023/1/31,17:20:00,2,Struck Pedestrian,2,Tuesday,102,FAR SIDE. PED HIT BY VEHICLE FROM THE LEFT,1,778138,1,0,0,2,1,3,1,5,Not at intersection,3,40,Local Road
T20230002437,2023/1/31,16:40:00,4,Collision with a fixed object,2,Tuesday,173,RIGHT OFF CARRIAGEWAY INTO OBJECT/PARKED VEHICLE,1,769265,1,0,0,2,0,2,1,2,T intersection,3,60,Arterial Other
T20230002438,2023/1/31,16:45:00,1,Collision with vehicle,3,Tuesday,130,REAR END(VEHICLES IN SAME LANE),1,778457,2,0,0,1,1,2,1,5,Not at intersection,3,80,Arterial Highway
T20230002439,2023/1/31,15:55:00,1,Collision with vehicle,3,Tuesday,120,HEAD ON (NOT OVERTAKING),1,771825,2,0,1,1,0,2,1,5,Not at intersection,2,100,Arterial Other
T20230002441,2023/1/31,15:16:00,1,Collision with vehicle,3,Tuesday,152,PULLING OUT (OVERTAKING),1,751582,2,0,1,0,1,2,1,5,Not at intersection,2,60,Freeway
T20230002442,2023/1/31,18:17:00,1,Collision with vehicle,2,Tuesday,132,RIGHT REAR.,1,49305,3,0,2,0,2,4,1,1,Cross intersection,2,100,Arterial Other
T20230002443,2023/1/31,18:51:00,1,Collision with vehicle,3,Tuesday,148,VEHICLE OFF FOOTPATH STRIKES VEH ON CARRIAGEWAY,1,52861,2,0,0,1,1,2,1,1,Cross intersection,3,50,Arterial Other
T20230002447,2023/1/31,19:08:00,1,Collision with vehicle,2,Tuesday,110,CROSS TRAFFIC(INTERSECTIONS ONLY),2,52926,2,0,0,5,2,7,1,1,Cross intersection,3,50,Arterial Other
T20230002450,2023/1/31,19:20:00,1,Collision with vehicle,3,Tuesday,124,RIGHT/RIGHT BOTH VEHs FROM OPPOSITE DIRECTIONS TURNING RIGHT,1,36815,2,0,0,1,1,2,1,1,Cross intersection,3,60,Arterial Other
T20230002451,2023/1/31,17:00:00,1,Collision with vehicle,3,Tuesday,148,VEHICLE OFF FOOTPATH STRIKES VEH ON CARRIAGEWAY,1,752605,2,0,0,1,1,2,1,5,Not at intersection,3,80,Arterial Highway
T20230002452,2023/1/31,17:45:00,1,Collision with vehicle,3,Tuesday,113,RIGHT NEAR (INTERSECTIONS ONLY),1,228615,2,0,1,0,2,3,1,2,T intersection,2,50,Local Road
T20230002528,2023/1/31,5:40:00,3,Struck animal,3,Tuesday,167,STRUCK ANIMAL,2,751720,1,0,0,2,0,2,2,5,Not at intersection,3,100,Arterial Highway
T20230002453,2023/1/31,13:37:00,2,Struck Pedestrian,3,Tuesday,100,PED NEAR SIDE. PED HIT BY VEHICLE FROM THE RIGHT.,1,778382,1,0,2,0,1,3,1,5,Not at intersection,2,40,Local Road
T20230002517,2023/1/31,22:51:00,1,Collision with vehicle,3,Tuesday,121,RIGHT THROUGH,3,354743,3,0,1,0,2,3,1,1,Cross intersection,2,60,Arterial Highway
T20230002514,2023/1/31,8:30:00,8,No collision and no object struck,3,Tuesday,179,OTHER ACCIDENTS-OFF STRAIGHT NOT INCLUDED IN DCAs 170-175,1,752485,1,0,0,1,0,1,2,2,T intersection,3,50,Local Road
T20230002454,2023/1/31,19:15:00,1,Collision with vehicle,3,Tuesday,116,LEFT NEAR (INTERSECTIONS ONLY),1,754431,2,0,1,1,0,2,1,1,Cross intersection,2,60,Arterial Highway
T20230002455,2023/1/31,19:00:00,1,Collision with vehicle,2,Tuesday,160,VEHICLE COLLIDES WITH VEHICLE PARKED ON LEFT OF ROAD,2,768757,3,0,0,1,0,1,1,5,Not at intersection,3,50,Local Road
T20230002464,2023/1/31,16:48:00,1,Collision with vehicle,3,Tuesday,115,RIGHT/LEFT FAR (INTERSECTIONS ONLY),1,760015,2,0,1,0,2,3,1,2,T intersection,2,50,Local Road
T20230002465,2023/1/31,15:49:00,1,Collision with vehicle,3,Tuesday,132,RIGHT REAR.,1,762712,3,1,2,4,0,7,1,2,T intersection,1,100,Arterial Other
T20230002466,2023/1/31,5:36:00,1,Collision with vehicle,3,Tuesday,169,OTHER ON PATH,3,763948,2,0,0,1,0,1,1,5,Not at intersection,3,50,Local Road
T20230002469,2023/1/31,19:25:00,1,Collision with vehicle,3,Tuesday,111,RIGHT FAR (INTERSECTIONS ONLY),1,240715,2,0,0,2,2,4,1,2,T intersection,3,80,Arterial Other
T20230002470,2023/1/31,22:22:00,1,Collision with vehicle,2,Tuesday,121,RIGHT THROUGH,3,770921,2,0,0,1,2,3,1,1,Cross intersection,3,60,Local Road
T20230002472,2023/1/31,21:49:00,4,Collision with a fixed object,2,Tuesday,173,RIGHT OFF CARRIAGEWAY INTO OBJECT/PARKED VEHICLE,3,765292,1,0,0,1,0,1,1,5,Not at intersection,3,60,Arterial Other
T20230002646,2023/1/31,18:10:00,1,Collision with vehicle,3,Tuesday,111,RIGHT FAR (INTERSECTIONS ONLY),1,37242,2,0,0,1,1,2,2,1,Cross intersection,3,40,Arterial Other
T20230002754,2023/1/31,17:40:00,1,Collision with vehicle,3,Tuesday,116,LEFT NEAR (INTERSECTIONS ONLY),1,386,2,0,1,0,1,2,2,2,T intersection,2,60,Arterial Other
T20230003337,2023/1/31,14:30:00,1,Collision with vehicle,2,Tuesday,132,RIGHT REAR.,1,762715,2,0,0,1,1,2,2,5,Not at intersection,3,60,Local Road
T20230002629,2023/1/31,17:30:00,1,Collision with vehicle,3,Tuesday,130,REAR END(VEHICLES IN SAME LANE),1,752078,3,0,0,1,2,3,2,5,Not at intersection,3,80,Freeway
T20230002457,2023/1/31,19:35:00,1,Collision with vehicle,2,Tuesday,134,LANE CHANGE RIGHT (NOT OVERTAKING),2,351927,2,0,1,0,1,2,1,1,Cross intersection,2,70,Arterial Highway
T20230003406,2023/1/31,14:47:00,1,Collision with vehicle,2,Tuesday,137,LEFT TURN SIDESWIPE,1,43914,2,0,0,1,1,2,1,1,Cross intersection,3,50,Arterial Other
T20230005582,2023/1/31,8:00:00,1,Collision with vehicle,2,Tuesday,110,CROSS TRAFFIC(INTERSECTIONS ONLY),2,44166,2,0,0,1,1,2,1,1,Cross intersection,3,80,Arterial Other
T20230004922,2023/1/31,15:50:00,1,Collision with vehicle,2,Tuesday,116,LEFT NEAR (INTERSECTIONS ONLY),1,778158,2,0,0,1,1,2,1,2,T intersection,3,80,Local Road
T20230002369,2023/1/31,4:18:00,8,No collision and no object struck,2,Tuesday,174,OUT OF CONTROL ON CARRIAGEWAY (ON STRAIGHT),3,751612,1,0,0,1,0,1,1,5,Not at intersection,3,50,Local Road
T20230002375,2023/1/31,7:55:00,1,Collision with vehicle,3,Tuesday,130,REAR END(VEHICLES IN SAME LANE),1,30938,2,0,0,1,1,2,1,2,T intersection,3,60,Arterial Other
T20230002377,2023/1/31,8:37:00,1,Collision with vehicle,3,Tuesday,132,RIGHT REAR.,1,51675,2,0,0,4,0,4,1,2,T intersection,3,100,Arterial Highway
T20230004489,2023/1/31,16:00:00,2,Struck Pedestrian,3,Tuesday,108,PED STRUCK WALKING TO/FROM OR BOARDING/ALIGHTING VEHICLE.,9,781271,1,0,0,1,1,2,2,5,Not at intersection,3,999,Local Road
T20230002381,2023/1/31,10:20:00,2,Struck Pedestrian,3,Tuesday,101,PED EMERGES FROM IN FRONT OF PARKED OR STATIONARY VEHICLE,1,751386,1,0,1,0,1,2,1,5,Not at intersection,2,40,Arterial Other
T20230002383,2023/1/31,8:34:00,6,Vehicle overturned (no collision),3,Tuesday,174,OUT OF CONTROL ON CARRIAGEWAY (ON STRAIGHT),1,751387,1,0,0,1,0,1,1,2,T intersection,3,40,Arterial Other
T20230002384,2023/1/31,10:30:00,1,Collision with vehicle,2,Tuesday,130,REAR END(VEHICLES IN SAME LANE),1,786942,2,0,0,1,1,2,1,5,Not at intersection,3,999,Arterial Highway
T20230002385,2023/1/31,8:10:00,4,Collision with a fixed object,3,Tuesday,183,OFF LEFT BEND INTO OBJECT/PARKED VEHICLE,1,754326,1,1,0,0,0,1,1,5,Not at intersection,1,60,Local Road
T20230003248,2023/1/31,18:38:00,1,Collision with vehicle,2,Tuesday,110,CROSS TRAFFIC(INTERSECTIONS ONLY),1,60768,3,0,0,1,3,4,1,1,Cross intersection,3,60,Arterial Other
T20230002725,2023/1/31,8:30:00,1,Collision with vehicle,3,Tuesday,130,REAR END(VEHICLES IN SAME LANE),1,752611,3,0,0,1,2,3,1,5,Not at intersection,3,40,Arterial Other
T20230002721,2023/1/31,5:55:00,1,Collision with vehicle,3,Tuesday,111,RIGHT FAR (INTERSECTIONS ONLY),2,42111,2,0,0,1,1,2,2,2,T intersection,3,999,Arterial Other
T20230003436,2023/2/1,10:15:00,1,Collision with vehicle,3,Wednesday,110,CROSS TRAFFIC(INTERSECTIONS ONLY),9,52938,2,0,0,2,2,4,2,4,Multiple intersection,3,40,Arterial Other
T20230002499,2023/2/1,8:55:00,1,Collision with vehicle,3,Wednesday,111,RIGHT FAR (INTERSECTIONS ONLY),2,39919,2,0,0,1,1,2,2,1,Cross intersection,3,50,Local Road
T20230002750,2023/2/1,12:40:00,1,Collision with vehicle,3,Wednesday,112,LEFT FAR (INTERSECTIONS ONLY),1,44362,2,0,0,1,1,2,2,4,Multiple intersection,3,999,Arterial Other
T20230002500,2023/2/1,11:18:00,1,Collision with vehicle,4,Wednesday,160,VEHICLE COLLIDES WITH VEHICLE PARKED ON LEFT OF ROAD,1,751584,2,0,0,1,0,1,1,5,Not at intersection,3,70,Arterial Other
T20230002516,2023/2/1,13:26:00,4,Collision with a fixed object,3,Wednesday,179,OTHER ACCIDENTS-OFF STRAIGHT NOT INCLUDED IN DCAs 170-175,1,782518,1,0,1,0,0,1,1,5,Not at intersection,2,50,Local Road
T20230003450,2023/2/1,12:30:00,8,No collision and no object struck,4,Wednesday,174,OUT OF CONTROL ON CARRIAGEWAY (ON STRAIGHT),1,29550,1,0,0,1,0,1,2,1,Cross intersection,3,60,Arterial Other
T20230002504,2023/2/1,11:05:00,1,Collision with vehicle,4,Wednesday,113,RIGHT NEAR (INTERSECTIONS ONLY),1,751709,2,0,1,2,0,3,1,2,T intersection,2,80,Arterial Other
T20230002573,2023/2/1,22:51:00,4,Collision with a fixed object,3,Wednesday,171,LEFT OFF CARRIAGEWAY INTO OBJECT/PARKED VEHICLE,3,228138,1,0,1,0,0,1,1,2,T intersection,2,80,Arterial Other
T20230002542,2023/2/1,16:50:00,1,Collision with vehicle,4,Wednesday,140,U TURN,1,754432,2,0,0,1,3,4,1,1,Cross intersection,3,100,Arterial Other
T20230006740,2023/2/1,17:20:00,1,Collision with vehicle,4,Wednesday,121,RIGHT THROUGH,1,277716,2,0,0,1,1,2,2,2,T intersection,3,50,Local Road
T20230004305,2023/2/1,8:18:00,1,Collision with vehicle,4,Wednesday,147,VEHICLE STRIKES ANOTHER VEH WHILE EMERGING FROM DRIVEWAY,1,756190,2,0,0,1,1,2,1,5,Not at intersection,3,60,Arterial Other
T20230006209,2023/2/1,6:47:00,1,Collision with vehicle,3,Wednesday,116,LEFT NEAR (INTERSECTIONS ONLY),2,45616,2,0,0,1,1,2,2,1,Cross intersection,3,999,Arterial Other
T20230005288,2023/2/1,21:55:00,1,Collision with vehicle,3,Wednesday,130,REAR END(VEHICLES IN SAME LANE),3,768498,2,0,0,2,1,3,1,2,T intersection,3,70,Arterial Other
T20230002520,2023/2/1,12:00:00,1,Collision with vehicle,4,Wednesday,121,RIGHT THROUGH,1,43129,2,0,0,1,4,5,1,1,Cross intersection,3,50,Local Road
T20230003438,2023/2/1,7:50:00,1,Collision with vehicle,3,Wednesday,130,REAR END(VEHICLES IN SAME LANE),1,754445,3,0,0,1,2,3,2,5,Not at intersection,3,40,Arterial Other
T20230002581,2023/2/1,14:00:00,4,Collision with a fixed object,4,Wednesday,173,RIGHT OFF CARRIAGEWAY INTO OBJECT/PARKED VEHICLE,1,798959,1,0,0,1,0,1,1,5,Not at intersection,3,60,Arterial Other
T20230002583,2023/2/1,16:30:00,8,No collision and no object struck,4,Wednesday,174,OUT OF CONTROL ON CARRIAGEWAY (ON STRAIGHT),1,341778,2,0,0,1,1,2,2,1,Cross intersection,3,40,Local Road
T20230002546,2023/2/1,18:31:00,1,Collision with vehicle,4,Wednesday,160,VEHICLE COLLIDES WITH VEHICLE PARKED ON LEFT OF ROAD,1,754201,2,0,0,1,0,1,1,5,Not at intersection,3,50,Local Road
T20230002554,2023/2/1,17:25:00,1,Collision with vehicle,3,Wednesday,113,RIGHT NEAR (INTERSECTIONS ONLY),1,752604,2,0,0,1,2,3,1,2,T intersection,3,60,Arterial Other
T20230004132,2023/2/1,5:40:00,1,Collision with vehicle,3,Wednesday,130,REAR END(VEHICLES IN SAME LANE),2,755955,2,0,0,1,1,2,1,5,Not at intersection,3,100,Freeway
T20230002525,2023/2/1,13:30:00,1,Collision with vehicle,4,Wednesday,110,CROSS TRAFFIC(INTERSECTIONS ONLY),1,234609,2,0,1,3,0,4,1,1,Cross intersection,2,80,Arterial Highway
T20230003345,2023/2/1,18:35:00,1,Collision with vehicle,4,Wednesday,134,LANE CHANGE RIGHT (NOT OVERTAKING),1,252874,2,0,0,2,1,3,2,2,T intersection,3,80,Arterial Highway
T20230003497,2023/2/1,1:20:00,6,Vehicle overturned (no collision),4,Wednesday,184,OUT OF CONTROL ON CARRIAGEWAY (ON BEND),9,48857,1,0,0,1,0,1,2,2,T intersection,3,999,Arterial Other
T20230002527,2023/2/1,11:40:00,1,Collision with vehicle,3,Wednesday,113,RIGHT NEAR (INTERSECTIONS ONLY),1,756624,2,0,0,1,1,2,1,2,T intersection,3,40,Arterial Other
T20230006267,2023/2/1,14:30:00,6,Vehicle overturned (no collision),3,Wednesday,170,OFF CARRIAGEWAY TO LEFT,1,761895,1,0,0,1,0,1,1,5,Not at intersection,3,80,Arterial Highway
T20230002550,2023/2/1,17:04:00,1,Collision with vehicle,4,Wednesday,130,REAR END(VEHICLES IN SAME LANE),1,751850,2,0,0,1,1,2,1,5,Not at intersection,3,100,Freeway
T20230002478,2023/2/1,0:11:00,1,Collision with vehicle,3,Wednesday,171,LEFT OFF CARRIAGEWAY INTO OBJECT/PARKED VEHICLE,3,752179,2,0,0,1,0,1,1,2,T intersection,3,60,Arterial Other
T20230002476,2023/2/1,3:50:00,4,Collision with a fixed object,3,Wednesday,171,LEFT OFF CARRIAGEWAY INTO OBJECT/PARKED VEHICLE,3,783603,1,0,0,1,0,1,1,5,Not at intersection,3,60,Arterial Other
T20230003168,2023/2/1,10:45:00,1,Collision with vehicle,4,Wednesday,130,REAR END(VEHICLES IN SAME LANE),1,46519,2,0,0,1,1,2,2,2,T intersection,3,40,Arterial Other
T20230002582,2023/2/1,21:00:00,4,Collision with a fixed object,3,Wednesday,171,LEFT OFF CARRIAGEWAY INTO OBJECT/PARKED VEHICLE,5,783634,1,0,0,1,0,1,1,5,Not at intersection,3,100,Local Road
T20230002568,2023/2/1,21:25:00,1,Collision with vehicle,3,Wednesday,130,REAR END(VEHICLES IN SAME LANE),3,842,2,0,0,1,1,2,1,1,Cross intersection,3,80,Arterial Highway
T20230002529,2023/2/1,12:20:00,6,Vehicle overturned (no collision),4,Wednesday,174,OUT OF CONTROL ON CARRIAGEWAY (ON STRAIGHT),1,751716,1,0,0,1,0,1,1,5,Not at intersection,3,40,Arterial Other
T20230003254,2023/2/1,5:59:00,1,Collision with vehicle,3,Wednesday,139,OTHER SAME DIRECTION-MANOUEVRES NOT INCLUDED IN DCAs 130-137,1,757888,4,0,1,0,3,4,1,5,Not at intersection,2,100,Freeway
T20230003993,2023/2/1,9:00:00,1,Collision with vehicle,4,Wednesday,130,REAR END(VEHICLES IN SAME LANE),9,777752,2,0,0,1,1,2,1,1,Cross intersection,3,80,Arterial Other
T20230002532,2023/2/1,15:08:00,1,Collision with vehicle,4,Wednesday,121,RIGHT THROUGH,1,751710,2,0,1,0,2,3,1,5,Not at intersection,2,80,Arterial Highway
T20230002552,2023/2/1,14:45:00,1,Collision with vehicle,4,Wednesday,137,LEFT TURN SIDESWIPE,1,54068,2,0,0,1,1,2,1,2,T intersection,3,80,Arterial Highway
T20230002536,2023/2/1,16:15:00,1,Collision with vehicle,4,Wednesday,120,HEAD ON (NOT OVERTAKING),1,751712,3,0,1,0,2,3,1,5,Not at intersection,2,80,Local Road
T20230002537,2023/2/1,16:50:00,1,Collision with vehicle,4,Wednesday,113,RIGHT NEAR (INTERSECTIONS ONLY),1,17685,2,0,0,1,2,3,1,1,Cross intersection,3,100,Arterial Highway
T20230003015,2023/2/1,10:00:00,1,Collision with vehicle,4,Wednesday,123,RIGHT/LEFT. ONE VEH TURNING RIGHT THE OTHER LEFT.,9,65479,2,0,0,1,1,2,2,2,T intersection,3,999,Local Road
T20230002571,2023/2/1,21:13:00,1,Collision with vehicle,4,Wednesday,153,CUTTING IN (OVERTAKING),3,796987,2,0,0,1,3,4,1,5,Not at intersection,3,40,Arterial Other
T20230007332,2023/2/1,9:46:00,1,Collision with vehicle,3,Wednesday,139,OTHER SAME DIRECTION-MANOUEVRES NOT INCLUDED IN DCAs 130-137,1,777560,3,0,0,1,3,4,1,5,Not at intersection,3,100,Freeway
T20230002538,2023/2/1,16:22:00,4,Collision with a fixed object,4,Wednesday,171,LEFT OFF CARRIAGEWAY INTO OBJECT/PARKED VEHICLE,1,752805,1,0,1,2,0,3,1,5,Not at intersection,2,50,Local Road
T20230002605,2023/2/1,15:00:00,1,Collision with vehicle,3,Wednesday,147,VEHICLE STRIKES ANOTHER VEH WHILE EMERGING FROM DRIVEWAY,9,752487,2,0,0,1,2,3,2,5,Not at intersection,3,999,Local Road
T20230019606,2023/2/1,14:13:00,4,Collision with a fixed object,3,Wednesday,164,PERMANENT OBSTRUCTION ON CARRIAGEWAY,1,779533,1,0,0,1,0,1,2,5,Not at intersection,3,60,Arterial Other
T20230002565,2023/2/1,16:37:00,1,Collision with vehicle,4,Wednesday,120,HEAD ON (NOT OVERTAKING),1,755941,3,0,1,1,2,4,1,5,Not at intersection,2,40,Local Road
T20230002559,2023/2/1,14:45:00,1,Collision with vehicle,4,Wednesday,148,VEHICLE OFF FOOTPATH STRIKES VEH ON CARRIAGEWAY,1,752602,2,0,0,1,1,2,1,5,Not at intersection,3,60,Arterial Other
T20230002511,2023/2/1,11:57:00,1,Collision with vehicle,4,Wednesday,130,REAR END(VEHICLES IN SAME LANE),1,752075,2,0,0,1,2,3,1,5,Not at intersection,3,70,Arterial Other
T20230002563,2023/2/1,19:30:00,1,Collision with vehicle,4,Wednesday,130,REAR END(VEHICLES IN SAME LANE),2,752282,2,0,0,1,2,3,2,2,T intersection,3,60,Arterial Other
T20230002510,2023/2/1,12:10:00,1,Collision with vehicle,4,Wednesday,130,REAR END(VEHICLES IN SAME LANE),1,757528,2,0,1,0,1,2,1,5,Not at intersection,2,80,Arterial Other
T20230002513,2023/2/1,8:58:00,1,Collision with vehicle,3,Wednesday,121,RIGHT THROUGH,1,40906,3,0,1,0,2,3,1,1,Cross intersection,2,80,Arterial Other
T20230002540,2023/2/1,18:20:00,4,Collision with a fixed object,4,Wednesday,171,LEFT OFF CARRIAGEWAY INTO OBJECT/PARKED VEHICLE,1,752601,2,0,0,1,1,2,1,5,Not at intersection,3,80,Local Road
T20230002497,2023/2/1,9:04:00,1,Collision with vehicle,4,Wednesday,121,RIGHT THROUGH,1,289646,2,0,1,0,1,2,1,2,T intersection,2,60,Arterial Other
T20230002495,2023/2/1,8:04:00,2,Struck Pedestrian,4,Wednesday,101,PED EMERGES FROM IN FRONT OF PARKED OR STATIONARY VEHICLE,1,752380,1,1,0,0,1,2,1,5,Not at intersection,1,60,Arterial Other
T20230002490,2023/2/1,8:00:00,1,Collision with vehicle,4,Wednesday,121,RIGHT THROUGH,1,34899,3,0,1,1,4,6,1,2,T intersection,2,70,Arterial Other
T20230002489,2023/2/1,8:00:00,1,Collision with vehicle,4,Wednesday,140,U TURN,1,753164,2,0,0,1,1,2,1,5,Not at intersection,3,40,Arterial Highway
T20230002487,2023/2/1,8:25:00,2,Struck Pedestrian,4,Wednesday,102,FAR SIDE. PED HIT BY VEHICLE FROM THE LEFT,1,59730,2,0,1,0,2,3,1,1,Cross intersection,2,60,Local Road
T20230002485,2023/2/1,8:10:00,1,Collision with vehicle,4,Wednesday,132,RIGHT REAR.,1,259402,2,0,2,0,0,2,1,2,T intersection,2,50,Local Road
T20230002736,2023/2/2,16:00:00,2,Struck Pedestrian,5,Thursday,100,PED NEAR SIDE. PED HIT BY VEHICLE FROM THE RIGHT.,1,752537,1,0,0,1,1,2,2,2,T intersection,3,50,Arterial Other
T20230002654,2023/2/2,16:00:00,1,Collision with vehicle,5,Thursday,110,CROSS TRAFFIC(INTERSECTIONS ONLY),1,752728,2,0,0,1,1,2,1,1,Cross intersection,3,60,Arterial Other
T20230002986,2023/2/2,17:30:00,1,Collision with vehicle,5,Thursday,163,VEHICLE STRIKES DOOR OF PARKED/STATIONARY VEHICLE,1,752957,2,0,1,0,1,2,2,5,Not at intersection,2,40,Local Road
T20230002619,2023/2/2,4:45:00,4,Collision with a fixed object,5,Thursday,181,OFF RIGHT BEND INTO OBJECT/PARKED VEHICLE,3,763621,2,1,0,0,1,2,1,5,Not at intersection,1,80,Freeway
T20230002660,2023/2/2,14:00:00,1,Collision with vehicle,4,Thursday,169,OTHER ON PATH,1,752081,2,0,0,1,0,1,2,2,T intersection,3,50,Local Road
T20230002667,2023/2/2,21:05:00,1,Collision with vehicle,5,Thursday,169,OTHER ON PATH,3,751855,2,0,0,1,0,1,1,5,Not at intersection,3,50,Local Road
T20230002670,2023/2/2,22:06:00,1,Collision with vehicle,4,Thursday,121,RIGHT THROUGH,3,19417,2,0,0,1,1,2,1,1,Cross intersection,3,60,Arterial Other
T20230002673,2023/2/2,22:45:00,1,Collision with vehicle,5,Thursday,139,OTHER SAME DIRECTION-MANOUEVRES NOT INCLUDED IN DCAs 130-137,3,752552,2,0,0,3,3,6,1,2,T intersection,3,80,Local Road
T20230002600,2023/2/2,10:39:00,6,Vehicle overturned (no collision),5,Thursday,174,OUT OF CONTROL ON CARRIAGEWAY (ON STRAIGHT),1,42543,1,0,1,0,0,1,1,2,T intersection,2,60,Local Road
T20230002676,2023/2/2,23:30:00,4,Collision with a fixed object,5,Thursday,171,LEFT OFF CARRIAGEWAY INTO OBJECT/PARKED VEHICLE,5,755652,1,0,1,0,0,1,1,5,Not at intersection,2,80,Local Road
T20230002599,2023/2/2,11:46:00,4,Collision with a fixed object,4,Thursday,146,REVERSING INTO FIXED OBJECT/PARKED VEHICLE,1,780285,1,0,0,1,0,1,1,5,Not at intersection,3,40,Local Road
T20230002677,2023/2/2,23:33:00,4,Collision with a fixed object,4,Thursday,171,LEFT OFF CARRIAGEWAY INTO OBJECT/PARKED VEHICLE,3,759592,1,0,0,1,1,2,1,5,Not at intersection,3,50,Local Road
T20230002690,2023/2/2,5:50:00,2,Struck Pedestrian,5,Thursday,102,FAR SIDE. PED HIT BY VEHICLE FROM THE LEFT,3,44312,1,0,0,1,1,2,2,1,Cross intersection,3,70,Arterial Other