ACCIDENT_NO,ACCIDENT_DATE,ACCIDENT_TIME,ACCIDENT_TYPE,ACCIDENT_TYPE_DESC,DAY_OF_WEEK,DAY_WEEK_DESC,DCA_CODE,DCA_DESC,LIGHT_CONDITION,NODE_ID,NO_OF_VEHICLES,NO_PERSONS_KILLED,NO_PERSONS_INJ_2,NO_PERSONS_INJ_3,NO_PERSONS_NOT_INJ,NO_PERSONS,POLICE_ATTEND,ROAD_GEOMETRY,ROAD_GEOMETRY_DESC,SEVERITY,SPEED_ZONE,RMA
T20230002691,2023/2/2,19:10:00,1,Collision with vehicle,5,Thursday,130,REAR END(VEHICLES IN SAME LANE),1,710223,2,0,0,2,1,3,2,2,T intersection,3,60,Arterial Highway
T20230002627,2023/2/2,12:10:00,2,Struck Pedestrian,5,Thursday,103,PED PLAYING/LYING/WORKING/STANDING ON CARRIAGEWAY.,1,752558,1,0,0,1,1,2,1,5,Not at intersection,3,40,Arterial Other
T20230016299,2023/2/2,13:55:00,1,Collision with vehicle,4,Thursday,147,VEHICLE STRIKES ANOTHER VEH WHILE EMERGING FROM DRIVEWAY,1,778455,2,0,0,1,1,2,1,5,Not at intersection,3,50,Local Road
T20230002613,2023/2/2,11:50:00,1,Collision with vehicle,4,Thursday,130,REAR END(VEHICLES IN SAME LANE),1,752603,2,0,0,1,1,2,1,5,Not at intersection,3,60,Arterial Other
T20230002598,2023/2/2,9:05:00,1,Collision with vehicle,5,Thursday,110,CROSS TRAFFIC(INTERSECTIONS ONLY),1,63137,2,1,0,0,2,3,1,1,Cross intersection,1,999,Local Road
T20230002637,2023/2/2,16:50:00,6,Vehicle overturned (no collision),5,Thursday,174,OUT OF CONTROL ON CARRIAGEWAY (ON STRAIGHT),2,752079,1,0,0,1,0,1,2,5,Not at intersection,3,60,Arterial Other
T20230002730,2023/2/2,16:30:00,1,Collision with vehicle,4,Thursday,137,LEFT TURN SIDESWIPE,1,65879,2,0,0,1,1,2,2,2,T intersection,3,50,Local Road
T20230002726,2023/2/2,18:30:00,1,Collision with vehicle,5,Thursday,130,REAR END(VEHICLES IN SAME LANE),1,758012,2,0,1,0,1,2,2,5,Not at intersection,2,60,Local Road
T20230002656,2023/2/2,16:50:00,1,Collision with vehicle,5,Thursday,110,CROSS TRAFFIC(INTERSECTIONS ONLY),1,53517,2,0,0,1,3,4,1,1,Cross intersection,3,70,Arterial Highway
T20230002610,2023/2/2,12:06:00,2,Struck Pedestrian,5,Thursday,100,PED NEAR SIDE. PED HIT BY VEHICLE FROM THE RIGHT.,1,765522,1,0,0,1,1,2,1,5,Not at intersection,3,50,Local Road
T20230003200,2023/2/2,16:45:00,1,Collision with vehicle,5,Thursday,130,REAR END(VEHICLES IN SAME LANE),1,50071,2,0,0,1,1,2,2,1,Cross intersection,3,60,Arterial Other
T20230002608,2023/2/2,9:20:00,4,Collision with a fixed object,4,Thursday,181,OFF RIGHT BEND INTO OBJECT/PARKED VEHICLE,1,773834,1,0,1,0,0,1,1,2,T intersection,2,100,Arterial Highway
T20230004408,2023/2/2,10:00:00,1,Collision with vehicle,5,Thursday,111,RIGHT FAR (INTERSECTIONS ONLY),1,40521,2,0,0,1,1,2,2,1,Cross intersection,3,60,Arterial Highway
T20230003730,2023/2/2,17:10:00,1,Collision with vehicle,5,Thursday,121,RIGHT THROUGH,1,755298,2,0,0,1,1,2,2,1,Cross intersection,3,70,Local Road
T20230003009,2023/2/2,19:00:00,1,Collision with vehicle,4,Thursday,130,REAR END(VEHICLES IN SAME LANE),2,762937,3,0,0,2,1,3,2,5,Not at intersection,3,60,Arterial Other
T20230002584,2023/2/2,7:55:00,1,Collision with vehicle,4,Thursday,150,HEAD ON(OVERTAKING),1,762480,3,0,0,2,1,3,1,5,Not at intersection,3,80,Local Road
T20230002585,2023/2/2,7:00:00,5,collision with some other object,5,Thursday,171,LEFT OFF CARRIAGEWAY INTO OBJECT/PARKED VEHICLE,1,767471,1,1,0,0,0,1,1,5,Not at intersection,1,60,Arterial Highway
T20230002601,2023/2/2,10:39:00,4,Collision with a fixed object,4,Thursday,171,LEFT OFF CARRIAGEWAY INTO OBJECT/PARKED VEHICLE,1,752727,1,0,0,1,0,1,1,5,Not at intersection,3,60,Arterial Highway
T20230005721,2023/2/2,12:51:00,1,Collision with vehicle,4,Thursday,133,LANE SIDE SWIPE (VEHICLES IN PARALLEL LANES),1,761791,2,0,0,1,1,2,2,5,Not at intersection,3,80,Freeway
T20230002650,2023/2/2,15:03:00,1,Collision with vehicle,5,Thursday,130,REAR END(VEHICLES IN SAME LANE),1,241121,2,0,1,0,1,2,1,1,Cross intersection,2,80,Arterial Other
T20230002578,2023/2/2,0:35:00,1,Collision with vehicle,5,Thursday,110,CROSS TRAFFIC(INTERSECTIONS ONLY),3,45434,2,0,1,1,0,2,1,1,Cross intersection,2,60,Arterial Other
T20230002635,2023/2/2,16:20:00,2,Struck Pedestrian,5,Thursday,102,FAR SIDE. PED HIT BY VEHICLE FROM THE LEFT,1,752284,1,0,0,1,1,2,1,5,Not at intersection,3,40,Local Road
T20230003853,2023/2/2,16:45:00,1,Collision with vehicle,4,Thursday,130,REAR END(VEHICLES IN SAME LANE),1,757885,2,0,0,1,1,2,2,5,Not at intersection,3,60,Arterial Other
T20230002594,2023/2/2,9:25:00,1,Collision with vehicle,5,Thursday,149,OTHER MANOEUVRING NOT INCLUDED IN DCAs 140-148,1,752076,2,0,0,1,0,1,1,5,Not at intersection,3,50,Local Road
T20230002591,2023/2/2,10:20:00,1,Collision with vehicle,5,Thursday,130,REAR END(VEHICLES IN SAME LANE),1,753488,2,0,1,2,2,5,1,2,T intersection,2,80,Arterial Other
T20230002634,2023/2/2,12:27:00,1,Collision with vehicle,5,Thursday,148,VEHICLE OFF FOOTPATH STRIKES VEH ON CARRIAGEWAY,1,756178,2,1,0,0,1,2,1,1,Cross intersection,1,60,Local Road
T20230002632,2023/2/2,13:45:00,1,Collision with vehicle,4,Thursday,130,REAR END(VEHICLES IN SAME LANE),1,754434,2,0,0,1,1,2,1,1,Cross intersection,3,50,Local Road
T20230002861,2023/2/2,14:10:00,1,Collision with vehicle,4,Thursday,130,REAR END(VEHICLES IN SAME LANE),1,760222,2,0,0,1,1,2,2,4,Multiple intersection,3,60,Arterial Other
T20230002631,2023/2/2,14:40:00,1,Collision with vehicle,5,Thursday,139,OTHER SAME DIRECTION-MANOUEVRES NOT INCLUDED IN DCAs 130-137,1,46060,2,0,0,2,0,2,1,2,T intersection,3,80,Arterial Highway
T20230002625,2023/2/2,13:30:00,1,Collision with vehicle,5,Thursday,130,REAR END(VEHICLES IN SAME LANE),1,752283,3,0,0,1,3,4,1,5,Not at intersection,3,60,Arterial Other
T20230002626,2023/2/2,13:26:00,1,Collision with vehicle,5,Thursday,113,RIGHT NEAR (INTERSECTIONS ONLY),1,51145,2,0,1,1,0,2,1,1,Cross intersection,2,60,Arterial Highway
T20230002640,2023/2/2,17:27:00,4,Collision with a fixed object,5,Thursday,183,OFF LEFT BEND INTO OBJECT/PARKED VEHICLE,1,754753,1,0,0,1,0,1,1,5,Not at intersection,3,80,Arterial Highway
T20230002647,2023/2/2,17:27:00,1,Collision with vehicle,5,Thursday,110,CROSS TRAFFIC(INTERSECTIONS ONLY),2,64490,2,0,1,0,1,2,2,1,Cross intersection,2,40,Local Road
T20230003592,2023/2/2,17:30:00,1,Collision with vehicle,4,Thursday,130,REAR END(VEHICLES IN SAME LANE),2,238,3,0,0,1,3,4,2,1,Cross intersection,3,40,Local Road
T20230002649,2023/2/2,17:43:00,1,Collision with vehicle,5,Thursday,134,LANE CHANGE RIGHT (NOT OVERTAKING),1,42220,3,0,0,1,5,6,1,2,T intersection,3,80,Arterial Highway
T20230004844,2023/2/2,11:30:00,8,No collision and no object struck,5,Thursday,170,OFF CARRIAGEWAY TO LEFT,1,757889,1,0,1,0,0,1,2,5,Not at intersection,2,80,Arterial Other
T20230002621,2023/2/2,12:50:00,6,Vehicle overturned (no collision),5,Thursday,174,OUT OF CONTROL ON CARRIAGEWAY (ON STRAIGHT),1,752606,1,0,0,1,0,1,1,5,Not at intersection,3,100,Local Road
T20230002889,2023/2/2,10:55:00,1,Collision with vehicle,5,Thursday,142,LEAVING PARKING,1,752734,2,0,0,2,1,3,2,5,Not at intersection,3,60,Arterial Other
T20230002620,2023/2/2,12:47:00,1,Collision with vehicle,5,Thursday,132,RIGHT REAR.,1,757886,2,0,0,1,1,2,1,5,Not at intersection,3,80,Arterial Other
T20230003282,2023/2/3,14:00:00,1,Collision with vehicle,5,Friday,120,HEAD ON (NOT OVERTAKING),1,783637,2,0,0,1,2,3,2,2,T intersection,3,999,Local Road
T20230005556,2023/2/3,10:30:00,1,Collision with vehicle,5,Friday,110,CROSS TRAFFIC(INTERSECTIONS ONLY),1,42352,2,0,0,1,1,2,2,1,Cross intersection,3,60,Arterial Other
T20230002756,2023/2/3,14:50:00,1,Collision with vehicle,6,Friday,121,RIGHT THROUGH,1,752287,2,0,0,3,0,3,1,5,Not at intersection,3,60,Arterial Other
T20230002738,2023/2/3,15:36:00,1,Collision with vehicle,6,Friday,121,RIGHT THROUGH,1,42487,2,0,0,2,0,2,1,2,T intersection,3,60,Arterial Other
T20230002740,2023/2/3,17:30:00,1,Collision with vehicle,6,Friday,140,U TURN,1,752286,2,0,1,1,0,2,1,2,T intersection,2,60,Arterial Other
T20230006459,2023/2/3,11:00:00,4,Collision with a fixed object,6,Friday,181,OFF RIGHT BEND INTO OBJECT/PARKED VEHICLE,1,783636,1,0,0,1,0,1,2,5,Not at intersection,3,50,Local Road
T20230002742,2023/2/3,13:53:00,2,Struck Pedestrian,5,Friday,100,PED NEAR SIDE. PED HIT BY VEHICLE FROM THE RIGHT.,1,754437,1,0,0,1,1,2,1,5,Not at intersection,3,50,Local Road
T20230002746,2023/2/3,14:00:00,4,Collision with a fixed object,6,Friday,183,OFF LEFT BEND INTO OBJECT/PARKED VEHICLE,1,752534,1,0,0,1,0,1,1,5,Not at intersection,3,70,Arterial Other
T20230003669,2023/2/3,16:25:00,1,Collision with vehicle,5,Friday,113,RIGHT NEAR (INTERSECTIONS ONLY),1,764329,2,0,0,1,1,2,1,2,T intersection,3,60,Local Road
T20230004841,2023/2/3,17:30:00,1,Collision with vehicle,5,Friday,130,REAR END(VEHICLES IN SAME LANE),1,777348,2,0,0,1,1,2,2,4,Multiple intersection,3,80,Freeway
T20230002745,2023/2/3,18:52:00,2,Struck Pedestrian,5,Friday,102,FAR SIDE. PED HIT BY VEHICLE FROM THE LEFT,1,102203,1,0,0,1,2,3,1,2,T intersection,3,60,Arterial Highway
T20230002737,2023/2/3,14:57:00,1,Collision with vehicle,6,Friday,130,REAR END(VEHICLES IN SAME LANE),1,757881,4,0,0,1,5,6,1,5,Not at intersection,3,100,Freeway
T20230003169,2023/2/3,23:17:00,1,Collision with vehicle,5,Friday,121,RIGHT THROUGH,3,257069,2,0,0,1,1,2,1,1,Cross intersection,3,60,Arterial Highway
T20230015471,2023/2/3,6:30:00,1,Collision with vehicle,5,Friday,130,REAR END(VEHICLES IN SAME LANE),2,776803,2,0,0,1,1,2,2,5,Not at intersection,3,60,Arterial Other
T20230002748,2023/2/3,17:36:00,4,Collision with a fixed object,6,Friday,183,OFF LEFT BEND INTO OBJECT/PARKED VEHICLE,1,767123,1,0,1,1,0,2,1,5,Not at intersection,2,70,Arterial Other
T20230002749,2023/2/3,16:25:00,1,Collision with vehicle,6,Friday,130,REAR END(VEHICLES IN SAME LANE),1,755013,4,0,0,2,3,5,1,5,Not at intersection,3,100,Freeway
T20230005225,2023/2/3,15:30:00,1,Collision with vehicle,5,Friday,130,REAR END(VEHICLES IN SAME LANE),1,47705,2,0,0,1,1,2,1,1,Cross intersection,3,60,Arterial Highway
T20230003055,2023/2/3,7:45:00,1,Collision with vehicle,5,Friday,130,REAR END(VEHICLES IN SAME LANE),2,780024,2,0,0,1,1,2,2,2,T intersection,3,60,Arterial Other
T20230002789,2023/2/3,13:00:00,1,Collision with vehicle,6,Friday,116,LEFT NEAR (INTERSECTIONS ONLY),1,221405,2,0,0,2,1,3,2,2,T intersection,3,80,Arterial Other
T20230003847,2023/2/3,16:47:00,4,Collision with a fixed object,5,Friday,181,OFF RIGHT BEND INTO OBJECT/PARKED VEHICLE,1,69349,1,0,0,1,1,2,1,2,T intersection,3,60,Arterial Other
T20230002715,2023/2/3,8:30:00,2,Struck Pedestrian,5,Friday,102,FAR SIDE. PED HIT BY VEHICLE FROM THE LEFT,1,757882,1,0,0,1,1,2,1,5,Not at intersection,3,40,Local Road
T20230002713,2023/2/3,14:00:00,6,Vehicle overturned (no collision),6,Friday,174,OUT OF CONTROL ON CARRIAGEWAY (ON STRAIGHT),1,752083,1,0,1,0,0,1,1,2,T intersection,2,50,Local Road
T20230002700,2023/2/3,6:10:00,2,Struck Pedestrian,6,Friday,100,PED NEAR SIDE. PED HIT BY VEHICLE FROM THE RIGHT.,2,43199,1,0,1,0,1,2,1,5,Not at intersection,2,60,Arterial Highway
T20230003178,2023/2/3,15:00:00,1,Collision with vehicle,5,Friday,147,VEHICLE STRIKES ANOTHER VEH WHILE EMERGING FROM DRIVEWAY,1,782480,2,0,0,1,1,2,2,5,Not at intersection,3,50,Local Road
T20230003873,2023/2/3,5:50:00,1,Collision with vehicle,5,Friday,113,RIGHT NEAR (INTERSECTIONS ONLY),9,46644,2,0,1,0,1,2,2,2,T intersection,2,999,Local Road
T20230002699,2023/2/3,12:34:00,2,Struck Pedestrian,5,Friday,100,PED NEAR SIDE. PED HIT BY VEHICLE FROM THE RIGHT.,1,752547,1,0,0,1,1,2,1,1,Cross intersection,3,60,Local Road
T20230003628,2023/2/3,13:00:00,1,Collision with vehicle,6,Friday,130,REAR END(VEHICLES IN SAME LANE),1,579669,2,0,0,1,1,2,1,2,T intersection,3,60,Arterial Other
T20230003270,2023/2/3,12:26:00,1,Collision with vehicle,5,Friday,130,REAR END(VEHICLES IN SAME LANE),1,753972,2,0,0,1,1,2,2,5,Not at intersection,3,50,Local Road
T20230003541,2023/2/3,13:55:00,1,Collision with vehicle,5,Friday,110,CROSS TRAFFIC(INTERSECTIONS ONLY),1,37508,2,0,0,1,1,2,1,1,Cross intersection,3,60,Arterial Other
T20230002709,2023/2/3,8:30:00,1,Collision with vehicle,5,Friday,136,RIGHT TURN SIDESWIPE,1,773191,2,0,0,1,4,5,1,5,Not at intersection,3,40,Local Road
T20230003233,2023/2/3,8:09:00,1,Collision with vehicle,6,Friday,115,RIGHT/LEFT FAR (INTERSECTIONS ONLY),1,754086,2,0,0,1,1,2,1,2,T intersection,3,50,Local Road
T20230002751,2023/2/3,18:42:00,1,Collision with vehicle,5,Friday,111,RIGHT FAR (INTERSECTIONS ONLY),1,787479,2,0,1,0,1,2,1,2,T intersection,2,50,Local Road
T20230002978,2023/2/3,13:30:00,1,Collision with vehicle,6,Friday,160,VEHICLE COLLIDES WITH VEHICLE PARKED ON LEFT OF ROAD,1,186315,2,0,1,0,0,1,1,5,Not at intersection,2,50,Arterial Other
T20230002698,2023/2/3,7:06:00,1,Collision with vehicle,5,Friday,140,U TURN,1,763112,2,0,1,0,1,2,1,5,Not at intersection,2,50,Local Road
T20230003452,2023/2/3,21:00:00,6,Vehicle overturned (no collision),6,Friday,174,OUT OF CONTROL ON CARRIAGEWAY (ON STRAIGHT),6,754205,1,0,1,0,0,1,2,5,Not at intersection,2,999,Arterial Other
T20230002704,2023/2/3,12:10:00,1,Collision with vehicle,6,Friday,130,REAR END(VEHICLES IN SAME LANE),1,757526,2,0,0,1,1,2,1,5,Not at intersection,3,70,Arterial Other
T20230002706,2023/2/3,8:25:00,7,Fall from or in moving vehicle,5,Friday,190,FELL IN/FROM VEHICLE,1,754435,1,0,0,1,1,2,2,5,Not at intersection,3,60,Arterial Other
T20230003619,2023/2/3,17:10:00,1,Collision with vehicle,6,Friday,130,REAR END(VEHICLES IN SAME LANE),1,337457,2,0,0,1,1,2,2,1,Cross intersection,3,999,Arterial Other
T20230002810,2023/2/3,17:00:00,1,Collision with vehicle,6,Friday,130,REAR END(VEHICLES IN SAME LANE),9,752523,3,0,0,1,2,3,2,5,Not at intersection,3,999,Freeway
T20230002712,2023/2/3,9:20:00,2,Struck Pedestrian,6,Friday,100,PED NEAR SIDE. PED HIT BY VEHICLE FROM THE RIGHT.,1,752489,1,0,0,1,2,3,1,1,Cross intersection,3,40,Local Road
T20230002696,2023/2/3,10:15:00,1,Collision with vehicle,6,Friday,110,CROSS TRAFFIC(INTERSECTIONS ONLY),1,1195,2,0,1,0,2,3,1,1,Cross intersection,2,60,Arterial Highway
T20230002731,2023/2/3,16:00:00,1,Collision with vehicle,6,Friday,140,U TURN,1,752544,2,0,0,1,1,2,1,5,Not at intersection,3,50,Local Road
T20230002693,2023/2/3,10:40:00,2,Struck Pedestrian,6,Friday,100,PED NEAR SIDE. PED HIT BY VEHICLE FROM THE RIGHT.,1,753278,1,0,0,1,1,2,1,1,Cross intersection,3,40,Local Road
T20230002757,2023/2/3,22:37:00,1,Collision with vehicle,5,Friday,113,RIGHT NEAR (INTERSECTIONS ONLY),3,30046,2,0,2,0,2,4,1,1,Cross intersection,2,70,Freeway
T20230002707,2023/2/3,11:35:00,2,Struck Pedestrian,6,Friday,102,FAR SIDE. PED HIT BY VEHICLE FROM THE LEFT,1,752550,1,0,1,0,1,2,1,5,Not at intersection,2,60,Local Road
T20230002687,2023/2/3,8:20:00,2,Struck Pedestrian,6,Friday,100,PED NEAR SIDE. PED HIT BY VEHICLE FROM THE RIGHT.,1,752082,1,0,1,0,1,2,1,2,T intersection,2,40,Local Road
T20230002679,2023/2/3,1:30:00,4,Collision with a fixed object,5,Friday,179,OTHER ACCIDENTS-OFF STRAIGHT NOT INCLUDED IN DCAs 170-175,3,777912,1,0,0,1,0,1,1,2,T intersection,3,50,Local Road
T20230003748,2023/2/3,18:00:00,8,No collision and no object struck,6,Friday,174,OUT OF CONTROL ON CARRIAGEWAY (ON STRAIGHT),1,754899,1,0,1,0,0,1,2,5,Not at intersection,2,60,Arterial Other
T20230003051,2023/2/4,16:30:00,1,Collision with vehicle,6,Saturday,110,CROSS TRAFFIC(INTERSECTIONS ONLY),1,777154,2,0,0,1,1,2,2,1,Cross intersection,3,40,Local Road
T20230002783,2023/2/4,12:00:00,1,Collision with vehicle,6,Saturday,130,REAR END(VEHICLES IN SAME LANE),1,797649,2,0,0,1,2,3,1,5,Not at intersection,3,100,Arterial Highway
T20230002763,2023/2/4,3:30:00,4,Collision with a fixed object,6,Saturday,171,LEFT OFF CARRIAGEWAY INTO OBJECT/PARKED VEHICLE,3,96162,1,0,1,0,0,1,1,5,Not at intersection,2,60,Arterial Highway
T20230002917,2023/2/4,15:40:00,1,Collision with vehicle,7,Saturday,130,REAR END(VEHICLES IN SAME LANE),1,787084,4,0,0,3,3,6,9,5,Not at intersection,3,60,
T20230002761,2023/2/4,0:04:00,1,Collision with vehicle,6,Saturday,120,HEAD ON (NOT OVERTAKING),3,778526,2,0,1,0,1,2,1,5,Not at intersection,2,60,Local Road
T20230002779,2023/2/4,11:10:00,1,Collision with vehicle,7,Saturday,110,CROSS TRAFFIC(INTERSECTIONS ONLY),1,754203,2,0,2,1,0,3,1,1,Cross intersection,2,100,Arterial Other
T20230002794,2023/2/4,13:40:00,2,Struck Pedestrian,7,Saturday,105,PED WALKING AGAINST TRAFFIC.,1,760221,1,0,1,0,1,2,1,5,Not at intersection,2,50,Local Road
T20230002760,2023/2/4,1:05:00,1,Collision with vehicle,6,Saturday,135,LANE CHANGE LEFT (NOT OVERTAKING),3,785926,2,0,0,1,1,2,1,5,Not at intersection,3,60,Freeway
T20230002823,2023/2/4,21:30:00,1,Collision with vehicle,7,Saturday,130,REAR END(VEHICLES IN SAME LANE),3,758806,4,0,0,2,3,5,1,1,Cross intersection,3,80,Arterial Highway
T20230002773,2023/2/4,6:55:00,5,collision with some other object,7,Saturday,166,STRUCK OBJECT ON CARRIAGEWAY,2,753576,1,0,1,0,1,2,1,5,Not at intersection,2,110,Freeway
T20230002786,2023/2/4,12:15:00,1,Collision with vehicle,7,Saturday,121,RIGHT THROUGH,1,752955,2,0,1,2,1,4,1,5,Not at intersection,2,80,Arterial Highway
T20230002818,2023/2/4,21:50:00,4,Collision with a fixed object,6,Saturday,181,OFF RIGHT BEND INTO OBJECT/PARKED VEHICLE,2,781204,1,0,0,1,0,1,1,5,Not at intersection,3,80,Local Road
T20230002798,2023/2/4,12:00:00,1,Collision with vehicle,6,Saturday,163,VEHICLE STRIKES DOOR OF PARKED/STATIONARY VEHICLE,1,780287,2,0,0,1,2,3,2,5,Not at intersection,3,40,Local Road
T20230002796,2023/2/4,12:00:00,4,Collision with a fixed object,6,Saturday,183,OFF LEFT BEND INTO OBJECT/PARKED VEHICLE,1,771824,1,0,1,0,0,1,1,5,Not at intersection,2,100,Arterial Highway
T20230002812,2023/2/4,20:10:00,1,Collision with vehicle,7,Saturday,121,RIGHT THROUGH,1,46803,2,0,0,1,3,4,1,1,Cross intersection,3,60,Arterial Other
T20230002817,2023/2/4,16:39:00,4,Collision with a fixed object,6,Saturday,171,LEFT OFF CARRIAGEWAY INTO OBJECT/PARKED VEHICLE,1,29886,1,0,0,3,0,3,1,1,Cross intersection,3,60,Freeway
T20230002947,2023/2/4,18:20:00,1,Collision with vehicle,7,Saturday,135,LANE CHANGE LEFT (NOT OVERTAKING),1,776792,2,0,1,0,1,2,2,5,Not at intersection,2,60,Arterial Highway
T20230003125,2023/2/4,20:35:00,1,Collision with vehicle,6,Saturday,112,LEFT FAR (INTERSECTIONS ONLY),2,40055,2,0,0,2,1,3,2,1,Cross intersection,3,50,Local Road
T20230002924,2023/2/4,15:30:00,1,Collision with vehicle,6,Saturday,140,U TURN,1,757033,2,0,0,2,0,2,2,5,Not at intersection,3,100,Local Road
T20230002972,2023/2/4,10:30:00,6,Vehicle overturned (no collision),6,Saturday,174,OUT OF CONTROL ON CARRIAGEWAY (ON STRAIGHT),1,44393,1,0,1,0,0,1,2,1,Cross intersection,2,60,Arterial Other
T20230005725,2023/2/4,23:30:00,2,Struck Pedestrian,6,Saturday,106,VEH STRIKES PED ON FOOTPATH/MEDIAN/TRAFFIC ISLAND.,6,796003,1,0,0,1,1,2,2,5,Not at intersection,3,999,Local Road
T20230002807,2023/2/4,17:45:00,1,Collision with vehicle,6,Saturday,134,LANE CHANGE RIGHT (NOT OVERTAKING),1,763951,4,0,1,5,0,6,1,5,Not at intersection,2,60,Local Road
T20230002922,2023/2/4,14:05:00,1,Collision with vehicle,7,Saturday,130,REAR END(VEHICLES IN SAME LANE),1,43175,2,0,0,2,0,2,1,2,T intersection,3,60,Local Road
T20230002843,2023/2/4,14:00:00,1,Collision with vehicle,6,Saturday,130,REAR END(VEHICLES IN SAME LANE),1,44593,2,0,0,1,1,2,2,1,Cross intersection,3,999,Arterial Other
T20230002839,2023/2/4,20:56:00,1,Collision with vehicle,7,Saturday,130,REAR END(VEHICLES IN SAME LANE),3,752494,2,0,0,1,2,3,1,5,Not at intersection,3,40,Local Road
T20230002774,2023/2/4,10:50:00,1,Collision with vehicle,6,Saturday,130,REAR END(VEHICLES IN SAME LANE),1,651574,2,0,0,1,1,2,1,2,T intersection,3,60,Local Road
T20230002792,2023/2/4,14:10:00,1,Collision with vehicle,6,Saturday,110,CROSS TRAFFIC(INTERSECTIONS ONLY),1,752490,2,0,0,1,1,2,1,1,Cross intersection,3,60,Local Road
T20230002771,2023/2/4,9:08:00,1,Collision with vehicle,6,Saturday,147,VEHICLE STRIKES ANOTHER VEH WHILE EMERGING FROM DRIVEWAY,1,752469,2,0,0,1,1,2,1,2,T intersection,3,60,Arterial Other
T20230006889,2023/2/4,11:48:00,1,Collision with vehicle,6,Saturday,160,VEHICLE COLLIDES WITH VEHICLE PARKED ON LEFT OF ROAD,1,778198,3,0,0,1,0,1,1,5,Not at intersection,3,50,Local Road
T20230003008,2023/2/4,12:50:00,1,Collision with vehicle,6,Saturday,130,REAR END(VEHICLES IN SAME LANE),1,778997,2,0,0,1,1,2,2,1,Cross intersection,3,999,Arterial Other
T20230002813,2023/2/4,18:20:00,6,Vehicle overturned (no collision),7,Saturday,174,OUT OF CONTROL ON CARRIAGEWAY (ON STRAIGHT),1,772696,1,0,1,0,1,2,1,5,Not at intersection,2,100,Freeway
T20230004904,2023/2/4,12:30:00,1,Collision with vehicle,7,Saturday,130,REAR END(VEHICLES IN SAME LANE),1,46236,2,0,0,1,1,2,2,2,T intersection,3,80,Arterial Highway
T20230002778,2023/2/4,9:00:00,2,Struck Pedestrian,6,Saturday,100,PED NEAR SIDE. PED HIT BY VEHICLE FROM THE RIGHT.,1,757387,1,0,0,1,3,4,1,5,Not at intersection,3,50,Local Road
T20230002791,2023/2/4,13:54:00,1,Collision with vehicle,7,Saturday,110,CROSS TRAFFIC(INTERSECTIONS ONLY),1,778527,2,0,0,1,1,2,1,1,Cross intersection,3,50,Local Road
T20230002795,2023/2/4,12:50:00,4,Collision with a fixed object,7,Saturday,171,LEFT OFF CARRIAGEWAY INTO OBJECT/PARKED VEHICLE,1,771992,1,0,0,1,0,1,1,5,Not at intersection,3,60,Arterial Highway
T20230002821,2023/2/4,23:01:00,4,Collision with a fixed object,7,Saturday,171,LEFT OFF CARRIAGEWAY INTO OBJECT/PARKED VEHICLE,3,41725,1,0,1,0,0,1,2,2,T intersection,2,60,Arterial Other
T20230003068,2023/2/4,13:10:00,1,Collision with vehicle,7,Saturday,121,RIGHT THROUGH,1,43319,2,0,1,0,1,2,1,2,T intersection,2,60,Arterial Other
T20230005387,2023/2/5,16:35:00,1,Collision with vehicle,0,Sunday,131,LEFT REAR,1,355818,2,0,0,1,2,3,2,5,Not at intersection,3,40,Arterial Highway
T20230002896,2023/2/5,21:30:00,1,Collision with vehicle,0,Sunday,110,CROSS TRAFFIC(INTERSECTIONS ONLY),3,229963,2,0,0,1,4,5,1,1,Cross intersection,3,70,Arterial Other
T20230002834,2023/2/5,6:00:00,1,Collision with vehicle,0,Sunday,110,CROSS TRAFFIC(INTERSECTIONS ONLY),2,231,2,0,2,0,1,3,1,1,Cross intersection,2,40,Local Road
T20230002892,2023/2/5,21:20:00,1,Collision with vehicle,0,Sunday,121,RIGHT THROUGH,3,783641,2,0,0,1,2,3,1,2,T intersection,3,60,Arterial Other
T20230002877,2023/2/5,17:05:00,1,Collision with vehicle,1,Sunday,110,CROSS TRAFFIC(INTERSECTIONS ONLY),1,753267,2,0,0,2,1,3,1,1,Cross intersection,3,70,Arterial Highway
T20230002876,2023/2/5,14:26:00,4,Collision with a fixed object,1,Sunday,183,OFF LEFT BEND INTO OBJECT/PARKED VEHICLE,1,753487,1,0,0,1,0,1,1,5,Not at intersection,3,70,Arterial Other
T20230002870,2023/2/5,15:20:00,2,Struck Pedestrian,1,Sunday,102,FAR SIDE. PED HIT BY VEHICLE FROM THE LEFT,1,771663,1,0,1,0,1,2,1,5,Not at intersection,2,60,Local Road
T20230002863,2023/2/5,15:00:00,1,Collision with vehicle,1,Sunday,121,RIGHT THROUGH,1,29718,2,0,0,2,3,5,1,1,Cross intersection,3,80,Arterial Highway
T20230005466,2023/2/5,11:30:00,1,Collision with vehicle,0,Sunday,130,REAR END(VEHICLES IN SAME LANE),1,672395,2,0,0,1,1,2,2,1,Cross intersection,3,80,Arterial Other
T20230002921,2023/2/5,12:30:00,6,Vehicle overturned (no collision),1,Sunday,184,OUT OF CONTROL ON CARRIAGEWAY (ON BEND),1,752737,1,0,0,1,0,1,2,5,Not at intersection,3,100,Local Road