ACCIDENT_NO,ACCIDENT_DATE,ACCIDENT_TIME,ACCIDENT_TYPE,ACCIDENT_TYPE_DESC,DAY_OF_WEEK,DAY_WEEK_DESC,DCA_CODE,DCA_DESC,LIGHT_CONDITION,NODE_ID,NO_OF_VEHICLES,NO_PERSONS_KILLED,NO_PERSONS_INJ_2,NO_PERSONS_INJ_3,NO_PERSONS_NOT_INJ,NO_PERSONS,POLICE_ATTEND,ROAD_GEOMETRY,ROAD_GEOMETRY_DESC,SEVERITY,SPEED_ZONE,RMA
T20230002825,2023/2/5,1:20:00,1,Collision with vehicle,1,Sunday,110,CROSS TRAFFIC(INTERSECTIONS ONLY),3,585605,2,0,0,2,2,4,1,1,Cross intersection,3,40,Arterial Other
T20230004259,2023/2/5,11:30:00,6,Vehicle overturned (no collision),0,Sunday,184,OUT OF CONTROL ON CARRIAGEWAY (ON BEND),1,755960,1,0,0,1,0,1,2,5,Not at intersection,3,60,Local Road
T20230002916,2023/2/5,22:30:00,4,Collision with a fixed object,0,Sunday,171,LEFT OFF CARRIAGEWAY INTO OBJECT/PARKED VEHICLE,5,783642,1,0,0,1,0,1,1,5,Not at intersection,3,60,Local Road
T20230002838,2023/2/5,7:05:00,4,Collision with a fixed object,1,Sunday,173,RIGHT OFF CARRIAGEWAY INTO OBJECT/PARKED VEHICLE,1,783644,1,0,0,1,0,1,1,5,Not at intersection,3,60,Arterial Other
T20230002845,2023/2/5,10:50:00,6,Vehicle overturned (no collision),1,Sunday,184,OUT OF CONTROL ON CARRIAGEWAY (ON BEND),1,752680,1,0,1,0,0,1,1,5,Not at intersection,2,100,Local Road
T20230002851,2023/2/5,11:15:00,1,Collision with vehicle,1,Sunday,137,LEFT TURN SIDESWIPE,1,244068,2,0,0,1,3,4,1,2,T intersection,3,60,Arterial Other
T20230004011,2023/2/5,6:45:00,1,Collision with vehicle,0,Sunday,110,CROSS TRAFFIC(INTERSECTIONS ONLY),2,52875,2,0,0,1,1,2,1,1,Cross intersection,3,40,Arterial Highway
T20230002879,2023/2/5,12:17:00,1,Collision with vehicle,1,Sunday,130,REAR END(VEHICLES IN SAME LANE),1,759704,2,0,1,0,2,3,2,5,Not at intersection,2,60,Arterial Highway
T20230002940,2023/2/5,21:25:00,4,Collision with a fixed object,1,Sunday,151,OUT OF CONTROL (OVERTAKING),2,778529,1,0,0,1,0,1,2,3,Y intersection,3,80,Local Road
T20230002959,2023/2/5,16:25:00,1,Collision with vehicle,1,Sunday,130,REAR END(VEHICLES IN SAME LANE),1,752738,2,0,0,2,1,3,1,5,Not at intersection,3,80,Arterial Other
T20230014495,2023/2/5,12:00:00,5,collision with some other object,0,Sunday,166,STRUCK OBJECT ON CARRIAGEWAY,1,776257,1,0,0,1,0,1,2,2,T intersection,3,888,Local Road
T20230008134,2023/2/5,10:30:00,4,Collision with a fixed object,0,Sunday,199,UNKNOWN-NO DETAILS ON MANOEUVRES OF ROAD-USERS IN ACCIDENT,1,783646,1,0,0,1,0,1,2,5,Not at intersection,3,30,Local Road
T20230002852,2023/2/5,13:20:00,3,Struck animal,1,Sunday,167,STRUCK ANIMAL,1,760580,1,0,1,1,0,2,1,5,Not at intersection,2,100,Local Road
T20230002903,2023/2/5,23:00:00,4,Collision with a fixed object,0,Sunday,179,OTHER ACCIDENTS-OFF STRAIGHT NOT INCLUDED IN DCAs 170-175,3,770924,1,0,1,0,0,1,1,5,Not at intersection,2,50,Local Road
T20230003480,2023/2/5,13:00:00,7,Fall from or in moving vehicle,1,Sunday,184,OUT OF CONTROL ON CARRIAGEWAY (ON BEND),1,754207,1,0,0,1,0,1,2,5,Not at intersection,3,100,Local Road
T20230002909,2023/2/5,18:45:00,4,Collision with a fixed object,1,Sunday,181,OFF RIGHT BEND INTO OBJECT/PARKED VEHICLE,1,753268,1,0,0,1,0,1,1,5,Not at intersection,3,60,Local Road
T20230002895,2023/2/5,20:20:00,4,Collision with a fixed object,0,Sunday,173,RIGHT OFF CARRIAGEWAY INTO OBJECT/PARKED VEHICLE,1,781394,2,0,1,1,2,4,1,5,Not at intersection,2,60,Arterial Other
T20230002891,2023/2/5,15:45:00,1,Collision with vehicle,1,Sunday,163,VEHICLE STRIKES DOOR OF PARKED/STATIONARY VEHICLE,1,753388,2,0,0,1,1,2,1,5,Not at intersection,3,60,Local Road
T20230002886,2023/2/5,13:20:00,1,Collision with vehicle,1,Sunday,121,RIGHT THROUGH,1,44617,3,0,2,1,1,4,1,2,T intersection,2,50,Local Road
T20230004491,2023/2/5,12:00:00,8,No collision and no object struck,1,Sunday,174,OUT OF CONTROL ON CARRIAGEWAY (ON STRAIGHT),1,681711,1,0,0,1,0,1,2,5,Not at intersection,3,999,Local Road
T20230002862,2023/2/5,13:45:00,4,Collision with a fixed object,1,Sunday,181,OFF RIGHT BEND INTO OBJECT/PARKED VEHICLE,1,760934,1,0,1,0,0,1,1,5,Not at intersection,2,80,Arterial Other
T20230002885,2023/2/5,14:30:00,6,Vehicle overturned (no collision),1,Sunday,172,OFF CARRIAGEWAY TO RIGHT,1,783992,1,0,1,0,0,1,1,5,Not at intersection,2,100,Arterial Other
T20230002857,2023/2/5,14:16:00,8,No collision and no object struck,1,Sunday,172,OFF CARRIAGEWAY TO RIGHT,1,752971,1,0,0,1,0,1,1,2,T intersection,3,50,Local Road
T20230002855,2023/2/5,13:30:00,1,Collision with vehicle,0,Sunday,120,HEAD ON (NOT OVERTAKING),1,778229,2,0,0,1,1,2,1,5,Not at intersection,3,60,Arterial Other
T20230003035,2023/2/6,20:10:00,1,Collision with vehicle,1,Monday,121,RIGHT THROUGH,1,56018,2,0,0,2,2,4,2,1,Cross intersection,3,60,Arterial Highway
T20230003260,2023/2/6,10:00:00,6,Vehicle overturned (no collision),2,Monday,174,OUT OF CONTROL ON CARRIAGEWAY (ON STRAIGHT),1,764327,1,0,0,1,0,1,2,5,Not at intersection,3,100,Local Road
T20230002944,2023/2/6,8:15:00,1,Collision with vehicle,2,Monday,121,RIGHT THROUGH,1,774145,2,0,0,3,0,3,1,2,T intersection,3,50,Local Road
T20230002968,2023/2/6,16:48:00,1,Collision with vehicle,2,Monday,152,PULLING OUT (OVERTAKING),2,760223,2,0,0,1,1,2,1,5,Not at intersection,3,100,Arterial Other
T20230002964,2023/2/6,18:07:00,1,Collision with vehicle,1,Monday,130,REAR END(VEHICLES IN SAME LANE),1,778243,3,0,0,2,3,5,1,5,Not at intersection,3,80,Arterial Other
T20230002963,2023/2/6,17:10:00,1,Collision with vehicle,2,Monday,130,REAR END(VEHICLES IN SAME LANE),1,754892,2,0,0,1,1,2,1,5,Not at intersection,3,60,Arterial Other
T20230003611,2023/2/6,22:14:00,1,Collision with vehicle,2,Monday,160,VEHICLE COLLIDES WITH VEHICLE PARKED ON LEFT OF ROAD,5,754457,2,0,0,1,0,1,1,5,Not at intersection,3,60,Local Road
T20230002962,2023/2/6,16:20:00,1,Collision with vehicle,2,Monday,130,REAR END(VEHICLES IN SAME LANE),1,43068,2,0,0,1,1,2,1,2,T intersection,3,60,Arterial Other
T20230002961,2023/2/6,14:31:00,4,Collision with a fixed object,1,Monday,171,LEFT OFF CARRIAGEWAY INTO OBJECT/PARKED VEHICLE,1,783651,1,0,0,1,0,1,1,5,Not at intersection,3,80,Arterial Other
T20230006274,2023/2/6,16:00:00,1,Collision with vehicle,1,Monday,130,REAR END(VEHICLES IN SAME LANE),1,36057,2,0,0,2,1,3,2,1,Cross intersection,3,999,Arterial Other
T20230002904,2023/2/6,6:22:00,1,Collision with vehicle,2,Monday,130,REAR END(VEHICLES IN SAME LANE),3,753277,4,0,0,1,3,4,1,5,Not at intersection,3,100,Freeway
T20230002956,2023/2/6,12:42:00,2,Struck Pedestrian,2,Monday,100,PED NEAR SIDE. PED HIT BY VEHICLE FROM THE RIGHT.,1,765294,1,0,2,0,1,3,1,5,Not at intersection,2,60,Arterial Highway
T20230002910,2023/2/6,6:37:00,1,Collision with vehicle,1,Monday,110,CROSS TRAFFIC(INTERSECTIONS ONLY),2,17544,2,0,0,1,1,2,1,1,Cross intersection,3,60,Arterial Highway
T20230009792,2023/2/6,19:57:00,1,Collision with vehicle,1,Monday,121,RIGHT THROUGH,1,780532,2,0,0,1,2,3,1,2,T intersection,3,60,Local Road
T20230002900,2023/2/6,0:15:00,8,No collision and no object struck,2,Monday,174,OUT OF CONTROL ON CARRIAGEWAY (ON STRAIGHT),3,752941,1,0,0,1,0,1,1,9,Unknown,3,50,Arterial Other
T20230005743,2023/2/6,6:30:00,1,Collision with vehicle,1,Monday,110,CROSS TRAFFIC(INTERSECTIONS ONLY),1,43072,2,0,0,1,1,2,2,1,Cross intersection,3,50,Local Road
T20230002911,2023/2/6,6:29:00,1,Collision with vehicle,2,Monday,110,CROSS TRAFFIC(INTERSECTIONS ONLY),2,52933,2,0,1,0,1,2,1,1,Cross intersection,2,60,Arterial Other
T20230003477,2023/2/6,8:35:00,1,Collision with vehicle,2,Monday,129,OTHER OPPOSING MANOEUVRES NOT INCLUDED IN DCAs 120-125.,1,353176,2,0,0,1,1,2,2,2,T intersection,3,60,Arterial Other
T20230002913,2023/2/6,8:30:00,8,No collision and no object struck,2,Monday,184,OUT OF CONTROL ON CARRIAGEWAY (ON BEND),1,752933,2,0,0,1,1,2,1,5,Not at intersection,3,80,Local Road
T20230002983,2023/2/6,20:00:00,1,Collision with vehicle,1,Monday,160,VEHICLE COLLIDES WITH VEHICLE PARKED ON LEFT OF ROAD,2,777740,2,0,0,1,0,1,1,5,Not at intersection,3,70,Arterial Other
T20230002984,2023/2/6,18:25:00,1,Collision with vehicle,1,Monday,113,RIGHT NEAR (INTERSECTIONS ONLY),1,64505,2,0,1,0,3,4,1,2,T intersection,2,60,Local Road
T20230002985,2023/2/6,22:00:00,1,Collision with vehicle,1,Monday,110,CROSS TRAFFIC(INTERSECTIONS ONLY),3,36362,2,0,0,1,1,2,1,1,Cross intersection,3,40,Local Road
T20230003099,2023/2/6,14:09:00,1,Collision with vehicle,1,Monday,130,REAR END(VEHICLES IN SAME LANE),1,778531,3,0,0,1,3,4,1,2,T intersection,3,60,Local Road
T20230005109,2023/2/6,1:24:00,1,Collision with vehicle,1,Monday,110,CROSS TRAFFIC(INTERSECTIONS ONLY),3,766651,2,0,0,1,1,2,2,1,Cross intersection,3,60,Local Road
T20230002988,2023/2/6,6:30:00,1,Collision with vehicle,1,Monday,148,VEHICLE OFF FOOTPATH STRIKES VEH ON CARRIAGEWAY,2,14900,2,0,1,0,2,3,1,2,T intersection,2,40,Arterial Highway
T20230003045,2023/2/6,9:02:00,1,Collision with vehicle,1,Monday,111,RIGHT FAR (INTERSECTIONS ONLY),1,781378,2,0,0,1,1,2,2,2,T intersection,3,60,Arterial Other
T20230002908,2023/2/6,9:25:00,1,Collision with vehicle,1,Monday,135,LANE CHANGE LEFT (NOT OVERTAKING),1,778528,2,0,1,0,1,2,1,5,Not at intersection,2,100,Freeway
T20230002925,2023/2/6,12:15:00,1,Collision with vehicle,2,Monday,110,CROSS TRAFFIC(INTERSECTIONS ONLY),1,51953,2,0,0,1,1,2,1,1,Cross intersection,3,50,Arterial Highway
T20230002930,2023/2/6,10:35:00,2,Struck Pedestrian,1,Monday,101,PED EMERGES FROM IN FRONT OF PARKED OR STATIONARY VEHICLE,1,752932,1,0,0,1,1,2,1,5,Not at intersection,3,50,Local Road
T20230002934,2023/2/6,9:35:00,1,Collision with vehicle,2,Monday,137,LEFT TURN SIDESWIPE,1,29534,2,0,1,0,1,2,1,1,Cross intersection,2,60,Arterial Other
T20230003197,2023/2/6,18:15:00,1,Collision with vehicle,1,Monday,130,REAR END(VEHICLES IN SAME LANE),1,753876,3,0,0,1,2,3,2,5,Not at intersection,3,60,Arterial Other
T20230002937,2023/2/6,12:56:00,1,Collision with vehicle,2,Monday,130,REAR END(VEHICLES IN SAME LANE),1,49137,2,0,1,1,2,4,1,2,T intersection,2,80,Arterial Highway
T20230002981,2023/2/6,15:49:00,4,Collision with a fixed object,2,Monday,173,RIGHT OFF CARRIAGEWAY INTO OBJECT/PARKED VEHICLE,1,37202,1,1,0,0,0,1,1,2,T intersection,1,40,Arterial Other
T20230003022,2023/2/7,8:30:00,1,Collision with vehicle,2,Tuesday,137,LEFT TURN SIDESWIPE,1,767804,2,0,0,1,1,2,2,1,Cross intersection,3,50,Local Road
T20230003026,2023/2/7,10:21:00,1,Collision with vehicle,3,Tuesday,142,LEAVING PARKING,1,754078,3,0,0,1,2,3,1,5,Not at intersection,3,40,Arterial Other
T20230003027,2023/2/7,12:55:00,1,Collision with vehicle,3,Tuesday,111,RIGHT FAR (INTERSECTIONS ONLY),1,29784,2,1,3,1,1,6,1,1,Cross intersection,1,70,Arterial Other
T20230003030,2023/2/7,10:00:00,1,Collision with vehicle,3,Tuesday,134,LANE CHANGE RIGHT (NOT OVERTAKING),1,773974,2,0,1,0,1,2,1,5,Not at intersection,2,60,Arterial Other
T20230003034,2023/2/7,13:20:00,2,Struck Pedestrian,3,Tuesday,100,PED NEAR SIDE. PED HIT BY VEHICLE FROM THE RIGHT.,1,765882,1,1,0,0,1,2,1,5,Not at intersection,1,60,Arterial Other
T20230003076,2023/2/7,19:50:00,4,Collision with a fixed object,2,Tuesday,171,LEFT OFF CARRIAGEWAY INTO OBJECT/PARKED VEHICLE,2,778530,1,0,0,1,0,1,1,5,Not at intersection,3,60,Local Road
T20230003077,2023/2/7,18:34:00,1,Collision with vehicle,3,Tuesday,160,VEHICLE COLLIDES WITH VEHICLE PARKED ON LEFT OF ROAD,1,760935,2,0,1,0,1,2,1,5,Not at intersection,2,70,Arterial Other
T20230003036,2023/2/7,15:06:00,2,Struck Pedestrian,3,Tuesday,102,FAR SIDE. PED HIT BY VEHICLE FROM THE LEFT,1,753361,1,0,0,1,1,2,1,5,Not at intersection,3,40,Local Road
T20230003037,2023/2/7,12:00:00,1,Collision with vehicle,3,Tuesday,129,OTHER OPPOSING MANOEUVRES NOT INCLUDED IN DCAs 120-125.,1,10410,2,0,1,0,1,2,1,4,Multiple intersection,2,60,Arterial Other
T20230005097,2023/2/7,7:40:00,1,Collision with vehicle,2,Tuesday,110,CROSS TRAFFIC(INTERSECTIONS ONLY),1,37729,2,0,0,1,1,2,2,1,Cross intersection,3,40,Arterial Other
T20230003571,2023/2/7,18:00:00,1,Collision with vehicle,2,Tuesday,121,RIGHT THROUGH,2,43292,2,0,0,1,1,2,1,2,T intersection,3,50,Arterial Highway
T20230004392,2023/2/7,21:30:00,2,Struck Pedestrian,3,Tuesday,109,ANY MANOEUVRE INVOLVING PED NOT INCLUDED IN DCAs 100-108.,3,756633,1,0,0,1,1,2,2,5,Not at intersection,3,999,Local Road
T20230003001,2023/2/7,9:39:00,2,Struck Pedestrian,3,Tuesday,100,PED NEAR SIDE. PED HIT BY VEHICLE FROM THE RIGHT.,1,754440,1,0,1,0,2,3,1,1,Cross intersection,2,60,Arterial Highway
T20230002998,2023/2/7,8:20:00,4,Collision with a fixed object,2,Tuesday,183,OFF LEFT BEND INTO OBJECT/PARKED VEHICLE,1,753276,1,0,0,1,0,1,1,5,Not at intersection,3,80,Arterial Other
T20230002994,2023/2/7,5:30:00,3,Struck animal,2,Tuesday,167,STRUCK ANIMAL,2,780292,1,0,0,1,0,1,2,5,Not at intersection,3,60,Local Road
T20230003422,2023/2/7,17:00:00,1,Collision with vehicle,3,Tuesday,130,REAR END(VEHICLES IN SAME LANE),1,753975,3,0,4,0,2,6,1,5,Not at intersection,2,80,Arterial Other
T20230003052,2023/2/7,16:15:00,1,Collision with vehicle,2,Tuesday,160,VEHICLE COLLIDES WITH VEHICLE PARKED ON LEFT OF ROAD,1,780309,2,0,0,1,0,1,1,5,Not at intersection,3,60,Local Road
T20230003059,2023/2/7,19:25:00,4,Collision with a fixed object,2,Tuesday,173,RIGHT OFF CARRIAGEWAY INTO OBJECT/PARKED VEHICLE,1,768040,1,0,0,1,0,1,1,5,Not at intersection,3,100,Arterial Highway
T20230003060,2023/2/7,20:15:00,1,Collision with vehicle,2,Tuesday,130,REAR END(VEHICLES IN SAME LANE),2,778939,2,0,0,1,1,2,1,5,Not at intersection,3,80,Arterial Other
T20230003061,2023/2/7,17:30:00,6,Vehicle overturned (no collision),3,Tuesday,182,OFF CARRIAGEWAY ON LEFT BEND,1,794610,1,1,0,0,0,1,1,5,Not at intersection,1,100,
T20230003044,2023/2/7,16:09:00,1,Collision with vehicle,2,Tuesday,130,REAR END(VEHICLES IN SAME LANE),1,773635,2,0,0,1,1,2,1,3,Y intersection,3,50,Local Road
T20230006083,2023/2/7,6:30:00,4,Collision with a fixed object,2,Tuesday,173,RIGHT OFF CARRIAGEWAY INTO OBJECT/PARKED VEHICLE,1,281709,1,0,0,1,0,1,1,2,T intersection,3,999,Arterial Other
T20230004507,2023/2/7,15:47:00,1,Collision with vehicle,2,Tuesday,121,RIGHT THROUGH,1,331737,2,0,0,2,0,2,2,1,Cross intersection,3,999,Arterial Other
T20230003046,2023/2/7,17:22:00,1,Collision with vehicle,2,Tuesday,134,LANE CHANGE RIGHT (NOT OVERTAKING),1,753275,2,0,0,1,2,3,1,5,Not at intersection,3,60,Arterial Other
T20230003893,2023/2/7,19:45:00,1,Collision with vehicle,3,Tuesday,110,CROSS TRAFFIC(INTERSECTIONS ONLY),1,15419,2,0,0,1,2,3,2,1,Cross intersection,3,60,Local Road
T20230003049,2023/2/7,7:29:00,1,Collision with vehicle,3,Tuesday,110,CROSS TRAFFIC(INTERSECTIONS ONLY),1,53372,2,1,2,0,0,3,1,1,Cross intersection,1,100,Arterial Highway
T20230013064,2023/2/7,14:45:00,1,Collision with vehicle,3,Tuesday,135,LANE CHANGE LEFT (NOT OVERTAKING),1,775651,2,0,0,1,1,2,1,5,Not at intersection,3,100,Freeway
T20230003058,2023/2/7,17:08:00,1,Collision with vehicle,3,Tuesday,130,REAR END(VEHICLES IN SAME LANE),1,759216,2,0,1,0,1,2,1,5,Not at intersection,2,80,Freeway
T20230003618,2023/2/7,11:07:00,8,No collision and no object struck,3,Tuesday,174,OUT OF CONTROL ON CARRIAGEWAY (ON STRAIGHT),9,759725,1,0,0,1,0,1,2,5,Not at intersection,3,40,Local Road
T20230003062,2023/2/7,19:22:00,1,Collision with vehicle,3,Tuesday,111,RIGHT FAR (INTERSECTIONS ONLY),1,17778,2,1,0,1,1,3,1,1,Cross intersection,1,100,Local Road
T20230003063,2023/2/7,23:49:00,4,Collision with a fixed object,3,Tuesday,171,LEFT OFF CARRIAGEWAY INTO OBJECT/PARKED VEHICLE,3,759217,2,0,2,1,2,5,1,5,Not at intersection,2,70,Arterial Highway
T20230003012,2023/2/7,7:06:00,1,Collision with vehicle,3,Tuesday,147,VEHICLE STRIKES ANOTHER VEH WHILE EMERGING FROM DRIVEWAY,1,776641,2,0,1,0,1,2,1,5,Not at intersection,2,80,Arterial Highway
T20230003011,2023/2/7,10:15:00,1,Collision with vehicle,3,Tuesday,121,RIGHT THROUGH,1,37455,2,0,1,0,1,2,1,2,T intersection,2,40,Local Road
T20230008877,2023/2/7,15:15:00,1,Collision with vehicle,2,Tuesday,130,REAR END(VEHICLES IN SAME LANE),1,768541,2,0,0,1,1,2,2,1,Cross intersection,3,80,Arterial Highway
T20230003334,2023/2/8,8:00:00,1,Collision with vehicle,3,Wednesday,137,LEFT TURN SIDESWIPE,1,6899,2,0,0,1,1,2,2,1,Cross intersection,3,60,Arterial Other
T20230003173,2023/2/8,16:15:00,1,Collision with vehicle,3,Wednesday,130,REAR END(VEHICLES IN SAME LANE),1,47440,2,0,0,1,1,2,2,1,Cross intersection,3,999,Arterial Other
T20230003101,2023/2/8,8:10:00,1,Collision with vehicle,4,Wednesday,121,RIGHT THROUGH,1,36386,2,0,0,1,2,3,1,1,Cross intersection,3,40,Local Road
T20230003098,2023/2/8,8:45:00,1,Collision with vehicle,4,Wednesday,134,LANE CHANGE RIGHT (NOT OVERTAKING),2,779015,2,0,0,1,1,2,2,5,Not at intersection,3,60,Local Road
T20230003072,2023/2/8,6:10:00,1,Collision with vehicle,4,Wednesday,140,U TURN,1,753577,2,0,1,0,1,2,1,2,T intersection,2,80,Local Road
T20230003066,2023/2/8,4:45:00,3,Struck animal,4,Wednesday,167,STRUCK ANIMAL,5,756412,1,0,0,1,0,1,1,5,Not at intersection,3,80,Local Road
T20230021081,2023/2/8,15:30:00,1,Collision with vehicle,3,Wednesday,160,VEHICLE COLLIDES WITH VEHICLE PARKED ON LEFT OF ROAD,1,780539,2,0,0,1,1,2,2,5,Not at intersection,3,50,Local Road
T20230004858,2023/2/8,16:40:00,1,Collision with vehicle,3,Wednesday,130,REAR END(VEHICLES IN SAME LANE),1,36193,2,0,0,1,1,2,2,1,Cross intersection,3,50,Local Road
T20230003215,2023/2/8,18:00:00,1,Collision with vehicle,3,Wednesday,163,VEHICLE STRIKES DOOR OF PARKED/STATIONARY VEHICLE,1,772188,2,0,0,1,2,3,2,5,Not at intersection,3,40,Arterial Other
T20230003088,2023/2/8,9:03:00,1,Collision with vehicle,3,Wednesday,136,RIGHT TURN SIDESWIPE,1,754204,2,0,0,2,0,2,1,5,Not at intersection,3,50,Local Road
T20230003496,2023/2/8,19:50:00,1,Collision with vehicle,3,Wednesday,153,CUTTING IN (OVERTAKING),2,782840,2,0,0,1,1,2,2,5,Not at intersection,3,999,Local Road
T20230003085,2023/2/8,5:35:00,1,Collision with vehicle,3,Wednesday,130,REAR END(VEHICLES IN SAME LANE),3,42421,2,0,0,1,1,2,1,2,T intersection,3,60,Arterial Other
T20230003269,2023/2/8,11:28:00,1,Collision with vehicle,3,Wednesday,140,U TURN,1,44928,2,0,1,0,1,2,1,2,T intersection,2,60,Arterial Other
T20230003083,2023/2/8,10:50:00,4,Collision with a fixed object,4,Wednesday,181,OFF RIGHT BEND INTO OBJECT/PARKED VEHICLE,1,774893,1,0,0,1,0,1,1,5,Not at intersection,3,50,Local Road
T20230003266,2023/2/8,18:00:00,1,Collision with vehicle,3,Wednesday,110,CROSS TRAFFIC(INTERSECTIONS ONLY),1,55897,2,0,0,1,4,5,2,1,Cross intersection,3,50,Local Road
T20230018445,2023/2/8,22:04:00,1,Collision with vehicle,3,Wednesday,130,REAR END(VEHICLES IN SAME LANE),9,778712,2,0,0,1,1,2,2,1,Cross intersection,3,50,Local Road
T20230003140,2023/2/8,23:18:00,1,Collision with vehicle,3,Wednesday,130,REAR END(VEHICLES IN SAME LANE),3,754441,2,0,0,1,1,2,1,5,Not at intersection,3,40,Freeway
T20230003091,2023/2/8,12:32:00,1,Collision with vehicle,3,Wednesday,110,CROSS TRAFFIC(INTERSECTIONS ONLY),1,51403,2,0,0,1,1,2,1,1,Cross intersection,3,50,Local Road
T20230006370,2023/2/8,19:10:00,1,Collision with vehicle,4,Wednesday,163,VEHICLE STRIKES DOOR OF PARKED/STATIONARY VEHICLE,2,775627,2,0,0,1,1,2,2,5,Not at intersection,3,50,Arterial Other
T20230003075,2023/2/8,6:41:00,4,Collision with a fixed object,4,Wednesday,171,LEFT OFF CARRIAGEWAY INTO OBJECT/PARKED VEHICLE,1,783685,1,0,0,1,0,1,1,2,T intersection,3,110,Freeway
T20230003096,2023/2/8,12:33:00,1,Collision with vehicle,4,Wednesday,152,PULLING OUT (OVERTAKING),1,754077,3,0,0,1,2,3,1,5,Not at intersection,3,50,Local Road
T20230003139,2023/2/8,22:52:00,1,Collision with vehicle,3,Wednesday,121,RIGHT THROUGH,3,779017,2,0,0,1,3,4,2,5,Not at intersection,3,60,Arterial Highway
T20230003130,2023/2/8,18:50:00,2,Struck Pedestrian,4,Wednesday,101,PED EMERGES FROM IN FRONT OF PARKED OR STATIONARY VEHICLE,1,762147,2,0,1,0,3,4,1,5,Not at intersection,2,60,Local Road
T20230003127,2023/2/8,19:04:00,4,Collision with a fixed object,3,Wednesday,171,LEFT OFF CARRIAGEWAY INTO OBJECT/PARKED VEHICLE,1,758013,1,0,0,1,0,1,1,5,Not at intersection,3,60,Local Road
T20230003124,2023/2/8,17:43:00,2,Struck Pedestrian,4,Wednesday,100,PED NEAR SIDE. PED HIT BY VEHICLE FROM THE RIGHT.,1,753484,1,0,0,1,1,2,1,5,Not at intersection,3,60,Local Road
T20230003123,2023/2/8,18:15:00,6,Vehicle overturned (no collision),3,Wednesday,180,OFF CARRIAGEWAY ON RIGHT BEND,1,781393,1,0,1,0,0,1,1,5,Not at intersection,2,80,Arterial Other
T20230005108,2023/2/8,8:00:00,1,Collision with vehicle,4,Wednesday,130,REAR END(VEHICLES IN SAME LANE),1,758486,2,0,1,0,1,2,2,5,Not at intersection,2,100,Arterial Other
T20230003122,2023/2/8,17:30:00,4,Collision with a fixed object,3,Wednesday,183,OFF LEFT BEND INTO OBJECT/PARKED VEHICLE,1,760579,1,0,1,0,0,1,1,5,Not at intersection,2,60,Arterial Other
T20230003121,2023/2/8,17:30:00,1,Collision with vehicle,4,Wednesday,135,LANE CHANGE LEFT (NOT OVERTAKING),2,779016,2,0,0,1,3,4,1,5,Not at intersection,3,80,Arterial Highway
T20230003120,2023/2/8,19:00:00,1,Collision with vehicle,4,Wednesday,130,REAR END(VEHICLES IN SAME LANE),1,753170,2,0,0,2,1,3,1,5,Not at intersection,3,80,Arterial Highway
T20230003119,2023/2/8,16:15:00,1,Collision with vehicle,4,Wednesday,160,VEHICLE COLLIDES WITH VEHICLE PARKED ON LEFT OF ROAD,1,759215,2,0,1,0,0,1,1,5,Not at intersection,2,30,Local Road
T20230003118,2023/2/8,17:53:00,1,Collision with vehicle,3,Wednesday,121,RIGHT THROUGH,1,698463,2,0,1,0,2,3,1,2,T intersection,2,70,Arterial Other
T20230005639,2023/2/8,11:03:00,2,Struck Pedestrian,4,Wednesday,104,PED WALKING WITH TRAFFIC,9,786699,1,0,0,1,1,2,2,5,Not at intersection,3,50,Local Road
T20230003941,2023/2/8,9:00:00,1,Collision with vehicle,4,Wednesday,130,REAR END(VEHICLES IN SAME LANE),1,304636,2,0,1,0,1,2,2,1,Cross intersection,2,40,Local Road
T20230003093,2023/2/8,12:30:00,1,Collision with vehicle,4,Wednesday,113,RIGHT NEAR (INTERSECTIONS ONLY),1,759724,2,0,1,0,1,2,1,2,T intersection,2,80,Arterial Other
T20230003116,2023/2/8,14:15:00,2,Struck Pedestrian,4,Wednesday,100,PED NEAR SIDE. PED HIT BY VEHICLE FROM THE RIGHT.,1,754076,1,0,0,1,1,2,1,5,Not at intersection,3,40,Local Road
T20230003115,2023/2/8,17:42:00,1,Collision with vehicle,3,Wednesday,130,REAR END(VEHICLES IN SAME LANE),1,753169,2,0,0,1,2,3,1,5,Not at intersection,3,60,Arterial Other
T20230003111,2023/2/8,15:18:00,1,Collision with vehicle,4,Wednesday,130,REAR END(VEHICLES IN SAME LANE),1,753390,2,0,0,1,1,2,1,5,Not at intersection,3,60,Arterial Highway
T20230011192,2023/2/8,18:03:00,1,Collision with vehicle,3,Wednesday,113,RIGHT NEAR (INTERSECTIONS ONLY),2,42680,2,0,0,1,1,2,1,2,T intersection,3,80,Arterial Other
T20230003204,2023/2/9,16:24:00,1,Collision with vehicle,4,Thursday,154,PULLING OUT -REAR END,1,762364,2,0,1,0,1,2,1,5,Not at intersection,2,70,Arterial Other
T20230003199,2023/2/9,11:50:00,1,Collision with vehicle,5,Thursday,130,REAR END(VEHICLES IN SAME LANE),1,755943,3,0,1,0,4,5,1,5,Not at intersection,2,40,Arterial Other
T20230003172,2023/2/9,8:15:00,1,Collision with vehicle,4,Thursday,119,OTHER ADJACENT (INTERSECTIONS ONLY),1,36798,2,0,0,1,1,2,1,1,Cross intersection,3,60,Arterial Other