ACCIDENT_NO,ACCIDENT_DATE,ACCIDENT_TIME,ACCIDENT_TYPE,ACCIDENT_TYPE_DESC,DAY_OF_WEEK,DAY_WEEK_DESC,DCA_CODE,DCA_DESC,LIGHT_CONDITION,NODE_ID,NO_OF_VEHICLES,NO_PERSONS_KILLED,NO_PERSONS_INJ_2,NO_PERSONS_INJ_3,NO_PERSONS_NOT_INJ,NO_PERSONS,POLICE_ATTEND,ROAD_GEOMETRY,ROAD_GEOMETRY_DESC,SEVERITY,SPEED_ZONE,RMA
T20230003235,2023/2/9,22:10:00,1,Collision with vehicle,4,Thursday,140,U TURN,3,779233,2,0,0,1,2,3,1,5,Not at intersection,3,60,Arterial Other
T20230003198,2023/2/9,8:30:00,1,Collision with vehicle,5,Thursday,163,VEHICLE STRIKES DOOR OF PARKED/STATIONARY VEHICLE,1,66052,2,0,0,1,1,2,1,2,T intersection,3,40,Local Road
T20230003341,2023/2/9,22:15:00,6,Vehicle overturned (no collision),5,Thursday,182,OFF CARRIAGEWAY ON LEFT BEND,5,795776,1,0,0,1,0,1,1,5,Not at intersection,3,100,Arterial Other
T20230003182,2023/2/9,12:04:00,1,Collision with vehicle,4,Thursday,131,LEFT REAR,1,759594,2,0,1,0,1,2,1,1,Cross intersection,2,100,Arterial Other
T20230003191,2023/2/9,10:45:00,1,Collision with vehicle,4,Thursday,140,U TURN,1,754070,2,0,1,1,0,2,1,2,T intersection,2,100,Arterial Other
T20230003968,2023/2/9,21:40:00,4,Collision with a fixed object,5,Thursday,173,RIGHT OFF CARRIAGEWAY INTO OBJECT/PARKED VEHICLE,5,755498,1,0,0,2,0,2,2,5,Not at intersection,3,999,Local Road
T20230003230,2023/2/9,19:19:00,1,Collision with vehicle,5,Thursday,159,OTHER OVERTAKING MANOEUVRES NOT INCLUDED IN DCAs 150-154,1,765397,2,1,0,1,0,2,1,5,Not at intersection,1,60,Arterial Other
T20230003588,2023/2/9,8:30:00,1,Collision with vehicle,5,Thursday,130,REAR END(VEHICLES IN SAME LANE),1,769282,2,0,0,1,1,2,2,5,Not at intersection,3,80,Arterial Other
T20230003229,2023/2/9,21:35:00,1,Collision with vehicle,5,Thursday,160,VEHICLE COLLIDES WITH VEHICLE PARKED ON LEFT OF ROAD,3,777997,2,0,0,1,0,1,1,5,Not at intersection,3,50,Local Road
T20230003228,2023/2/9,18:47:00,1,Collision with vehicle,4,Thursday,111,RIGHT FAR (INTERSECTIONS ONLY),1,44518,2,0,1,0,2,3,1,2,T intersection,2,999,Local Road
T20230014114,2023/2/9,17:30:00,1,Collision with vehicle,5,Thursday,130,REAR END(VEHICLES IN SAME LANE),2,57918,2,0,0,1,2,3,2,3,Y intersection,3,80,Arterial Highway
T20230003151,2023/2/9,8:35:00,1,Collision with vehicle,5,Thursday,137,LEFT TURN SIDESWIPE,1,38050,2,0,1,0,1,2,1,1,Cross intersection,2,60,Arterial Other
T20230003308,2023/2/9,8:33:00,8,No collision and no object struck,4,Thursday,179,OTHER ACCIDENTS-OFF STRAIGHT NOT INCLUDED IN DCAs 170-175,1,17569,1,0,0,1,0,1,1,1,Cross intersection,3,60,Arterial Other
T20230003226,2023/2/9,19:49:00,1,Collision with vehicle,5,Thursday,140,U TURN,1,774895,2,0,1,0,3,4,1,2,T intersection,2,60,Arterial Other
T20230003152,2023/2/9,8:20:00,1,Collision with vehicle,5,Thursday,113,RIGHT NEAR (INTERSECTIONS ONLY),1,42626,2,0,0,1,2,3,1,2,T intersection,3,50,Local Road
T20230003264,2023/2/9,16:30:00,1,Collision with vehicle,5,Thursday,147,VEHICLE STRIKES ANOTHER VEH WHILE EMERGING FROM DRIVEWAY,1,776109,2,0,0,1,1,2,2,5,Not at intersection,3,999,Arterial Other
T20230004449,2023/2/9,17:00:00,1,Collision with vehicle,5,Thursday,163,VEHICLE STRIKES DOOR OF PARKED/STATIONARY VEHICLE,1,778186,2,0,0,1,2,3,1,5,Not at intersection,3,40,Arterial Other
T20230003222,2023/2/9,14:14:00,1,Collision with vehicle,4,Thursday,130,REAR END(VEHICLES IN SAME LANE),1,783778,4,0,0,1,3,4,1,5,Not at intersection,3,80,Arterial Highway
T20230007919,2023/2/9,12:45:00,1,Collision with vehicle,5,Thursday,153,CUTTING IN (OVERTAKING),1,769297,2,0,0,1,1,2,2,5,Not at intersection,3,80,Local Road
T20230004370,2023/2/9,9:19:00,1,Collision with vehicle,5,Thursday,130,REAR END(VEHICLES IN SAME LANE),2,781030,2,0,0,1,1,2,2,5,Not at intersection,3,60,Arterial Other
T20230003359,2023/2/9,8:20:00,1,Collision with vehicle,5,Thursday,135,LANE CHANGE LEFT (NOT OVERTAKING),1,755294,2,0,0,1,1,2,1,5,Not at intersection,3,60,Arterial Highway
T20230003727,2023/2/9,15:57:00,1,Collision with vehicle,4,Thursday,111,RIGHT FAR (INTERSECTIONS ONLY),1,779005,2,0,0,1,1,2,1,2,T intersection,3,80,Arterial Other
T20230003433,2023/2/9,22:00:00,4,Collision with a fixed object,4,Thursday,173,RIGHT OFF CARRIAGEWAY INTO OBJECT/PARKED VEHICLE,3,783690,1,0,0,1,0,1,1,5,Not at intersection,3,60,Arterial Other
T20230003166,2023/2/9,7:06:00,1,Collision with vehicle,5,Thursday,130,REAR END(VEHICLES IN SAME LANE),1,754995,2,0,0,1,1,2,1,5,Not at intersection,3,70,Arterial Other
T20230004589,2023/2/9,7:50:00,1,Collision with vehicle,4,Thursday,135,LANE CHANGE LEFT (NOT OVERTAKING),1,783693,2,0,0,1,1,2,1,5,Not at intersection,3,70,Arterial Highway
T20230003148,2023/2/9,8:05:00,1,Collision with vehicle,5,Thursday,130,REAR END(VEHICLES IN SAME LANE),1,754552,2,0,0,1,1,2,1,5,Not at intersection,3,60,Local Road
T20230003147,2023/2/9,7:10:00,1,Collision with vehicle,4,Thursday,160,VEHICLE COLLIDES WITH VEHICLE PARKED ON LEFT OF ROAD,1,759326,3,0,0,1,1,2,1,5,Not at intersection,3,50,Local Road
T20230028376,2023/2/9,10:45:00,1,Collision with vehicle,5,Thursday,130,REAR END(VEHICLES IN SAME LANE),1,792746,2,0,0,1,1,2,2,2,T intersection,3,50,
T20230003145,2023/2/9,5:54:00,1,Collision with vehicle,5,Thursday,134,LANE CHANGE RIGHT (NOT OVERTAKING),3,757034,2,0,1,0,1,2,1,5,Not at intersection,2,100,Freeway
T20230003211,2023/2/9,14:40:00,2,Struck Pedestrian,4,Thursday,100,PED NEAR SIDE. PED HIT BY VEHICLE FROM THE RIGHT.,1,783692,1,0,0,1,1,2,2,5,Not at intersection,3,777,Local Road
T20230003208,2023/2/9,13:50:00,1,Collision with vehicle,5,Thursday,116,LEFT NEAR (INTERSECTIONS ONLY),1,254449,2,0,0,3,2,5,1,1,Cross intersection,3,60,Local Road
T20230003564,2023/2/9,8:10:00,1,Collision with vehicle,4,Thursday,137,LEFT TURN SIDESWIPE,1,783691,2,0,0,1,1,2,2,5,Not at intersection,3,80,Arterial Highway
T20230003265,2023/2/9,16:31:00,1,Collision with vehicle,4,Thursday,110,CROSS TRAFFIC(INTERSECTIONS ONLY),1,51247,2,0,0,1,3,4,1,1,Cross intersection,3,100,Arterial Highway
T20230003207,2023/2/9,16:45:00,4,Collision with a fixed object,5,Thursday,146,REVERSING INTO FIXED OBJECT/PARKED VEHICLE,1,754030,1,0,0,1,0,1,1,5,Not at intersection,3,40,Local Road
T20230003565,2023/2/9,15:00:00,1,Collision with vehicle,4,Thursday,110,CROSS TRAFFIC(INTERSECTIONS ONLY),1,52943,2,0,0,1,1,2,1,1,Cross intersection,3,60,Arterial Other
T20230003206,2023/2/9,15:25:00,1,Collision with vehicle,5,Thursday,148,VEHICLE OFF FOOTPATH STRIKES VEH ON CARRIAGEWAY,1,72671,2,0,0,1,1,2,2,1,Cross intersection,3,50,Local Road
T20230003177,2023/2/9,8:11:00,1,Collision with vehicle,5,Thursday,147,VEHICLE STRIKES ANOTHER VEH WHILE EMERGING FROM DRIVEWAY,1,754069,2,0,0,1,2,3,1,5,Not at intersection,3,70,Arterial Other
T20230010959,2023/2/9,16:15:00,1,Collision with vehicle,4,Thursday,130,REAR END(VEHICLES IN SAME LANE),1,779030,2,0,0,1,1,2,2,5,Not at intersection,3,999,Freeway
T20230003188,2023/2/9,13:30:00,1,Collision with vehicle,5,Thursday,121,RIGHT THROUGH,1,29738,2,0,0,1,1,2,1,1,Cross intersection,3,60,Arterial Other
T20230003185,2023/2/9,13:18:00,1,Collision with vehicle,5,Thursday,130,REAR END(VEHICLES IN SAME LANE),1,774348,2,0,0,1,1,2,1,1,Cross intersection,3,60,Local Road
T20230003184,2023/2/9,13:20:00,1,Collision with vehicle,5,Thursday,121,RIGHT THROUGH,1,753391,2,0,0,1,1,2,1,5,Not at intersection,3,40,Local Road
T20230003340,2023/2/9,10:30:00,1,Collision with vehicle,5,Thursday,121,RIGHT THROUGH,1,753784,2,0,1,1,0,2,1,5,Not at intersection,2,50,Local Road
T20230003295,2023/2/10,17:20:00,1,Collision with vehicle,6,Friday,121,RIGHT THROUGH,1,778180,2,0,0,4,3,7,1,1,Cross intersection,3,80,Arterial Highway
T20230003294,2023/2/10,17:00:00,2,Struck Pedestrian,6,Friday,101,PED EMERGES FROM IN FRONT OF PARKED OR STATIONARY VEHICLE,1,753597,1,0,2,0,1,3,1,5,Not at intersection,2,60,Local Road
T20230003293,2023/2/10,15:30:00,1,Collision with vehicle,5,Friday,121,RIGHT THROUGH,1,755593,2,0,0,1,1,2,1,1,Cross intersection,3,60,Local Road
T20230003292,2023/2/10,17:30:00,1,Collision with vehicle,6,Friday,163,VEHICLE STRIKES DOOR OF PARKED/STATIONARY VEHICLE,1,753596,3,0,0,1,2,3,1,5,Not at intersection,3,40,Local Road
T20230003291,2023/2/10,15:00:00,1,Collision with vehicle,6,Friday,137,LEFT TURN SIDESWIPE,1,68673,2,0,0,1,1,2,2,2,T intersection,3,60,Local Road
T20230003290,2023/2/10,16:40:00,1,Collision with vehicle,6,Friday,147,VEHICLE STRIKES ANOTHER VEH WHILE EMERGING FROM DRIVEWAY,9,754654,2,0,0,1,1,2,2,5,Not at intersection,3,999,Local Road
T20230003286,2023/2/10,17:10:00,1,Collision with vehicle,5,Friday,133,LANE SIDE SWIPE (VEHICLES IN PARALLEL LANES),1,753687,2,0,0,1,1,2,1,5,Not at intersection,3,40,Local Road
T20230003285,2023/2/10,15:40:00,2,Struck Pedestrian,6,Friday,100,PED NEAR SIDE. PED HIT BY VEHICLE FROM THE RIGHT.,1,39235,1,0,0,1,1,2,1,2,T intersection,3,60,Arterial Other
T20230003284,2023/2/10,15:54:00,2,Struck Pedestrian,5,Friday,100,PED NEAR SIDE. PED HIT BY VEHICLE FROM THE RIGHT.,1,35414,1,0,0,1,1,2,1,3,Y intersection,3,60,Arterial Other
T20230003283,2023/2/10,11:20:00,4,Collision with a fixed object,6,Friday,175,OFF END OF ROAD/T-INTERSECTION.,1,754766,1,0,1,0,0,1,1,2,T intersection,2,100,Local Road
T20230003281,2023/2/10,11:50:00,6,Vehicle overturned (no collision),6,Friday,182,OFF CARRIAGEWAY ON LEFT BEND,1,753595,1,0,0,1,0,1,1,5,Not at intersection,3,80,Arterial Other
T20230012347,2023/2/10,9:00:00,4,Collision with a fixed object,5,Friday,179,OTHER ACCIDENTS-OFF STRAIGHT NOT INCLUDED IN DCAs 170-175,1,781205,1,0,0,1,0,1,2,5,Not at intersection,3,50,Local Road
T20230006160,2023/2/10,22:30:00,4,Collision with a fixed object,6,Friday,164,PERMANENT OBSTRUCTION ON CARRIAGEWAY,5,761165,1,0,0,2,0,2,2,5,Not at intersection,3,888,Local Road
T20230003272,2023/2/10,8:00:00,1,Collision with vehicle,5,Friday,113,RIGHT NEAR (INTERSECTIONS ONLY),1,64891,2,0,0,1,1,2,1,2,T intersection,3,50,Local Road
T20230003507,2023/2/10,14:45:00,1,Collision with vehicle,6,Friday,130,REAR END(VEHICLES IN SAME LANE),1,813,2,0,1,0,1,2,2,1,Cross intersection,2,70,Arterial Other
T20230003736,2023/2/10,9:00:00,1,Collision with vehicle,6,Friday,129,OTHER OPPOSING MANOEUVRES NOT INCLUDED IN DCAs 120-125.,1,43129,2,0,0,1,1,2,1,1,Cross intersection,3,50,Local Road
T20230003297,2023/2/10,17:15:00,1,Collision with vehicle,6,Friday,134,LANE CHANGE RIGHT (NOT OVERTAKING),1,779018,3,0,0,1,3,4,2,5,Not at intersection,3,50,Local Road
T20230003267,2023/2/10,12:16:00,1,Collision with vehicle,6,Friday,110,CROSS TRAFFIC(INTERSECTIONS ONLY),1,684171,2,0,1,0,2,3,1,1,Cross intersection,2,100,Local Road
T20230003263,2023/2/10,8:20:00,1,Collision with vehicle,6,Friday,137,LEFT TURN SIDESWIPE,1,753952,2,0,0,1,1,2,1,2,T intersection,3,60,Arterial Other
T20230003262,2023/2/10,6:55:00,4,Collision with a fixed object,6,Friday,181,OFF RIGHT BEND INTO OBJECT/PARKED VEHICLE,1,755944,1,0,0,1,0,1,1,5,Not at intersection,3,50,Local Road
T20230003259,2023/2/10,10:15:00,2,Struck Pedestrian,6,Friday,100,PED NEAR SIDE. PED HIT BY VEHICLE FROM THE RIGHT.,1,763463,1,0,0,1,1,2,1,2,T intersection,3,50,Local Road
T20230003258,2023/2/10,11:37:00,1,Collision with vehicle,6,Friday,135,LANE CHANGE LEFT (NOT OVERTAKING),1,755708,4,0,1,0,4,5,1,2,T intersection,2,80,Arterial Highway
T20230003742,2023/2/10,16:38:00,1,Collision with vehicle,5,Friday,133,LANE SIDE SWIPE (VEHICLES IN PARALLEL LANES),1,783701,2,0,0,1,1,2,1,5,Not at intersection,3,60,Arterial Highway
T20230004985,2023/2/10,15:05:00,1,Collision with vehicle,5,Friday,150,HEAD ON(OVERTAKING),1,758281,3,0,0,1,2,3,1,5,Not at intersection,3,40,Arterial Other
T20230003309,2023/2/10,18:29:00,1,Collision with vehicle,5,Friday,130,REAR END(VEHICLES IN SAME LANE),1,778999,2,0,0,1,1,2,1,5,Not at intersection,3,100,Freeway
T20230004953,2023/2/10,15:30:00,1,Collision with vehicle,6,Friday,130,REAR END(VEHICLES IN SAME LANE),1,41339,2,0,0,1,1,2,2,1,Cross intersection,3,60,Arterial Highway
T20230004141,2023/2/10,13:50:00,8,No collision and no object struck,6,Friday,174,OUT OF CONTROL ON CARRIAGEWAY (ON STRAIGHT),1,37408,1,0,0,1,0,1,2,1,Cross intersection,3,40,Arterial Other
T20230003975,2023/2/10,15:25:00,1,Collision with vehicle,5,Friday,130,REAR END(VEHICLES IN SAME LANE),1,773719,2,0,0,1,1,2,2,2,T intersection,3,100,Freeway
T20230003299,2023/2/10,17:15:00,1,Collision with vehicle,6,Friday,111,RIGHT FAR (INTERSECTIONS ONLY),1,755945,2,0,1,0,1,2,1,1,Cross intersection,2,100,Arterial Other
T20230003300,2023/2/10,16:40:00,1,Collision with vehicle,5,Friday,130,REAR END(VEHICLES IN SAME LANE),1,753783,3,0,0,1,3,4,1,5,Not at intersection,3,40,Arterial Highway
T20230003303,2023/2/10,15:00:00,1,Collision with vehicle,6,Friday,121,RIGHT THROUGH,1,40573,2,0,0,2,0,2,2,2,T intersection,3,60,Arterial Highway
T20230003304,2023/2/10,13:30:00,6,Vehicle overturned (no collision),6,Friday,180,OFF CARRIAGEWAY ON RIGHT BEND,1,753598,1,0,1,0,0,1,2,5,Not at intersection,2,100,Arterial Other
T20230003305,2023/2/10,17:00:00,1,Collision with vehicle,6,Friday,113,RIGHT NEAR (INTERSECTIONS ONLY),1,228000,2,0,0,1,1,2,1,2,T intersection,3,60,Local Road
T20230003306,2023/2/10,18:40:00,6,Vehicle overturned (no collision),6,Friday,182,OFF CARRIAGEWAY ON LEFT BEND,1,755606,1,0,1,0,0,1,1,5,Not at intersection,2,100,Arterial Other
T20230003310,2023/2/10,18:00:00,1,Collision with vehicle,6,Friday,137,LEFT TURN SIDESWIPE,1,38006,2,0,0,1,1,2,2,2,T intersection,3,60,Arterial Other
T20230003312,2023/2/10,16:48:00,4,Collision with a fixed object,6,Friday,171,LEFT OFF CARRIAGEWAY INTO OBJECT/PARKED VEHICLE,1,757873,1,0,0,1,1,2,1,2,T intersection,3,60,Local Road
T20230003313,2023/2/10,17:56:00,1,Collision with vehicle,6,Friday,132,RIGHT REAR.,1,273560,2,0,0,1,2,3,1,2,T intersection,3,999,Local Road
T20230003314,2023/2/10,19:00:00,6,Vehicle overturned (no collision),6,Friday,184,OUT OF CONTROL ON CARRIAGEWAY (ON BEND),1,754315,1,0,1,0,0,1,1,5,Not at intersection,2,80,Freeway
T20230003320,2023/2/10,21:29:00,1,Collision with vehicle,5,Friday,130,REAR END(VEHICLES IN SAME LANE),5,758014,3,0,1,1,3,5,1,5,Not at intersection,2,100,Freeway
T20230003321,2023/2/10,20:10:00,4,Collision with a fixed object,6,Friday,183,OFF LEFT BEND INTO OBJECT/PARKED VEHICLE,2,758169,1,0,1,0,1,2,1,5,Not at intersection,2,100,Arterial Other
T20230003323,2023/2/10,22:10:00,5,collision with some other object,6,Friday,175,OFF END OF ROAD/T-INTERSECTION.,5,59045,1,0,1,0,0,1,1,2,T intersection,2,100,Local Road
T20230003325,2023/2/10,21:30:00,2,Struck Pedestrian,6,Friday,100,PED NEAR SIDE. PED HIT BY VEHICLE FROM THE RIGHT.,3,65713,1,0,1,0,1,2,1,2,T intersection,2,50,Local Road
T20230003326,2023/2/10,23:30:00,6,Vehicle overturned (no collision),5,Friday,180,OFF CARRIAGEWAY ON RIGHT BEND,5,779019,2,0,0,1,3,4,1,3,Y intersection,3,80,Arterial Other
T20230003327,2023/2/10,5:50:00,1,Collision with vehicle,5,Friday,136,RIGHT TURN SIDESWIPE,2,778816,2,0,0,1,1,2,1,5,Not at intersection,3,60,Arterial Other
T20230003328,2023/2/10,22:30:00,1,Collision with vehicle,6,Friday,139,OTHER SAME DIRECTION-MANOUEVRES NOT INCLUDED IN DCAs 130-137,3,753973,2,0,1,2,1,4,1,5,Not at intersection,2,80,Arterial Highway
T20230004197,2023/2/10,6:30:00,1,Collision with vehicle,5,Friday,116,LEFT NEAR (INTERSECTIONS ONLY),1,38688,2,0,0,1,2,3,1,1,Cross intersection,3,50,Arterial Highway
T20230003329,2023/2/10,23:30:00,1,Collision with vehicle,5,Friday,121,RIGHT THROUGH,3,35723,2,0,0,1,1,2,1,2,T intersection,3,70,Freeway
T20230008122,2023/2/10,12:00:00,4,Collision with a fixed object,5,Friday,173,RIGHT OFF CARRIAGEWAY INTO OBJECT/PARKED VEHICLE,1,771201,1,0,0,1,0,1,2,5,Not at intersection,3,100,Local Road
T20230003256,2023/2/10,7:15:00,1,Collision with vehicle,6,Friday,110,CROSS TRAFFIC(INTERSECTIONS ONLY),1,16889,2,1,0,1,0,2,1,1,Cross intersection,1,999,Arterial Other
T20230003247,2023/2/10,8:46:00,1,Collision with vehicle,6,Friday,119,OTHER ADJACENT (INTERSECTIONS ONLY),1,48046,2,0,0,1,1,2,1,2,T intersection,3,50,Arterial Other
T20230003245,2023/2/10,9:30:00,4,Collision with a fixed object,6,Friday,171,LEFT OFF CARRIAGEWAY INTO OBJECT/PARKED VEHICLE,1,753971,1,0,1,0,0,1,1,5,Not at intersection,2,80,Local Road
T20230003243,2023/2/10,8:58:00,1,Collision with vehicle,5,Friday,110,CROSS TRAFFIC(INTERSECTIONS ONLY),2,59154,2,0,0,1,1,2,1,1,Cross intersection,3,50,Local Road
T20230003333,2023/2/10,16:15:00,1,Collision with vehicle,5,Friday,130,REAR END(VEHICLES IN SAME LANE),1,360501,3,0,0,1,2,3,1,2,T intersection,3,60,Freeway
T20230003238,2023/2/10,5:20:00,1,Collision with vehicle,5,Friday,110,CROSS TRAFFIC(INTERSECTIONS ONLY),2,52938,2,0,0,2,0,2,1,1,Cross intersection,3,60,Arterial Other
T20230003342,2023/2/10,12:45:00,1,Collision with vehicle,5,Friday,163,VEHICLE STRIKES DOOR OF PARKED/STATIONARY VEHICLE,1,754305,2,0,0,1,1,2,2,5,Not at intersection,3,40,Local Road
T20230003350,2023/2/11,11:15:00,1,Collision with vehicle,6,Saturday,121,RIGHT THROUGH,1,760014,2,0,0,1,1,2,1,2,T intersection,3,60,Arterial Other
T20230003367,2023/2/11,11:30:00,1,Collision with vehicle,7,Saturday,130,REAR END(VEHICLES IN SAME LANE),1,756816,2,0,1,1,1,3,1,5,Not at intersection,2,60,Arterial Other
T20230003472,2023/2/11,13:30:00,1,Collision with vehicle,7,Saturday,130,REAR END(VEHICLES IN SAME LANE),1,755947,2,0,0,1,1,2,2,5,Not at intersection,3,60,Arterial Other
T20230003846,2023/2/11,8:51:00,1,Collision with vehicle,7,Saturday,121,RIGHT THROUGH,1,296486,2,0,0,1,1,2,1,2,T intersection,3,80,Arterial Other
T20230012102,2023/2/11,16:30:00,1,Collision with vehicle,6,Saturday,139,OTHER SAME DIRECTION-MANOUEVRES NOT INCLUDED IN DCAs 130-137,9,49839,2,0,0,1,1,2,2,1,Cross intersection,3,40,Arterial Other
T20230003349,2023/2/11,9:08:00,4,Collision with a fixed object,6,Saturday,171,LEFT OFF CARRIAGEWAY INTO OBJECT/PARKED VEHICLE,1,783712,1,0,0,2,0,2,1,5,Not at intersection,3,50,Local Road
T20230003393,2023/2/11,18:11:00,6,Vehicle overturned (no collision),6,Saturday,170,OFF CARRIAGEWAY TO LEFT,1,783578,1,0,0,1,0,1,1,5,Not at intersection,3,50,Arterial Other
T20230003399,2023/2/11,23:30:00,8,No collision and no object struck,7,Saturday,174,OUT OF CONTROL ON CARRIAGEWAY (ON STRAIGHT),3,660338,1,0,0,1,0,1,1,5,Not at intersection,3,888,Arterial Highway
T20230003354,2023/2/11,9:30:00,1,Collision with vehicle,7,Saturday,121,RIGHT THROUGH,1,753786,2,0,1,1,2,4,1,4,Multiple intersection,2,80,Arterial Highway
T20230003387,2023/2/11,16:27:00,1,Collision with vehicle,7,Saturday,147,VEHICLE STRIKES ANOTHER VEH WHILE EMERGING FROM DRIVEWAY,1,753878,2,0,0,1,1,2,1,5,Not at intersection,3,50,Local Road
T20230003377,2023/2/11,15:00:00,4,Collision with a fixed object,6,Saturday,181,OFF RIGHT BEND INTO OBJECT/PARKED VEHICLE,1,783541,1,0,0,1,0,1,1,5,Not at intersection,3,100,Arterial Other
T20230003382,2023/2/11,15:59:00,1,Collision with vehicle,7,Saturday,110,CROSS TRAFFIC(INTERSECTIONS ONLY),1,43788,2,1,1,2,2,6,1,1,Cross intersection,1,60,Arterial Other
T20230003397,2023/2/11,23:00:00,1,Collision with vehicle,7,Saturday,116,LEFT NEAR (INTERSECTIONS ONLY),3,354492,2,0,0,1,1,2,1,1,Cross intersection,3,60,Arterial Highway
T20230003356,2023/2/11,13:00:00,4,Collision with a fixed object,7,Saturday,181,OFF RIGHT BEND INTO OBJECT/PARKED VEHICLE,1,755605,1,0,1,0,0,1,1,5,Not at intersection,2,100,Arterial Highway
T20230006201,2023/2/11,17:55:00,1,Collision with vehicle,6,Saturday,121,RIGHT THROUGH,1,29766,2,0,1,4,0,5,1,1,Cross intersection,2,60,Arterial Highway
T20230003383,2023/2/11,16:10:00,6,Vehicle overturned (no collision),7,Saturday,174,OUT OF CONTROL ON CARRIAGEWAY (ON STRAIGHT),1,754074,1,0,1,0,0,1,1,5,Not at intersection,2,70,Arterial Highway
T20230003372,2023/2/11,14:43:00,1,Collision with vehicle,7,Saturday,121,RIGHT THROUGH,1,660522,2,0,0,3,0,3,1,1,Cross intersection,3,70,Arterial Other
T20230003977,2023/2/11,19:30:00,6,Vehicle overturned (no collision),7,Saturday,184,OUT OF CONTROL ON CARRIAGEWAY (ON BEND),2,270301,1,0,1,1,0,2,9,3,Y intersection,2,80,Local Road
T20230003348,2023/2/11,12:00:00,8,No collision and no object struck,7,Saturday,174,OUT OF CONTROL ON CARRIAGEWAY (ON STRAIGHT),1,753877,1,0,1,0,0,1,1,5,Not at intersection,2,100,Arterial Other
T20230003346,2023/2/11,9:14:00,1,Collision with vehicle,6,Saturday,121,RIGHT THROUGH,1,359981,2,0,0,1,2,3,1,1,Cross intersection,3,60,Arterial Highway
T20230005859,2023/2/11,21:17:00,1,Collision with vehicle,6,Saturday,132,RIGHT REAR.,2,36967,2,0,0,1,1,2,1,1,Cross intersection,3,40,Local Road
T20230003344,2023/2/11,7:20:00,1,Collision with vehicle,6,Saturday,148,VEHICLE OFF FOOTPATH STRIKES VEH ON CARRIAGEWAY,1,768774,2,0,0,1,1,2,1,5,Not at intersection,3,50,Arterial Other
T20230003768,2023/2/11,15:44:00,1,Collision with vehicle,6,Saturday,130,REAR END(VEHICLES IN SAME LANE),1,759598,2,0,0,1,2,3,2,5,Not at intersection,3,999,Arterial Highway
T20230003394,2023/2/11,20:10:00,4,Collision with a fixed object,6,Saturday,151,OUT OF CONTROL (OVERTAKING),2,778076,1,0,0,1,0,1,1,5,Not at intersection,3,60,Local Road
T20230003355,2023/2/11,12:34:00,1,Collision with vehicle,7,Saturday,140,U TURN,1,62881,2,0,0,3,1,4,1,2,T intersection,3,60,Arterial Other
T20230003366,2023/2/11,15:00:00,1,Collision with vehicle,6,Saturday,130,REAR END(VEHICLES IN SAME LANE),1,757388,4,0,1,0,3,4,1,5,Not at intersection,2,60,Arterial Other
T20230004857,2023/2/11,9:50:00,1,Collision with vehicle,6,Saturday,130,REAR END(VEHICLES IN SAME LANE),1,778323,3,0,0,1,3,4,2,5,Not at intersection,3,60,Arterial Highway
T20230003352,2023/2/11,11:51:00,1,Collision with vehicle,7,Saturday,121,RIGHT THROUGH,1,40712,2,0,0,1,1,2,1,1,Cross intersection,3,60,Arterial Other
T20230003384,2023/2/11,14:55:00,1,Collision with vehicle,6,Saturday,147,VEHICLE STRIKES ANOTHER VEH WHILE EMERGING FROM DRIVEWAY,1,45490,2,0,0,1,2,3,1,2,T intersection,3,60,Arterial Other
T20230003339,2023/2/11,7:13:00,1,Collision with vehicle,7,Saturday,160,VEHICLE COLLIDES WITH VEHICLE PARKED ON LEFT OF ROAD,1,754444,2,0,0,1,0,1,1,5,Not at intersection,3,50,Local Road
T20230003681,2023/2/11,10:05:00,2,Struck Pedestrian,6,Saturday,109,ANY MANOEUVRE INVOLVING PED NOT INCLUDED IN DCAs 100-108.,1,767721,1,0,1,0,1,2,1,5,Not at intersection,2,50,Arterial Highway
T20230003581,2023/2/11,7:50:00,1,Collision with vehicle,7,Saturday,147,VEHICLE STRIKES ANOTHER VEH WHILE EMERGING FROM DRIVEWAY,1,754451,2,0,0,1,1,2,2,5,Not at intersection,3,50,Local Road
T20230003343,2023/2/11,3:00:00,4,Collision with a fixed object,6,Saturday,171,LEFT OFF CARRIAGEWAY INTO OBJECT/PARKED VEHICLE,5,776418,1,0,1,0,0,1,1,5,Not at intersection,2,80,Local Road
T20230003351,2023/2/11,11:00:00,1,Collision with vehicle,6,Saturday,130,REAR END(VEHICLES IN SAME LANE),1,769968,3,0,0,1,3,4,2,5,Not at intersection,3,999,Arterial Other
T20230003504,2023/2/11,23:00:00,1,Collision with vehicle,6,Saturday,120,HEAD ON (NOT OVERTAKING),6,758675,2,0,1,0,1,2,2,5,Not at intersection,2,60,Arterial Other
T20230003391,2023/2/11,19:32:00,1,Collision with vehicle,7,Saturday,163,VEHICLE STRIKES DOOR OF PARKED/STATIONARY VEHICLE,2,753879,3,0,0,1,2,3,1,5,Not at intersection,3,40,Local Road