ACCIDENT_NO,ACCIDENT_DATE,ACCIDENT_TIME,ACCIDENT_TYPE,ACCIDENT_TYPE_DESC,DAY_OF_WEEK,DAY_WEEK_DESC,DCA_CODE,DCA_DESC,LIGHT_CONDITION,NODE_ID,NO_OF_VEHICLES,NO_PERSONS_KILLED,NO_PERSONS_INJ_2,NO_PERSONS_INJ_3,NO_PERSONS_NOT_INJ,NO_PERSONS,POLICE_ATTEND,ROAD_GEOMETRY,ROAD_GEOMETRY_DESC,SEVERITY,SPEED_ZONE,RMA
T20230004101,2023/2/11,10:00:00,4,Collision with a fixed object,6,Saturday,146,REVERSING INTO FIXED OBJECT/PARKED VEHICLE,1,759708,1,0,0,1,0,1,2,5,Not at intersection,3,999,Local Road
T20230003392,2023/2/11,21:40:00,6,Vehicle overturned (no collision),7,Saturday,174,OUT OF CONTROL ON CARRIAGEWAY (ON STRAIGHT),3,753944,1,0,1,0,0,1,1,5,Not at intersection,2,60,Arterial Other
T20230003363,2023/2/11,12:45:00,1,Collision with vehicle,6,Saturday,131,LEFT REAR,1,777640,2,0,0,1,1,2,1,5,Not at intersection,3,50,Local Road
T20230003870,2023/2/11,10:00:00,6,Vehicle overturned (no collision),7,Saturday,174,OUT OF CONTROL ON CARRIAGEWAY (ON STRAIGHT),1,758261,1,0,0,1,0,1,2,5,Not at intersection,3,50,Local Road
T20230003401,2023/2/11,23:05:00,1,Collision with vehicle,7,Saturday,121,RIGHT THROUGH,3,754314,2,0,1,0,2,3,1,2,T intersection,2,50,Local Road
T20230003386,2023/2/11,17:48:00,6,Vehicle overturned (no collision),7,Saturday,184,OUT OF CONTROL ON CARRIAGEWAY (ON BEND),1,763561,1,0,1,0,0,1,1,5,Not at intersection,2,50,Local Road
T20230003358,2023/2/11,13:30:00,1,Collision with vehicle,7,Saturday,110,CROSS TRAFFIC(INTERSECTIONS ONLY),1,43858,2,0,2,1,3,6,1,1,Cross intersection,2,80,Arterial Highway
T20230003357,2023/2/11,12:12:00,1,Collision with vehicle,6,Saturday,121,RIGHT THROUGH,1,779020,2,0,0,1,1,2,1,5,Not at intersection,3,50,Local Road
T20230003400,2023/2/11,23:05:00,1,Collision with vehicle,7,Saturday,130,REAR END(VEHICLES IN SAME LANE),5,779000,2,0,0,1,1,2,1,5,Not at intersection,3,100,Freeway
T20230003368,2023/2/11,14:15:00,3,Struck animal,6,Saturday,167,STRUCK ANIMAL,1,759485,1,0,1,0,0,1,1,5,Not at intersection,2,100,Arterial Other
T20230003678,2023/2/11,20:30:00,1,Collision with vehicle,7,Saturday,130,REAR END(VEHICLES IN SAME LANE),2,759707,4,0,0,1,6,7,1,5,Not at intersection,3,60,Arterial Other
T20230005064,2023/2/11,14:20:00,6,Vehicle overturned (no collision),6,Saturday,170,OFF CARRIAGEWAY TO LEFT,1,783576,1,0,0,1,0,1,1,5,Not at intersection,3,100,Local Road
T20230003428,2023/2/12,10:55:00,1,Collision with vehicle,0,Sunday,110,CROSS TRAFFIC(INTERSECTIONS ONLY),1,779021,2,0,0,3,4,7,1,1,Cross intersection,3,60,Local Road
T20230003442,2023/2/12,16:50:00,1,Collision with vehicle,1,Sunday,121,RIGHT THROUGH,1,358547,3,0,1,1,5,7,1,1,Cross intersection,2,60,Arterial Other
T20230003441,2023/2/12,11:45:00,8,No collision and no object struck,1,Sunday,182,OFF CARRIAGEWAY ON LEFT BEND,1,754556,1,0,1,0,0,1,1,5,Not at intersection,2,100,Arterial Other
T20230003440,2023/2/12,11:45:00,4,Collision with a fixed object,1,Sunday,181,OFF RIGHT BEND INTO OBJECT/PARKED VEHICLE,1,758747,1,0,2,2,0,4,1,5,Not at intersection,2,100,Arterial Other
T20230003437,2023/2/12,11:00:00,4,Collision with a fixed object,0,Sunday,171,LEFT OFF CARRIAGEWAY INTO OBJECT/PARKED VEHICLE,1,777696,1,0,1,0,0,1,1,5,Not at intersection,2,100,Local Road
T20230003445,2023/2/12,15:45:00,1,Collision with vehicle,1,Sunday,120,HEAD ON (NOT OVERTAKING),1,765767,2,0,0,1,1,2,1,5,Not at intersection,3,80,Arterial Highway
T20230003426,2023/2/12,11:40:00,1,Collision with vehicle,1,Sunday,116,LEFT NEAR (INTERSECTIONS ONLY),1,50097,3,0,0,1,4,5,1,1,Cross intersection,3,60,Arterial Other
T20230003446,2023/2/12,15:57:00,4,Collision with a fixed object,0,Sunday,173,RIGHT OFF CARRIAGEWAY INTO OBJECT/PARKED VEHICLE,1,781280,1,0,0,1,0,1,1,5,Not at intersection,3,100,Local Road
T20230003415,2023/2/12,5:45:00,4,Collision with a fixed object,1,Sunday,173,RIGHT OFF CARRIAGEWAY INTO OBJECT/PARKED VEHICLE,3,755839,1,0,0,1,0,1,1,5,Not at intersection,3,60,Arterial Other
T20230003414,2023/2/12,7:43:00,4,Collision with a fixed object,1,Sunday,175,OFF END OF ROAD/T-INTERSECTION.,1,46355,1,1,0,0,0,1,1,2,T intersection,1,60,Freeway
T20230003412,2023/2/12,8:54:00,1,Collision with vehicle,1,Sunday,160,VEHICLE COLLIDES WITH VEHICLE PARKED ON LEFT OF ROAD,1,35300,2,0,1,0,0,1,1,2,T intersection,2,50,Arterial Highway
T20230003464,2023/2/12,22:35:00,7,Fall from or in moving vehicle,1,Sunday,170,OFF CARRIAGEWAY TO LEFT,3,781883,1,0,0,1,0,1,1,5,Not at intersection,3,50,Local Road
T20230003493,2023/2/12,11:00:00,6,Vehicle overturned (no collision),1,Sunday,174,OUT OF CONTROL ON CARRIAGEWAY (ON STRAIGHT),1,759596,1,0,0,1,0,1,2,2,T intersection,3,60,Arterial Other
T20230003461,2023/2/12,22:35:00,4,Collision with a fixed object,1,Sunday,171,LEFT OFF CARRIAGEWAY INTO OBJECT/PARKED VEHICLE,3,754307,1,0,0,1,0,1,1,2,T intersection,3,50,Local Road
T20230004228,2023/2/12,11:36:00,1,Collision with vehicle,0,Sunday,130,REAR END(VEHICLES IN SAME LANE),1,757834,2,0,0,3,1,4,2,5,Not at intersection,3,80,Arterial Other
T20230003510,2023/2/12,13:38:00,1,Collision with vehicle,0,Sunday,130,REAR END(VEHICLES IN SAME LANE),1,779559,2,0,0,1,1,2,1,5,Not at intersection,3,60,Arterial Highway
T20230003509,2023/2/12,22:45:00,4,Collision with a fixed object,1,Sunday,171,LEFT OFF CARRIAGEWAY INTO OBJECT/PARKED VEHICLE,3,754448,1,0,0,1,0,1,2,5,Not at intersection,3,50,Local Road
T20230004103,2023/2/12,11:10:00,1,Collision with vehicle,1,Sunday,111,RIGHT FAR (INTERSECTIONS ONLY),1,51060,2,0,0,1,1,2,1,2,T intersection,3,60,Arterial Highway
T20230003467,2023/2/12,0:58:00,6,Vehicle overturned (no collision),1,Sunday,180,OFF CARRIAGEWAY ON RIGHT BEND,5,755843,1,0,1,2,0,3,1,5,Not at intersection,2,60,Local Road
T20230003403,2023/2/12,1:12:00,1,Collision with vehicle,0,Sunday,111,RIGHT FAR (INTERSECTIONS ONLY),3,611888,3,0,0,5,4,9,1,2,T intersection,3,60,Local Road
T20230003411,2023/2/12,8:00:00,1,Collision with vehicle,1,Sunday,110,CROSS TRAFFIC(INTERSECTIONS ONLY),1,256561,2,0,1,0,3,4,1,1,Cross intersection,2,60,Local Road
T20230006097,2023/2/12,16:00:00,1,Collision with vehicle,1,Sunday,130,REAR END(VEHICLES IN SAME LANE),1,761377,2,0,0,1,1,2,2,5,Not at intersection,3,999,Freeway
T20230026782,2023/2/12,14:20:00,4,Collision with a fixed object,0,Sunday,173,RIGHT OFF CARRIAGEWAY INTO OBJECT/PARKED VEHICLE,1,787100,1,0,0,1,1,2,2,5,Not at intersection,3,999,
T20230003449,2023/2/12,17:22:00,1,Collision with vehicle,1,Sunday,121,RIGHT THROUGH,1,35517,2,0,1,1,1,3,1,1,Cross intersection,2,60,Arterial Other
T20230003432,2023/2/12,12:00:00,4,Collision with a fixed object,1,Sunday,181,OFF RIGHT BEND INTO OBJECT/PARKED VEHICLE,1,767133,1,0,1,0,0,1,1,5,Not at intersection,2,100,Local Road
T20230003408,2023/2/12,0:18:00,2,Struck Pedestrian,1,Sunday,102,FAR SIDE. PED HIT BY VEHICLE FROM THE LEFT,6,774321,1,0,1,0,1,2,1,5,Not at intersection,2,50,Local Road
T20230003844,2023/2/12,16:30:00,1,Collision with vehicle,0,Sunday,130,REAR END(VEHICLES IN SAME LANE),1,780325,3,0,0,1,2,3,2,5,Not at intersection,3,60,Freeway
T20230003434,2023/2/12,10:48:00,4,Collision with a fixed object,0,Sunday,171,LEFT OFF CARRIAGEWAY INTO OBJECT/PARKED VEHICLE,1,781609,1,0,1,0,0,1,1,5,Not at intersection,2,60,Arterial Highway
T20230003429,2023/2/12,11:37:00,4,Collision with a fixed object,1,Sunday,181,OFF RIGHT BEND INTO OBJECT/PARKED VEHICLE,1,755946,1,0,0,2,0,2,1,5,Not at intersection,3,100,Local Road
T20230004523,2023/2/12,15:00:00,1,Collision with vehicle,0,Sunday,121,RIGHT THROUGH,9,1288,2,0,0,1,1,2,2,2,T intersection,3,60,Arterial Other
T20230003535,2023/2/13,21:55:00,3,Struck animal,2,Monday,167,STRUCK ANIMAL,5,754450,1,0,1,0,0,1,1,5,Not at intersection,2,80,Local Road
T20230003536,2023/2/13,21:15:00,1,Collision with vehicle,2,Monday,160,VEHICLE COLLIDES WITH VEHICLE PARKED ON LEFT OF ROAD,5,755837,4,0,0,1,0,1,1,5,Not at intersection,3,50,Local Road
T20230011572,2023/2/13,14:05:00,1,Collision with vehicle,2,Monday,130,REAR END(VEHICLES IN SAME LANE),9,761162,2,0,0,1,1,2,2,5,Not at intersection,3,40,Arterial Other
T20230003538,2023/2/13,22:23:00,1,Collision with vehicle,1,Monday,113,RIGHT NEAR (INTERSECTIONS ONLY),3,40833,2,0,0,1,2,3,1,2,T intersection,3,60,Local Road
T20230011702,2023/2/13,16:30:00,1,Collision with vehicle,1,Monday,130,REAR END(VEHICLES IN SAME LANE),1,45804,2,0,0,1,2,3,2,3,Y intersection,3,999,Freeway
T20230004445,2023/2/13,20:20:00,1,Collision with vehicle,1,Monday,130,REAR END(VEHICLES IN SAME LANE),9,780328,3,0,0,2,1,3,2,5,Not at intersection,3,60,Arterial Other
T20230003487,2023/2/13,14:00:00,6,Vehicle overturned (no collision),2,Monday,184,OUT OF CONTROL ON CARRIAGEWAY (ON BEND),1,756414,1,0,1,0,0,1,2,5,Not at intersection,2,60,Arterial Highway
T20230004655,2023/2/13,8:00:00,1,Collision with vehicle,2,Monday,130,REAR END(VEHICLES IN SAME LANE),1,757044,2,0,0,1,1,2,1,5,Not at intersection,3,60,Arterial Other
T20230003491,2023/2/13,11:30:00,6,Vehicle overturned (no collision),1,Monday,170,OFF CARRIAGEWAY TO LEFT,1,786789,1,0,2,0,0,2,1,2,T intersection,2,100,Arterial Other
T20230003492,2023/2/13,7:54:00,1,Collision with vehicle,1,Monday,130,REAR END(VEHICLES IN SAME LANE),1,49096,2,0,0,1,2,3,1,1,Cross intersection,3,999,Arterial Other
T20230003468,2023/2/13,1:20:00,5,collision with some other object,1,Monday,166,STRUCK OBJECT ON CARRIAGEWAY,3,758276,1,0,0,1,1,2,1,1,Cross intersection,3,60,Local Road
T20230003495,2023/2/13,13:10:00,1,Collision with vehicle,2,Monday,116,LEFT NEAR (INTERSECTIONS ONLY),1,231077,2,0,0,1,1,2,1,2,T intersection,3,60,Local Road
T20230008076,2023/2/13,22:30:00,1,Collision with vehicle,1,Monday,130,REAR END(VEHICLES IN SAME LANE),9,35345,2,0,0,1,1,2,2,1,Cross intersection,3,999,Arterial Highway
T20230003647,2023/2/13,21:10:00,1,Collision with vehicle,1,Monday,123,RIGHT/LEFT. ONE VEH TURNING RIGHT THE OTHER LEFT.,3,38534,4,0,0,1,3,4,1,1,Cross intersection,3,60,Arterial Other
T20230007347,2023/2/13,4:20:00,3,Struck animal,1,Monday,167,STRUCK ANIMAL,5,779267,1,0,0,1,0,1,2,5,Not at intersection,3,100,Arterial Other
T20230003498,2023/2/13,13:00:00,7,Fall from or in moving vehicle,2,Monday,190,FELL IN/FROM VEHICLE,1,754656,1,0,1,0,1,2,1,5,Not at intersection,2,110,Freeway
T20230003574,2023/2/13,18:15:00,1,Collision with vehicle,1,Monday,152,PULLING OUT (OVERTAKING),1,778818,2,0,0,1,1,2,2,5,Not at intersection,3,999,Local Road
T20230003501,2023/2/13,13:50:00,1,Collision with vehicle,2,Monday,130,REAR END(VEHICLES IN SAME LANE),1,761257,2,0,1,1,0,2,1,5,Not at intersection,2,50,Arterial Other
T20230003502,2023/2/13,15:20:00,1,Collision with vehicle,1,Monday,130,REAR END(VEHICLES IN SAME LANE),1,53504,2,0,0,1,1,2,2,1,Cross intersection,3,70,Arterial Highway
T20230004828,2023/2/13,9:30:00,1,Collision with vehicle,2,Monday,148,VEHICLE OFF FOOTPATH STRIKES VEH ON CARRIAGEWAY,1,786801,2,0,0,1,2,3,2,5,Not at intersection,3,60,Freeway
T20230003475,2023/2/13,8:15:00,1,Collision with vehicle,1,Monday,130,REAR END(VEHICLES IN SAME LANE),1,1016,2,0,0,1,1,2,2,1,Cross intersection,3,999,Arterial Highway
T20230003476,2023/2/13,9:40:00,1,Collision with vehicle,2,Monday,110,CROSS TRAFFIC(INTERSECTIONS ONLY),1,37025,2,0,0,1,1,2,1,1,Cross intersection,3,60,Arterial Other
T20230003505,2023/2/13,9:40:00,1,Collision with vehicle,1,Monday,130,REAR END(VEHICLES IN SAME LANE),1,779358,2,0,0,1,1,2,2,5,Not at intersection,3,70,Arterial Other
T20230003612,2023/2/13,8:50:00,1,Collision with vehicle,2,Monday,130,REAR END(VEHICLES IN SAME LANE),1,222523,2,0,1,0,1,2,2,1,Cross intersection,2,60,Arterial Highway
T20230004218,2023/2/13,21:00:00,1,Collision with vehicle,1,Monday,147,VEHICLE STRIKES ANOTHER VEH WHILE EMERGING FROM DRIVEWAY,3,756188,2,0,0,1,1,2,2,5,Not at intersection,3,60,Local Road
T20230004274,2023/2/13,16:00:00,1,Collision with vehicle,1,Monday,116,LEFT NEAR (INTERSECTIONS ONLY),1,783594,2,0,0,1,1,2,2,1,Cross intersection,3,60,Local Road
T20230003481,2023/2/13,9:30:00,1,Collision with vehicle,1,Monday,160,VEHICLE COLLIDES WITH VEHICLE PARKED ON LEFT OF ROAD,1,773193,3,0,0,1,0,1,1,5,Not at intersection,3,60,Local Road
T20230003692,2023/2/13,8:00:00,1,Collision with vehicle,1,Monday,130,REAR END(VEHICLES IN SAME LANE),1,762718,2,0,0,1,2,3,2,5,Not at intersection,3,100,Freeway
T20230003707,2023/2/13,17:00:00,1,Collision with vehicle,2,Monday,121,RIGHT THROUGH,1,397,2,0,0,1,1,2,2,2,T intersection,3,50,Arterial Other
T20230003511,2023/2/13,16:20:00,1,Collision with vehicle,1,Monday,132,RIGHT REAR.,1,51809,2,0,0,1,4,5,1,2,T intersection,3,60,Arterial Highway
T20230003513,2023/2/13,18:35:00,1,Collision with vehicle,2,Monday,113,RIGHT NEAR (INTERSECTIONS ONLY),1,67769,2,0,1,0,1,2,1,2,T intersection,2,50,Local Road
T20230003517,2023/2/13,18:30:00,1,Collision with vehicle,1,Monday,116,LEFT NEAR (INTERSECTIONS ONLY),1,227538,2,0,0,1,1,2,1,2,T intersection,3,60,Arterial Highway
T20230019822,2023/2/13,8:05:00,1,Collision with vehicle,2,Monday,130,REAR END(VEHICLES IN SAME LANE),2,779581,2,0,0,1,1,2,2,5,Not at intersection,3,60,Arterial Highway
T20230003482,2023/2/13,11:39:00,4,Collision with a fixed object,2,Monday,173,RIGHT OFF CARRIAGEWAY INTO OBJECT/PARKED VEHICLE,1,754209,1,0,0,1,0,1,1,5,Not at intersection,3,60,Local Road
T20230003523,2023/2/13,18:11:00,1,Collision with vehicle,2,Monday,113,RIGHT NEAR (INTERSECTIONS ONLY),1,57835,4,0,2,0,3,5,1,2,T intersection,2,50,Arterial Other
T20230003531,2023/2/13,16:20:00,1,Collision with vehicle,2,Monday,120,HEAD ON (NOT OVERTAKING),1,765263,2,0,1,0,1,2,1,5,Not at intersection,2,80,Local Road
T20230003532,2023/2/13,16:30:00,1,Collision with vehicle,2,Monday,110,CROSS TRAFFIC(INTERSECTIONS ONLY),1,754449,2,0,0,2,1,3,1,1,Cross intersection,3,50,Local Road
T20230003483,2023/2/13,11:20:00,2,Struck Pedestrian,2,Monday,107,PED ON FOOTHPATH STRUCK BY VEHENTERING/LEAVING DRIVEWAY.,1,758915,1,0,2,0,0,2,1,5,Not at intersection,2,999,Local Road
T20230003630,2023/2/14,16:50:00,1,Collision with vehicle,2,Tuesday,120,HEAD ON (NOT OVERTAKING),2,779004,2,0,0,2,0,2,1,5,Not at intersection,3,60,Arterial Other
T20230003626,2023/2/14,19:00:00,2,Struck Pedestrian,3,Tuesday,100,PED NEAR SIDE. PED HIT BY VEHICLE FROM THE RIGHT.,2,52851,1,0,1,0,1,2,1,1,Cross intersection,2,50,Local Road
T20230006662,2023/2/14,8:30:00,1,Collision with vehicle,3,Tuesday,130,REAR END(VEHICLES IN SAME LANE),1,323852,2,0,0,1,1,2,2,1,Cross intersection,3,80,Arterial Other
T20230003625,2023/2/14,16:35:00,1,Collision with vehicle,3,Tuesday,140,U TURN,1,754896,2,0,0,1,1,2,1,5,Not at intersection,3,50,Local Road
T20230003623,2023/2/14,17:15:00,1,Collision with vehicle,3,Tuesday,130,REAR END(VEHICLES IN SAME LANE),1,778077,2,0,1,0,1,2,1,5,Not at intersection,2,40,Freeway
T20230003622,2023/2/14,3:45:00,3,Struck animal,3,Tuesday,167,STRUCK ANIMAL,9,755835,1,0,0,1,0,1,2,5,Not at intersection,3,100,Arterial Other
T20230003621,2023/2/14,18:54:00,1,Collision with vehicle,2,Tuesday,134,LANE CHANGE RIGHT (NOT OVERTAKING),1,779003,2,0,1,0,2,3,1,5,Not at intersection,2,100,Freeway
T20230005371,2023/2/14,8:45:00,1,Collision with vehicle,2,Tuesday,135,LANE CHANGE LEFT (NOT OVERTAKING),1,758922,2,0,0,1,1,2,1,5,Not at intersection,3,999,Arterial Highway
T20230003617,2023/2/14,18:00:00,1,Collision with vehicle,3,Tuesday,110,CROSS TRAFFIC(INTERSECTIONS ONLY),1,36399,2,0,1,0,4,5,1,1,Cross intersection,2,60,Local Road
T20230003616,2023/2/14,17:45:00,1,Collision with vehicle,2,Tuesday,121,RIGHT THROUGH,1,29479,2,0,0,1,2,3,1,1,Cross intersection,3,60,Arterial Other
T20230003615,2023/2/14,15:30:00,1,Collision with vehicle,2,Tuesday,110,CROSS TRAFFIC(INTERSECTIONS ONLY),1,1188,3,0,1,0,2,3,1,1,Cross intersection,2,60,Arterial Highway
T20230003609,2023/2/14,16:45:00,2,Struck Pedestrian,3,Tuesday,100,PED NEAR SIDE. PED HIT BY VEHICLE FROM THE RIGHT.,1,755836,1,0,0,2,1,3,1,1,Cross intersection,3,60,Arterial Other
T20230003605,2023/2/14,16:21:00,1,Collision with vehicle,3,Tuesday,147,VEHICLE STRIKES ANOTHER VEH WHILE EMERGING FROM DRIVEWAY,1,756415,2,0,1,0,1,2,1,5,Not at intersection,2,50,Local Road
T20230003602,2023/2/14,15:20:00,1,Collision with vehicle,3,Tuesday,130,REAR END(VEHICLES IN SAME LANE),1,754455,3,0,0,1,2,3,1,5,Not at intersection,3,70,Arterial Other
T20230003601,2023/2/14,15:40:00,4,Collision with a fixed object,2,Tuesday,173,RIGHT OFF CARRIAGEWAY INTO OBJECT/PARKED VEHICLE,1,781392,1,0,1,0,0,1,1,5,Not at intersection,2,100,Arterial Highway
T20230003599,2023/2/14,12:41:00,1,Collision with vehicle,3,Tuesday,160,VEHICLE COLLIDES WITH VEHICLE PARKED ON LEFT OF ROAD,1,125491,2,0,0,1,0,1,1,5,Not at intersection,3,40,Local Road
T20230003594,2023/2/14,13:49:00,1,Collision with vehicle,2,Tuesday,130,REAR END(VEHICLES IN SAME LANE),1,308783,2,0,0,1,2,3,1,1,Cross intersection,3,80,Arterial Highway
T20230003589,2023/2/14,14:50:00,1,Collision with vehicle,3,Tuesday,148,VEHICLE OFF FOOTPATH STRIKES VEH ON CARRIAGEWAY,1,754557,2,0,1,0,2,3,1,5,Not at intersection,2,60,Arterial Other
T20230003583,2023/2/14,14:11:00,1,Collision with vehicle,2,Tuesday,137,LEFT TURN SIDESWIPE,1,61036,2,0,0,1,1,2,1,2,T intersection,3,40,Arterial Other
T20230003671,2023/2/14,19:30:00,1,Collision with vehicle,2,Tuesday,142,LEAVING PARKING,2,782374,2,0,0,1,1,2,2,5,Not at intersection,3,50,Local Road
T20230005194,2023/2/14,17:45:00,1,Collision with vehicle,2,Tuesday,130,REAR END(VEHICLES IN SAME LANE),1,780335,3,0,0,1,2,3,2,1,Cross intersection,3,80,Arterial Highway
T20230003756,2023/2/14,8:52:00,1,Collision with vehicle,2,Tuesday,130,REAR END(VEHICLES IN SAME LANE),1,66160,2,0,0,2,1,3,1,2,T intersection,3,60,Local Road
T20230005221,2023/2/14,16:10:00,1,Collision with vehicle,3,Tuesday,130,REAR END(VEHICLES IN SAME LANE),1,776522,3,0,1,0,3,4,2,5,Not at intersection,2,100,Freeway
T20230004026,2023/2/14,15:15:00,1,Collision with vehicle,2,Tuesday,130,REAR END(VEHICLES IN SAME LANE),1,777903,2,0,0,3,2,5,2,5,Not at intersection,3,60,Arterial Highway
T20230003774,2023/2/14,19:05:00,1,Collision with vehicle,2,Tuesday,121,RIGHT THROUGH,1,44186,3,0,0,1,2,3,1,2,T intersection,3,80,Local Road
T20230003933,2023/2/14,13:17:00,1,Collision with vehicle,2,Tuesday,110,CROSS TRAFFIC(INTERSECTIONS ONLY),1,25256,2,0,0,1,1,2,1,1,Cross intersection,3,80,Arterial Other
T20230003580,2023/2/14,10:08:00,1,Collision with vehicle,3,Tuesday,110,CROSS TRAFFIC(INTERSECTIONS ONLY),1,43725,2,0,0,2,1,3,1,1,Cross intersection,3,80,Local Road
T20230003568,2023/2/14,12:45:00,1,Collision with vehicle,3,Tuesday,130,REAR END(VEHICLES IN SAME LANE),1,774896,2,0,0,2,3,5,2,5,Not at intersection,3,60,Local Road
T20230008084,2023/2/14,9:15:00,1,Collision with vehicle,2,Tuesday,130,REAR END(VEHICLES IN SAME LANE),1,778375,2,0,0,1,1,2,2,5,Not at intersection,3,100,Freeway
T20230003668,2023/2/14,9:00:00,1,Collision with vehicle,3,Tuesday,121,RIGHT THROUGH,1,45490,2,0,0,1,1,2,2,2,T intersection,3,60,Arterial Other
T20230011787,2023/2/14,11:00:00,8,No collision and no object struck,3,Tuesday,199,UNKNOWN-NO DETAILS ON MANOEUVRES OF ROAD-USERS IN ACCIDENT,1,781958,1,0,0,1,1,2,2,5,Not at intersection,3,999,Local Road
T20230004735,2023/2/14,16:00:00,1,Collision with vehicle,3,Tuesday,130,REAR END(VEHICLES IN SAME LANE),1,50996,2,0,0,1,1,2,2,2,T intersection,3,50,Arterial Other
T20230003793,2023/2/14,22:00:00,7,Fall from or in moving vehicle,3,Tuesday,190,FELL IN/FROM VEHICLE,6,754903,1,0,1,1,0,2,2,5,Not at intersection,2,50,Local Road
T20230003542,2023/2/14,0:22:00,4,Collision with a fixed object,3,Tuesday,173,RIGHT OFF CARRIAGEWAY INTO OBJECT/PARKED VEHICLE,3,44661,1,0,0,1,0,1,1,1,Cross intersection,3,60,Local Road
T20230003778,2023/2/14,14:30:00,1,Collision with vehicle,2,Tuesday,130,REAR END(VEHICLES IN SAME LANE),1,755832,2,0,0,1,1,2,2,5,Not at intersection,3,80,Arterial Other
T20230003956,2023/2/14,16:30:00,1,Collision with vehicle,3,Tuesday,113,RIGHT NEAR (INTERSECTIONS ONLY),9,42367,2,0,0,1,1,2,2,2,T intersection,3,50,Local Road
T20230005764,2023/2/14,9:00:00,1,Collision with vehicle,2,Tuesday,130,REAR END(VEHICLES IN SAME LANE),1,779270,3,0,0,1,2,3,2,5,Not at intersection,3,60,Freeway
T20230003563,2023/2/14,10:33:00,1,Collision with vehicle,3,Tuesday,121,RIGHT THROUGH,1,684847,2,0,1,0,2,3,1,2,T intersection,2,60,Freeway
T20230003543,2023/2/14,5:15:00,2,Struck Pedestrian,3,Tuesday,100,PED NEAR SIDE. PED HIT BY VEHICLE FROM THE RIGHT.,3,353192,1,0,1,0,1,2,1,2,T intersection,2,80,Arterial Other
T20230012929,2023/2/14,6:27:00,1,Collision with vehicle,3,Tuesday,130,REAR END(VEHICLES IN SAME LANE),1,775493,2,0,0,1,1,2,1,5,Not at intersection,3,100,Freeway
T20230012681,2023/2/14,16:30:00,1,Collision with vehicle,3,Tuesday,136,RIGHT TURN SIDESWIPE,1,57933,2,0,0,1,1,2,2,1,Cross intersection,3,60,Arterial Other
T20230011586,2023/2/14,16:00:00,1,Collision with vehicle,3,Tuesday,147,VEHICLE STRIKES ANOTHER VEH WHILE EMERGING FROM DRIVEWAY,1,774469,2,0,0,1,1,2,2,5,Not at intersection,3,888,Arterial Other
T20230003567,2023/2/14,12:04:00,1,Collision with vehicle,3,Tuesday,130,REAR END(VEHICLES IN SAME LANE),1,773616,2,0,1,1,1,3,1,5,Not at intersection,2,50,Local Road
T20230003545,2023/2/14,5:49:00,2,Struck Pedestrian,2,Tuesday,100,PED NEAR SIDE. PED HIT BY VEHICLE FROM THE RIGHT.,3,758260,1,0,0,1,1,2,1,5,Not at intersection,3,80,Arterial Highway
T20230003546,2023/2/14,7:30:00,1,Collision with vehicle,3,Tuesday,113,RIGHT NEAR (INTERSECTIONS ONLY),1,754309,2,0,0,1,1,2,1,1,Cross intersection,3,60,Local Road
T20230003547,2023/2/14,8:33:00,1,Collision with vehicle,2,Tuesday,110,CROSS TRAFFIC(INTERSECTIONS ONLY),1,42084,2,0,0,1,1,2,1,1,Cross intersection,3,50,Local Road
T20230003553,2023/2/14,7:13:00,1,Collision with vehicle,3,Tuesday,130,REAR END(VEHICLES IN SAME LANE),1,755834,2,0,0,1,1,2,1,5,Not at intersection,3,80,Arterial Other
T20230003555,2023/2/14,7:46:00,1,Collision with vehicle,2,Tuesday,121,RIGHT THROUGH,1,772449,2,0,0,1,1,2,1,2,T intersection,3,999,Local Road
T20230004356,2023/2/14,18:00:00,1,Collision with vehicle,2,Tuesday,163,VEHICLE STRIKES DOOR OF PARKED/STATIONARY VEHICLE,1,758805,2,0,1,0,3,4,2,5,Not at intersection,2,40,Local Road
T20230003738,2023/2/14,18:00:00,1,Collision with vehicle,2,Tuesday,135,LANE CHANGE LEFT (NOT OVERTAKING),1,754898,2,0,0,1,1,2,2,5,Not at intersection,3,50,Arterial Other
T20230003715,2023/2/14,5:54:00,1,Collision with vehicle,3,Tuesday,140,U TURN,2,755493,2,0,1,0,1,2,1,5,Not at intersection,2,50,Arterial Highway
T20230003559,2023/2/14,11:13:00,1,Collision with vehicle,3,Tuesday,113,RIGHT NEAR (INTERSECTIONS ONLY),1,37385,2,0,1,0,1,2,1,4,Multiple intersection,2,70,Arterial Other
T20230009492,2023/2/14,16:30:00,1,Collision with vehicle,3,Tuesday,130,REAR END(VEHICLES IN SAME LANE),1,779028,4,0,0,2,3,5,1,5,Not at intersection,3,80,Freeway
T20230003649,2023/2/14,13:43:00,1,Collision with vehicle,2,Tuesday,121,RIGHT THROUGH,1,72071,2,0,0,1,1,2,1,2,T intersection,3,80,Arterial Other
T20230003643,2023/2/14,20:55:00,1,Collision with vehicle,3,Tuesday,130,REAR END(VEHICLES IN SAME LANE),3,29485,3,0,1,1,1,3,1,4,Multiple intersection,2,60,Arterial Highway