ACCIDENT_NO,ACCIDENT_DATE,ACCIDENT_TIME,ACCIDENT_TYPE,ACCIDENT_TYPE_DESC,DAY_OF_WEEK,DAY_WEEK_DESC,DCA_CODE,DCA_DESC,LIGHT_CONDITION,NODE_ID,NO_OF_VEHICLES,NO_PERSONS_KILLED,NO_PERSONS_INJ_2,NO_PERSONS_INJ_3,NO_PERSONS_NOT_INJ,NO_PERSONS,POLICE_ATTEND,ROAD_GEOMETRY,ROAD_GEOMETRY_DESC,SEVERITY,SPEED_ZONE,RMA
T20230003641,2023/2/14,15:28:00,1,Collision with vehicle,3,Tuesday,130,REAR END(VEHICLES IN SAME LANE),1,755492,2,0,0,1,2,3,1,5,Not at intersection,3,60,Arterial Other
T20230003638,2023/2/14,17:33:00,1,Collision with vehicle,2,Tuesday,130,REAR END(VEHICLES IN SAME LANE),1,41646,2,0,0,1,1,2,1,1,Cross intersection,3,50,Local Road
T20230003634,2023/2/14,19:30:00,2,Struck Pedestrian,3,Tuesday,103,PED PLAYING/LYING/WORKING/STANDING ON CARRIAGEWAY.,1,754659,1,0,0,1,1,2,1,5,Not at intersection,3,50,Local Road
T20230003648,2023/2/15,3:20:00,1,Collision with vehicle,4,Wednesday,120,HEAD ON (NOT OVERTAKING),5,754897,2,0,0,1,1,2,1,5,Not at intersection,3,100,Local Road
T20230003654,2023/2/15,9:17:00,1,Collision with vehicle,3,Wednesday,140,U TURN,2,779884,2,0,1,0,1,2,1,5,Not at intersection,2,60,Local Road
T20230003783,2023/2/15,17:00:00,1,Collision with vehicle,3,Wednesday,133,LANE SIDE SWIPE (VEHICLES IN PARALLEL LANES),1,780731,2,0,0,1,1,2,1,5,Not at intersection,3,999,Local Road
T20230003655,2023/2/15,7:10:00,1,Collision with vehicle,3,Wednesday,130,REAR END(VEHICLES IN SAME LANE),1,760563,3,0,0,1,2,3,1,5,Not at intersection,3,60,Freeway
T20230004503,2023/2/15,16:30:00,1,Collision with vehicle,3,Wednesday,130,REAR END(VEHICLES IN SAME LANE),1,756637,2,0,0,1,1,2,2,5,Not at intersection,3,999,Freeway
T20230003657,2023/2/15,8:28:00,1,Collision with vehicle,3,Wednesday,147,VEHICLE STRIKES ANOTHER VEH WHILE EMERGING FROM DRIVEWAY,1,757534,2,0,1,0,2,3,1,5,Not at intersection,2,60,Arterial Other
T20230004104,2023/2/15,7:45:00,1,Collision with vehicle,4,Wednesday,130,REAR END(VEHICLES IN SAME LANE),1,778374,2,0,0,1,1,2,2,5,Not at intersection,3,40,Arterial Highway
T20230003789,2023/2/15,16:17:00,1,Collision with vehicle,4,Wednesday,136,RIGHT TURN SIDESWIPE,1,773194,2,0,1,0,1,2,1,2,T intersection,2,50,Local Road
T20230003666,2023/2/15,10:40:00,7,Fall from or in moving vehicle,3,Wednesday,190,FELL IN/FROM VEHICLE,1,320623,2,0,1,0,2,3,1,2,T intersection,2,40,Local Road
T20230003791,2023/2/15,8:15:00,1,Collision with vehicle,3,Wednesday,110,CROSS TRAFFIC(INTERSECTIONS ONLY),1,47967,2,0,0,1,1,2,1,1,Cross intersection,3,50,Local Road
T20230005979,2023/2/15,19:00:00,1,Collision with vehicle,4,Wednesday,113,RIGHT NEAR (INTERSECTIONS ONLY),1,14474,2,0,0,1,1,2,1,4,Multiple intersection,3,80,Freeway
T20230003660,2023/2/15,10:08:00,1,Collision with vehicle,3,Wednesday,130,REAR END(VEHICLES IN SAME LANE),1,779413,2,0,1,0,1,2,1,2,T intersection,2,60,Arterial Other
T20230003685,2023/2/15,12:25:00,1,Collision with vehicle,3,Wednesday,129,OTHER OPPOSING MANOEUVRES NOT INCLUDED IN DCAs 120-125.,1,779412,2,0,0,1,1,2,1,5,Not at intersection,3,60,Arterial Highway
T20230003737,2023/2/15,5:45:00,1,Collision with vehicle,3,Wednesday,130,REAR END(VEHICLES IN SAME LANE),2,779411,3,0,0,1,2,3,2,5,Not at intersection,3,999,Arterial Other
T20230003686,2023/2/15,14:05:00,1,Collision with vehicle,4,Wednesday,140,U TURN,1,756822,2,0,2,1,1,4,1,5,Not at intersection,2,60,Local Road
T20230003728,2023/2/15,13:15:00,6,Vehicle overturned (no collision),4,Wednesday,170,OFF CARRIAGEWAY TO LEFT,1,758160,1,0,1,0,0,1,1,5,Not at intersection,2,100,Arterial Other
T20230003677,2023/2/15,7:44:00,2,Struck Pedestrian,3,Wednesday,100,PED NEAR SIDE. PED HIT BY VEHICLE FROM THE RIGHT.,1,280757,1,0,1,1,1,3,1,1,Cross intersection,2,60,Arterial Other
T20230003675,2023/2/15,13:15:00,2,Struck Pedestrian,4,Wednesday,100,PED NEAR SIDE. PED HIT BY VEHICLE FROM THE RIGHT.,1,290371,1,0,1,0,1,2,1,2,T intersection,2,60,Arterial Highway
T20230003719,2023/2/15,22:00:00,4,Collision with a fixed object,4,Wednesday,175,OFF END OF ROAD/T-INTERSECTION.,5,223101,1,0,1,0,0,1,1,2,T intersection,2,80,Local Road
T20230003690,2023/2/15,15:05:00,1,Collision with vehicle,4,Wednesday,121,RIGHT THROUGH,1,45608,2,0,0,1,1,2,1,2,T intersection,3,50,Arterial Other
T20230003672,2023/2/15,9:30:00,1,Collision with vehicle,3,Wednesday,130,REAR END(VEHICLES IN SAME LANE),1,754758,3,0,0,1,2,3,1,5,Not at intersection,3,70,Arterial Highway
T20230004033,2023/2/15,11:00:00,2,Struck Pedestrian,4,Wednesday,100,PED NEAR SIDE. PED HIT BY VEHICLE FROM THE RIGHT.,1,986,1,0,1,0,1,2,1,1,Cross intersection,2,80,Arterial Other
T20230003712,2023/2/15,18:55:00,1,Collision with vehicle,4,Wednesday,135,LANE CHANGE LEFT (NOT OVERTAKING),1,755107,2,0,0,1,1,2,1,5,Not at intersection,3,80,Arterial Other
T20230003689,2023/2/15,12:10:00,1,Collision with vehicle,4,Wednesday,134,LANE CHANGE RIGHT (NOT OVERTAKING),1,774275,2,0,0,1,1,2,2,5,Not at intersection,3,100,Freeway
T20230003670,2023/2/15,10:56:00,1,Collision with vehicle,4,Wednesday,133,LANE SIDE SWIPE (VEHICLES IN PARALLEL LANES),1,762717,2,0,1,0,1,2,1,5,Not at intersection,2,60,Local Road
T20230004250,2023/2/15,7:15:00,1,Collision with vehicle,3,Wednesday,160,VEHICLE COLLIDES WITH VEHICLE PARKED ON LEFT OF ROAD,9,758466,2,0,1,0,0,1,2,5,Not at intersection,2,60,Arterial Other
T20230003680,2023/2/15,12:04:00,1,Collision with vehicle,3,Wednesday,146,REVERSING INTO FIXED OBJECT/PARKED VEHICLE,1,761569,2,0,0,1,1,2,1,5,Not at intersection,3,50,Local Road
T20230006281,2023/2/15,21:05:00,1,Collision with vehicle,3,Wednesday,130,REAR END(VEHICLES IN SAME LANE),9,761163,2,0,0,1,1,2,2,5,Not at intersection,3,40,Freeway
T20230003706,2023/2/15,17:24:00,1,Collision with vehicle,4,Wednesday,113,RIGHT NEAR (INTERSECTIONS ONLY),1,43289,2,0,0,2,1,3,1,1,Cross intersection,3,60,Arterial Other
T20230003703,2023/2/15,16:25:00,4,Collision with a fixed object,4,Wednesday,181,OFF RIGHT BEND INTO OBJECT/PARKED VEHICLE,1,760830,1,0,0,1,0,1,1,5,Not at intersection,3,100,Local Road
T20230004129,2023/2/15,19:40:00,1,Collision with vehicle,4,Wednesday,120,HEAD ON (NOT OVERTAKING),2,35986,2,0,0,1,1,2,2,1,Cross intersection,3,40,Local Road
T20230003760,2023/2/15,16:31:00,1,Collision with vehicle,4,Wednesday,120,HEAD ON (NOT OVERTAKING),1,233269,2,0,1,1,1,3,1,2,T intersection,2,50,Local Road
T20230003702,2023/2/15,18:04:00,1,Collision with vehicle,3,Wednesday,121,RIGHT THROUGH,1,755950,2,0,0,1,3,4,1,5,Not at intersection,3,80,Arterial Highway
T20230007002,2023/2/15,21:30:00,1,Collision with vehicle,3,Wednesday,130,REAR END(VEHICLES IN SAME LANE),2,67855,2,0,1,1,1,3,1,2,T intersection,2,70,Arterial Highway
T20230003701,2023/2/15,8:55:00,1,Collision with vehicle,3,Wednesday,130,REAR END(VEHICLES IN SAME LANE),1,777895,2,0,0,3,0,3,1,5,Not at intersection,3,100,Local Road
T20230003667,2023/2/15,8:35:00,1,Collision with vehicle,3,Wednesday,148,VEHICLE OFF FOOTPATH STRIKES VEH ON CARRIAGEWAY,1,783610,2,0,0,1,1,2,1,5,Not at intersection,3,40,Local Road
T20230005577,2023/2/15,11:45:00,7,Fall from or in moving vehicle,3,Wednesday,190,FELL IN/FROM VEHICLE,1,759474,1,0,0,1,1,2,2,1,Cross intersection,3,999,Arterial Other
T20230020546,2023/2/15,3:00:00,4,Collision with a fixed object,3,Wednesday,181,OFF RIGHT BEND INTO OBJECT/PARKED VEHICLE,5,796432,1,0,0,1,0,1,1,5,Not at intersection,3,100,Local Road
T20230007775,2023/2/15,16:00:00,6,Vehicle overturned (no collision),3,Wednesday,182,OFF CARRIAGEWAY ON LEFT BEND,1,783598,1,0,0,1,0,1,2,5,Not at intersection,3,999,Arterial Highway
T20230003645,2023/2/15,0:33:00,1,Collision with vehicle,4,Wednesday,130,REAR END(VEHICLES IN SAME LANE),3,779159,2,0,1,0,1,2,1,5,Not at intersection,2,60,Arterial Highway
T20230003834,2023/2/15,13:04:00,1,Collision with vehicle,3,Wednesday,130,REAR END(VEHICLES IN SAME LANE),1,760433,3,0,0,1,4,5,1,5,Not at intersection,3,60,Arterial Other
T20230003871,2023/2/15,15:25:00,1,Collision with vehicle,4,Wednesday,113,RIGHT NEAR (INTERSECTIONS ONLY),1,755394,2,0,0,1,1,2,1,2,T intersection,3,50,Local Road
T20230003652,2023/2/15,7:00:00,1,Collision with vehicle,4,Wednesday,116,LEFT NEAR (INTERSECTIONS ONLY),1,57546,2,0,1,0,1,2,1,2,T intersection,2,80,Arterial Highway
T20230003653,2023/2/15,7:55:00,1,Collision with vehicle,4,Wednesday,121,RIGHT THROUGH,1,40202,2,0,1,0,1,2,1,1,Cross intersection,2,40,Arterial Other
T20230003843,2023/2/16,15:30:00,6,Vehicle overturned (no collision),5,Thursday,170,OFF CARRIAGEWAY TO LEFT,1,755604,1,0,1,0,3,4,1,5,Not at intersection,2,70,Local Road
T20230004154,2023/2/16,13:00:00,1,Collision with vehicle,5,Thursday,140,U TURN,1,769524,2,0,1,0,1,2,2,5,Not at intersection,2,60,Arterial Other
T20230003720,2023/2/16,0:47:00,1,Collision with vehicle,4,Thursday,160,VEHICLE COLLIDES WITH VEHICLE PARKED ON LEFT OF ROAD,3,777894,2,0,0,1,1,2,1,5,Not at intersection,3,60,Local Road
T20230004192,2023/2/16,14:27:00,1,Collision with vehicle,4,Thursday,110,CROSS TRAFFIC(INTERSECTIONS ONLY),1,38809,2,0,0,1,1,2,1,1,Cross intersection,3,60,Arterial Other
T20230003850,2023/2/16,18:00:00,1,Collision with vehicle,4,Thursday,137,LEFT TURN SIDESWIPE,1,757764,2,0,0,1,1,2,1,5,Not at intersection,3,60,Arterial Other
T20230003788,2023/2/16,15:49:00,2,Struck Pedestrian,5,Thursday,100,PED NEAR SIDE. PED HIT BY VEHICLE FROM THE RIGHT.,1,36631,1,0,1,0,1,2,1,2,T intersection,2,50,Local Road
T20230006440,2023/2/16,14:40:00,1,Collision with vehicle,5,Thursday,130,REAR END(VEHICLES IN SAME LANE),1,1724,2,0,0,1,1,2,2,5,Not at intersection,3,70,Arterial Other
T20230003759,2023/2/16,11:55:00,1,Collision with vehicle,5,Thursday,150,HEAD ON(OVERTAKING),1,776652,2,0,0,1,2,3,1,5,Not at intersection,3,100,Local Road
T20230003792,2023/2/16,15:57:00,1,Collision with vehicle,5,Thursday,121,RIGHT THROUGH,1,778269,2,0,1,1,0,2,1,5,Not at intersection,2,100,Local Road
T20230004198,2023/2/16,23:40:00,4,Collision with a fixed object,4,Thursday,171,LEFT OFF CARRIAGEWAY INTO OBJECT/PARKED VEHICLE,3,757155,1,0,0,1,0,1,1,5,Not at intersection,3,60,Local Road
T20230010089,2023/2/16,6:30:00,1,Collision with vehicle,4,Thursday,130,REAR END(VEHICLES IN SAME LANE),9,49475,2,0,0,1,1,2,2,1,Cross intersection,3,50,Arterial Highway
T20230004214,2023/2/16,5:40:00,1,Collision with vehicle,4,Thursday,130,REAR END(VEHICLES IN SAME LANE),2,756060,2,0,0,1,1,2,2,5,Not at intersection,3,80,Arterial Highway
T20230003807,2023/2/16,17:52:00,2,Struck Pedestrian,4,Thursday,106,VEH STRIKES PED ON FOOTPATH/MEDIAN/TRAFFIC ISLAND.,1,41546,1,0,1,1,1,3,1,2,T intersection,2,60,Arterial Highway
T20230003753,2023/2/16,8:25:00,1,Collision with vehicle,4,Thursday,130,REAR END(VEHICLES IN SAME LANE),1,763114,3,0,0,1,2,3,2,5,Not at intersection,3,40,Freeway
T20230005014,2023/2/16,15:45:00,1,Collision with vehicle,4,Thursday,130,REAR END(VEHICLES IN SAME LANE),1,778373,2,0,0,1,1,2,1,5,Not at intersection,3,100,Freeway
T20230003773,2023/2/16,7:05:00,2,Struck Pedestrian,5,Thursday,100,PED NEAR SIDE. PED HIT BY VEHICLE FROM THE RIGHT.,1,39558,1,0,1,0,2,3,1,1,Cross intersection,2,70,Arterial Highway
T20230003771,2023/2/16,13:30:00,1,Collision with vehicle,5,Thursday,110,CROSS TRAFFIC(INTERSECTIONS ONLY),1,754901,3,0,1,1,1,3,1,1,Cross intersection,2,60,Arterial Highway
T20230004037,2023/2/16,16:15:00,1,Collision with vehicle,5,Thursday,130,REAR END(VEHICLES IN SAME LANE),1,760225,2,0,1,0,1,2,2,1,Cross intersection,2,999,Arterial Other
T20230003739,2023/2/16,7:40:00,1,Collision with vehicle,5,Thursday,120,HEAD ON (NOT OVERTAKING),1,776553,2,0,1,1,0,2,1,5,Not at intersection,2,50,Local Road
T20230003752,2023/2/16,10:43:00,3,Struck animal,4,Thursday,167,STRUCK ANIMAL,1,779409,2,0,0,1,3,4,1,5,Not at intersection,3,80,Arterial Highway
T20230003776,2023/2/16,13:35:00,1,Collision with vehicle,5,Thursday,160,VEHICLE COLLIDES WITH VEHICLE PARKED ON LEFT OF ROAD,1,754794,2,1,0,0,0,1,1,2,T intersection,1,70,Arterial Other
T20230003747,2023/2/16,11:11:00,1,Collision with vehicle,4,Thursday,121,RIGHT THROUGH,1,29701,2,0,0,1,1,2,1,1,Cross intersection,3,80,Arterial Other
T20230003743,2023/2/16,8:16:00,1,Collision with vehicle,5,Thursday,147,VEHICLE STRIKES ANOTHER VEH WHILE EMERGING FROM DRIVEWAY,1,754999,2,0,1,0,1,2,1,5,Not at intersection,2,999,Arterial Other
T20230003770,2023/2/16,11:05:00,1,Collision with vehicle,5,Thursday,130,REAR END(VEHICLES IN SAME LANE),1,773618,2,0,1,2,0,3,1,4,Multiple intersection,2,40,Arterial Highway
T20230003801,2023/2/16,12:52:00,1,Collision with vehicle,5,Thursday,120,HEAD ON (NOT OVERTAKING),1,777417,2,0,1,2,0,3,1,5,Not at intersection,2,50,Arterial Other
T20230003800,2023/2/16,14:15:00,1,Collision with vehicle,5,Thursday,121,RIGHT THROUGH,1,723742,2,0,0,1,1,2,1,2,T intersection,3,60,Local Road
T20230003799,2023/2/16,18:14:00,1,Collision with vehicle,5,Thursday,163,VEHICLE STRIKES DOOR OF PARKED/STATIONARY VEHICLE,1,755823,2,0,0,1,1,2,2,5,Not at intersection,3,40,Arterial Other
T20230003798,2023/2/16,17:35:00,6,Vehicle overturned (no collision),5,Thursday,182,OFF CARRIAGEWAY ON LEFT BEND,1,757775,1,0,0,1,1,2,1,5,Not at intersection,3,100,Arterial Other
T20230003974,2023/2/16,16:45:00,1,Collision with vehicle,4,Thursday,160,VEHICLE COLLIDES WITH VEHICLE PARKED ON LEFT OF ROAD,1,755822,2,0,0,1,0,1,2,5,Not at intersection,3,60,Local Road
T20230003796,2023/2/16,14:50:00,1,Collision with vehicle,4,Thursday,130,REAR END(VEHICLES IN SAME LANE),1,238627,2,0,0,1,2,3,1,5,Not at intersection,3,100,Freeway
T20230004465,2023/2/16,8:45:00,1,Collision with vehicle,4,Thursday,135,LANE CHANGE LEFT (NOT OVERTAKING),1,783614,2,0,0,1,1,2,2,5,Not at intersection,3,40,Arterial Other
T20230003960,2023/2/16,18:10:00,1,Collision with vehicle,4,Thursday,163,VEHICLE STRIKES DOOR OF PARKED/STATIONARY VEHICLE,1,786857,2,0,0,1,2,3,2,5,Not at intersection,3,40,Local Road
T20230003767,2023/2/16,12:13:00,1,Collision with vehicle,5,Thursday,147,VEHICLE STRIKES ANOTHER VEH WHILE EMERGING FROM DRIVEWAY,1,754900,2,0,1,0,1,2,1,5,Not at intersection,2,50,Local Road
T20230003740,2023/2/16,6:40:00,1,Collision with vehicle,5,Thursday,121,RIGHT THROUGH,1,590746,2,0,1,0,1,2,1,2,T intersection,2,80,Arterial Highway
T20230003780,2023/2/16,7:54:00,1,Collision with vehicle,4,Thursday,130,REAR END(VEHICLES IN SAME LANE),1,755951,3,0,0,1,2,3,1,5,Not at intersection,3,80,Arterial Other
T20230005790,2023/2/16,18:15:00,1,Collision with vehicle,4,Thursday,137,LEFT TURN SIDESWIPE,1,770691,2,0,0,1,1,2,2,2,T intersection,3,60,Arterial Other
T20230003761,2023/2/16,8:13:00,1,Collision with vehicle,4,Thursday,113,RIGHT NEAR (INTERSECTIONS ONLY),2,328425,2,0,1,1,0,2,1,1,Cross intersection,2,80,Arterial Other
T20230009917,2023/2/16,11:15:00,1,Collision with vehicle,4,Thursday,130,REAR END(VEHICLES IN SAME LANE),1,771232,2,0,0,1,2,3,2,1,Cross intersection,3,60,Arterial Other
T20230003803,2023/2/16,12:41:00,4,Collision with a fixed object,4,Thursday,164,PERMANENT OBSTRUCTION ON CARRIAGEWAY,1,783616,1,0,0,1,0,1,1,5,Not at intersection,3,40,Arterial Highway
T20230003806,2023/2/16,14:05:00,1,Collision with vehicle,5,Thursday,113,RIGHT NEAR (INTERSECTIONS ONLY),1,41744,2,0,1,0,2,3,1,2,T intersection,2,70,Arterial Other
T20230003811,2023/2/16,18:42:00,1,Collision with vehicle,4,Thursday,121,RIGHT THROUGH,1,38308,2,0,0,2,0,2,1,1,Cross intersection,3,60,Arterial Other
T20230003813,2023/2/16,15:20:00,1,Collision with vehicle,5,Thursday,130,REAR END(VEHICLES IN SAME LANE),1,754904,4,0,0,1,7,8,1,5,Not at intersection,3,60,Arterial Other
T20230003814,2023/2/16,18:18:00,1,Collision with vehicle,4,Thursday,121,RIGHT THROUGH,2,40712,2,0,0,1,1,2,1,1,Cross intersection,3,60,Arterial Other
T20230003815,2023/2/16,7:00:00,1,Collision with vehicle,4,Thursday,111,RIGHT FAR (INTERSECTIONS ONLY),2,42018,2,0,0,1,1,2,2,1,Cross intersection,3,50,Local Road
T20230003816,2023/2/16,17:10:00,6,Vehicle overturned (no collision),4,Thursday,182,OFF CARRIAGEWAY ON LEFT BEND,1,760523,1,0,1,0,0,1,2,5,Not at intersection,2,100,Local Road
T20230003817,2023/2/16,8:30:00,1,Collision with vehicle,4,Thursday,137,LEFT TURN SIDESWIPE,1,783611,2,0,0,1,1,2,2,5,Not at intersection,3,40,Local Road
T20230003818,2023/2/16,7:45:00,1,Collision with vehicle,4,Thursday,130,REAR END(VEHICLES IN SAME LANE),9,755830,2,0,0,1,1,2,2,5,Not at intersection,3,100,Freeway
T20230003819,2023/2/16,18:36:00,4,Collision with a fixed object,5,Thursday,171,LEFT OFF CARRIAGEWAY INTO OBJECT/PARKED VEHICLE,1,755108,1,0,0,1,0,1,1,5,Not at intersection,3,100,Local Road
T20230003889,2023/2/16,17:40:00,1,Collision with vehicle,4,Thursday,130,REAR END(VEHICLES IN SAME LANE),1,221464,2,0,0,1,1,2,2,2,T intersection,3,70,Arterial Other
T20230003969,2023/2/16,18:25:00,1,Collision with vehicle,5,Thursday,148,VEHICLE OFF FOOTPATH STRIKES VEH ON CARRIAGEWAY,9,773195,2,0,0,1,1,2,2,5,Not at intersection,3,999,Local Road
T20230003822,2023/2/16,20:00:00,1,Collision with vehicle,5,Thursday,181,OFF RIGHT BEND INTO OBJECT/PARKED VEHICLE,2,760577,2,0,1,1,0,2,1,5,Not at intersection,2,50,Local Road
T20230003823,2023/2/16,18:00:00,1,Collision with vehicle,5,Thursday,120,HEAD ON (NOT OVERTAKING),1,759024,2,0,1,0,1,2,1,5,Not at intersection,2,100,Arterial Highway
T20230003824,2023/2/16,20:50:00,1,Collision with vehicle,5,Thursday,121,RIGHT THROUGH,3,37017,2,0,0,1,1,2,1,2,T intersection,3,60,Arterial Other
T20230006270,2023/2/16,11:40:00,1,Collision with vehicle,4,Thursday,110,CROSS TRAFFIC(INTERSECTIONS ONLY),1,52744,2,0,0,1,1,2,2,1,Cross intersection,3,999,Arterial Other
T20230003829,2023/2/16,22:45:00,1,Collision with vehicle,4,Thursday,131,LEFT REAR,3,779549,2,0,0,2,1,3,2,5,Not at intersection,3,50,Arterial Other
T20230003795,2023/2/16,9:15:00,1,Collision with vehicle,5,Thursday,111,RIGHT FAR (INTERSECTIONS ONLY),1,45524,2,0,0,1,1,2,2,1,Cross intersection,3,60,Arterial Other
T20230004743,2023/2/16,12:06:00,1,Collision with vehicle,5,Thursday,130,REAR END(VEHICLES IN SAME LANE),9,780336,3,0,0,1,2,3,1,5,Not at intersection,3,999,Arterial Highway
T20230005124,2023/2/16,9:45:00,2,Struck Pedestrian,4,Thursday,107,PED ON FOOTHPATH STRUCK BY VEHENTERING/LEAVING DRIVEWAY.,1,758691,1,0,0,1,1,2,2,5,Not at intersection,3,777,Arterial Other
T20230003864,2023/2/17,12:17:00,1,Collision with vehicle,5,Friday,140,U TURN,1,779901,2,0,0,1,1,2,1,5,Not at intersection,3,100,Arterial Other
T20230003867,2023/2/17,9:20:00,1,Collision with vehicle,6,Friday,130,REAR END(VEHICLES IN SAME LANE),1,755821,3,0,0,2,2,4,1,5,Not at intersection,3,80,Arterial Other
T20230003869,2023/2/17,10:40:00,1,Collision with vehicle,6,Friday,163,VEHICLE STRIKES DOOR OF PARKED/STATIONARY VEHICLE,1,770122,2,0,1,0,1,2,1,5,Not at intersection,2,40,Arterial Other
T20230003872,2023/2/17,6:57:00,5,collision with some other object,6,Friday,191,LOAD OR MISSILE STRUCK VEHICLE,1,755300,2,0,1,0,1,2,1,5,Not at intersection,2,100,Freeway
T20230003880,2023/2/17,6:45:00,3,Struck animal,5,Friday,167,STRUCK ANIMAL,1,755790,1,0,0,1,0,1,2,5,Not at intersection,3,100,Arterial Other
T20230003882,2023/2/17,13:24:00,1,Collision with vehicle,5,Friday,135,LANE CHANGE LEFT (NOT OVERTAKING),1,755712,2,0,0,2,1,3,1,5,Not at intersection,3,100,Freeway
T20230003901,2023/2/17,17:00:00,1,Collision with vehicle,6,Friday,116,LEFT NEAR (INTERSECTIONS ONLY),1,755111,2,0,1,1,2,4,1,2,T intersection,2,100,Arterial Other
T20230006616,2023/2/17,11:05:00,1,Collision with vehicle,5,Friday,113,RIGHT NEAR (INTERSECTIONS ONLY),1,221829,2,0,0,1,2,3,1,4,Multiple intersection,3,100,Arterial Highway
T20230003900,2023/2/17,14:30:00,1,Collision with vehicle,5,Friday,130,REAR END(VEHICLES IN SAME LANE),1,766646,3,0,0,1,3,4,2,5,Not at intersection,3,40,Arterial Other
T20230003898,2023/2/17,16:30:00,1,Collision with vehicle,6,Friday,121,RIGHT THROUGH,1,1070,2,0,0,2,1,3,1,2,T intersection,3,60,Arterial Highway
T20230004038,2023/2/17,17:00:00,1,Collision with vehicle,5,Friday,154,PULLING OUT -REAR END,9,770952,2,0,1,0,1,2,2,5,Not at intersection,2,999,Arterial Other
T20230004039,2023/2/17,11:00:00,4,Collision with a fixed object,5,Friday,173,RIGHT OFF CARRIAGEWAY INTO OBJECT/PARKED VEHICLE,1,776271,1,0,1,0,0,1,1,5,Not at intersection,2,40,Arterial Highway
T20230012200,2023/2/17,6:15:00,1,Collision with vehicle,5,Friday,130,REAR END(VEHICLES IN SAME LANE),2,321820,2,0,0,1,2,3,2,1,Cross intersection,3,80,Local Road
T20230006882,2023/2/17,13:15:00,1,Collision with vehicle,6,Friday,130,REAR END(VEHICLES IN SAME LANE),1,350211,2,0,0,1,1,2,2,1,Cross intersection,3,80,Arterial Highway
T20230003887,2023/2/17,13:15:00,6,Vehicle overturned (no collision),5,Friday,184,OUT OF CONTROL ON CARRIAGEWAY (ON BEND),1,757536,1,0,1,0,0,1,1,5,Not at intersection,2,80,Local Road
T20230003895,2023/2/17,16:26:00,1,Collision with vehicle,5,Friday,130,REAR END(VEHICLES IN SAME LANE),1,779408,2,0,0,1,1,2,1,2,T intersection,3,50,Local Road
T20230003892,2023/2/17,16:10:00,2,Struck Pedestrian,5,Friday,101,PED EMERGES FROM IN FRONT OF PARKED OR STATIONARY VEHICLE,1,755497,1,0,0,1,1,2,1,5,Not at intersection,3,50,Local Road
T20230003924,2023/2/17,19:00:00,1,Collision with vehicle,5,Friday,130,REAR END(VEHICLES IN SAME LANE),1,760690,2,0,0,3,1,4,1,5,Not at intersection,3,80,Freeway
T20230004289,2023/2/17,15:00:00,1,Collision with vehicle,6,Friday,130,REAR END(VEHICLES IN SAME LANE),1,756832,2,0,0,1,1,2,1,5,Not at intersection,3,50,Local Road
T20230004291,2023/2/17,13:00:00,1,Collision with vehicle,5,Friday,130,REAR END(VEHICLES IN SAME LANE),1,762007,2,0,0,1,2,3,2,5,Not at intersection,3,70,Arterial Other
T20230003891,2023/2/17,15:36:00,1,Collision with vehicle,6,Friday,160,VEHICLE COLLIDES WITH VEHICLE PARKED ON LEFT OF ROAD,1,776336,3,0,0,1,2,3,1,5,Not at intersection,3,60,Arterial Other
T20230004880,2023/2/17,5:30:00,5,collision with some other object,6,Friday,171,LEFT OFF CARRIAGEWAY INTO OBJECT/PARKED VEHICLE,2,773759,1,0,0,1,0,1,1,5,Not at intersection,3,50,Arterial Other
T20230004928,2023/2/17,13:00:00,1,Collision with vehicle,5,Friday,121,RIGHT THROUGH,1,36519,2,0,0,1,1,2,1,1,Cross intersection,3,80,Arterial Other
T20230004776,2023/2/17,17:45:00,1,Collision with vehicle,5,Friday,160,VEHICLE COLLIDES WITH VEHICLE PARKED ON LEFT OF ROAD,1,757393,2,0,0,1,1,2,2,5,Not at intersection,3,50,Local Road
T20230027100,2023/2/17,22:00:00,1,Collision with vehicle,6,Friday,160,VEHICLE COLLIDES WITH VEHICLE PARKED ON LEFT OF ROAD,6,787824,2,0,1,0,1,2,2,5,Not at intersection,2,999,Arterial Other
T20230003852,2023/2/17,11:20:00,4,Collision with a fixed object,6,Friday,183,OFF LEFT BEND INTO OBJECT/PARKED VEHICLE,1,770595,1,0,1,0,0,1,2,5,Not at intersection,2,999,Local Road
T20230007962,2023/2/17,15:30:00,1,Collision with vehicle,5,Friday,120,HEAD ON (NOT OVERTAKING),1,767146,2,0,0,1,1,2,1,5,Not at intersection,3,40,Local Road
T20230006092,2023/2/17,15:30:00,1,Collision with vehicle,6,Friday,134,LANE CHANGE RIGHT (NOT OVERTAKING),1,761156,2,0,0,1,1,2,2,4,Multiple intersection,3,40,Freeway
T20230005420,2023/2/17,13:32:00,1,Collision with vehicle,6,Friday,159,OTHER OVERTAKING MANOEUVRES NOT INCLUDED IN DCAs 150-154,1,37749,3,0,1,0,2,3,1,1,Cross intersection,2,60,Arterial Other