ACCIDENT_NO,ACCIDENT_DATE,ACCIDENT_TIME,ACCIDENT_TYPE,ACCIDENT_TYPE_DESC,DAY_OF_WEEK,DAY_WEEK_DESC,DCA_CODE,DCA_DESC,LIGHT_CONDITION,NODE_ID,NO_OF_VEHICLES,NO_PERSONS_KILLED,NO_PERSONS_INJ_2,NO_PERSONS_INJ_3,NO_PERSONS_NOT_INJ,NO_PERSONS,POLICE_ATTEND,ROAD_GEOMETRY,ROAD_GEOMETRY_DESC,SEVERITY,SPEED_ZONE,RMA
T20230010602,2023/2/17,9:55:00,1,Collision with vehicle,6,Friday,130,REAR END(VEHICLES IN SAME LANE),1,779427,2,0,0,1,1,2,2,5,Not at intersection,3,50,Local Road
T20230004191,2023/2/17,12:04:00,8,No collision and no object struck,6,Friday,174,OUT OF CONTROL ON CARRIAGEWAY (ON STRAIGHT),1,271693,1,0,0,1,0,1,1,5,Not at intersection,3,50,Local Road
T20230003840,2023/2/17,6:50:00,1,Collision with vehicle,6,Friday,113,RIGHT NEAR (INTERSECTIONS ONLY),2,45046,2,0,0,1,1,2,1,1,Cross intersection,3,60,Local Road
T20230003905,2023/2/17,15:45:00,1,Collision with vehicle,6,Friday,140,U TURN,1,763743,2,0,0,2,0,2,1,5,Not at intersection,3,60,Local Road
T20230004806,2023/2/17,15:40:00,1,Collision with vehicle,5,Friday,120,HEAD ON (NOT OVERTAKING),1,758378,2,0,1,0,1,2,1,1,Cross intersection,2,60,Local Road
T20230003856,2023/2/17,8:30:00,1,Collision with vehicle,5,Friday,120,HEAD ON (NOT OVERTAKING),1,782143,2,0,0,1,1,2,2,5,Not at intersection,3,999,Local Road
T20230003907,2023/2/17,17:34:00,4,Collision with a fixed object,6,Friday,181,OFF RIGHT BEND INTO OBJECT/PARKED VEHICLE,1,781391,1,0,1,0,0,1,1,5,Not at intersection,2,100,Freeway
T20230003909,2023/2/17,14:15:00,1,Collision with vehicle,5,Friday,133,LANE SIDE SWIPE (VEHICLES IN PARALLEL LANES),1,39697,2,0,0,1,1,2,2,1,Cross intersection,3,80,Arterial Highway
T20230003910,2023/2/17,18:15:00,4,Collision with a fixed object,6,Friday,181,OFF RIGHT BEND INTO OBJECT/PARKED VEHICLE,1,795886,1,0,1,0,0,1,1,5,Not at intersection,2,100,
T20230003912,2023/2/17,14:05:00,1,Collision with vehicle,6,Friday,110,CROSS TRAFFIC(INTERSECTIONS ONLY),1,616456,2,0,1,0,1,2,1,1,Cross intersection,2,110,Freeway
T20230003914,2023/2/17,19:08:00,1,Collision with vehicle,5,Friday,136,RIGHT TURN SIDESWIPE,1,37910,2,0,0,1,3,4,1,1,Cross intersection,3,60,Arterial Other
T20230003857,2023/2/17,9:06:00,1,Collision with vehicle,5,Friday,113,RIGHT NEAR (INTERSECTIONS ONLY),1,50870,2,0,0,1,1,2,1,2,T intersection,3,50,Local Road
T20230003915,2023/2/17,18:45:00,1,Collision with vehicle,6,Friday,141,U TURN INTO FIXED OBJECT/PARKED VEHICLE,1,774147,2,0,1,0,1,2,1,5,Not at intersection,2,50,Local Road
T20230003884,2023/2/17,15:30:00,1,Collision with vehicle,5,Friday,136,RIGHT TURN SIDESWIPE,1,38021,2,0,0,1,1,2,2,1,Cross intersection,3,60,Local Road
T20230003849,2023/2/17,8:35:00,1,Collision with vehicle,5,Friday,120,HEAD ON (NOT OVERTAKING),1,770961,2,0,0,4,1,5,1,5,Not at intersection,3,60,Arterial Other
T20230003916,2023/2/17,15:11:00,2,Struck Pedestrian,5,Friday,100,PED NEAR SIDE. PED HIT BY VEHICLE FROM THE RIGHT.,1,761782,1,0,0,1,1,2,2,2,T intersection,3,40,Local Road
T20230003920,2023/2/17,13:30:00,1,Collision with vehicle,5,Friday,110,CROSS TRAFFIC(INTERSECTIONS ONLY),1,255024,2,0,0,1,1,2,1,1,Cross intersection,3,60,Arterial Highway
T20230003922,2023/2/17,18:54:00,8,No collision and no object struck,6,Friday,174,OUT OF CONTROL ON CARRIAGEWAY (ON STRAIGHT),1,757150,1,0,1,0,0,1,1,2,T intersection,2,100,Local Road
T20230003926,2023/2/17,23:44:00,4,Collision with a fixed object,5,Friday,173,RIGHT OFF CARRIAGEWAY INTO OBJECT/PARKED VEHICLE,3,781608,1,0,1,0,1,2,1,5,Not at intersection,2,50,Local Road
T20230003931,2023/2/17,10:40:00,4,Collision with a fixed object,5,Friday,179,OTHER ACCIDENTS-OFF STRAIGHT NOT INCLUDED IN DCAs 170-175,1,43094,1,0,1,0,0,1,1,2,T intersection,2,50,Arterial Highway
T20230003831,2023/2/17,1:34:00,8,No collision and no object struck,5,Friday,170,OFF CARRIAGEWAY TO LEFT,5,781388,1,0,1,0,0,1,1,5,Not at intersection,2,100,Arterial Highway
T20230004047,2023/2/17,22:00:00,1,Collision with vehicle,5,Friday,171,LEFT OFF CARRIAGEWAY INTO OBJECT/PARKED VEHICLE,3,783620,2,0,0,1,0,1,1,5,Not at intersection,3,60,Local Road
T20230003883,2023/2/17,15:20:00,2,Struck Pedestrian,6,Friday,100,PED NEAR SIDE. PED HIT BY VEHICLE FROM THE RIGHT.,1,755110,1,0,1,0,1,2,1,5,Not at intersection,2,50,Local Road
T20230003860,2023/2/17,8:10:00,1,Collision with vehicle,6,Friday,133,LANE SIDE SWIPE (VEHICLES IN PARALLEL LANES),1,478,2,0,1,0,1,2,1,4,Multiple intersection,2,60,Arterial Other
T20230004117,2023/2/17,12:30:00,6,Vehicle overturned (no collision),5,Friday,184,OUT OF CONTROL ON CARRIAGEWAY (ON BEND),1,782145,1,0,1,0,0,1,2,5,Not at intersection,2,80,Arterial Highway
T20230018634,2023/2/17,19:00:00,1,Collision with vehicle,6,Friday,130,REAR END(VEHICLES IN SAME LANE),2,781627,3,0,0,1,2,3,2,2,T intersection,3,60,Local Road
T20230003861,2023/2/17,10:45:00,1,Collision with vehicle,5,Friday,121,RIGHT THROUGH,1,97506,2,0,0,1,1,2,1,2,T intersection,3,80,Arterial Other
T20230003962,2023/2/17,15:45:00,2,Struck Pedestrian,5,Friday,100,PED NEAR SIDE. PED HIT BY VEHICLE FROM THE RIGHT.,1,759809,1,0,0,2,1,3,2,2,T intersection,3,50,Arterial Other
T20230004809,2023/2/18,0:10:00,2,Struck Pedestrian,7,Saturday,100,PED NEAR SIDE. PED HIT BY VEHICLE FROM THE RIGHT.,6,757541,1,0,0,1,1,2,2,5,Not at intersection,3,70,Arterial Other
T20230003986,2023/2/18,16:20:00,4,Collision with a fixed object,6,Saturday,181,OFF RIGHT BEND INTO OBJECT/PARKED VEHICLE,1,768513,1,0,2,0,0,2,1,5,Not at intersection,2,100,Local Road
T20230004007,2023/2/18,21:10:00,1,Collision with vehicle,6,Saturday,121,RIGHT THROUGH,3,673299,2,0,0,1,4,5,1,1,Cross intersection,3,50,Local Road
T20230004010,2023/2/18,19:36:00,1,Collision with vehicle,7,Saturday,113,RIGHT NEAR (INTERSECTIONS ONLY),2,245367,2,0,1,1,1,3,1,2,T intersection,2,60,Local Road
T20230004013,2023/2/18,22:30:00,1,Collision with vehicle,7,Saturday,111,RIGHT FAR (INTERSECTIONS ONLY),3,44386,2,0,0,1,1,2,1,1,Cross intersection,3,60,Arterial Other
T20230005267,2023/2/18,12:15:00,1,Collision with vehicle,7,Saturday,132,RIGHT REAR.,1,50407,2,0,0,1,1,2,1,1,Cross intersection,3,80,Local Road
T20230014514,2023/2/18,18:40:00,8,No collision and no object struck,7,Saturday,180,OFF CARRIAGEWAY ON RIGHT BEND,1,776367,1,0,0,1,0,1,2,5,Not at intersection,3,80,Local Road
T20230003998,2023/2/18,19:23:00,1,Collision with vehicle,7,Saturday,130,REAR END(VEHICLES IN SAME LANE),2,779405,4,0,0,1,3,4,1,5,Not at intersection,3,60,Arterial Other
T20230003965,2023/2/18,13:35:00,4,Collision with a fixed object,6,Saturday,171,LEFT OFF CARRIAGEWAY INTO OBJECT/PARKED VEHICLE,1,755787,1,0,0,1,0,1,1,5,Not at intersection,3,60,Arterial Other
T20230005088,2023/2/18,7:30:00,6,Vehicle overturned (no collision),7,Saturday,174,OUT OF CONTROL ON CARRIAGEWAY (ON STRAIGHT),1,786916,1,0,1,0,0,1,2,5,Not at intersection,2,80,Arterial Highway
T20230003978,2023/2/18,14:13:00,8,No collision and no object struck,7,Saturday,184,OUT OF CONTROL ON CARRIAGEWAY (ON BEND),1,343622,1,0,1,0,0,1,1,5,Not at intersection,2,100,Arterial Other
T20230005107,2023/2/18,14:30:00,6,Vehicle overturned (no collision),7,Saturday,174,OUT OF CONTROL ON CARRIAGEWAY (ON STRAIGHT),1,761572,1,0,1,0,0,1,2,5,Not at intersection,2,999,Local Road
T20230003948,2023/2/18,12:30:00,1,Collision with vehicle,7,Saturday,113,RIGHT NEAR (INTERSECTIONS ONLY),1,53506,2,0,0,1,3,4,1,2,T intersection,3,60,Arterial Other
T20230003976,2023/2/18,13:50:00,1,Collision with vehicle,7,Saturday,134,LANE CHANGE RIGHT (NOT OVERTAKING),1,757153,2,0,0,1,2,3,1,5,Not at intersection,3,110,Freeway
T20230003973,2023/2/18,12:30:00,4,Collision with a fixed object,6,Saturday,173,RIGHT OFF CARRIAGEWAY INTO OBJECT/PARKED VEHICLE,1,782144,1,0,0,1,0,1,1,5,Not at intersection,3,60,Local Road
T20230003972,2023/2/18,10:30:00,1,Collision with vehicle,6,Saturday,148,VEHICLE OFF FOOTPATH STRIKES VEH ON CARRIAGEWAY,1,755500,2,0,0,1,1,2,2,2,T intersection,3,50,Local Road
T20230003996,2023/2/18,18:00:00,4,Collision with a fixed object,7,Saturday,173,RIGHT OFF CARRIAGEWAY INTO OBJECT/PARKED VEHICLE,1,755789,2,0,0,1,1,2,1,5,Not at intersection,3,60,Arterial Highway
T20230003967,2023/2/18,11:30:00,1,Collision with vehicle,6,Saturday,121,RIGHT THROUGH,1,762484,3,0,2,0,1,3,2,2,T intersection,2,40,Local Road
T20230003964,2023/2/18,11:45:00,1,Collision with vehicle,7,Saturday,147,VEHICLE STRIKES ANOTHER VEH WHILE EMERGING FROM DRIVEWAY,1,756184,2,0,1,1,0,2,1,5,Not at intersection,2,50,Local Road
T20230003995,2023/2/18,18:29:00,1,Collision with vehicle,7,Saturday,121,RIGHT THROUGH,1,765508,2,0,1,0,1,2,1,2,T intersection,2,50,Local Road
T20230003988,2023/2/18,14:58:00,4,Collision with a fixed object,7,Saturday,181,OFF RIGHT BEND INTO OBJECT/PARKED VEHICLE,1,775752,1,1,0,0,0,1,1,2,T intersection,1,50,Local Road
T20230004780,2023/2/18,12:00:00,4,Collision with a fixed object,6,Saturday,149,OTHER MANOEUVRING NOT INCLUDED IN DCAs 140-148,1,757285,1,0,0,1,0,1,2,2,T intersection,2,60,Arterial Other
T20230003987,2023/2/18,11:50:00,1,Collision with vehicle,7,Saturday,135,LANE CHANGE LEFT (NOT OVERTAKING),1,756185,2,0,0,1,1,2,1,5,Not at intersection,3,80,Arterial Highway
T20230004006,2023/2/18,14:20:00,1,Collision with vehicle,7,Saturday,121,RIGHT THROUGH,1,755952,2,0,0,3,1,4,1,2,T intersection,3,50,Local Road
T20230003999,2023/2/18,16:40:00,2,Struck Pedestrian,6,Saturday,102,FAR SIDE. PED HIT BY VEHICLE FROM THE LEFT,1,755302,1,0,0,1,1,2,1,5,Not at intersection,3,50,Arterial Highway
T20230003959,2023/2/18,10:00:00,1,Collision with vehicle,6,Saturday,113,RIGHT NEAR (INTERSECTIONS ONLY),1,73915,2,0,0,1,1,2,1,1,Cross intersection,3,50,Arterial Highway
T20230003950,2023/2/18,7:40:00,4,Collision with a fixed object,7,Saturday,179,OTHER ACCIDENTS-OFF STRAIGHT NOT INCLUDED IN DCAs 170-175,2,790305,1,0,0,1,0,1,1,5,Not at intersection,3,50,Local Road
T20230003949,2023/2/18,7:50:00,1,Collision with vehicle,6,Saturday,121,RIGHT THROUGH,1,106352,2,0,0,1,1,2,1,2,T intersection,3,80,Arterial Other
T20230004058,2023/2/18,15:51:00,1,Collision with vehicle,7,Saturday,132,RIGHT REAR.,1,757422,2,0,1,1,4,6,1,5,Not at intersection,2,100,Arterial Highway
T20230003947,2023/2/18,11:45:00,1,Collision with vehicle,7,Saturday,160,VEHICLE COLLIDES WITH VEHICLE PARKED ON LEFT OF ROAD,1,755301,2,0,0,1,0,1,1,5,Not at intersection,3,60,Arterial Other
T20230003943,2023/2/18,8:50:00,1,Collision with vehicle,6,Saturday,110,CROSS TRAFFIC(INTERSECTIONS ONLY),1,773629,2,0,0,1,2,3,1,1,Cross intersection,3,80,Local Road
T20230003942,2023/2/18,11:55:00,6,Vehicle overturned (no collision),7,Saturday,184,OUT OF CONTROL ON CARRIAGEWAY (ON BEND),1,758686,1,0,1,0,0,1,1,5,Not at intersection,2,100,Local Road
T20230005076,2023/2/18,19:52:00,1,Collision with vehicle,6,Saturday,110,CROSS TRAFFIC(INTERSECTIONS ONLY),2,772064,2,0,0,1,1,2,1,1,Cross intersection,3,80,Arterial Highway
T20230004241,2023/2/18,9:30:00,6,Vehicle overturned (no collision),6,Saturday,174,OUT OF CONTROL ON CARRIAGEWAY (ON STRAIGHT),9,786919,1,0,1,0,0,1,2,5,Not at intersection,2,60,Arterial Other
T20230003939,2023/2/18,10:00:00,1,Collision with vehicle,7,Saturday,121,RIGHT THROUGH,1,39263,2,0,1,0,1,2,1,2,T intersection,2,60,Arterial Other
T20230004522,2023/2/18,11:33:00,2,Struck Pedestrian,6,Saturday,102,FAR SIDE. PED HIT BY VEHICLE FROM THE LEFT,1,773550,1,0,1,0,1,2,2,5,Not at intersection,2,60,Arterial Other
T20230004074,2023/2/19,20:34:00,6,Vehicle overturned (no collision),0,Sunday,170,OFF CARRIAGEWAY TO LEFT,1,761554,1,0,1,0,0,1,1,5,Not at intersection,2,60,Local Road
T20230004088,2023/2/19,22:45:00,4,Collision with a fixed object,0,Sunday,175,OFF END OF ROAD/T-INTERSECTION.,3,769770,1,0,0,1,0,1,1,6,Dead end,3,50,Local Road
T20230004087,2023/2/19,23:40:00,2,Struck Pedestrian,0,Sunday,102,FAR SIDE. PED HIT BY VEHICLE FROM THE LEFT,3,786920,1,0,1,1,0,2,1,2,T intersection,2,60,Arterial Highway
T20230004086,2023/2/19,23:04:00,4,Collision with a fixed object,1,Sunday,173,RIGHT OFF CARRIAGEWAY INTO OBJECT/PARKED VEHICLE,3,239572,1,0,1,0,0,1,1,5,Not at intersection,2,60,Local Road
T20230005134,2023/2/19,18:00:00,4,Collision with a fixed object,0,Sunday,164,PERMANENT OBSTRUCTION ON CARRIAGEWAY,9,39026,1,0,0,1,0,1,2,1,Cross intersection,3,50,Local Road
T20230004084,2023/2/19,21:10:00,4,Collision with a fixed object,1,Sunday,175,OFF END OF ROAD/T-INTERSECTION.,3,757152,1,0,1,1,0,2,1,2,T intersection,2,80,Local Road
T20230004079,2023/2/19,15:30:00,1,Collision with vehicle,1,Sunday,130,REAR END(VEHICLES IN SAME LANE),1,757273,3,0,1,0,2,3,1,5,Not at intersection,2,50,Local Road
T20230004078,2023/2/19,21:30:00,1,Collision with vehicle,0,Sunday,133,LANE SIDE SWIPE (VEHICLES IN PARALLEL LANES),3,760434,2,0,0,1,1,2,2,5,Not at intersection,3,60,Arterial Other
T20230004783,2023/2/19,12:15:00,4,Collision with a fixed object,1,Sunday,183,OFF LEFT BEND INTO OBJECT/PARKED VEHICLE,1,763744,1,0,0,1,0,1,2,5,Not at intersection,3,100,Local Road
T20230004252,2023/2/19,12:30:00,8,No collision and no object struck,1,Sunday,174,OUT OF CONTROL ON CARRIAGEWAY (ON STRAIGHT),1,781387,1,0,1,0,0,1,2,5,Not at intersection,2,777,Arterial Other
T20230004075,2023/2/19,20:02:00,4,Collision with a fixed object,0,Sunday,181,OFF RIGHT BEND INTO OBJECT/PARKED VEHICLE,2,783716,1,0,0,1,0,1,1,5,Not at intersection,3,60,Arterial Other
T20230004204,2023/2/19,16:00:00,7,Fall from or in moving vehicle,0,Sunday,190,FELL IN/FROM VEHICLE,1,778227,1,0,0,1,0,1,2,5,Not at intersection,3,100,Local Road
T20230004157,2023/2/19,21:20:00,1,Collision with vehicle,1,Sunday,160,VEHICLE COLLIDES WITH VEHICLE PARKED ON LEFT OF ROAD,2,779402,2,0,1,0,0,1,1,5,Not at intersection,2,50,Local Road
T20230004110,2023/2/19,13:30:00,1,Collision with vehicle,1,Sunday,163,VEHICLE STRIKES DOOR OF PARKED/STATIONARY VEHICLE,9,774337,2,0,2,0,0,2,2,5,Not at intersection,2,60,Arterial Other
T20230004237,2023/2/19,13:00:00,6,Vehicle overturned (no collision),1,Sunday,184,OUT OF CONTROL ON CARRIAGEWAY (ON BEND),1,758019,1,0,0,1,0,1,2,5,Not at intersection,3,100,Local Road
T20230004753,2023/2/19,0:10:00,7,Fall from or in moving vehicle,0,Sunday,190,FELL IN/FROM VEHICLE,3,783703,1,0,0,1,1,2,1,5,Not at intersection,3,60,Arterial Other
T20230004036,2023/2/19,8:00:00,1,Collision with vehicle,1,Sunday,130,REAR END(VEHICLES IN SAME LANE),1,760937,2,0,1,1,2,4,1,5,Not at intersection,2,110,Freeway
T20230004040,2023/2/19,12:33:00,1,Collision with vehicle,1,Sunday,121,RIGHT THROUGH,1,40099,2,0,1,0,1,2,1,1,Cross intersection,2,50,Arterial Other
T20230004263,2023/2/19,11:45:00,8,No collision and no object struck,0,Sunday,174,OUT OF CONTROL ON CARRIAGEWAY (ON STRAIGHT),1,755961,1,0,0,1,0,1,2,5,Not at intersection,3,80,Arterial Other
T20230004520,2023/2/19,22:10:00,1,Collision with vehicle,1,Sunday,130,REAR END(VEHICLES IN SAME LANE),3,35497,2,0,0,2,2,4,1,1,Cross intersection,3,60,Arterial Highway
T20230006072,2023/2/19,10:15:00,1,Collision with vehicle,0,Sunday,130,REAR END(VEHICLES IN SAME LANE),1,36506,2,0,0,1,1,2,9,2,T intersection,3,60,Arterial Other
T20230004015,2023/2/19,1:45:00,1,Collision with vehicle,0,Sunday,147,VEHICLE STRIKES ANOTHER VEH WHILE EMERGING FROM DRIVEWAY,3,776908,2,0,0,1,3,4,1,5,Not at intersection,3,80,Arterial Other
T20230004018,2023/2/19,1:51:00,4,Collision with a fixed object,0,Sunday,171,LEFT OFF CARRIAGEWAY INTO OBJECT/PARKED VEHICLE,3,769540,1,0,0,1,0,1,1,5,Not at intersection,3,999,Freeway
T20230004019,2023/2/19,4:45:00,1,Collision with vehicle,0,Sunday,110,CROSS TRAFFIC(INTERSECTIONS ONLY),3,29377,3,0,0,1,3,4,1,1,Cross intersection,3,60,Arterial Other
T20230004027,2023/2/19,9:40:00,1,Collision with vehicle,0,Sunday,130,REAR END(VEHICLES IN SAME LANE),1,755785,2,0,0,1,1,2,1,5,Not at intersection,3,50,Arterial Other
T20230004028,2023/2/19,9:50:00,1,Collision with vehicle,1,Sunday,120,HEAD ON (NOT OVERTAKING),1,765752,2,0,0,1,1,2,1,5,Not at intersection,3,100,Local Road
T20230004030,2023/2/19,10:00:00,1,Collision with vehicle,0,Sunday,130,REAR END(VEHICLES IN SAME LANE),1,778002,2,0,0,2,1,3,2,5,Not at intersection,3,100,Freeway
T20230008733,2023/2/19,17:00:00,1,Collision with vehicle,1,Sunday,140,U TURN,9,779900,2,0,0,1,1,2,2,5,Not at intersection,3,50,Arterial Other
T20230004936,2023/2/19,12:30:00,6,Vehicle overturned (no collision),0,Sunday,182,OFF CARRIAGEWAY ON LEFT BEND,1,757872,1,0,0,1,0,1,2,5,Not at intersection,3,100,Arterial Other
T20230005649,2023/2/19,13:20:00,1,Collision with vehicle,1,Sunday,130,REAR END(VEHICLES IN SAME LANE),1,783707,3,0,0,1,2,3,2,1,Cross intersection,3,80,Arterial Highway
T20230004023,2023/2/19,5:45:00,4,Collision with a fixed object,1,Sunday,173,RIGHT OFF CARRIAGEWAY INTO OBJECT/PARKED VEHICLE,2,755501,1,0,1,0,0,1,1,5,Not at intersection,2,70,Arterial Highway
T20230004045,2023/2/19,13:58:00,8,No collision and no object struck,1,Sunday,174,OUT OF CONTROL ON CARRIAGEWAY (ON STRAIGHT),1,775372,1,0,1,0,0,1,1,5,Not at intersection,2,100,Local Road
T20230004050,2023/2/19,2:31:00,1,Collision with vehicle,0,Sunday,110,CROSS TRAFFIC(INTERSECTIONS ONLY),3,37610,3,0,0,3,5,8,1,1,Cross intersection,3,40,Arterial Highway
T20230004052,2023/2/19,15:00:00,1,Collision with vehicle,0,Sunday,131,LEFT REAR,1,778261,2,0,0,2,4,6,1,5,Not at intersection,3,100,Arterial Highway
T20230004054,2023/2/19,11:40:00,1,Collision with vehicle,1,Sunday,120,HEAD ON (NOT OVERTAKING),1,755953,2,0,1,0,5,6,1,5,Not at intersection,2,80,Local Road
T20230004056,2023/2/19,13:45:00,4,Collision with a fixed object,1,Sunday,149,OTHER MANOEUVRING NOT INCLUDED IN DCAs 140-148,1,775601,1,0,1,0,0,1,2,9,Unknown,2,50,Local Road
T20230004061,2023/2/19,15:54:00,4,Collision with a fixed object,1,Sunday,181,OFF RIGHT BEND INTO OBJECT/PARKED VEHICLE,1,755502,2,0,0,1,3,4,1,5,Not at intersection,3,70,Arterial Other
T20230004062,2023/2/19,14:00:00,6,Vehicle overturned (no collision),1,Sunday,174,OUT OF CONTROL ON CARRIAGEWAY (ON STRAIGHT),1,755597,2,0,0,2,6,8,1,5,Not at intersection,3,110,Freeway
T20230004063,2023/2/19,12:40:00,4,Collision with a fixed object,1,Sunday,181,OFF RIGHT BEND INTO OBJECT/PARKED VEHICLE,1,755713,1,0,0,1,0,1,1,5,Not at intersection,3,80,Arterial Other
T20230004067,2023/2/19,16:50:00,1,Collision with vehicle,1,Sunday,111,RIGHT FAR (INTERSECTIONS ONLY),1,50732,2,0,0,3,9,12,1,1,Cross intersection,3,50,Local Road
T20230004069,2023/2/19,17:35:00,1,Collision with vehicle,1,Sunday,132,RIGHT REAR.,2,779404,2,0,0,2,1,3,1,2,T intersection,3,60,Arterial Other
T20230004070,2023/2/19,14:55:00,1,Collision with vehicle,1,Sunday,134,LANE CHANGE RIGHT (NOT OVERTAKING),1,755714,2,0,0,1,2,3,1,5,Not at intersection,3,80,Freeway
T20230004072,2023/2/19,19:10:00,1,Collision with vehicle,1,Sunday,113,RIGHT NEAR (INTERSECTIONS ONLY),1,628,2,0,0,1,1,2,1,1,Cross intersection,3,60,Arterial Highway
T20230004094,2023/2/20,8:14:00,1,Collision with vehicle,2,Monday,120,HEAD ON (NOT OVERTAKING),1,756418,2,0,1,0,1,2,1,5,Not at intersection,2,50,Local Road
T20230004232,2023/2/20,21:36:00,4,Collision with a fixed object,2,Monday,181,OFF RIGHT BEND INTO OBJECT/PARKED VEHICLE,2,781570,1,0,0,1,0,1,1,5,Not at intersection,3,50,Arterial Other
T20230004108,2023/2/20,7:25:00,1,Collision with vehicle,2,Monday,120,HEAD ON (NOT OVERTAKING),1,775551,2,0,2,0,0,2,1,5,Not at intersection,2,60,Arterial Other
T20230004109,2023/2/20,10:20:00,4,Collision with a fixed object,1,Monday,173,RIGHT OFF CARRIAGEWAY INTO OBJECT/PARKED VEHICLE,1,48020,1,0,0,2,0,2,1,1,Cross intersection,3,50,Local Road
T20230004177,2023/2/20,16:50:00,1,Collision with vehicle,1,Monday,130,REAR END(VEHICLES IN SAME LANE),1,778226,2,0,0,2,1,3,1,5,Not at intersection,3,100,Arterial Other
T20230007569,2023/2/20,10:00:00,5,collision with some other object,1,Monday,191,LOAD OR MISSILE STRUCK VEHICLE,1,764608,2,0,0,1,1,2,2,5,Not at intersection,3,80,Local Road
T20230004225,2023/2/20,20:56:00,1,Collision with vehicle,1,Monday,130,REAR END(VEHICLES IN SAME LANE),9,234871,2,0,0,2,1,3,2,2,T intersection,3,60,Arterial Highway
T20230004168,2023/2/20,15:20:00,4,Collision with a fixed object,1,Monday,173,RIGHT OFF CARRIAGEWAY INTO OBJECT/PARKED VEHICLE,1,786922,1,0,1,0,0,1,1,5,Not at intersection,2,80,Local Road
T20230004605,2023/2/20,16:30:00,1,Collision with vehicle,1,Monday,130,REAR END(VEHICLES IN SAME LANE),1,777508,2,0,0,1,1,2,2,2,T intersection,3,60,Arterial Other
T20230004169,2023/2/20,10:00:00,1,Collision with vehicle,2,Monday,130,REAR END(VEHICLES IN SAME LANE),1,777845,2,0,1,0,1,2,2,1,Cross intersection,2,70,Arterial Other
T20230004147,2023/2/20,12:40:00,1,Collision with vehicle,1,Monday,134,LANE CHANGE RIGHT (NOT OVERTAKING),1,767729,2,0,0,1,2,3,1,5,Not at intersection,3,80,Arterial Highway
T20230004148,2023/2/20,14:22:00,1,Collision with vehicle,1,Monday,135,LANE CHANGE LEFT (NOT OVERTAKING),1,756186,2,0,0,2,1,3,1,5,Not at intersection,3,60,Local Road
T20230004187,2023/2/20,19:45:00,4,Collision with a fixed object,2,Monday,141,U TURN INTO FIXED OBJECT/PARKED VEHICLE,1,760435,1,0,1,1,0,2,1,5,Not at intersection,2,80,Arterial Highway
T20230004188,2023/2/20,22:00:00,1,Collision with vehicle,1,Monday,132,RIGHT REAR.,3,49246,3,0,0,1,2,3,1,1,Cross intersection,3,60,Arterial Highway
T20230004189,2023/2/20,20:15:00,1,Collision with vehicle,1,Monday,113,RIGHT NEAR (INTERSECTIONS ONLY),3,38673,3,0,1,1,2,4,1,1,Cross intersection,2,60,Arterial Other
T20230004111,2023/2/20,7:24:00,1,Collision with vehicle,2,Monday,120,HEAD ON (NOT OVERTAKING),2,768777,2,0,0,1,1,2,1,5,Not at intersection,3,50,Local Road
T20230004165,2023/2/20,15:00:00,6,Vehicle overturned (no collision),2,Monday,174,OUT OF CONTROL ON CARRIAGEWAY (ON STRAIGHT),1,783830,1,0,0,1,0,1,1,5,Not at intersection,3,50,Local Road
T20230004193,2023/2/20,21:15:00,4,Collision with a fixed object,1,Monday,171,LEFT OFF CARRIAGEWAY INTO OBJECT/PARKED VEHICLE,3,783829,1,0,0,1,0,1,1,5,Not at intersection,3,999,Arterial Highway
T20230004194,2023/2/20,22:55:00,1,Collision with vehicle,1,Monday,110,CROSS TRAFFIC(INTERSECTIONS ONLY),3,43260,2,0,1,0,1,2,1,1,Cross intersection,2,80,Arterial Other
T20230004149,2023/2/20,11:55:00,4,Collision with a fixed object,2,Monday,183,OFF LEFT BEND INTO OBJECT/PARKED VEHICLE,1,755607,1,1,0,0,0,1,1,5,Not at intersection,1,100,Arterial Other
T20230004162,2023/2/20,16:13:00,1,Collision with vehicle,1,Monday,121,RIGHT THROUGH,1,37052,2,0,0,1,1,2,1,1,Cross intersection,3,70,Arterial Highway
T20230004151,2023/2/20,12:50:00,1,Collision with vehicle,2,Monday,134,LANE CHANGE RIGHT (NOT OVERTAKING),1,774016,3,0,0,2,1,3,1,5,Not at intersection,3,100,Freeway
T20230004155,2023/2/20,16:10:00,2,Struck Pedestrian,1,Monday,102,FAR SIDE. PED HIT BY VEHICLE FROM THE LEFT,1,783828,1,0,0,1,1,2,1,1,Cross intersection,3,60,Arterial Highway
T20230004159,2023/2/20,14:00:00,1,Collision with vehicle,2,Monday,121,RIGHT THROUGH,1,795462,2,0,0,1,1,2,1,1,Cross intersection,3,60,
T20230004171,2023/2/20,14:59:00,1,Collision with vehicle,2,Monday,121,RIGHT THROUGH,1,757038,2,0,1,0,1,2,1,4,Multiple intersection,2,80,Arterial Other
T20230004195,2023/2/20,23:35:00,2,Struck Pedestrian,2,Monday,103,PED PLAYING/LYING/WORKING/STANDING ON CARRIAGEWAY.,3,760226,1,0,1,0,2,3,1,5,Not at intersection,2,60,Arterial Other