ACCIDENT_NO,ACCIDENT_DATE,ACCIDENT_TIME,ACCIDENT_TYPE,ACCIDENT_TYPE_DESC,DAY_OF_WEEK,DAY_WEEK_DESC,DCA_CODE,DCA_DESC,LIGHT_CONDITION,NODE_ID,NO_OF_VEHICLES,NO_PERSONS_KILLED,NO_PERSONS_INJ_2,NO_PERSONS_INJ_3,NO_PERSONS_NOT_INJ,NO_PERSONS,POLICE_ATTEND,ROAD_GEOMETRY,ROAD_GEOMETRY_DESC,SEVERITY,SPEED_ZONE,RMA
T20230005325,2023/2/20,18:00:00,6,Vehicle overturned (no collision),1,Monday,174,OUT OF CONTROL ON CARRIAGEWAY (ON STRAIGHT),1,40930,1,0,0,1,0,1,2,2,T intersection,3,60,Local Road
T20230004119,2023/2/20,11:45:00,1,Collision with vehicle,1,Monday,111,RIGHT FAR (INTERSECTIONS ONLY),1,29457,2,0,1,0,1,2,1,1,Cross intersection,2,70,Arterial Other
T20230004667,2023/2/20,9:00:00,1,Collision with vehicle,2,Monday,130,REAR END(VEHICLES IN SAME LANE),2,779663,2,0,1,0,1,2,1,5,Not at intersection,2,60,Local Road
T20230004199,2023/2/20,16:30:00,6,Vehicle overturned (no collision),2,Monday,180,OFF CARRIAGEWAY ON RIGHT BEND,1,756831,1,0,1,0,0,1,1,5,Not at intersection,2,60,Arterial Other
T20230004124,2023/2/20,12:35:00,4,Collision with a fixed object,1,Monday,146,REVERSING INTO FIXED OBJECT/PARKED VEHICLE,1,760518,1,0,1,0,0,1,1,5,Not at intersection,2,777,Local Road
T20230004128,2023/2/20,11:30:00,1,Collision with vehicle,2,Monday,121,RIGHT THROUGH,1,40764,2,0,1,0,1,2,1,1,Cross intersection,2,60,Arterial Other
T20230004130,2023/2/20,10:26:00,1,Collision with vehicle,2,Monday,113,RIGHT NEAR (INTERSECTIONS ONLY),1,726593,2,0,2,0,1,3,1,2,T intersection,2,100,Arterial Highway
T20230004137,2023/2/20,13:11:00,1,Collision with vehicle,2,Monday,110,CROSS TRAFFIC(INTERSECTIONS ONLY),1,69986,2,0,0,2,0,2,1,1,Cross intersection,3,60,Local Road
T20230004393,2023/2/20,3:45:00,1,Collision with vehicle,1,Monday,135,LANE CHANGE LEFT (NOT OVERTAKING),5,757278,2,0,0,1,1,2,1,5,Not at intersection,3,100,Freeway
T20230004139,2023/2/20,10:26:00,1,Collision with vehicle,2,Monday,171,LEFT OFF CARRIAGEWAY INTO OBJECT/PARKED VEHICLE,1,774028,4,1,1,1,0,3,1,2,T intersection,1,60,Local Road
T20230004102,2023/2/20,9:00:00,4,Collision with a fixed object,1,Monday,173,RIGHT OFF CARRIAGEWAY INTO OBJECT/PARKED VEHICLE,1,768375,1,0,0,1,0,1,1,5,Not at intersection,3,40,Local Road
T20230004093,2023/2/20,5:58:00,4,Collision with a fixed object,2,Monday,171,LEFT OFF CARRIAGEWAY INTO OBJECT/PARKED VEHICLE,3,756417,1,0,1,0,2,3,1,5,Not at intersection,2,80,Local Road
T20230004091,2023/2/20,5:18:00,1,Collision with vehicle,2,Monday,130,REAR END(VEHICLES IN SAME LANE),5,767268,2,0,1,0,2,3,1,5,Not at intersection,2,40,Arterial Other
T20230004339,2023/2/20,9:30:00,3,Struck animal,2,Monday,167,STRUCK ANIMAL,1,775607,1,0,1,0,0,1,1,5,Not at intersection,2,100,Arterial Other
T20230004160,2023/2/20,15:40:00,1,Collision with vehicle,1,Monday,130,REAR END(VEHICLES IN SAME LANE),1,757151,2,0,0,1,3,4,1,5,Not at intersection,3,40,Local Road
T20230004100,2023/2/20,8:40:00,5,collision with some other object,1,Monday,179,OTHER ACCIDENTS-OFF STRAIGHT NOT INCLUDED IN DCAs 170-175,1,763350,1,0,0,2,1,3,1,5,Not at intersection,3,50,Local Road
T20230004161,2023/2/20,15:50:00,1,Collision with vehicle,1,Monday,130,REAR END(VEHICLES IN SAME LANE),1,778271,3,0,0,1,2,3,1,1,Cross intersection,3,60,Local Road
T20230004092,2023/2/20,6:10:00,1,Collision with vehicle,2,Monday,121,RIGHT THROUGH,1,755715,2,0,1,1,0,2,1,2,T intersection,2,60,Local Road
T20230005898,2023/2/20,13:15:00,1,Collision with vehicle,2,Monday,121,RIGHT THROUGH,1,53992,2,0,0,1,1,2,1,1,Cross intersection,3,60,Freeway
T20230004140,2023/2/20,8:04:00,2,Struck Pedestrian,2,Monday,108,PED STRUCK WALKING TO/FROM OR BOARDING/ALIGHTING VEHICLE.,1,770953,1,0,1,0,1,2,1,5,Not at intersection,2,60,Local Road
T20230004166,2023/2/20,17:20:00,1,Collision with vehicle,1,Monday,147,VEHICLE STRIKES ANOTHER VEH WHILE EMERGING FROM DRIVEWAY,1,756187,2,0,0,1,1,2,1,5,Not at intersection,3,50,Local Road
T20230004099,2023/2/20,7:46:00,1,Collision with vehicle,1,Monday,116,LEFT NEAR (INTERSECTIONS ONLY),2,53226,2,0,0,1,2,3,1,2,T intersection,3,50,Local Road
T20230004240,2023/2/20,17:50:00,1,Collision with vehicle,2,Monday,130,REAR END(VEHICLES IN SAME LANE),1,40990,2,0,0,1,1,2,1,2,T intersection,3,60,Arterial Other
T20230004097,2023/2/20,7:34:00,1,Collision with vehicle,2,Monday,120,HEAD ON (NOT OVERTAKING),1,755716,2,0,1,0,1,2,1,5,Not at intersection,2,70,Arterial Other
T20230004095,2023/2/20,7:09:00,1,Collision with vehicle,2,Monday,121,RIGHT THROUGH,1,47714,2,0,1,0,1,2,1,2,T intersection,2,60,Arterial Highway
T20230004114,2023/2/20,7:28:00,4,Collision with a fixed object,2,Monday,173,RIGHT OFF CARRIAGEWAY INTO OBJECT/PARKED VEHICLE,1,760506,1,0,2,0,0,2,1,5,Not at intersection,2,70,Arterial Other
T20230007391,2023/2/20,18:30:00,1,Collision with vehicle,2,Monday,113,RIGHT NEAR (INTERSECTIONS ONLY),1,783792,2,0,0,1,1,2,2,2,T intersection,3,50,Local Road
T20230004175,2023/2/20,17:15:00,1,Collision with vehicle,1,Monday,130,REAR END(VEHICLES IN SAME LANE),1,777848,2,0,0,1,4,5,1,2,T intersection,3,90,Arterial Other
T20230004107,2023/2/20,7:15:00,1,Collision with vehicle,2,Monday,110,CROSS TRAFFIC(INTERSECTIONS ONLY),1,57576,2,0,2,1,0,3,1,1,Cross intersection,2,80,Arterial Highway
T20230005227,2023/2/20,17:00:00,1,Collision with vehicle,1,Monday,116,LEFT NEAR (INTERSECTIONS ONLY),1,244915,2,0,0,1,1,2,2,2,T intersection,3,40,Arterial Other
T20230004548,2023/2/20,16:55:00,1,Collision with vehicle,2,Monday,131,LEFT REAR,1,40511,2,0,0,1,1,2,2,2,T intersection,3,60,Arterial Other
T20230004115,2023/2/20,8:03:00,1,Collision with vehicle,1,Monday,133,LANE SIDE SWIPE (VEHICLES IN PARALLEL LANES),2,781793,2,0,0,1,2,3,1,5,Not at intersection,3,100,Freeway
T20230011347,2023/2/20,13:00:00,8,No collision and no object struck,2,Monday,179,OTHER ACCIDENTS-OFF STRAIGHT NOT INCLUDED IN DCAs 170-175,1,774110,1,0,0,1,0,1,2,1,Cross intersection,3,999,Local Road
T20230004509,2023/2/21,10:30:00,1,Collision with vehicle,2,Tuesday,147,VEHICLE STRIKES ANOTHER VEH WHILE EMERGING FROM DRIVEWAY,1,758277,2,0,0,1,1,2,2,5,Not at intersection,3,60,Local Road
T20230004283,2023/2/21,18:35:00,4,Collision with a fixed object,2,Tuesday,171,LEFT OFF CARRIAGEWAY INTO OBJECT/PARKED VEHICLE,1,776604,1,0,1,0,0,1,1,5,Not at intersection,2,50,Local Road
T20230004970,2023/2/21,11:55:00,1,Collision with vehicle,2,Tuesday,113,RIGHT NEAR (INTERSECTIONS ONLY),1,51199,2,0,0,2,0,2,1,1,Cross intersection,3,60,Arterial Other
T20230004288,2023/2/21,13:56:00,1,Collision with vehicle,3,Tuesday,110,CROSS TRAFFIC(INTERSECTIONS ONLY),1,317347,2,0,0,2,0,2,1,1,Cross intersection,3,50,Local Road
T20230004248,2023/2/21,13:00:00,4,Collision with a fixed object,3,Tuesday,173,RIGHT OFF CARRIAGEWAY INTO OBJECT/PARKED VEHICLE,1,776736,1,0,1,0,0,1,1,5,Not at intersection,2,100,Freeway
T20230004242,2023/2/21,14:10:00,1,Collision with vehicle,2,Tuesday,130,REAR END(VEHICLES IN SAME LANE),1,221544,2,0,0,1,2,3,2,2,T intersection,3,80,Arterial Highway
T20230004292,2023/2/21,20:30:00,1,Collision with vehicle,2,Tuesday,173,RIGHT OFF CARRIAGEWAY INTO OBJECT/PARKED VEHICLE,3,757277,2,0,1,2,0,3,1,2,T intersection,2,100,Local Road
T20230004341,2023/2/21,22:15:00,1,Collision with vehicle,2,Tuesday,130,REAR END(VEHICLES IN SAME LANE),3,41871,2,0,0,1,1,2,1,2,T intersection,3,80,Arterial Highway
T20230004338,2023/2/21,12:00:00,1,Collision with vehicle,2,Tuesday,121,RIGHT THROUGH,1,29397,2,0,0,1,1,2,2,1,Cross intersection,3,40,Arterial Other
T20230004333,2023/2/21,16:50:00,6,Vehicle overturned (no collision),3,Tuesday,174,OUT OF CONTROL ON CARRIAGEWAY (ON STRAIGHT),1,298913,1,0,1,0,0,1,1,2,T intersection,2,50,Local Road
T20230004293,2023/2/21,20:05:00,1,Collision with vehicle,2,Tuesday,110,CROSS TRAFFIC(INTERSECTIONS ONLY),2,29972,2,0,0,1,1,2,1,1,Cross intersection,3,50,Arterial Highway
T20230005528,2023/2/21,6:14:00,1,Collision with vehicle,3,Tuesday,113,RIGHT NEAR (INTERSECTIONS ONLY),2,45262,2,0,0,1,1,2,1,2,T intersection,3,60,Arterial Other
T20230005547,2023/2/21,14:45:00,1,Collision with vehicle,3,Tuesday,130,REAR END(VEHICLES IN SAME LANE),1,760028,2,0,0,1,1,2,2,2,T intersection,3,40,Local Road
T20230004236,2023/2/21,8:00:00,1,Collision with vehicle,3,Tuesday,121,RIGHT THROUGH,1,756189,2,0,1,1,0,2,1,5,Not at intersection,2,80,Local Road
T20230004227,2023/2/21,9:50:00,1,Collision with vehicle,3,Tuesday,110,CROSS TRAFFIC(INTERSECTIONS ONLY),1,309260,2,0,1,0,1,2,1,1,Cross intersection,2,80,Arterial Other
T20230004226,2023/2/21,11:03:00,1,Collision with vehicle,3,Tuesday,113,RIGHT NEAR (INTERSECTIONS ONLY),1,755957,2,0,0,3,0,3,1,2,T intersection,3,70,Arterial Other
T20230005791,2023/2/21,13:25:00,1,Collision with vehicle,2,Tuesday,163,VEHICLE STRIKES DOOR OF PARKED/STATIONARY VEHICLE,1,780349,2,0,0,1,1,2,2,5,Not at intersection,3,40,Local Road
T20230005987,2023/2/21,8:30:00,4,Collision with a fixed object,3,Tuesday,171,LEFT OFF CARRIAGEWAY INTO OBJECT/PARKED VEHICLE,1,760452,1,0,0,1,0,1,2,5,Not at intersection,3,999,Local Road
T20230004224,2023/2/21,9:35:00,1,Collision with vehicle,3,Tuesday,150,HEAD ON(OVERTAKING),1,770121,2,0,1,0,1,2,1,5,Not at intersection,2,80,Arterial Other
T20230004221,2023/2/21,7:40:00,1,Collision with vehicle,2,Tuesday,111,RIGHT FAR (INTERSECTIONS ONLY),1,29398,2,0,0,1,1,2,1,1,Cross intersection,3,60,Arterial Other
T20230004220,2023/2/21,10:03:00,1,Collision with vehicle,3,Tuesday,130,REAR END(VEHICLES IN SAME LANE),1,353797,2,0,1,0,3,4,1,2,T intersection,2,80,Arterial Highway
T20230005467,2023/2/21,19:20:00,1,Collision with vehicle,3,Tuesday,130,REAR END(VEHICLES IN SAME LANE),1,777840,2,0,0,1,1,2,1,1,Cross intersection,3,70,Arterial Other
T20230004406,2023/2/21,14:00:00,1,Collision with vehicle,2,Tuesday,120,HEAD ON (NOT OVERTAKING),1,758688,2,0,1,0,2,3,2,5,Not at intersection,2,888,Local Road
T20230005379,2023/2/21,9:30:00,1,Collision with vehicle,2,Tuesday,131,LEFT REAR,1,44621,2,0,0,1,1,2,1,1,Cross intersection,3,60,Arterial Other
T20230004219,2023/2/21,7:45:00,1,Collision with vehicle,2,Tuesday,136,RIGHT TURN SIDESWIPE,1,756931,2,0,2,0,1,3,1,2,T intersection,2,60,Local Road
T20230005971,2023/2/21,7:40:00,1,Collision with vehicle,2,Tuesday,113,RIGHT NEAR (INTERSECTIONS ONLY),1,69569,2,0,0,1,1,2,1,2,T intersection,3,60,Arterial Other
T20230004217,2023/2/21,10:39:00,1,Collision with vehicle,3,Tuesday,110,CROSS TRAFFIC(INTERSECTIONS ONLY),1,15421,2,0,0,1,1,2,1,1,Cross intersection,3,50,Local Road
T20230004395,2023/2/21,9:40:00,1,Collision with vehicle,3,Tuesday,130,REAR END(VEHICLES IN SAME LANE),1,779399,2,0,0,1,1,2,1,5,Not at intersection,3,60,Arterial Highway
T20230004216,2023/2/21,8:01:00,1,Collision with vehicle,2,Tuesday,113,RIGHT NEAR (INTERSECTIONS ONLY),1,60138,2,0,1,0,1,2,1,2,T intersection,2,80,Local Road
T20230004215,2023/2/21,6:38:00,1,Collision with vehicle,3,Tuesday,135,LANE CHANGE LEFT (NOT OVERTAKING),2,756629,3,0,0,2,1,3,1,5,Not at intersection,3,60,Arterial Other
T20230004295,2023/2/21,23:16:00,1,Collision with vehicle,3,Tuesday,110,CROSS TRAFFIC(INTERSECTIONS ONLY),3,650979,2,0,1,1,1,3,1,1,Cross intersection,2,999,Arterial Highway
T20230004212,2023/2/21,9:10:00,1,Collision with vehicle,2,Tuesday,110,CROSS TRAFFIC(INTERSECTIONS ONLY),1,56911,2,0,0,1,1,2,2,1,Cross intersection,3,80,Arterial Other
T20230004211,2023/2/21,9:00:00,1,Collision with vehicle,3,Tuesday,131,LEFT REAR,1,15376,2,0,1,0,1,2,1,1,Cross intersection,2,60,Local Road
T20230004207,2023/2/21,8:03:00,1,Collision with vehicle,2,Tuesday,115,RIGHT/LEFT FAR (INTERSECTIONS ONLY),1,43678,2,0,0,1,1,2,1,2,T intersection,3,50,Local Road
T20230004201,2023/2/21,5:50:00,4,Collision with a fixed object,3,Tuesday,164,PERMANENT OBSTRUCTION ON CARRIAGEWAY,5,757275,1,0,0,1,0,1,1,5,Not at intersection,3,100,Freeway
T20230004296,2023/2/21,23:30:00,4,Collision with a fixed object,2,Tuesday,175,OFF END OF ROAD/T-INTERSECTION.,3,44964,1,0,1,1,0,2,1,2,T intersection,2,60,Arterial Other
T20230004834,2023/2/21,13:30:00,1,Collision with vehicle,3,Tuesday,111,RIGHT FAR (INTERSECTIONS ONLY),1,43386,3,0,0,1,2,3,2,2,T intersection,3,999,Arterial Other
T20230004196,2023/2/21,3:36:00,1,Collision with vehicle,2,Tuesday,160,VEHICLE COLLIDES WITH VEHICLE PARKED ON LEFT OF ROAD,3,755956,2,0,0,1,1,2,1,5,Not at intersection,3,50,Local Road
T20230010625,2023/2/21,12:10:00,1,Collision with vehicle,3,Tuesday,135,LANE CHANGE LEFT (NOT OVERTAKING),1,782167,2,0,0,1,2,3,1,5,Not at intersection,3,110,Freeway
T20230004690,2023/2/21,11:55:00,1,Collision with vehicle,2,Tuesday,163,VEHICLE STRIKES DOOR OF PARKED/STATIONARY VEHICLE,1,783810,2,0,0,1,2,3,2,5,Not at intersection,3,40,Local Road
T20230004695,2023/2/21,11:00:00,1,Collision with vehicle,3,Tuesday,121,RIGHT THROUGH,1,246885,2,0,0,1,1,2,2,2,T intersection,3,60,Arterial Other
T20230004331,2023/2/21,14:00:00,1,Collision with vehicle,3,Tuesday,120,HEAD ON (NOT OVERTAKING),1,763466,2,0,0,1,2,3,1,5,Not at intersection,3,80,Arterial Highway
T20230004251,2023/2/21,11:15:00,6,Vehicle overturned (no collision),2,Tuesday,184,OUT OF CONTROL ON CARRIAGEWAY (ON BEND),1,755959,1,0,0,1,0,1,2,4,Multiple intersection,3,80,Arterial Highway
T20230004773,2023/2/21,6:30:00,1,Collision with vehicle,2,Tuesday,130,REAR END(VEHICLES IN SAME LANE),2,779378,2,0,0,1,1,2,2,5,Not at intersection,3,80,Freeway
T20230004267,2023/2/21,17:25:00,1,Collision with vehicle,2,Tuesday,130,REAR END(VEHICLES IN SAME LANE),1,780326,4,0,0,3,3,6,1,5,Not at intersection,3,80,Arterial Highway
T20230005404,2023/2/21,23:10:00,1,Collision with vehicle,2,Tuesday,121,RIGHT THROUGH,3,759351,2,0,1,0,1,2,1,1,Cross intersection,2,70,Arterial Other
T20230004265,2023/2/21,16:00:00,1,Collision with vehicle,2,Tuesday,152,PULLING OUT (OVERTAKING),1,779400,2,0,0,1,1,2,2,5,Not at intersection,3,80,Local Road
T20230004262,2023/2/21,13:00:00,1,Collision with vehicle,2,Tuesday,113,RIGHT NEAR (INTERSECTIONS ONLY),1,757276,2,0,0,1,1,2,2,1,Cross intersection,3,60,Arterial Highway
T20230004260,2023/2/21,15:00:00,4,Collision with a fixed object,2,Tuesday,149,OTHER MANOEUVRING NOT INCLUDED IN DCAs 140-148,1,783123,1,0,1,0,0,1,1,5,Not at intersection,2,50,Local Road
T20230004258,2023/2/21,13:50:00,6,Vehicle overturned (no collision),2,Tuesday,182,OFF CARRIAGEWAY ON LEFT BEND,1,758262,1,0,1,0,0,1,1,5,Not at intersection,2,100,Local Road
T20230004269,2023/2/21,16:00:00,3,Struck animal,2,Tuesday,167,STRUCK ANIMAL,1,757407,1,0,1,0,0,1,1,5,Not at intersection,2,100,Arterial Other
T20230004254,2023/2/21,14:20:00,6,Vehicle overturned (no collision),2,Tuesday,174,OUT OF CONTROL ON CARRIAGEWAY (ON STRAIGHT),1,760576,1,0,1,0,0,1,1,5,Not at intersection,2,50,Local Road
T20230004270,2023/2/21,15:49:00,1,Collision with vehicle,2,Tuesday,111,RIGHT FAR (INTERSECTIONS ONLY),1,227388,2,0,0,1,1,2,1,2,T intersection,3,40,Arterial Other
T20230004273,2023/2/21,16:00:00,1,Collision with vehicle,2,Tuesday,130,REAR END(VEHICLES IN SAME LANE),1,756630,3,0,0,1,2,3,1,5,Not at intersection,3,70,Arterial Highway
T20230008966,2023/2/21,8:50:00,1,Collision with vehicle,3,Tuesday,131,LEFT REAR,1,777833,2,0,0,1,1,2,2,1,Cross intersection,3,50,Local Road
T20230004276,2023/2/21,18:43:00,1,Collision with vehicle,3,Tuesday,134,LANE CHANGE RIGHT (NOT OVERTAKING),1,91042,4,0,0,2,4,6,1,5,Not at intersection,3,70,Arterial Highway
T20230004249,2023/2/21,14:38:00,4,Collision with a fixed object,2,Tuesday,146,REVERSING INTO FIXED OBJECT/PARKED VEHICLE,1,783794,1,0,0,1,0,1,1,2,T intersection,3,888,Local Road
T20230004381,2023/2/22,14:30:00,2,Struck Pedestrian,4,Wednesday,108,PED STRUCK WALKING TO/FROM OR BOARDING/ALIGHTING VEHICLE.,1,779843,1,0,0,1,1,2,1,5,Not at intersection,3,777,Local Road
T20230004366,2023/2/22,16:39:00,1,Collision with vehicle,4,Wednesday,110,CROSS TRAFFIC(INTERSECTIONS ONLY),1,54640,2,1,0,1,0,2,1,1,Cross intersection,1,80,Arterial Other
T20230004302,2023/2/22,6:00:00,1,Collision with vehicle,4,Wednesday,113,RIGHT NEAR (INTERSECTIONS ONLY),3,756631,2,0,1,1,0,2,1,2,T intersection,2,80,Local Road
T20230004367,2023/2/22,15:49:00,1,Collision with vehicle,3,Wednesday,113,RIGHT NEAR (INTERSECTIONS ONLY),1,71159,2,0,1,1,0,2,1,2,T intersection,2,60,Local Road
T20230004386,2023/2/22,20:55:00,1,Collision with vehicle,3,Wednesday,113,RIGHT NEAR (INTERSECTIONS ONLY),6,46834,2,0,0,1,1,2,2,2,T intersection,3,50,Local Road
T20230007802,2023/2/22,7:01:00,1,Collision with vehicle,3,Wednesday,130,REAR END(VEHICLES IN SAME LANE),1,766906,3,0,0,1,2,3,1,5,Not at intersection,3,100,Freeway
T20230004340,2023/2/22,13:30:00,2,Struck Pedestrian,3,Wednesday,100,PED NEAR SIDE. PED HIT BY VEHICLE FROM THE RIGHT.,1,35315,1,0,1,0,1,2,1,1,Cross intersection,2,40,Arterial Highway
T20230004368,2023/2/22,14:49:00,4,Collision with a fixed object,4,Wednesday,173,RIGHT OFF CARRIAGEWAY INTO OBJECT/PARKED VEHICLE,1,768515,1,1,1,0,0,2,1,5,Not at intersection,1,100,Arterial Highway
T20230004307,2023/2/22,6:10:00,4,Collision with a fixed object,3,Wednesday,181,OFF RIGHT BEND INTO OBJECT/PARKED VEHICLE,2,781567,1,0,0,1,1,2,1,5,Not at intersection,3,60,Arterial Other
T20230004314,2023/2/22,8:00:00,1,Collision with vehicle,4,Wednesday,113,RIGHT NEAR (INTERSECTIONS ONLY),1,42849,3,0,0,1,2,3,1,2,T intersection,3,80,Arterial Other
T20230004452,2023/2/22,15:00:00,1,Collision with vehicle,3,Wednesday,136,RIGHT TURN SIDESWIPE,1,36966,2,0,0,1,1,2,2,1,Cross intersection,3,50,Local Road
T20230005733,2023/2/22,8:00:00,1,Collision with vehicle,3,Wednesday,129,OTHER OPPOSING MANOEUVRES NOT INCLUDED IN DCAs 120-125.,2,35466,2,0,0,1,1,2,1,1,Cross intersection,3,50,Arterial Other
T20230004315,2023/2/22,8:55:00,1,Collision with vehicle,4,Wednesday,110,CROSS TRAFFIC(INTERSECTIONS ONLY),1,758264,2,0,1,0,1,2,1,1,Cross intersection,2,60,Arterial Highway
T20230004316,2023/2/22,8:12:00,1,Collision with vehicle,4,Wednesday,135,LANE CHANGE LEFT (NOT OVERTAKING),1,779852,2,0,1,0,1,2,1,5,Not at intersection,2,80,Freeway
T20230004318,2023/2/22,7:15:00,4,Collision with a fixed object,4,Wednesday,173,RIGHT OFF CARRIAGEWAY INTO OBJECT/PARKED VEHICLE,1,757000,1,0,1,0,1,2,1,5,Not at intersection,2,100,Arterial Other
T20230004376,2023/2/22,15:50:00,1,Collision with vehicle,3,Wednesday,130,REAR END(VEHICLES IN SAME LANE),1,336015,3,0,1,0,4,5,1,5,Not at intersection,2,80,Arterial Highway
T20230004344,2023/2/22,14:40:00,1,Collision with vehicle,4,Wednesday,121,RIGHT THROUGH,1,40450,2,0,1,1,1,3,1,1,Cross intersection,2,60,Arterial Other
T20230004378,2023/2/22,17:30:00,1,Collision with vehicle,3,Wednesday,121,RIGHT THROUGH,1,250146,2,0,0,1,2,3,1,2,T intersection,3,60,Arterial Highway
T20230004439,2023/2/22,10:00:00,1,Collision with vehicle,3,Wednesday,113,RIGHT NEAR (INTERSECTIONS ONLY),1,39541,2,0,0,1,1,2,2,2,T intersection,3,60,Arterial Other
T20230004346,2023/2/22,14:20:00,1,Collision with vehicle,4,Wednesday,147,VEHICLE STRIKES ANOTHER VEH WHILE EMERGING FROM DRIVEWAY,1,759214,2,0,1,0,2,3,1,5,Not at intersection,2,40,Local Road
T20230004351,2023/2/22,16:21:00,1,Collision with vehicle,4,Wednesday,132,RIGHT REAR.,1,341570,2,0,1,0,1,2,1,2,T intersection,2,60,Arterial Other
T20230004384,2023/2/22,15:00:00,1,Collision with vehicle,3,Wednesday,130,REAR END(VEHICLES IN SAME LANE),1,778065,2,0,2,0,1,3,1,5,Not at intersection,2,60,Arterial Highway
T20230010097,2023/2/22,12:47:00,1,Collision with vehicle,3,Wednesday,113,RIGHT NEAR (INTERSECTIONS ONLY),9,299287,2,0,0,1,1,2,1,1,Cross intersection,3,80,Arterial Other
T20230004355,2023/2/22,16:55:00,1,Collision with vehicle,3,Wednesday,160,VEHICLE COLLIDES WITH VEHICLE PARKED ON LEFT OF ROAD,1,756287,2,0,0,1,0,1,1,5,Not at intersection,3,50,Local Road
T20230004377,2023/2/22,17:40:00,4,Collision with a fixed object,4,Wednesday,171,LEFT OFF CARRIAGEWAY INTO OBJECT/PARKED VEHICLE,1,72603,1,0,1,0,0,1,1,5,Not at intersection,2,60,Local Road
T20230004357,2023/2/22,12:30:00,1,Collision with vehicle,3,Wednesday,137,LEFT TURN SIDESWIPE,1,787365,2,0,0,1,1,2,2,2,T intersection,3,50,Arterial Other
T20230004437,2023/2/22,16:50:00,1,Collision with vehicle,3,Wednesday,130,REAR END(VEHICLES IN SAME LANE),1,775210,2,0,0,1,2,3,2,5,Not at intersection,3,50,Local Road
T20230004359,2023/2/22,17:55:00,8,No collision and no object struck,3,Wednesday,174,OUT OF CONTROL ON CARRIAGEWAY (ON STRAIGHT),1,775411,1,0,0,1,0,1,1,5,Not at intersection,3,50,Local Road
T20230004320,2023/2/22,7:45:00,1,Collision with vehicle,4,Wednesday,130,REAR END(VEHICLES IN SAME LANE),1,756286,2,0,0,1,1,2,1,5,Not at intersection,3,60,Arterial Other
T20230004360,2023/2/22,17:10:00,1,Collision with vehicle,4,Wednesday,137,LEFT TURN SIDESWIPE,1,29380,2,0,1,0,1,2,1,1,Cross intersection,2,50,Local Road
T20230004321,2023/2/22,10:03:00,1,Collision with vehicle,4,Wednesday,110,CROSS TRAFFIC(INTERSECTIONS ONLY),1,60152,2,0,0,2,0,2,1,1,Cross intersection,3,60,Local Road
T20230007395,2023/2/22,10:00:00,1,Collision with vehicle,3,Wednesday,110,CROSS TRAFFIC(INTERSECTIONS ONLY),1,42352,2,0,0,1,1,2,2,1,Cross intersection,3,60,Arterial Other
T20230004375,2023/2/22,20:20:00,1,Collision with vehicle,3,Wednesday,121,RIGHT THROUGH,2,291983,2,0,0,1,2,3,1,2,T intersection,3,60,Arterial Other
T20230004518,2023/2/22,16:00:00,1,Collision with vehicle,3,Wednesday,130,REAR END(VEHICLES IN SAME LANE),1,761361,2,0,0,1,2,3,2,5,Not at intersection,3,100,Freeway
T20230004390,2023/2/22,22:50:00,4,Collision with a fixed object,4,Wednesday,181,OFF RIGHT BEND INTO OBJECT/PARKED VEHICLE,5,757030,1,0,1,0,0,1,1,3,Y intersection,2,80,Local Road
T20230020947,2023/2/22,14:30:00,1,Collision with vehicle,3,Wednesday,111,RIGHT FAR (INTERSECTIONS ONLY),1,780411,2,0,0,1,1,2,2,2,T intersection,3,60,Local Road
T20230007169,2023/2/22,19:00:00,1,Collision with vehicle,3,Wednesday,111,RIGHT FAR (INTERSECTIONS ONLY),2,39071,2,0,0,1,1,2,1,1,Cross intersection,3,60,Local Road
T20230004389,2023/2/22,20:01:00,4,Collision with a fixed object,4,Wednesday,183,OFF LEFT BEND INTO OBJECT/PARKED VEHICLE,2,760399,1,1,0,0,0,1,1,5,Not at intersection,1,80,Freeway
T20230004379,2023/2/22,21:40:00,1,Collision with vehicle,4,Wednesday,121,RIGHT THROUGH,3,278539,2,0,0,1,3,4,1,1,Cross intersection,3,80,Arterial Highway
T20230006397,2023/2/22,17:45:00,1,Collision with vehicle,3,Wednesday,130,REAR END(VEHICLES IN SAME LANE),1,705158,2,0,0,1,1,2,2,5,Not at intersection,3,60,Arterial Other
T20230004361,2023/2/22,15:54:00,1,Collision with vehicle,3,Wednesday,121,RIGHT THROUGH,1,772620,2,0,1,1,1,3,1,1,Cross intersection,2,60,Arterial Highway
T20230004337,2023/2/22,13:05:00,1,Collision with vehicle,3,Wednesday,160,VEHICLE COLLIDES WITH VEHICLE PARKED ON LEFT OF ROAD,1,777703,2,0,0,1,0,1,1,5,Not at intersection,3,50,Arterial Other
T20230004494,2023/2/22,15:17:00,1,Collision with vehicle,3,Wednesday,137,LEFT TURN SIDESWIPE,1,37623,2,0,0,1,1,2,2,2,T intersection,3,60,Arterial Other
T20230004382,2023/2/22,18:00:00,4,Collision with a fixed object,4,Wednesday,181,OFF RIGHT BEND INTO OBJECT/PARKED VEHICLE,1,764332,1,0,1,1,1,3,1,5,Not at intersection,2,999,Local Road