ACCIDENT_NO,ACCIDENT_DATE,ACCIDENT_TIME,ACCIDENT_TYPE,ACCIDENT_TYPE_DESC,DAY_OF_WEEK,DAY_WEEK_DESC,DCA_CODE,DCA_DESC,LIGHT_CONDITION,NODE_ID,NO_OF_VEHICLES,NO_PERSONS_KILLED,NO_PERSONS_INJ_2,NO_PERSONS_INJ_3,NO_PERSONS_NOT_INJ,NO_PERSONS,POLICE_ATTEND,ROAD_GEOMETRY,ROAD_GEOMETRY_DESC,SEVERITY,SPEED_ZONE,RMA
T20230004435,2023/2/23,15:30:00,1,Collision with vehicle,4,Thursday,147,VEHICLE STRIKES ANOTHER VEH WHILE EMERGING FROM DRIVEWAY,1,758021,2,0,0,1,1,2,1,5,Not at intersection,3,60,Arterial Other
T20230004438,2023/2/23,7:47:00,1,Collision with vehicle,4,Thursday,133,LANE SIDE SWIPE (VEHICLES IN PARALLEL LANES),1,57571,2,0,0,1,1,2,2,5,Not at intersection,3,60,Arterial Highway
T20230004441,2023/2/23,16:00:00,1,Collision with vehicle,4,Thursday,135,LANE CHANGE LEFT (NOT OVERTAKING),1,296587,2,0,0,1,1,2,1,5,Not at intersection,3,100,Freeway
T20230004425,2023/2/23,14:32:00,1,Collision with vehicle,4,Thursday,113,RIGHT NEAR (INTERSECTIONS ONLY),1,43290,2,0,0,1,2,3,1,2,T intersection,3,60,Arterial Other
T20230004443,2023/2/23,15:50:00,1,Collision with vehicle,5,Thursday,130,REAR END(VEHICLES IN SAME LANE),1,29870,3,0,1,0,2,3,1,4,Multiple intersection,2,60,Freeway
T20230004448,2023/2/23,12:50:00,1,Collision with vehicle,4,Thursday,130,REAR END(VEHICLES IN SAME LANE),1,757869,2,0,0,1,1,2,2,2,T intersection,3,60,Local Road
T20230004451,2023/2/23,17:17:00,1,Collision with vehicle,5,Thursday,130,REAR END(VEHICLES IN SAME LANE),1,757884,2,0,1,0,2,3,1,5,Not at intersection,2,100,Freeway
T20230004453,2023/2/23,16:45:00,1,Collision with vehicle,4,Thursday,113,RIGHT NEAR (INTERSECTIONS ONLY),1,48191,2,0,0,1,1,2,1,1,Cross intersection,3,80,Local Road
T20230004459,2023/2/23,16:25:00,1,Collision with vehicle,5,Thursday,151,OUT OF CONTROL (OVERTAKING),1,787366,2,0,1,0,1,2,1,5,Not at intersection,2,70,Arterial Other
T20230004460,2023/2/23,12:00:00,8,No collision and no object struck,4,Thursday,184,OUT OF CONTROL ON CARRIAGEWAY (ON BEND),1,779845,1,0,1,0,0,1,1,5,Not at intersection,2,999,Local Road
T20230004463,2023/2/23,18:12:00,1,Collision with vehicle,4,Thursday,111,RIGHT FAR (INTERSECTIONS ONLY),1,360282,2,0,0,1,3,4,1,2,T intersection,3,70,Arterial Other
T20230004464,2023/2/23,19:00:00,5,collision with some other object,5,Thursday,171,LEFT OFF CARRIAGEWAY INTO OBJECT/PARKED VEHICLE,1,764462,1,0,1,0,0,1,1,5,Not at intersection,2,100,
T20230004404,2023/2/23,9:00:00,1,Collision with vehicle,4,Thursday,121,RIGHT THROUGH,1,781808,2,0,2,0,0,2,1,1,Cross intersection,2,60,Arterial Other
T20230004467,2023/2/23,17:37:00,1,Collision with vehicle,5,Thursday,121,RIGHT THROUGH,1,39718,2,0,2,1,1,4,1,2,T intersection,2,80,Arterial Other
T20230004474,2023/2/23,15:57:00,1,Collision with vehicle,4,Thursday,113,RIGHT NEAR (INTERSECTIONS ONLY),1,45516,2,0,1,0,1,2,1,2,T intersection,2,80,Arterial Other
T20230004475,2023/2/23,15:00:00,1,Collision with vehicle,4,Thursday,134,LANE CHANGE RIGHT (NOT OVERTAKING),1,764075,2,0,1,0,1,2,1,5,Not at intersection,2,70,Arterial Other
T20240000296,2023/2/23,12:20:00,1,Collision with vehicle,5,Thursday,121,RIGHT THROUGH,1,46857,2,0,1,0,1,2,1,1,Cross intersection,2,80,Arterial Highway
T20230006691,2023/2/23,14:25:00,1,Collision with vehicle,4,Thursday,110,CROSS TRAFFIC(INTERSECTIONS ONLY),1,49169,2,0,0,1,3,4,2,1,Cross intersection,3,60,Arterial Highway
T20230016273,2023/2/23,13:20:00,1,Collision with vehicle,5,Thursday,160,VEHICLE COLLIDES WITH VEHICLE PARKED ON LEFT OF ROAD,1,779271,2,0,0,1,0,1,2,2,T intersection,3,999,Local Road
T20230004476,2023/2/23,15:40:00,1,Collision with vehicle,5,Thursday,160,VEHICLE COLLIDES WITH VEHICLE PARKED ON LEFT OF ROAD,1,765163,2,0,1,0,0,1,1,5,Not at intersection,2,50,Local Road
T20230004477,2023/2/23,16:27:00,8,No collision and no object struck,5,Thursday,180,OFF CARRIAGEWAY ON RIGHT BEND,1,757750,1,0,1,0,0,1,1,5,Not at intersection,2,100,Arterial Other
T20230004888,2023/2/23,16:25:00,1,Collision with vehicle,5,Thursday,130,REAR END(VEHICLES IN SAME LANE),1,777497,2,0,0,1,1,2,2,5,Not at intersection,3,70,Arterial Other
T20230004478,2023/2/23,21:35:00,1,Collision with vehicle,4,Thursday,130,REAR END(VEHICLES IN SAME LANE),2,67673,3,0,0,1,2,3,1,2,T intersection,3,60,Arterial Other
T20230004479,2023/2/23,18:05:00,1,Collision with vehicle,4,Thursday,137,LEFT TURN SIDESWIPE,1,241772,2,0,0,1,1,2,2,1,Cross intersection,3,40,Arterial Other
T20230004681,2023/2/23,17:30:00,1,Collision with vehicle,5,Thursday,130,REAR END(VEHICLES IN SAME LANE),9,757046,2,0,0,2,1,3,2,5,Not at intersection,3,60,Arterial Other
T20230004481,2023/2/23,22:45:00,1,Collision with vehicle,4,Thursday,113,RIGHT NEAR (INTERSECTIONS ONLY),3,227538,2,0,0,1,1,2,1,1,Cross intersection,3,80,Arterial Highway
T20230005374,2023/2/23,16:30:00,1,Collision with vehicle,4,Thursday,130,REAR END(VEHICLES IN SAME LANE),1,759346,2,0,0,1,1,2,1,5,Not at intersection,3,100,Freeway
T20230004861,2023/2/23,8:35:00,1,Collision with vehicle,4,Thursday,130,REAR END(VEHICLES IN SAME LANE),1,777461,2,0,0,1,1,2,2,1,Cross intersection,3,60,Arterial Other
T20230004502,2023/2/23,19:15:00,5,collision with some other object,5,Thursday,191,LOAD OR MISSILE STRUCK VEHICLE,9,756636,2,0,1,0,1,2,2,5,Not at intersection,2,100,Arterial Highway
T20230013720,2023/2/23,9:45:00,7,Fall from or in moving vehicle,5,Thursday,190,FELL IN/FROM VEHICLE,2,777562,1,0,0,1,0,1,2,5,Not at intersection,3,888,Local Road
T20230005291,2023/2/23,17:39:00,1,Collision with vehicle,5,Thursday,130,REAR END(VEHICLES IN SAME LANE),1,247511,2,0,0,1,1,2,9,5,Not at intersection,3,100,Arterial Other
T20230004703,2023/2/23,18:00:00,1,Collision with vehicle,5,Thursday,137,LEFT TURN SIDESWIPE,1,781784,2,0,0,1,1,2,2,5,Not at intersection,3,40,Arterial Other
T20230007975,2023/2/23,15:20:00,1,Collision with vehicle,4,Thursday,136,RIGHT TURN SIDESWIPE,9,40250,2,0,0,1,1,2,2,2,T intersection,3,999,Arterial Highway
T20230004410,2023/2/23,8:55:00,1,Collision with vehicle,4,Thursday,113,RIGHT NEAR (INTERSECTIONS ONLY),1,67473,2,0,0,2,2,4,1,2,T intersection,3,60,Local Road
T20230004409,2023/2/23,10:28:00,1,Collision with vehicle,4,Thursday,113,RIGHT NEAR (INTERSECTIONS ONLY),1,251622,2,0,0,3,0,3,1,1,Cross intersection,3,80,Arterial Other
T20230004560,2023/2/23,18:30:00,4,Collision with a fixed object,4,Thursday,164,PERMANENT OBSTRUCTION ON CARRIAGEWAY,1,783820,2,0,0,1,1,2,1,5,Not at intersection,3,100,Freeway
T20230004556,2023/2/23,8:12:00,2,Struck Pedestrian,5,Thursday,102,FAR SIDE. PED HIT BY VEHICLE FROM THE LEFT,1,51201,1,0,1,0,1,2,1,1,Cross intersection,2,50,Arterial Other
T20230004405,2023/2/23,8:57:00,3,Struck animal,5,Thursday,167,STRUCK ANIMAL,1,767728,1,0,1,0,0,1,1,5,Not at intersection,2,100,Arterial Highway
T20230004399,2023/2/23,8:40:00,1,Collision with vehicle,4,Thursday,110,CROSS TRAFFIC(INTERSECTIONS ONLY),1,50633,2,0,1,0,1,2,1,1,Cross intersection,2,50,Arterial Other
T20230006144,2023/2/23,9:30:00,6,Vehicle overturned (no collision),5,Thursday,182,OFF CARRIAGEWAY ON LEFT BEND,1,783822,1,0,0,1,0,1,2,5,Not at intersection,3,60,Local Road
T20230004417,2023/2/23,9:45:00,4,Collision with a fixed object,4,Thursday,183,OFF LEFT BEND INTO OBJECT/PARKED VEHICLE,1,316055,1,0,0,1,0,1,1,2,T intersection,3,100,Arterial Other
T20230004419,2023/2/23,7:45:00,1,Collision with vehicle,4,Thursday,140,U TURN,1,776110,2,0,0,1,1,2,2,5,Not at intersection,3,40,Local Road
T20230006805,2023/2/23,19:30:00,1,Collision with vehicle,4,Thursday,110,CROSS TRAFFIC(INTERSECTIONS ONLY),1,29697,2,0,0,2,1,3,2,1,Cross intersection,3,50,Local Road
T20230006245,2023/2/23,8:50:00,1,Collision with vehicle,4,Thursday,130,REAR END(VEHICLES IN SAME LANE),1,251622,2,0,0,1,1,2,2,1,Cross intersection,3,80,Arterial Other
T20230004421,2023/2/23,11:51:00,1,Collision with vehicle,5,Thursday,140,U TURN,1,775412,2,0,0,2,0,2,1,5,Not at intersection,3,80,Arterial Other
T20230004483,2023/2/23,23:52:00,4,Collision with a fixed object,5,Thursday,183,OFF LEFT BEND INTO OBJECT/PARKED VEHICLE,5,777025,1,0,1,0,0,1,1,5,Not at intersection,2,80,Arterial Other
T20230004484,2023/2/23,21:10:00,1,Collision with vehicle,5,Thursday,118,TWO LEFT TURNING (INTERSECTIONS ONLY),3,35724,4,0,0,1,1,2,1,2,T intersection,3,60,Arterial Other
T20230004526,2023/2/23,21:30:00,8,No collision and no object struck,5,Thursday,174,OUT OF CONTROL ON CARRIAGEWAY (ON STRAIGHT),3,50976,1,0,0,1,0,1,2,1,Cross intersection,3,777,Local Road
T20230004487,2023/2/23,20:15:00,1,Collision with vehicle,4,Thursday,110,CROSS TRAFFIC(INTERSECTIONS ONLY),3,59505,2,0,0,2,0,2,1,1,Cross intersection,3,50,Local Road
T20230007254,2023/2/23,13:00:00,1,Collision with vehicle,4,Thursday,111,RIGHT FAR (INTERSECTIONS ONLY),1,766233,2,0,0,1,1,2,9,1,Cross intersection,3,50,Local Road
T20230004430,2023/2/23,12:30:00,1,Collision with vehicle,4,Thursday,160,VEHICLE COLLIDES WITH VEHICLE PARKED ON LEFT OF ROAD,1,779853,2,0,1,0,0,1,1,5,Not at intersection,2,60,Local Road
T20230004432,2023/2/23,13:00:00,1,Collision with vehicle,5,Thursday,120,HEAD ON (NOT OVERTAKING),1,245859,2,0,3,0,0,3,1,5,Not at intersection,2,70,Arterial Other
T20230005006,2023/2/24,11:45:00,1,Collision with vehicle,5,Friday,133,LANE SIDE SWIPE (VEHICLES IN PARALLEL LANES),9,129879,2,0,0,1,1,2,2,5,Not at intersection,3,999,Arterial Other
T20230005660,2023/2/24,17:50:00,1,Collision with vehicle,5,Friday,130,REAR END(VEHICLES IN SAME LANE),1,763358,3,0,0,1,3,4,1,5,Not at intersection,3,60,Arterial Highway
T20230004562,2023/2/24,16:15:00,1,Collision with vehicle,6,Friday,142,LEAVING PARKING,1,756835,2,0,1,0,1,2,1,2,T intersection,2,40,Local Road
T20230004539,2023/2/24,13:30:00,1,Collision with vehicle,5,Friday,132,RIGHT REAR.,1,777816,2,0,0,2,0,2,1,5,Not at intersection,3,100,Arterial Highway
T20230004669,2023/2/24,16:30:00,1,Collision with vehicle,5,Friday,130,REAR END(VEHICLES IN SAME LANE),1,777825,2,0,0,1,1,2,2,5,Not at intersection,3,80,Freeway
T20230004569,2023/2/24,15:26:00,2,Struck Pedestrian,6,Friday,102,FAR SIDE. PED HIT BY VEHICLE FROM THE LEFT,1,38601,1,0,1,0,1,2,1,5,Not at intersection,2,60,Arterial Other
T20230004570,2023/2/24,20:48:00,1,Collision with vehicle,6,Friday,148,VEHICLE OFF FOOTPATH STRIKES VEH ON CARRIAGEWAY,3,767213,2,0,1,0,1,2,1,1,Cross intersection,2,60,Arterial Other
T20230004571,2023/2/24,15:52:00,1,Collision with vehicle,5,Friday,121,RIGHT THROUGH,1,342396,2,0,0,2,1,3,1,2,T intersection,3,80,Freeway
T20230004579,2023/2/24,18:20:00,1,Collision with vehicle,6,Friday,113,RIGHT NEAR (INTERSECTIONS ONLY),1,787377,2,0,1,1,0,2,1,2,T intersection,2,80,Local Road
T20230004935,2023/2/24,14:20:00,1,Collision with vehicle,6,Friday,119,OTHER ADJACENT (INTERSECTIONS ONLY),1,42918,2,0,0,1,1,2,2,1,Cross intersection,3,60,Arterial Other
T20230004581,2023/2/24,21:50:00,1,Collision with vehicle,5,Friday,113,RIGHT NEAR (INTERSECTIONS ONLY),3,42563,2,0,0,1,1,2,1,2,T intersection,3,60,Local Road
T20230004546,2023/2/24,16:05:00,1,Collision with vehicle,6,Friday,121,RIGHT THROUGH,1,763135,2,0,0,1,1,2,1,5,Not at intersection,3,60,Local Road
T20230004553,2023/2/24,16:00:00,1,Collision with vehicle,6,Friday,132,RIGHT REAR.,1,55613,2,0,0,3,1,4,1,2,T intersection,3,60,Arterial Highway
T20230004497,2023/2/24,8:51:00,1,Collision with vehicle,6,Friday,142,LEAVING PARKING,1,756635,3,0,0,1,1,2,1,5,Not at intersection,3,40,Arterial Other
T20230004536,2023/2/24,14:40:00,1,Collision with vehicle,6,Friday,162,ACCIDENT OR BROKEN DOWN,1,757401,2,0,2,1,1,4,1,5,Not at intersection,2,110,Freeway
T20230004513,2023/2/24,9:09:00,1,Collision with vehicle,6,Friday,120,HEAD ON (NOT OVERTAKING),1,756638,2,0,1,0,1,2,1,5,Not at intersection,2,100,Local Road
T20230004530,2023/2/24,14:20:00,1,Collision with vehicle,5,Friday,113,RIGHT NEAR (INTERSECTIONS ONLY),1,783824,2,0,0,3,1,4,1,2,T intersection,3,60,Local Road
T20230004554,2023/2/24,15:30:00,1,Collision with vehicle,6,Friday,130,REAR END(VEHICLES IN SAME LANE),1,759711,7,0,0,7,2,9,2,5,Not at intersection,3,100,Freeway
T20230004500,2023/2/24,8:18:00,1,Collision with vehicle,6,Friday,140,U TURN,1,45027,2,0,1,0,1,2,1,2,T intersection,2,60,Local Road
T20230004499,2023/2/24,7:50:00,4,Collision with a fixed object,6,Friday,181,OFF RIGHT BEND INTO OBJECT/PARKED VEHICLE,1,773748,1,0,0,1,0,1,1,5,Not at intersection,3,100,Arterial Other
T20230004534,2023/2/24,12:10:00,1,Collision with vehicle,6,Friday,130,REAR END(VEHICLES IN SAME LANE),1,774323,3,0,3,0,2,5,1,5,Not at intersection,2,80,Arterial Other
T20230006594,2023/2/24,15:19:00,1,Collision with vehicle,5,Friday,130,REAR END(VEHICLES IN SAME LANE),1,762611,2,0,0,1,1,2,1,1,Cross intersection,3,100,Arterial Other
T20230004557,2023/2/24,18:38:00,1,Collision with vehicle,6,Friday,130,REAR END(VEHICLES IN SAME LANE),1,757883,3,0,0,1,2,3,1,5,Not at intersection,3,100,Freeway
T20230004505,2023/2/24,8:55:00,1,Collision with vehicle,5,Friday,121,RIGHT THROUGH,1,756730,2,0,0,0,2,2,1,2,T intersection,2,40,Local Road
T20230004533,2023/2/24,6:17:00,1,Collision with vehicle,5,Friday,130,REAR END(VEHICLES IN SAME LANE),3,135254,2,0,0,1,1,2,1,5,Not at intersection,3,80,Freeway
T20230009495,2023/2/24,17:30:00,1,Collision with vehicle,5,Friday,130,REAR END(VEHICLES IN SAME LANE),1,770240,2,0,0,1,1,2,2,2,T intersection,3,60,Local Road
T20230004508,2023/2/24,10:15:00,1,Collision with vehicle,6,Friday,121,RIGHT THROUGH,1,24378,2,0,0,1,1,2,1,1,Cross intersection,3,80,Arterial Other
T20230004559,2023/2/24,18:30:00,1,Collision with vehicle,5,Friday,140,U TURN,1,779298,2,0,1,0,2,3,1,5,Not at intersection,2,50,Local Road
T20230004689,2023/2/24,10:00:00,1,Collision with vehicle,5,Friday,160,VEHICLE COLLIDES WITH VEHICLE PARKED ON LEFT OF ROAD,1,757538,2,0,0,1,1,2,2,5,Not at intersection,3,60,Arterial Other
T20230007244,2023/2/24,0:01:00,4,Collision with a fixed object,5,Friday,173,RIGHT OFF CARRIAGEWAY INTO OBJECT/PARKED VEHICLE,6,763855,1,0,0,1,0,1,2,5,Not at intersection,3,50,Local Road
T20230004511,2023/2/24,12:00:00,1,Collision with vehicle,5,Friday,120,HEAD ON (NOT OVERTAKING),1,780329,2,0,1,0,1,2,2,5,Not at intersection,2,80,Arterial Other
T20230004524,2023/2/24,8:20:00,1,Collision with vehicle,6,Friday,130,REAR END(VEHICLES IN SAME LANE),1,756834,6,0,1,0,5,6,1,5,Not at intersection,2,100,Freeway
T20230004525,2023/2/24,11:30:00,1,Collision with vehicle,5,Friday,121,RIGHT THROUGH,1,493,2,0,0,1,1,2,1,2,T intersection,3,60,Arterial Other
T20230006257,2023/2/24,17:25:00,1,Collision with vehicle,5,Friday,132,RIGHT REAR.,1,763847,2,0,0,1,2,3,1,4,Multiple intersection,3,60,Local Road
T20230008690,2023/2/24,7:50:00,1,Collision with vehicle,5,Friday,130,REAR END(VEHICLES IN SAME LANE),1,776768,2,0,0,1,1,2,2,5,Not at intersection,3,60,Arterial Other
T20230004516,2023/2/24,10:29:00,1,Collision with vehicle,5,Friday,116,LEFT NEAR (INTERSECTIONS ONLY),1,42323,2,0,0,1,1,2,1,2,T intersection,3,70,Arterial Highway
T20230006896,2023/2/24,11:50:00,1,Collision with vehicle,5,Friday,121,RIGHT THROUGH,1,278813,2,0,0,1,1,2,2,1,Cross intersection,3,50,Local Road
T20230005187,2023/2/24,14:00:00,8,No collision and no object struck,5,Friday,174,OUT OF CONTROL ON CARRIAGEWAY (ON STRAIGHT),1,758491,1,0,0,1,0,1,2,5,Not at intersection,3,60,Arterial Other
T20230013077,2023/2/24,17:45:00,1,Collision with vehicle,5,Friday,136,RIGHT TURN SIDESWIPE,1,48593,2,0,0,1,2,3,2,1,Cross intersection,3,60,Arterial Other
T20230004543,2023/2/24,15:12:00,1,Collision with vehicle,5,Friday,130,REAR END(VEHICLES IN SAME LANE),1,261962,2,0,0,2,0,2,1,1,Cross intersection,3,60,Arterial Other
T20230004545,2023/2/24,17:00:00,1,Collision with vehicle,6,Friday,130,REAR END(VEHICLES IN SAME LANE),1,775667,2,0,1,0,1,2,1,5,Not at intersection,2,100,Freeway
T20230004486,2023/2/24,0:30:00,4,Collision with a fixed object,5,Friday,171,LEFT OFF CARRIAGEWAY INTO OBJECT/PARKED VEHICLE,3,773749,1,0,0,1,0,1,1,2,T intersection,3,60,Local Road
T20230004488,2023/2/24,2:58:00,4,Collision with a fixed object,5,Friday,171,LEFT OFF CARRIAGEWAY INTO OBJECT/PARKED VEHICLE,3,773750,1,0,0,1,0,1,1,5,Not at intersection,3,50,Local Road
T20230004492,2023/2/24,6:36:00,1,Collision with vehicle,5,Friday,113,RIGHT NEAR (INTERSECTIONS ONLY),1,59045,2,0,0,1,1,2,1,2,T intersection,3,100,Local Road
T20230004495,2023/2/24,8:00:00,1,Collision with vehicle,5,Friday,110,CROSS TRAFFIC(INTERSECTIONS ONLY),1,765768,2,0,0,1,1,2,1,1,Cross intersection,3,40,Arterial Other
T20230004663,2023/2/24,3:06:00,4,Collision with a fixed object,6,Friday,173,RIGHT OFF CARRIAGEWAY INTO OBJECT/PARKED VEHICLE,5,775468,1,0,1,0,0,1,1,5,Not at intersection,2,50,Local Road
T20230004632,2023/2/25,16:00:00,1,Collision with vehicle,7,Saturday,135,LANE CHANGE LEFT (NOT OVERTAKING),1,757041,3,0,0,1,5,6,1,5,Not at intersection,3,60,Arterial Highway
T20230004642,2023/2/25,17:30:00,2,Struck Pedestrian,7,Saturday,103,PED PLAYING/LYING/WORKING/STANDING ON CARRIAGEWAY.,1,672147,1,0,0,2,1,3,1,2,T intersection,3,50,Local Road
T20230004643,2023/2/25,17:24:00,4,Collision with a fixed object,6,Saturday,133,LANE SIDE SWIPE (VEHICLES IN PARALLEL LANES),1,760229,2,0,0,1,1,2,1,5,Not at intersection,3,70,Arterial Highway
T20230004644,2023/2/25,18:30:00,1,Collision with vehicle,6,Saturday,110,CROSS TRAFFIC(INTERSECTIONS ONLY),1,780656,2,0,0,2,1,3,1,1,Cross intersection,3,60,Arterial Other
T20230004624,2023/2/25,14:27:00,6,Vehicle overturned (no collision),7,Saturday,180,OFF CARRIAGEWAY ON RIGHT BEND,1,781322,1,0,1,0,0,1,1,5,Not at intersection,2,80,Arterial Highway
T20230004649,2023/2/25,21:45:00,1,Collision with vehicle,6,Saturday,121,RIGHT THROUGH,2,29783,2,0,0,1,2,3,1,2,T intersection,3,60,Arterial Other
T20230004640,2023/2/25,14:19:00,1,Collision with vehicle,6,Saturday,113,RIGHT NEAR (INTERSECTIONS ONLY),1,48296,2,0,0,1,1,2,1,2,T intersection,3,100,Local Road
T20230004937,2023/2/25,19:15:00,8,No collision and no object struck,6,Saturday,180,OFF CARRIAGEWAY ON RIGHT BEND,1,757760,1,0,1,0,0,1,2,5,Not at intersection,2,60,Arterial Highway
T20230004633,2023/2/25,16:20:00,4,Collision with a fixed object,6,Saturday,171,LEFT OFF CARRIAGEWAY INTO OBJECT/PARKED VEHICLE,1,769148,1,0,1,0,0,1,1,5,Not at intersection,2,100,Arterial Highway
T20230004636,2023/2/25,17:12:00,4,Collision with a fixed object,6,Saturday,171,LEFT OFF CARRIAGEWAY INTO OBJECT/PARKED VEHICLE,1,9814,1,0,1,0,0,1,1,2,T intersection,2,80,Local Road
T20230004639,2023/2/25,17:05:00,4,Collision with a fixed object,7,Saturday,173,RIGHT OFF CARRIAGEWAY INTO OBJECT/PARKED VEHICLE,1,760503,1,0,1,0,0,1,1,5,Not at intersection,2,100,Arterial Other
T20230004604,2023/2/25,12:00:00,4,Collision with a fixed object,7,Saturday,171,LEFT OFF CARRIAGEWAY INTO OBJECT/PARKED VEHICLE,1,34524,1,0,0,1,1,2,1,2,T intersection,3,60,Local Road
T20230006860,2023/2/25,10:40:00,1,Collision with vehicle,7,Saturday,134,LANE CHANGE RIGHT (NOT OVERTAKING),1,83384,2,0,0,1,3,4,1,5,Not at intersection,3,80,Arterial Other
T20230005515,2023/2/25,10:00:00,1,Collision with vehicle,7,Saturday,114,TWO RIGHT TURNING (INTERSECTIONS ONLY),1,670,2,0,0,1,1,2,2,2,T intersection,3,50,Local Road
T20230005718,2023/2/25,15:20:00,1,Collision with vehicle,6,Saturday,121,RIGHT THROUGH,1,759717,2,0,0,2,1,3,1,5,Not at intersection,3,60,Arterial Highway
T20230004613,2023/2/25,10:15:00,1,Collision with vehicle,6,Saturday,189,OTHER ACCIDENTS ON CURVE NOT INCLUDED IN DCAs 180-184,1,779846,2,0,0,1,1,2,1,5,Not at intersection,3,80,Local Road
T20230005468,2023/2/25,15:15:00,8,No collision and no object struck,6,Saturday,180,OFF CARRIAGEWAY ON RIGHT BEND,1,783915,1,0,0,1,0,1,2,5,Not at intersection,3,80,Local Road
T20230004656,2023/2/25,23:25:00,1,Collision with vehicle,6,Saturday,160,VEHICLE COLLIDES WITH VEHICLE PARKED ON LEFT OF ROAD,3,781667,2,0,0,1,1,2,1,5,Not at intersection,3,50,Local Road
T20230004609,2023/2/25,12:20:00,1,Collision with vehicle,6,Saturday,110,CROSS TRAFFIC(INTERSECTIONS ONLY),1,51160,2,0,0,3,0,3,1,1,Cross intersection,3,80,Arterial Other
T20230004606,2023/2/25,6:29:00,1,Collision with vehicle,7,Saturday,121,RIGHT THROUGH,1,695251,2,0,1,0,1,2,1,1,Cross intersection,2,80,Arterial Highway
T20230004599,2023/2/25,10:27:00,1,Collision with vehicle,7,Saturday,130,REAR END(VEHICLES IN SAME LANE),1,41800,2,0,0,1,1,2,1,1,Cross intersection,3,70,Arterial Highway
T20230004628,2023/2/25,12:18:00,6,Vehicle overturned (no collision),7,Saturday,184,OUT OF CONTROL ON CARRIAGEWAY (ON BEND),1,760824,1,0,1,0,0,1,1,5,Not at intersection,2,888,Local Road
T20230004602,2023/2/25,3:57:00,4,Collision with a fixed object,7,Saturday,171,LEFT OFF CARRIAGEWAY INTO OBJECT/PARKED VEHICLE,5,765162,1,0,1,0,0,1,1,5,Not at intersection,2,100,Arterial Highway
T20230004601,2023/2/25,11:15:00,1,Collision with vehicle,7,Saturday,113,RIGHT NEAR (INTERSECTIONS ONLY),1,653283,2,0,1,2,0,3,1,1,Cross intersection,2,80,Arterial Other
T20230007149,2023/2/25,15:20:00,1,Collision with vehicle,7,Saturday,130,REAR END(VEHICLES IN SAME LANE),1,779359,2,0,0,1,1,2,2,1,Cross intersection,3,70,Arterial Other
T20230005686,2023/2/25,10:15:00,1,Collision with vehicle,6,Saturday,121,RIGHT THROUGH,1,43620,2,0,0,3,0,3,1,2,T intersection,3,80,Arterial Highway
T20230004666,2023/2/25,15:45:00,1,Collision with vehicle,7,Saturday,160,VEHICLE COLLIDES WITH VEHICLE PARKED ON LEFT OF ROAD,1,757281,2,0,0,1,2,3,1,5,Not at intersection,3,40,Arterial Other
T20230004653,2023/2/25,22:02:00,2,Struck Pedestrian,6,Saturday,108,PED STRUCK WALKING TO/FROM OR BOARDING/ALIGHTING VEHICLE.,3,779299,1,0,0,1,1,2,1,5,Not at intersection,3,50,Local Road
T20230010827,2023/2/25,14:50:00,1,Collision with vehicle,6,Saturday,110,CROSS TRAFFIC(INTERSECTIONS ONLY),1,44411,2,0,0,1,1,2,1,1,Cross intersection,3,60,Local Road
T20230016655,2023/2/25,15:10:00,1,Collision with vehicle,7,Saturday,132,RIGHT REAR.,1,777338,2,0,0,1,1,2,2,5,Not at intersection,3,60,Local Road
T20230004754,2023/2/25,15:30:00,6,Vehicle overturned (no collision),7,Saturday,174,OUT OF CONTROL ON CARRIAGEWAY (ON STRAIGHT),1,757878,1,0,0,1,0,1,2,2,T intersection,3,999,Local Road
T20230006849,2023/2/25,17:25:00,1,Collision with vehicle,6,Saturday,160,VEHICLE COLLIDES WITH VEHICLE PARKED ON LEFT OF ROAD,1,762734,2,0,0,1,1,2,1,5,Not at intersection,3,80,Arterial Highway
T20230004870,2023/2/25,14:26:00,4,Collision with a fixed object,6,Saturday,173,RIGHT OFF CARRIAGEWAY INTO OBJECT/PARKED VEHICLE,1,783919,1,0,0,1,0,1,1,5,Not at intersection,3,80,Arterial Highway
T20230006018,2023/2/25,21:00:00,4,Collision with a fixed object,6,Saturday,181,OFF RIGHT BEND INTO OBJECT/PARKED VEHICLE,5,783914,1,0,0,1,0,1,2,2,T intersection,3,100,Local Road
T20240006955,2023/2/25,19:30:00,1,Collision with vehicle,6,Saturday,129,OTHER OPPOSING MANOEUVRES NOT INCLUDED IN DCAs 120-125.,2,800038,2,0,0,1,1,2,1,5,Not at intersection,3,50,Local Road
T20230004600,2023/2/25,9:30:00,1,Collision with vehicle,6,Saturday,139,OTHER SAME DIRECTION-MANOUEVRES NOT INCLUDED IN DCAs 130-137,1,783918,6,0,0,3,5,8,1,5,Not at intersection,3,70,Arterial Other