ACCIDENT_NO,ACCIDENT_DATE,ACCIDENT_TIME,ACCIDENT_TYPE,ACCIDENT_TYPE_DESC,DAY_OF_WEEK,DAY_WEEK_DESC,DCA_CODE,DCA_DESC,LIGHT_CONDITION,NODE_ID,NO_OF_VEHICLES,NO_PERSONS_KILLED,NO_PERSONS_INJ_2,NO_PERSONS_INJ_3,NO_PERSONS_NOT_INJ,NO_PERSONS,POLICE_ATTEND,ROAD_GEOMETRY,ROAD_GEOMETRY_DESC,SEVERITY,SPEED_ZONE,RMA
T20230004641,2023/2/25,16:06:00,2,Struck Pedestrian,7,Saturday,102,FAR SIDE. PED HIT BY VEHICLE FROM THE LEFT,1,757042,1,0,0,1,1,2,1,1,Cross intersection,3,80,Arterial Highway
T20230004591,2023/2/25,6:45:00,1,Collision with vehicle,6,Saturday,121,RIGHT THROUGH,1,300082,2,0,0,1,1,2,1,1,Cross intersection,3,60,Arterial Highway
T20230004595,2023/2/25,8:45:00,1,Collision with vehicle,6,Saturday,147,VEHICLE STRIKES ANOTHER VEH WHILE EMERGING FROM DRIVEWAY,1,757279,2,0,0,1,1,2,1,5,Not at intersection,3,40,Local Road
T20230004619,2023/2/25,12:22:00,1,Collision with vehicle,7,Saturday,120,HEAD ON (NOT OVERTAKING),1,774475,2,0,2,0,0,2,1,5,Not at intersection,2,100,Arterial Other
T20230004648,2023/2/25,15:45:00,4,Collision with a fixed object,7,Saturday,171,LEFT OFF CARRIAGEWAY INTO OBJECT/PARKED VEHICLE,1,38589,1,0,0,1,1,2,1,2,T intersection,3,60,Arterial Highway
T20230004654,2023/2/25,23:20:00,1,Collision with vehicle,6,Saturday,160,VEHICLE COLLIDES WITH VEHICLE PARKED ON LEFT OF ROAD,3,775478,3,0,0,1,0,1,1,5,Not at intersection,3,50,Local Road
T20230004651,2023/2/25,20:20:00,4,Collision with a fixed object,7,Saturday,171,LEFT OFF CARRIAGEWAY INTO OBJECT/PARKED VEHICLE,2,781598,1,0,0,1,0,1,1,5,Not at intersection,3,100,Arterial Other
T20230004630,2023/2/25,16:30:00,8,No collision and no object struck,6,Saturday,174,OUT OF CONTROL ON CARRIAGEWAY (ON STRAIGHT),1,787378,1,0,1,0,0,1,1,5,Not at intersection,2,40,Local Road
T20230004969,2023/2/26,19:30:00,8,No collision and no object struck,0,Sunday,174,OUT OF CONTROL ON CARRIAGEWAY (ON STRAIGHT),1,757763,1,0,0,1,0,1,2,5,Not at intersection,3,80,Local Road
T20230004721,2023/2/26,20:11:00,4,Collision with a fixed object,1,Sunday,173,RIGHT OFF CARRIAGEWAY INTO OBJECT/PARKED VEHICLE,5,783121,1,0,0,1,0,1,1,5,Not at intersection,3,100,Local Road
T20230004725,2023/2/26,23:53:00,1,Collision with vehicle,1,Sunday,120,HEAD ON (NOT OVERTAKING),5,776167,2,0,4,0,0,4,1,5,Not at intersection,2,100,Arterial Highway
T20230004890,2023/2/26,11:30:00,1,Collision with vehicle,0,Sunday,130,REAR END(VEHICLES IN SAME LANE),1,46802,2,0,0,1,1,2,2,2,T intersection,3,999,Arterial Other
T20230004710,2023/2/26,14:51:00,1,Collision with vehicle,1,Sunday,132,RIGHT REAR.,1,35708,2,0,1,1,0,2,1,2,T intersection,2,60,Arterial Other
T20230005477,2023/2/26,14:00:00,8,No collision and no object struck,1,Sunday,174,OUT OF CONTROL ON CARRIAGEWAY (ON STRAIGHT),1,759213,1,0,1,0,0,1,2,5,Not at intersection,2,80,Local Road
T20230005500,2023/2/26,17:50:00,1,Collision with vehicle,0,Sunday,131,LEFT REAR,9,37779,2,0,0,1,1,2,2,2,T intersection,3,50,Local Road
T20230004708,2023/2/26,15:05:00,1,Collision with vehicle,0,Sunday,110,CROSS TRAFFIC(INTERSECTIONS ONLY),1,787379,2,0,1,0,1,2,1,1,Cross intersection,2,50,Local Road
T20230004712,2023/2/26,17:55:00,1,Collision with vehicle,1,Sunday,160,VEHICLE COLLIDES WITH VEHICLE PARKED ON LEFT OF ROAD,2,757751,2,0,1,0,0,1,1,5,Not at intersection,2,50,Local Road
T20230004707,2023/2/26,11:15:00,1,Collision with vehicle,1,Sunday,147,VEHICLE STRIKES ANOTHER VEH WHILE EMERGING FROM DRIVEWAY,1,783920,2,0,0,1,1,2,1,5,Not at intersection,3,60,Local Road
T20230004696,2023/2/26,14:35:00,4,Collision with a fixed object,0,Sunday,171,LEFT OFF CARRIAGEWAY INTO OBJECT/PARKED VEHICLE,1,764490,1,0,1,2,0,3,1,5,Not at intersection,2,70,Arterial Other
T20230004709,2023/2/26,17:00:00,4,Collision with a fixed object,1,Sunday,183,OFF LEFT BEND INTO OBJECT/PARKED VEHICLE,1,773764,1,0,1,0,0,1,1,5,Not at intersection,2,80,Arterial Other
T20230004711,2023/2/26,17:10:00,1,Collision with vehicle,0,Sunday,113,RIGHT NEAR (INTERSECTIONS ONLY),1,1030,2,0,0,1,2,3,1,1,Cross intersection,3,60,Arterial Other
T20230004706,2023/2/26,17:41:00,1,Collision with vehicle,0,Sunday,116,LEFT NEAR (INTERSECTIONS ONLY),1,57576,2,0,1,0,1,2,1,1,Cross intersection,2,80,Arterial Highway
T20230004713,2023/2/26,15:10:00,1,Collision with vehicle,0,Sunday,112,LEFT FAR (INTERSECTIONS ONLY),1,83546,2,0,0,1,1,2,2,1,Cross intersection,3,60,Arterial Other
T20230004955,2023/2/26,12:12:00,1,Collision with vehicle,0,Sunday,110,CROSS TRAFFIC(INTERSECTIONS ONLY),1,50353,2,0,0,2,3,5,1,1,Cross intersection,3,80,Arterial Other
T20230004705,2023/2/26,16:38:00,1,Collision with vehicle,0,Sunday,116,LEFT NEAR (INTERSECTIONS ONLY),1,757282,2,0,2,0,1,3,1,1,Cross intersection,2,80,Arterial Highway
T20230004704,2023/2/26,17:30:00,2,Struck Pedestrian,0,Sunday,101,PED EMERGES FROM IN FRONT OF PARKED OR STATIONARY VEHICLE,1,783021,1,0,1,0,2,3,1,5,Not at intersection,2,50,
T20230006570,2023/2/26,11:30:00,5,collision with some other object,1,Sunday,179,OTHER ACCIDENTS-OFF STRAIGHT NOT INCLUDED IN DCAs 170-175,1,767823,1,0,0,1,0,1,2,5,Not at intersection,3,888,Local Road
T20230006739,2023/2/26,15:00:00,1,Collision with vehicle,0,Sunday,130,REAR END(VEHICLES IN SAME LANE),1,777802,2,0,0,1,1,2,2,1,Cross intersection,3,70,Arterial Highway
T20230004702,2023/2/26,17:20:00,1,Collision with vehicle,0,Sunday,130,REAR END(VEHICLES IN SAME LANE),2,29801,2,0,0,1,1,2,1,1,Cross intersection,3,50,Arterial Other
T20230004694,2023/2/26,12:50:00,1,Collision with vehicle,0,Sunday,120,HEAD ON (NOT OVERTAKING),1,760439,2,0,2,0,1,3,1,5,Not at intersection,2,60,Arterial Other
T20230004788,2023/2/26,0:30:00,4,Collision with a fixed object,0,Sunday,181,OFF RIGHT BEND INTO OBJECT/PARKED VEHICLE,5,783923,1,0,0,1,0,1,1,5,Not at intersection,3,80,Arterial Other
T20230004676,2023/2/26,10:59:00,1,Collision with vehicle,0,Sunday,130,REAR END(VEHICLES IN SAME LANE),1,757045,3,0,0,1,2,3,1,5,Not at intersection,3,60,Arterial Other
T20230004701,2023/2/26,11:00:00,1,Collision with vehicle,0,Sunday,143,ENTERING PARKING,1,760440,2,0,0,1,1,2,2,5,Not at intersection,3,40,Local Road
T20230004714,2023/2/26,17:30:00,4,Collision with a fixed object,0,Sunday,181,OFF RIGHT BEND INTO OBJECT/PARKED VEHICLE,1,787380,1,0,1,0,0,1,1,5,Not at intersection,2,80,Arterial Other
T20230008821,2023/2/26,11:30:00,1,Collision with vehicle,0,Sunday,132,RIGHT REAR.,1,714632,2,0,0,1,1,2,2,1,Cross intersection,3,60,Arterial Other
T20230004697,2023/2/26,12:15:00,4,Collision with a fixed object,1,Sunday,181,OFF RIGHT BEND INTO OBJECT/PARKED VEHICLE,1,778087,1,1,0,0,0,1,1,5,Not at intersection,1,100,Arterial Other
T20230004950,2023/2/26,13:15:00,1,Collision with vehicle,0,Sunday,112,LEFT FAR (INTERSECTIONS ONLY),1,40684,2,0,0,1,1,2,2,2,T intersection,3,60,Arterial Other
T20230004670,2023/2/26,9:20:00,2,Struck Pedestrian,0,Sunday,100,PED NEAR SIDE. PED HIT BY VEHICLE FROM THE RIGHT.,1,237771,1,0,0,1,1,2,1,5,Not at intersection,3,50,Local Road
T20230005937,2023/2/26,19:00:00,1,Collision with vehicle,0,Sunday,130,REAR END(VEHICLES IN SAME LANE),1,760449,2,0,0,1,1,2,2,5,Not at intersection,3,100,Freeway
T20230004660,2023/2/26,0:45:00,1,Collision with vehicle,0,Sunday,121,RIGHT THROUGH,3,760485,2,0,1,2,0,3,1,2,T intersection,2,999,Arterial Highway
T20230004717,2023/2/26,19:30:00,1,Collision with vehicle,1,Sunday,110,CROSS TRAFFIC(INTERSECTIONS ONLY),1,29948,3,0,0,2,3,5,1,1,Cross intersection,3,60,Arterial Highway
T20230004685,2023/2/26,7:30:00,1,Collision with vehicle,0,Sunday,160,VEHICLE COLLIDES WITH VEHICLE PARKED ON LEFT OF ROAD,1,783922,2,0,0,1,0,1,1,5,Not at intersection,3,100,Freeway
T20230004865,2023/2/26,9:40:00,3,Struck animal,0,Sunday,167,STRUCK ANIMAL,1,762722,1,0,0,1,0,1,2,5,Not at intersection,3,100,Local Road
T20230004719,2023/2/26,16:00:00,1,Collision with vehicle,1,Sunday,130,REAR END(VEHICLES IN SAME LANE),1,784875,3,0,0,1,3,4,1,5,Not at intersection,3,50,Arterial Other
T20230004682,2023/2/26,12:21:00,1,Collision with vehicle,0,Sunday,113,RIGHT NEAR (INTERSECTIONS ONLY),1,43289,2,0,1,0,1,2,1,1,Cross intersection,2,60,Arterial Other
T20230007999,2023/2/26,10:05:00,1,Collision with vehicle,1,Sunday,110,CROSS TRAFFIC(INTERSECTIONS ONLY),1,16792,2,0,0,1,1,2,1,1,Cross intersection,3,60,Arterial Other
T20230006112,2023/2/26,10:20:00,1,Collision with vehicle,0,Sunday,130,REAR END(VEHICLES IN SAME LANE),1,777495,2,0,0,1,3,4,2,5,Not at intersection,3,50,Arterial Other
T20230004679,2023/2/26,11:00:00,1,Collision with vehicle,0,Sunday,123,RIGHT/LEFT. ONE VEH TURNING RIGHT THE OTHER LEFT.,1,780332,2,0,0,1,1,2,1,1,Cross intersection,3,80,Arterial Other
T20230004720,2023/2/26,22:23:00,6,Vehicle overturned (no collision),0,Sunday,174,OUT OF CONTROL ON CARRIAGEWAY (ON STRAIGHT),3,271545,1,0,0,1,0,1,1,1,Cross intersection,3,60,Arterial Highway
T20230004826,2023/2/26,2:30:00,1,Collision with vehicle,0,Sunday,133,LANE SIDE SWIPE (VEHICLES IN PARALLEL LANES),5,757542,2,0,0,1,1,2,2,5,Not at intersection,3,80,Freeway
T20230004805,2023/2/27,16:05:00,1,Collision with vehicle,2,Monday,148,VEHICLE OFF FOOTPATH STRIKES VEH ON CARRIAGEWAY,1,757754,2,0,1,0,1,2,1,2,T intersection,2,50,Local Road
T20230004815,2023/2/27,21:30:00,4,Collision with a fixed object,2,Monday,171,LEFT OFF CARRIAGEWAY INTO OBJECT/PARKED VEHICLE,3,36072,2,0,0,1,1,2,1,1,Cross intersection,3,80,Arterial Other
T20230004816,2023/2/27,3:00:00,4,Collision with a fixed object,2,Monday,171,LEFT OFF CARRIAGEWAY INTO OBJECT/PARKED VEHICLE,3,758481,1,0,0,2,0,2,1,5,Not at intersection,3,60,Local Road
T20230004819,2023/2/27,23:45:00,4,Collision with a fixed object,1,Monday,173,RIGHT OFF CARRIAGEWAY INTO OBJECT/PARKED VEHICLE,5,757287,1,0,1,0,0,1,1,5,Not at intersection,2,40,Local Road
T20230004875,2023/2/27,14:05:00,1,Collision with vehicle,2,Monday,131,LEFT REAR,1,777746,2,0,1,0,1,2,2,1,Cross intersection,2,60,Arterial Other
T20230004824,2023/2/27,23:09:00,4,Collision with a fixed object,1,Monday,181,OFF RIGHT BEND INTO OBJECT/PARKED VEHICLE,5,760940,1,0,0,1,0,1,1,5,Not at intersection,3,100,Arterial Other
T20230004883,2023/2/27,16:40:00,1,Collision with vehicle,2,Monday,134,LANE CHANGE RIGHT (NOT OVERTAKING),1,786931,2,0,0,1,1,2,2,1,Cross intersection,3,60,Local Road
T20230004921,2023/2/27,11:15:00,1,Collision with vehicle,2,Monday,133,LANE SIDE SWIPE (VEHICLES IN PARALLEL LANES),1,784292,2,0,0,3,2,5,1,5,Not at intersection,3,100,Freeway
T20230004839,2023/2/27,14:30:00,4,Collision with a fixed object,2,Monday,181,OFF RIGHT BEND INTO OBJECT/PARKED VEHICLE,1,761053,1,0,1,0,0,1,2,5,Not at intersection,2,100,Arterial Highway
T20230004836,2023/2/27,20:35:00,1,Collision with vehicle,1,Monday,121,RIGHT THROUGH,2,783200,2,0,0,1,1,2,1,1,Cross intersection,3,60,Local Road
T20230004988,2023/2/27,8:15:00,6,Vehicle overturned (no collision),1,Monday,174,OUT OF CONTROL ON CARRIAGEWAY (ON STRAIGHT),9,754899,1,0,0,1,0,1,2,5,Not at intersection,3,60,Arterial Other
T20230004833,2023/2/27,13:35:00,4,Collision with a fixed object,2,Monday,171,LEFT OFF CARRIAGEWAY INTO OBJECT/PARKED VEHICLE,1,757544,1,0,1,0,0,1,1,5,Not at intersection,2,50,Local Road
T20230004831,2023/2/27,10:59:00,4,Collision with a fixed object,2,Monday,173,RIGHT OFF CARRIAGEWAY INTO OBJECT/PARKED VEHICLE,1,757543,1,0,1,1,0,2,1,5,Not at intersection,2,60,Arterial Other
T20230004767,2023/2/27,10:35:00,4,Collision with a fixed object,2,Monday,141,U TURN INTO FIXED OBJECT/PARKED VEHICLE,1,759823,1,0,1,1,0,2,1,2,T intersection,2,60,Local Road
T20230004775,2023/2/27,8:30:00,1,Collision with vehicle,2,Monday,120,HEAD ON (NOT OVERTAKING),1,757876,2,0,1,0,1,2,1,5,Not at intersection,2,70,Arterial Other
T20230004777,2023/2/27,10:15:00,4,Collision with a fixed object,1,Monday,173,RIGHT OFF CARRIAGEWAY INTO OBJECT/PARKED VEHICLE,1,758279,1,0,2,0,0,2,1,5,Not at intersection,2,100,Arterial Other
T20230004778,2023/2/27,14:00:00,6,Vehicle overturned (no collision),2,Monday,174,OUT OF CONTROL ON CARRIAGEWAY (ON STRAIGHT),1,764489,1,0,1,0,0,1,1,5,Not at intersection,2,100,Arterial Highway
T20230005396,2023/2/27,17:00:00,1,Collision with vehicle,1,Monday,130,REAR END(VEHICLES IN SAME LANE),1,774002,2,0,0,3,1,4,2,5,Not at intersection,3,100,Freeway
T20230004781,2023/2/27,10:13:00,1,Collision with vehicle,1,Monday,120,HEAD ON (NOT OVERTAKING),1,776742,2,0,1,1,0,2,1,5,Not at intersection,2,100,Arterial Other
T20230004786,2023/2/27,16:15:00,1,Collision with vehicle,1,Monday,130,REAR END(VEHICLES IN SAME LANE),1,781912,4,0,0,2,2,4,1,1,Cross intersection,3,60,Arterial Other
T20230004789,2023/2/27,15:02:00,4,Collision with a fixed object,2,Monday,181,OFF RIGHT BEND INTO OBJECT/PARKED VEHICLE,1,766945,1,0,1,0,0,1,1,5,Not at intersection,2,100,Arterial Other
T20230005028,2023/2/27,6:40:00,1,Collision with vehicle,1,Monday,130,REAR END(VEHICLES IN SAME LANE),2,105361,2,0,0,1,1,2,2,5,Not at intersection,3,60,Arterial Other
T20230004792,2023/2/27,15:26:00,4,Collision with a fixed object,2,Monday,181,OFF RIGHT BEND INTO OBJECT/PARKED VEHICLE,1,61946,1,0,0,1,0,1,1,2,T intersection,3,50,Local Road
T20230004797,2023/2/27,18:45:00,1,Collision with vehicle,1,Monday,133,LANE SIDE SWIPE (VEHICLES IN PARALLEL LANES),1,784243,2,0,0,1,1,2,1,5,Not at intersection,3,40,Arterial Other
T20230004798,2023/2/27,12:12:00,1,Collision with vehicle,2,Monday,121,RIGHT THROUGH,1,41456,2,0,0,1,1,2,2,1,Cross intersection,3,60,Arterial Other
T20230004800,2023/2/27,15:20:00,1,Collision with vehicle,2,Monday,130,REAR END(VEHICLES IN SAME LANE),1,764202,4,0,0,3,1,4,1,5,Not at intersection,3,80,Arterial Other
T20230018154,2023/2/27,17:44:00,1,Collision with vehicle,2,Monday,131,LEFT REAR,1,782048,2,0,0,1,1,2,2,5,Not at intersection,3,60,Local Road
T20230008557,2023/2/27,11:00:00,1,Collision with vehicle,1,Monday,130,REAR END(VEHICLES IN SAME LANE),1,652017,2,0,0,1,1,2,2,2,T intersection,3,40,Local Road
T20230004804,2023/2/27,15:59:00,1,Collision with vehicle,2,Monday,121,RIGHT THROUGH,1,757286,3,0,0,3,3,6,1,2,T intersection,3,60,Local Road
T20230005340,2023/2/27,6:30:00,1,Collision with vehicle,2,Monday,160,VEHICLE COLLIDES WITH VEHICLE PARKED ON LEFT OF ROAD,2,759345,3,0,0,1,1,2,2,5,Not at intersection,3,50,Local Road
T20230006082,2023/2/27,15:30:00,1,Collision with vehicle,1,Monday,131,LEFT REAR,1,780149,2,0,0,1,2,3,2,2,T intersection,3,100,Arterial Highway
T20230005049,2023/2/27,11:00:00,1,Collision with vehicle,1,Monday,113,RIGHT NEAR (INTERSECTIONS ONLY),1,758031,2,0,0,1,1,2,2,2,T intersection,3,50,Local Road
T20230007371,2023/2/27,23:52:00,1,Collision with vehicle,1,Monday,130,REAR END(VEHICLES IN SAME LANE),3,779874,3,0,0,1,1,2,1,5,Not at intersection,3,40,Freeway
T20230004762,2023/2/27,6:30:00,1,Collision with vehicle,2,Monday,147,VEHICLE STRIKES ANOTHER VEH WHILE EMERGING FROM DRIVEWAY,2,759331,2,0,1,0,1,2,1,5,Not at intersection,2,80,Arterial Other
T20230004759,2023/2/27,11:38:00,1,Collision with vehicle,1,Monday,121,RIGHT THROUGH,1,39964,2,0,0,1,2,3,1,2,T intersection,3,60,Arterial Other
T20230004755,2023/2/27,9:06:00,1,Collision with vehicle,1,Monday,119,OTHER ADJACENT (INTERSECTIONS ONLY),1,70611,2,0,1,0,2,3,1,2,T intersection,2,60,Arterial Highway
T20230004752,2023/2/27,8:15:00,2,Struck Pedestrian,1,Monday,107,PED ON FOOTHPATH STRUCK BY VEHENTERING/LEAVING DRIVEWAY.,1,784238,1,0,0,2,0,2,2,5,Not at intersection,3,30,Arterial Other
T20230004751,2023/2/27,8:45:00,1,Collision with vehicle,1,Monday,111,RIGHT FAR (INTERSECTIONS ONLY),1,36799,2,0,0,1,1,2,2,1,Cross intersection,3,50,Local Road
T20230004748,2023/2/27,7:20:00,4,Collision with a fixed object,1,Monday,171,LEFT OFF CARRIAGEWAY INTO OBJECT/PARKED VEHICLE,2,781591,1,0,0,1,0,1,1,5,Not at intersection,3,100,Arterial Other
T20230004745,2023/2/27,7:10:00,1,Collision with vehicle,2,Monday,121,RIGHT THROUGH,1,617,3,0,0,1,2,3,1,1,Cross intersection,3,60,Arterial Other
T20230005142,2023/2/27,11:48:00,1,Collision with vehicle,2,Monday,135,LANE CHANGE LEFT (NOT OVERTAKING),1,784295,2,0,0,1,1,2,1,5,Not at intersection,3,80,Freeway
T20230004741,2023/2/27,8:45:00,1,Collision with vehicle,1,Monday,130,REAR END(VEHICLES IN SAME LANE),1,757284,4,0,0,5,0,5,1,5,Not at intersection,3,80,Arterial Highway
T20230004734,2023/2/27,6:30:00,5,collision with some other object,1,Monday,151,OUT OF CONTROL (OVERTAKING),3,757870,1,0,1,0,0,1,2,5,Not at intersection,2,60,Arterial Other
T20230004733,2023/2/27,7:47:00,2,Struck Pedestrian,2,Monday,102,FAR SIDE. PED HIT BY VEHICLE FROM THE LEFT,1,757752,1,0,1,0,1,2,1,2,T intersection,2,50,Arterial Other
T20230004730,2023/2/27,4:45:00,2,Struck Pedestrian,2,Monday,102,FAR SIDE. PED HIT BY VEHICLE FROM THE LEFT,3,760939,1,0,1,0,1,2,1,5,Not at intersection,2,60,Arterial Other
T20230004729,2023/2/27,6:20:00,4,Collision with a fixed object,2,Monday,171,LEFT OFF CARRIAGEWAY INTO OBJECT/PARKED VEHICLE,3,757283,1,0,1,0,0,1,1,5,Not at intersection,2,60,Local Road
T20230004728,2023/2/27,6:23:00,1,Collision with vehicle,2,Monday,148,VEHICLE OFF FOOTPATH STRIKES VEH ON CARRIAGEWAY,3,679770,2,0,1,0,1,2,1,1,Cross intersection,2,60,Arterial Other
T20230008140,2023/2/27,6:15:00,8,No collision and no object struck,1,Monday,184,OUT OF CONTROL ON CARRIAGEWAY (ON BEND),9,490,1,0,0,1,0,1,2,2,T intersection,3,60,Arterial Other
T20230004823,2023/2/28,3:30:00,4,Collision with a fixed object,2,Tuesday,171,LEFT OFF CARRIAGEWAY INTO OBJECT/PARKED VEHICLE,3,774451,1,0,0,1,0,1,1,5,Not at intersection,3,80,Arterial Highway
T20230004868,2023/2/28,10:23:00,1,Collision with vehicle,3,Tuesday,179,OTHER ACCIDENTS-OFF STRAIGHT NOT INCLUDED IN DCAs 170-175,1,757874,2,0,1,0,2,3,1,5,Not at intersection,2,80,Arterial Highway
T20230004863,2023/2/28,12:15:00,1,Collision with vehicle,2,Tuesday,130,REAR END(VEHICLES IN SAME LANE),1,760815,3,0,0,1,6,7,1,5,Not at intersection,3,60,Arterial Highway
T20230004864,2023/2/28,10:52:00,1,Collision with vehicle,3,Tuesday,150,HEAD ON(OVERTAKING),1,758633,2,2,1,0,0,3,1,5,Not at intersection,1,100,Arterial Highway
T20230005121,2023/2/28,16:30:00,6,Vehicle overturned (no collision),2,Tuesday,174,OUT OF CONTROL ON CARRIAGEWAY (ON STRAIGHT),1,36571,1,0,0,1,0,1,2,2,T intersection,3,40,Local Road
T20230023847,2023/2/28,8:44:00,1,Collision with vehicle,2,Tuesday,113,RIGHT NEAR (INTERSECTIONS ONLY),1,70034,2,0,0,1,1,2,1,2,T intersection,3,50,Local Road
T20230007931,2023/2/28,8:50:00,1,Collision with vehicle,2,Tuesday,130,REAR END(VEHICLES IN SAME LANE),1,769033,3,0,0,1,2,3,1,5,Not at intersection,3,60,Arterial Other
T20230004872,2023/2/28,13:43:00,1,Collision with vehicle,3,Tuesday,113,RIGHT NEAR (INTERSECTIONS ONLY),1,278810,2,0,0,1,2,3,2,1,Cross intersection,3,60,Arterial Other
T20230005106,2023/2/28,16:40:00,1,Collision with vehicle,2,Tuesday,163,VEHICLE STRIKES DOOR OF PARKED/STATIONARY VEHICLE,1,780271,3,0,0,1,3,4,1,5,Not at intersection,3,40,Local Road
T20230005760,2023/2/28,17:10:00,1,Collision with vehicle,3,Tuesday,130,REAR END(VEHICLES IN SAME LANE),1,775624,5,0,1,1,4,6,1,5,Not at intersection,2,80,Arterial Highway
T20230004878,2023/2/28,14:30:00,1,Collision with vehicle,2,Tuesday,135,LANE CHANGE LEFT (NOT OVERTAKING),1,784306,2,0,0,1,1,2,1,5,Not at intersection,3,80,Freeway
T20230004856,2023/2/28,9:30:00,1,Collision with vehicle,2,Tuesday,140,U TURN,1,759332,2,0,0,2,1,3,1,5,Not at intersection,3,50,Local Road
T20230004840,2023/2/28,9:00:00,1,Collision with vehicle,2,Tuesday,110,CROSS TRAFFIC(INTERSECTIONS ONLY),1,710776,2,0,1,0,1,2,1,1,Cross intersection,2,888,Local Road
T20230004876,2023/2/28,14:27:00,1,Collision with vehicle,2,Tuesday,110,CROSS TRAFFIC(INTERSECTIONS ONLY),1,336094,2,0,1,0,1,2,1,1,Cross intersection,2,70,Local Road
T20230006240,2023/2/28,8:15:00,1,Collision with vehicle,2,Tuesday,121,RIGHT THROUGH,1,30938,2,0,0,1,1,2,1,2,T intersection,3,60,Arterial Other
T20230004923,2023/2/28,16:30:00,1,Collision with vehicle,2,Tuesday,137,LEFT TURN SIDESWIPE,1,35714,2,0,0,1,1,2,2,4,Multiple intersection,3,50,Arterial Other
T20230004871,2023/2/28,13:52:00,4,Collision with a fixed object,2,Tuesday,171,LEFT OFF CARRIAGEWAY INTO OBJECT/PARKED VEHICLE,1,760942,1,0,1,0,0,1,1,1,Cross intersection,2,60,Local Road
T20230005766,2023/2/28,15:00:00,4,Collision with a fixed object,2,Tuesday,171,LEFT OFF CARRIAGEWAY INTO OBJECT/PARKED VEHICLE,1,46944,1,0,0,1,0,1,2,2,T intersection,3,80,Arterial Other
T20230004845,2023/2/28,6:15:00,1,Collision with vehicle,2,Tuesday,147,VEHICLE STRIKES ANOTHER VEH WHILE EMERGING FROM DRIVEWAY,3,47717,2,0,1,0,1,2,1,2,T intersection,2,60,Local Road
T20230004842,2023/2/28,8:30:00,1,Collision with vehicle,3,Tuesday,111,RIGHT FAR (INTERSECTIONS ONLY),1,66265,2,0,1,0,1,2,1,1,Cross intersection,2,70,Arterial Other
T20230005079,2023/2/28,17:00:00,1,Collision with vehicle,3,Tuesday,110,CROSS TRAFFIC(INTERSECTIONS ONLY),1,38045,2,0,1,0,1,2,2,1,Cross intersection,2,60,Arterial Other
T20230004852,2023/2/28,9:24:00,1,Collision with vehicle,2,Tuesday,110,CROSS TRAFFIC(INTERSECTIONS ONLY),1,36796,2,0,0,2,0,2,1,1,Cross intersection,3,80,Arterial Other
T20230022526,2023/2/28,9:45:00,3,Struck animal,3,Tuesday,167,STRUCK ANIMAL,1,790000,1,0,0,1,0,1,2,5,Not at intersection,3,100,Arterial Other
T20230004855,2023/2/28,5:45:00,1,Collision with vehicle,3,Tuesday,120,HEAD ON (NOT OVERTAKING),5,757755,2,1,1,1,0,3,1,5,Not at intersection,1,100,Arterial Highway
T20230004918,2023/2/28,15:41:00,1,Collision with vehicle,3,Tuesday,121,RIGHT THROUGH,1,337163,2,0,0,2,0,2,1,1,Cross intersection,3,60,Arterial Other
T20230004915,2023/2/28,22:44:00,6,Vehicle overturned (no collision),2,Tuesday,174,OUT OF CONTROL ON CARRIAGEWAY (ON STRAIGHT),3,770450,1,0,0,1,0,1,1,1,Cross intersection,3,40,Local Road
T20230004913,2023/2/28,2:00:00,1,Collision with vehicle,2,Tuesday,134,LANE CHANGE RIGHT (NOT OVERTAKING),3,757643,2,0,0,1,1,2,1,5,Not at intersection,3,80,Arterial Highway
T20230004838,2023/2/28,7:10:00,1,Collision with vehicle,3,Tuesday,130,REAR END(VEHICLES IN SAME LANE),1,272415,2,0,1,0,1,2,1,5,Not at intersection,2,100,Freeway
T20230004912,2023/2/28,18:35:00,1,Collision with vehicle,2,Tuesday,135,LANE CHANGE LEFT (NOT OVERTAKING),1,757758,3,0,0,1,2,3,1,5,Not at intersection,3,80,Freeway
T20230004907,2023/2/28,17:08:00,1,Collision with vehicle,3,Tuesday,110,CROSS TRAFFIC(INTERSECTIONS ONLY),1,52025,2,0,1,3,0,4,1,1,Cross intersection,2,100,Local Road
T20230006039,2023/2/28,14:35:00,1,Collision with vehicle,2,Tuesday,132,RIGHT REAR.,1,778216,2,0,0,1,1,2,2,5,Not at intersection,3,40,Local Road
T20230004906,2023/2/28,16:00:00,1,Collision with vehicle,2,Tuesday,147,VEHICLE STRIKES ANOTHER VEH WHILE EMERGING FROM DRIVEWAY,1,784305,2,0,0,1,1,2,2,5,Not at intersection,3,999,Local Road
T20230004903,2023/2/28,16:15:00,2,Struck Pedestrian,2,Tuesday,102,FAR SIDE. PED HIT BY VEHICLE FROM THE LEFT,1,47851,1,0,0,1,1,2,1,2,T intersection,3,50,Local Road
T20230004843,2023/2/28,7:45:00,1,Collision with vehicle,2,Tuesday,130,REAR END(VEHICLES IN SAME LANE),2,779990,4,0,0,1,3,4,1,5,Not at intersection,3,100,Freeway
T20230004965,2023/2/28,15:50:00,1,Collision with vehicle,2,Tuesday,135,LANE CHANGE LEFT (NOT OVERTAKING),1,784304,3,0,0,1,2,3,2,2,T intersection,3,100,Freeway