ACCIDENT_NO,ACCIDENT_DATE,ACCIDENT_TIME,ACCIDENT_TYPE,ACCIDENT_TYPE_DESC,DAY_OF_WEEK,DAY_WEEK_DESC,DCA_CODE,DCA_DESC,LIGHT_CONDITION,NODE_ID,NO_OF_VEHICLES,NO_PERSONS_KILLED,NO_PERSONS_INJ_2,NO_PERSONS_INJ_3,NO_PERSONS_NOT_INJ,NO_PERSONS,POLICE_ATTEND,ROAD_GEOMETRY,ROAD_GEOMETRY_DESC,SEVERITY,SPEED_ZONE,RMA
T20230004899,2023/2/28,16:39:00,1,Collision with vehicle,2,Tuesday,121,RIGHT THROUGH,1,673299,2,0,0,2,2,4,1,1,Cross intersection,3,50,Local Road
T20230004847,2023/2/28,10:00:00,1,Collision with vehicle,2,Tuesday,121,RIGHT THROUGH,1,773197,2,0,0,2,0,2,1,1,Cross intersection,3,60,Arterial Highway
T20230004898,2023/2/28,15:50:00,2,Struck Pedestrian,2,Tuesday,107,PED ON FOOTHPATH STRUCK BY VEHENTERING/LEAVING DRIVEWAY.,1,784301,1,0,0,1,1,2,2,5,Not at intersection,3,50,Local Road
T20230004892,2023/2/28,13:55:00,1,Collision with vehicle,2,Tuesday,120,HEAD ON (NOT OVERTAKING),1,35377,2,0,0,1,2,3,1,2,T intersection,3,60,Local Road
T20230016837,2023/2/28,18:00:00,4,Collision with a fixed object,2,Tuesday,171,LEFT OFF CARRIAGEWAY INTO OBJECT/PARKED VEHICLE,1,781590,1,0,0,1,0,1,1,5,Not at intersection,3,100,Local Road
T20230004832,2023/2/28,6:55:00,1,Collision with vehicle,2,Tuesday,147,VEHICLE STRIKES ANOTHER VEH WHILE EMERGING FROM DRIVEWAY,1,784300,2,0,0,1,1,2,1,5,Not at intersection,3,60,Arterial Other
T20230004873,2023/2/28,13:37:00,1,Collision with vehicle,3,Tuesday,130,REAR END(VEHICLES IN SAME LANE),1,140690,2,0,1,0,1,2,1,5,Not at intersection,2,60,Local Road
T20230004993,2023/3/1,17:02:00,1,Collision with vehicle,4,Wednesday,160,VEHICLE COLLIDES WITH VEHICLE PARKED ON LEFT OF ROAD,1,759484,6,0,1,0,0,1,1,5,Not at intersection,2,50,
T20230004992,2023/3/1,16:33:00,1,Collision with vehicle,3,Wednesday,121,RIGHT THROUGH,1,781975,2,0,0,1,1,2,1,5,Not at intersection,3,60,Local Road
T20230004991,2023/3/1,20:42:00,1,Collision with vehicle,4,Wednesday,121,RIGHT THROUGH,3,49465,2,0,0,2,0,2,1,1,Cross intersection,3,60,Arterial Highway
T20230004986,2023/3/1,14:19:00,1,Collision with vehicle,3,Wednesday,113,RIGHT NEAR (INTERSECTIONS ONLY),1,758139,2,0,0,1,2,3,1,2,T intersection,3,50,Local Road
T20230005526,2023/3/1,17:20:00,1,Collision with vehicle,3,Wednesday,130,REAR END(VEHICLES IN SAME LANE),1,787311,2,0,0,1,1,2,2,5,Not at intersection,3,999,Arterial Other
T20230006853,2023/3/1,19:00:00,1,Collision with vehicle,4,Wednesday,130,REAR END(VEHICLES IN SAME LANE),1,763608,2,0,1,0,2,3,2,5,Not at intersection,2,70,Arterial Other
T20230009181,2023/3/1,8:30:00,1,Collision with vehicle,3,Wednesday,130,REAR END(VEHICLES IN SAME LANE),1,769319,2,0,0,1,1,2,2,5,Not at intersection,3,50,Arterial Other
T20230007554,2023/3/1,12:10:00,6,Vehicle overturned (no collision),4,Wednesday,174,OUT OF CONTROL ON CARRIAGEWAY (ON STRAIGHT),1,704653,2,0,0,1,1,2,1,5,Not at intersection,3,60,Arterial Other
T20230006133,2023/3/1,16:54:00,1,Collision with vehicle,3,Wednesday,116,LEFT NEAR (INTERSECTIONS ONLY),1,324648,2,0,0,1,1,2,1,1,Cross intersection,3,80,Arterial Other
T20230010705,2023/3/1,8:45:00,1,Collision with vehicle,3,Wednesday,145,REVERSING IN STREAM OF TRAFFIC,9,781697,2,0,0,1,1,2,2,5,Not at intersection,3,999,Local Road
T20230004983,2023/3/1,18:45:00,1,Collision with vehicle,3,Wednesday,120,HEAD ON (NOT OVERTAKING),1,758280,2,0,1,0,1,2,1,2,T intersection,2,60,Local Road
T20230004982,2023/3/1,16:00:00,4,Collision with a fixed object,3,Wednesday,171,LEFT OFF CARRIAGEWAY INTO OBJECT/PARKED VEHICLE,1,781367,1,0,1,0,0,1,1,5,Not at intersection,2,60,Local Road
T20230004981,2023/3/1,17:00:00,1,Collision with vehicle,4,Wednesday,160,VEHICLE COLLIDES WITH VEHICLE PARKED ON LEFT OF ROAD,2,779909,2,0,0,1,0,1,1,5,Not at intersection,3,60,Arterial Highway
T20230004977,2023/3/1,18:10:00,1,Collision with vehicle,4,Wednesday,110,CROSS TRAFFIC(INTERSECTIONS ONLY),1,37436,2,0,1,0,1,2,1,1,Cross intersection,2,40,Arterial Other
T20230004968,2023/3/1,8:00:00,1,Collision with vehicle,3,Wednesday,130,REAR END(VEHICLES IN SAME LANE),2,758026,2,0,0,1,3,4,2,5,Not at intersection,3,100,Freeway
T20230004967,2023/3/1,8:40:00,1,Collision with vehicle,3,Wednesday,121,RIGHT THROUGH,1,44738,3,0,0,1,2,3,1,1,Cross intersection,3,60,Arterial Other
T20230004966,2023/3/1,13:40:00,1,Collision with vehicle,3,Wednesday,121,RIGHT THROUGH,1,758482,3,0,0,1,2,3,1,2,T intersection,3,60,Local Road
T20230004963,2023/3/1,11:30:00,4,Collision with a fixed object,3,Wednesday,171,LEFT OFF CARRIAGEWAY INTO OBJECT/PARKED VEHICLE,1,783595,1,0,0,1,0,1,1,2,T intersection,3,100,Local Road
T20230004961,2023/3/1,13:10:00,2,Struck Pedestrian,3,Wednesday,100,PED NEAR SIDE. PED HIT BY VEHICLE FROM THE RIGHT.,1,765770,1,0,0,2,1,3,1,5,Not at intersection,3,40,Arterial Other
T20230004954,2023/3/1,8:41:00,1,Collision with vehicle,3,Wednesday,130,REAR END(VEHICLES IN SAME LANE),1,761571,4,0,0,2,2,4,1,5,Not at intersection,3,100,Freeway
T20230005199,2023/3/1,9:00:00,1,Collision with vehicle,3,Wednesday,130,REAR END(VEHICLES IN SAME LANE),1,796371,2,0,0,1,1,2,2,5,Not at intersection,3,70,Arterial Highway
T20230004944,2023/3/1,9:45:00,2,Struck Pedestrian,4,Wednesday,100,PED NEAR SIDE. PED HIT BY VEHICLE FROM THE RIGHT.,1,757644,1,1,0,0,1,2,1,1,Cross intersection,1,60,Arterial Other
T20230004920,2023/3/1,5:39:00,1,Collision with vehicle,4,Wednesday,160,VEHICLE COLLIDES WITH VEHICLE PARKED ON LEFT OF ROAD,3,761787,2,0,2,1,1,4,1,5,Not at intersection,2,50,Local Road
T20230004947,2023/3/1,12:05:00,1,Collision with vehicle,3,Wednesday,147,VEHICLE STRIKES ANOTHER VEH WHILE EMERGING FROM DRIVEWAY,1,784313,2,0,0,1,1,2,1,5,Not at intersection,3,60,Local Road
T20230005293,2023/3/1,8:20:00,1,Collision with vehicle,4,Wednesday,112,LEFT FAR (INTERSECTIONS ONLY),9,45692,2,0,0,1,1,2,2,1,Cross intersection,3,999,Local Road
T20230004919,2023/3/1,5:25:00,6,Vehicle overturned (no collision),3,Wednesday,174,OUT OF CONTROL ON CARRIAGEWAY (ON STRAIGHT),3,900,1,0,1,0,0,1,1,5,Not at intersection,2,80,Arterial Highway
T20230004989,2023/3/1,18:58:00,1,Collision with vehicle,4,Wednesday,134,LANE CHANGE RIGHT (NOT OVERTAKING),1,777449,2,0,0,1,4,5,1,5,Not at intersection,3,100,Freeway
T20230004949,2023/3/1,10:45:00,1,Collision with vehicle,3,Wednesday,130,REAR END(VEHICLES IN SAME LANE),1,777501,2,0,0,1,1,2,1,5,Not at intersection,3,40,Arterial Other
T20230004930,2023/3/1,8:40:00,1,Collision with vehicle,4,Wednesday,130,REAR END(VEHICLES IN SAME LANE),1,758156,2,0,1,0,1,2,1,5,Not at intersection,2,50,Local Road
T20230005003,2023/3/1,23:10:00,1,Collision with vehicle,4,Wednesday,130,REAR END(VEHICLES IN SAME LANE),3,780458,3,0,1,1,1,3,1,5,Not at intersection,2,60,Arterial Highway
T20230004973,2023/3/1,10:22:00,1,Collision with vehicle,3,Wednesday,130,REAR END(VEHICLES IN SAME LANE),1,758027,2,0,0,2,1,3,1,5,Not at intersection,3,60,Arterial Other
T20230005000,2023/3/1,20:15:00,1,Collision with vehicle,3,Wednesday,147,VEHICLE STRIKES ANOTHER VEH WHILE EMERGING FROM DRIVEWAY,3,758483,2,0,0,1,2,3,1,5,Not at intersection,3,60,Arterial Other
T20230004999,2023/3/1,22:17:00,1,Collision with vehicle,4,Wednesday,160,VEHICLE COLLIDES WITH VEHICLE PARKED ON LEFT OF ROAD,5,758028,2,0,1,0,0,1,1,5,Not at intersection,2,60,Arterial Other
T20230008104,2023/3/1,8:30:00,1,Collision with vehicle,3,Wednesday,130,REAR END(VEHICLES IN SAME LANE),1,777836,2,0,0,1,3,4,2,5,Not at intersection,3,50,Arterial Other
T20230004995,2023/3/1,21:47:00,2,Struck Pedestrian,3,Wednesday,102,FAR SIDE. PED HIT BY VEHICLE FROM THE LEFT,3,770574,1,0,0,1,1,2,1,2,T intersection,3,40,Local Road
T20230005054,2023/3/1,8:30:00,1,Collision with vehicle,3,Wednesday,116,LEFT NEAR (INTERSECTIONS ONLY),1,59009,2,0,0,1,1,2,2,2,T intersection,3,50,Arterial Other
T20230006081,2023/3/2,18:15:00,1,Collision with vehicle,4,Thursday,121,RIGHT THROUGH,1,39492,3,0,0,1,2,3,2,2,T intersection,3,80,Arterial Other
T20230006663,2023/3/2,9:30:00,1,Collision with vehicle,5,Thursday,130,REAR END(VEHICLES IN SAME LANE),9,779365,3,0,0,1,2,3,2,5,Not at intersection,3,999,Arterial Highway
T20230005400,2023/3/2,8:20:00,1,Collision with vehicle,4,Thursday,113,RIGHT NEAR (INTERSECTIONS ONLY),1,38944,2,0,0,1,1,2,2,2,T intersection,3,60,Arterial Other
T20230005075,2023/3/2,20:12:00,1,Collision with vehicle,4,Thursday,113,RIGHT NEAR (INTERSECTIONS ONLY),3,37738,2,0,1,0,1,2,1,2,T intersection,2,40,Arterial Other
T20230005398,2023/3/2,22:00:00,1,Collision with vehicle,5,Thursday,120,HEAD ON (NOT OVERTAKING),5,778181,2,0,1,1,1,3,1,5,Not at intersection,2,100,Arterial Other
T20230005047,2023/3/2,15:30:00,2,Struck Pedestrian,4,Thursday,100,PED NEAR SIDE. PED HIT BY VEHICLE FROM THE RIGHT.,1,783608,1,0,0,1,1,2,1,1,Cross intersection,3,50,Local Road
T20230005048,2023/3/2,14:22:00,1,Collision with vehicle,4,Thursday,130,REAR END(VEHICLES IN SAME LANE),1,719529,2,0,0,1,1,2,1,1,Cross intersection,3,80,Arterial Highway
T20230005078,2023/3/2,21:03:00,1,Collision with vehicle,4,Thursday,121,RIGHT THROUGH,3,29863,2,0,0,2,0,2,1,1,Cross intersection,3,70,Freeway
T20230005068,2023/3/2,15:30:00,1,Collision with vehicle,4,Thursday,110,CROSS TRAFFIC(INTERSECTIONS ONLY),1,222116,2,0,1,2,0,3,1,1,Cross intersection,2,60,Local Road
T20230005118,2023/3/2,21:45:00,4,Collision with a fixed object,5,Thursday,173,RIGHT OFF CARRIAGEWAY INTO OBJECT/PARKED VEHICLE,3,763965,1,0,1,0,0,1,1,5,Not at intersection,2,80,Freeway
T20230005042,2023/3/2,13:05:00,4,Collision with a fixed object,5,Thursday,164,PERMANENT OBSTRUCTION ON CARRIAGEWAY,1,29886,1,1,1,0,0,2,1,4,Multiple intersection,1,60,Freeway
T20230005037,2023/3/2,8:50:00,4,Collision with a fixed object,5,Thursday,181,OFF RIGHT BEND INTO OBJECT/PARKED VEHICLE,1,762831,1,1,0,1,0,2,1,5,Not at intersection,1,60,Arterial Other
T20230005036,2023/3/2,8:30:00,1,Collision with vehicle,4,Thursday,160,VEHICLE COLLIDES WITH VEHICLE PARKED ON LEFT OF ROAD,1,773720,3,0,1,0,2,3,1,5,Not at intersection,2,50,Local Road
T20230005035,2023/3/2,8:50:00,1,Collision with vehicle,4,Thursday,130,REAR END(VEHICLES IN SAME LANE),1,764705,2,0,0,1,1,2,2,5,Not at intersection,3,50,Local Road
T20230005976,2023/3/2,12:25:00,1,Collision with vehicle,5,Thursday,133,LANE SIDE SWIPE (VEHICLES IN PARALLEL LANES),1,489,2,0,0,1,1,2,2,1,Cross intersection,3,40,Arterial Other
T20230005034,2023/3/2,12:36:00,4,Collision with a fixed object,4,Thursday,181,OFF RIGHT BEND INTO OBJECT/PARKED VEHICLE,1,765302,1,0,0,2,0,2,1,5,Not at intersection,3,110,Freeway
T20230005090,2023/3/2,23:00:00,7,Fall from or in moving vehicle,4,Thursday,190,FELL IN/FROM VEHICLE,3,783605,1,0,0,1,0,1,1,2,T intersection,3,60,Arterial Other
T20230005033,2023/3/2,8:35:00,1,Collision with vehicle,5,Thursday,121,RIGHT THROUGH,1,50328,2,0,1,0,1,2,1,1,Cross intersection,2,60,Arterial Highway
T20230005030,2023/3/2,8:08:00,1,Collision with vehicle,5,Thursday,160,VEHICLE COLLIDES WITH VEHICLE PARKED ON LEFT OF ROAD,1,778325,3,0,0,1,0,1,1,5,Not at intersection,3,60,Local Road
T20230005027,2023/3/2,8:15:00,4,Collision with a fixed object,5,Thursday,183,OFF LEFT BEND INTO OBJECT/PARKED VEHICLE,1,765022,1,0,0,1,0,1,1,5,Not at intersection,3,100,Arterial Other
T20230005025,2023/3/2,11:15:00,6,Vehicle overturned (no collision),5,Thursday,180,OFF CARRIAGEWAY ON RIGHT BEND,1,774074,1,0,1,0,0,1,1,5,Not at intersection,2,80,Arterial Other
T20230005024,2023/3/2,8:10:00,1,Collision with vehicle,4,Thursday,134,LANE CHANGE RIGHT (NOT OVERTAKING),1,758030,2,0,1,0,1,2,1,5,Not at intersection,2,100,Freeway
T20230005023,2023/3/2,11:22:00,1,Collision with vehicle,5,Thursday,110,CROSS TRAFFIC(INTERSECTIONS ONLY),1,62922,2,0,0,1,1,2,1,1,Cross intersection,3,40,Local Road
T20230005022,2023/3/2,12:00:00,2,Struck Pedestrian,5,Thursday,100,PED NEAR SIDE. PED HIT BY VEHICLE FROM THE RIGHT.,1,758155,1,0,1,0,1,2,1,5,Not at intersection,2,60,Arterial Highway
T20230005928,2023/3/2,8:20:00,1,Collision with vehicle,5,Thursday,130,REAR END(VEHICLES IN SAME LANE),1,760448,3,0,0,1,4,5,2,5,Not at intersection,3,60,Arterial Other
T20230005219,2023/3/2,17:52:00,2,Struck Pedestrian,5,Thursday,101,PED EMERGES FROM IN FRONT OF PARKED OR STATIONARY VEHICLE,2,29841,1,0,0,1,1,2,1,2,T intersection,3,40,Arterial Other
T20230005081,2023/3/2,16:45:00,4,Collision with a fixed object,4,Thursday,171,LEFT OFF CARRIAGEWAY INTO OBJECT/PARKED VEHICLE,1,787395,1,0,1,0,0,1,1,5,Not at intersection,2,999,Local Road
T20230007270,2023/3/2,10:03:00,4,Collision with a fixed object,4,Thursday,171,LEFT OFF CARRIAGEWAY INTO OBJECT/PARKED VEHICLE,1,783602,1,0,0,1,0,1,1,5,Not at intersection,3,40,Arterial Other
T20230005040,2023/3/2,12:00:00,1,Collision with vehicle,4,Thursday,113,RIGHT NEAR (INTERSECTIONS ONLY),1,783618,2,0,0,2,1,3,1,1,Cross intersection,3,50,Arterial Other
T20230007325,2023/3/2,15:00:00,1,Collision with vehicle,5,Thursday,134,LANE CHANGE RIGHT (NOT OVERTAKING),1,768591,3,0,1,0,2,3,2,5,Not at intersection,2,80,Arterial Highway
T20230005744,2023/3/2,15:45:00,1,Collision with vehicle,4,Thursday,130,REAR END(VEHICLES IN SAME LANE),1,775666,3,0,0,1,2,3,2,5,Not at intersection,3,60,Arterial Other
T20230024503,2023/3/2,14:00:00,1,Collision with vehicle,4,Thursday,130,REAR END(VEHICLES IN SAME LANE),1,783779,3,0,0,1,2,3,1,5,Not at intersection,3,40,Local Road
T20230005114,2023/3/3,13:15:00,1,Collision with vehicle,5,Friday,136,RIGHT TURN SIDESWIPE,1,29503,2,0,0,1,2,3,1,1,Cross intersection,3,50,Local Road
T20230005932,2023/3/3,6:19:00,1,Collision with vehicle,5,Friday,130,REAR END(VEHICLES IN SAME LANE),2,760240,4,0,1,0,3,4,1,5,Not at intersection,2,80,Freeway
T20230005111,2023/3/3,10:27:00,1,Collision with vehicle,6,Friday,130,REAR END(VEHICLES IN SAME LANE),1,758797,2,0,0,1,1,2,1,5,Not at intersection,3,70,Arterial Other
T20230005171,2023/3/3,23:50:00,1,Collision with vehicle,5,Friday,110,CROSS TRAFFIC(INTERSECTIONS ONLY),5,55921,2,0,0,1,4,5,1,1,Cross intersection,3,80,Local Road
T20230006358,2023/3/3,14:25:00,4,Collision with a fixed object,5,Friday,181,OFF RIGHT BEND INTO OBJECT/PARKED VEHICLE,1,783622,1,0,0,2,1,3,2,5,Not at intersection,3,70,Local Road
T20230005099,2023/3/3,8:05:00,1,Collision with vehicle,5,Friday,111,RIGHT FAR (INTERSECTIONS ONLY),1,299534,2,0,0,2,3,5,1,2,T intersection,3,60,Local Road
T20230005098,2023/3/3,8:05:00,1,Collision with vehicle,5,Friday,130,REAR END(VEHICLES IN SAME LANE),1,758284,3,0,1,1,1,3,1,5,Not at intersection,2,60,Arterial Other
T20230005157,2023/3/3,19:55:00,4,Collision with a fixed object,5,Friday,146,REVERSING INTO FIXED OBJECT/PARKED VEHICLE,2,767136,3,0,0,1,0,1,1,5,Not at intersection,3,50,Local Road
T20230005093,2023/3/3,5:45:00,4,Collision with a fixed object,5,Friday,171,LEFT OFF CARRIAGEWAY INTO OBJECT/PARKED VEHICLE,2,783629,1,0,0,1,0,1,1,5,Not at intersection,3,80,Local Road
T20230005151,2023/3/3,13:45:00,1,Collision with vehicle,6,Friday,160,VEHICLE COLLIDES WITH VEHICLE PARKED ON LEFT OF ROAD,1,758642,2,0,1,0,0,1,2,5,Not at intersection,2,60,Local Road
T20230005154,2023/3/3,15:50:00,1,Collision with vehicle,5,Friday,111,RIGHT FAR (INTERSECTIONS ONLY),1,329211,3,0,0,1,5,6,1,1,Cross intersection,3,50,Local Road
T20230005658,2023/3/3,12:00:00,1,Collision with vehicle,5,Friday,110,CROSS TRAFFIC(INTERSECTIONS ONLY),1,41225,2,0,1,0,1,2,1,1,Cross intersection,2,50,Local Road
T20230005155,2023/3/3,18:32:00,1,Collision with vehicle,5,Friday,130,REAR END(VEHICLES IN SAME LANE),2,43763,2,0,1,0,1,2,1,1,Cross intersection,2,60,Local Road
T20230005092,2023/3/3,2:00:00,4,Collision with a fixed object,6,Friday,171,LEFT OFF CARRIAGEWAY INTO OBJECT/PARKED VEHICLE,5,761908,1,0,1,0,1,2,1,5,Not at intersection,2,60,Local Road
T20230006392,2023/3/3,16:50:00,1,Collision with vehicle,5,Friday,130,REAR END(VEHICLES IN SAME LANE),1,761583,2,0,0,1,1,2,2,5,Not at intersection,3,80,Freeway
T20230005166,2023/3/3,21:50:00,1,Collision with vehicle,6,Friday,121,RIGHT THROUGH,3,39539,2,0,0,1,1,2,1,2,T intersection,3,60,Arterial Other
T20230005465,2023/3/3,13:40:00,1,Collision with vehicle,5,Friday,163,VEHICLE STRIKES DOOR OF PARKED/STATIONARY VEHICLE,1,780348,2,0,0,1,1,2,2,5,Not at intersection,3,50,Local Road
T20230005146,2023/3/3,16:30:00,1,Collision with vehicle,5,Friday,121,RIGHT THROUGH,1,131892,3,0,0,2,2,4,1,1,Cross intersection,3,60,Arterial Highway
T20230005636,2023/3/3,18:30:00,1,Collision with vehicle,5,Friday,130,REAR END(VEHICLES IN SAME LANE),1,762013,3,0,0,1,2,3,2,5,Not at intersection,3,50,Arterial Other
T20230005525,2023/3/3,8:20:00,1,Collision with vehicle,5,Friday,130,REAR END(VEHICLES IN SAME LANE),1,777369,2,0,0,1,1,2,2,5,Not at intersection,3,80,Arterial Highway
T20230005139,2023/3/3,16:50:00,2,Struck Pedestrian,6,Friday,107,PED ON FOOTHPATH STRUCK BY VEHENTERING/LEAVING DRIVEWAY.,1,758692,1,0,0,2,1,3,1,5,Not at intersection,3,888,Local Road
T20230005403,2023/3/3,16:20:00,1,Collision with vehicle,5,Friday,130,REAR END(VEHICLES IN SAME LANE),1,759605,2,0,0,1,1,2,2,1,Cross intersection,3,999,Arterial Other
T20230006208,2023/3/3,14:00:00,4,Collision with a fixed object,5,Friday,181,OFF RIGHT BEND INTO OBJECT/PARKED VEHICLE,1,783628,1,0,0,1,0,1,2,5,Not at intersection,3,80,Arterial Highway
T20230005164,2023/3/3,22:20:00,7,Fall from or in moving vehicle,6,Friday,190,FELL IN/FROM VEHICLE,3,37580,1,0,0,1,0,1,1,2,T intersection,3,60,Local Road
T20230005586,2023/3/3,20:45:00,1,Collision with vehicle,5,Friday,130,REAR END(VEHICLES IN SAME LANE),1,580839,2,0,0,1,2,3,2,1,Cross intersection,3,80,Arterial Highway
T20230005189,2023/3/3,7:38:00,4,Collision with a fixed object,6,Friday,171,LEFT OFF CARRIAGEWAY INTO OBJECT/PARKED VEHICLE,1,760475,1,0,0,1,0,1,1,5,Not at intersection,3,80,Local Road
T20230005149,2023/3/3,16:50:00,1,Collision with vehicle,6,Friday,131,LEFT REAR,1,69985,2,0,1,0,2,3,1,2,T intersection,2,60,Arterial Other
T20230005147,2023/3/3,15:05:00,4,Collision with a fixed object,6,Friday,171,LEFT OFF CARRIAGEWAY INTO OBJECT/PARKED VEHICLE,1,761897,1,0,2,0,0,2,1,5,Not at intersection,2,60,Arterial Other
T20230007513,2023/3/3,9:38:00,1,Collision with vehicle,5,Friday,121,RIGHT THROUGH,1,788471,2,0,0,2,1,3,2,4,Multiple intersection,3,80,Freeway
T20230005224,2023/3/3,19:25:00,1,Collision with vehicle,5,Friday,153,CUTTING IN (OVERTAKING),2,234574,2,0,0,1,1,2,2,2,T intersection,3,40,Local Road
T20230009764,2023/3/3,7:07:00,1,Collision with vehicle,6,Friday,130,REAR END(VEHICLES IN SAME LANE),1,29436,3,0,0,1,4,5,2,2,T intersection,3,60,Arterial Highway
T20230005192,2023/3/3,17:55:00,1,Collision with vehicle,5,Friday,130,REAR END(VEHICLES IN SAME LANE),9,773553,3,0,0,1,2,3,2,5,Not at intersection,3,999,Local Road
T20230005116,2023/3/3,9:20:00,1,Collision with vehicle,5,Friday,147,VEHICLE STRIKES ANOTHER VEH WHILE EMERGING FROM DRIVEWAY,1,775818,2,0,0,1,1,2,1,5,Not at intersection,3,60,Local Road
T20230005138,2023/3/3,14:00:00,1,Collision with vehicle,5,Friday,163,VEHICLE STRIKES DOOR OF PARKED/STATIONARY VEHICLE,1,758798,3,0,0,1,2,3,1,5,Not at intersection,3,60,Arterial Other
T20230005129,2023/3/3,9:55:00,1,Collision with vehicle,6,Friday,134,LANE CHANGE RIGHT (NOT OVERTAKING),1,763138,2,0,0,1,1,2,1,5,Not at intersection,3,60,Arterial Other
T20230005125,2023/3/3,8:00:00,1,Collision with vehicle,6,Friday,137,LEFT TURN SIDESWIPE,1,36464,2,0,1,0,1,2,2,1,Cross intersection,2,40,Local Road
T20230005120,2023/3/3,9:27:00,1,Collision with vehicle,6,Friday,134,LANE CHANGE RIGHT (NOT OVERTAKING),1,780288,3,0,1,0,2,3,1,5,Not at intersection,2,50,Arterial Other
T20230005145,2023/3/3,15:25:00,1,Collision with vehicle,6,Friday,111,RIGHT FAR (INTERSECTIONS ONLY),1,773198,2,0,0,1,3,4,1,2,T intersection,3,40,Local Road
T20230005160,2023/3/3,17:40:00,1,Collision with vehicle,6,Friday,132,RIGHT REAR.,1,47195,3,0,2,0,1,3,1,2,T intersection,2,60,Arterial Other
T20230005354,2023/3/3,14:30:00,1,Collision with vehicle,5,Friday,130,REAR END(VEHICLES IN SAME LANE),9,776767,2,0,0,1,1,2,2,5,Not at intersection,3,999,Local Road
T20230005865,2023/3/3,20:00:00,1,Collision with vehicle,6,Friday,130,REAR END(VEHICLES IN SAME LANE),2,241,2,0,0,1,2,3,2,1,Cross intersection,3,40,Local Road
T20230005346,2023/3/3,22:35:00,1,Collision with vehicle,5,Friday,121,RIGHT THROUGH,3,29858,2,0,1,0,2,3,1,4,Multiple intersection,2,60,Freeway
T20230005677,2023/3/3,10:15:00,2,Struck Pedestrian,5,Friday,102,FAR SIDE. PED HIT BY VEHICLE FROM THE LEFT,1,781552,1,0,0,1,1,2,2,5,Not at intersection,3,60,Arterial Other
T20230008320,2023/3/3,6:35:00,1,Collision with vehicle,5,Friday,110,CROSS TRAFFIC(INTERSECTIONS ONLY),2,353559,2,0,0,1,1,2,2,1,Cross intersection,3,80,Arterial Highway
T20230005409,2023/3/4,13:30:00,4,Collision with a fixed object,7,Saturday,181,OFF RIGHT BEND INTO OBJECT/PARKED VEHICLE,1,768582,2,0,0,2,0,2,2,5,Not at intersection,3,999,Local Road
T20230006337,2023/3/4,10:45:00,1,Collision with vehicle,7,Saturday,130,REAR END(VEHICLES IN SAME LANE),1,761582,3,0,0,1,4,5,2,5,Not at intersection,3,60,Arterial Other
T20230005600,2023/3/4,16:50:00,2,Struck Pedestrian,7,Saturday,100,PED NEAR SIDE. PED HIT BY VEHICLE FROM THE RIGHT.,1,787164,1,0,0,1,1,2,2,5,Not at intersection,3,40,Arterial Highway
T20230005217,2023/3/4,13:38:00,1,Collision with vehicle,7,Saturday,147,VEHICLE STRIKES ANOTHER VEH WHILE EMERGING FROM DRIVEWAY,1,759336,2,0,1,0,1,2,1,2,T intersection,2,60,Local Road
T20230005244,2023/3/4,18:00:00,1,Collision with vehicle,7,Saturday,115,RIGHT/LEFT FAR (INTERSECTIONS ONLY),1,760944,2,0,0,3,1,4,1,2,T intersection,3,50,Local Road
T20230005245,2023/3/4,17:20:00,1,Collision with vehicle,6,Saturday,121,RIGHT THROUGH,1,38185,2,0,0,1,1,2,1,2,T intersection,3,60,Arterial Other
T20230005248,2023/3/4,19:00:00,4,Collision with a fixed object,7,Saturday,183,OFF LEFT BEND INTO OBJECT/PARKED VEHICLE,1,781321,1,0,1,0,0,1,1,5,Not at intersection,2,100,Arterial Other
T20230005229,2023/3/4,14:20:00,1,Collision with vehicle,6,Saturday,120,HEAD ON (NOT OVERTAKING),1,759337,2,0,0,2,0,2,2,2,T intersection,3,50,Local Road
T20230005249,2023/3/4,22:15:00,4,Collision with a fixed object,7,Saturday,181,OFF RIGHT BEND INTO OBJECT/PARKED VEHICLE,5,760232,1,0,1,0,0,1,1,5,Not at intersection,2,100,Arterial Other
T20230005250,2023/3/4,17:20:00,6,Vehicle overturned (no collision),6,Saturday,174,OUT OF CONTROL ON CARRIAGEWAY (ON STRAIGHT),1,777468,2,0,1,0,2,3,1,5,Not at intersection,2,60,Local Road
T20230005251,2023/3/4,23:10:00,2,Struck Pedestrian,7,Saturday,104,PED WALKING WITH TRAFFIC,3,758918,1,0,1,0,1,2,1,5,Not at intersection,2,60,Arterial Highway
T20230005252,2023/3/4,4:34:00,1,Collision with vehicle,7,Saturday,130,REAR END(VEHICLES IN SAME LANE),3,39584,2,0,0,2,0,2,1,1,Cross intersection,3,80,Arterial Highway
T20230005253,2023/3/4,21:58:00,2,Struck Pedestrian,6,Saturday,105,PED WALKING AGAINST TRAFFIC.,3,762489,1,0,0,1,1,2,1,5,Not at intersection,3,999,Local Road
T20230005262,2023/3/4,23:23:00,1,Collision with vehicle,7,Saturday,134,LANE CHANGE RIGHT (NOT OVERTAKING),3,787162,2,0,0,4,2,6,1,5,Not at intersection,3,100,Freeway