ACCIDENT_NO,ACCIDENT_DATE,ACCIDENT_TIME,ACCIDENT_TYPE,ACCIDENT_TYPE_DESC,DAY_OF_WEEK,DAY_WEEK_DESC,DCA_CODE,DCA_DESC,LIGHT_CONDITION,NODE_ID,NO_OF_VEHICLES,NO_PERSONS_KILLED,NO_PERSONS_INJ_2,NO_PERSONS_INJ_3,NO_PERSONS_NOT_INJ,NO_PERSONS,POLICE_ATTEND,ROAD_GEOMETRY,ROAD_GEOMETRY_DESC,SEVERITY,SPEED_ZONE,RMA
T20230005268,2023/3/4,11:30:00,8,No collision and no object struck,6,Saturday,174,OUT OF CONTROL ON CARRIAGEWAY (ON STRAIGHT),1,787905,1,0,1,0,0,1,1,5,Not at intersection,2,888,Local Road
T20230005228,2023/3/4,14:52:00,1,Collision with vehicle,6,Saturday,120,HEAD ON (NOT OVERTAKING),1,773779,2,0,2,1,0,3,1,2,T intersection,2,60,Arterial Other
T20230005428,2023/3/4,17:42:00,1,Collision with vehicle,7,Saturday,113,RIGHT NEAR (INTERSECTIONS ONLY),1,66110,3,0,1,1,1,3,1,1,Cross intersection,2,40,Arterial Other
T20230005425,2023/3/4,10:10:00,1,Collision with vehicle,6,Saturday,140,U TURN,1,783705,2,0,0,1,1,2,2,5,Not at intersection,3,60,Local Road
T20230005410,2023/3/4,21:00:00,1,Collision with vehicle,6,Saturday,130,REAR END(VEHICLES IN SAME LANE),3,759827,2,0,0,3,2,5,2,5,Not at intersection,3,60,Arterial Other
T20230005290,2023/3/4,14:50:00,4,Collision with a fixed object,7,Saturday,181,OFF RIGHT BEND INTO OBJECT/PARKED VEHICLE,1,767726,2,0,1,0,1,2,1,5,Not at intersection,2,80,Arterial Highway
T20230005185,2023/3/4,6:53:00,1,Collision with vehicle,6,Saturday,134,LANE CHANGE RIGHT (NOT OVERTAKING),2,758490,2,0,0,2,0,2,1,5,Not at intersection,3,60,Local Road
T20230005241,2023/3/4,16:00:00,1,Collision with vehicle,7,Saturday,130,REAR END(VEHICLES IN SAME LANE),1,775549,4,0,1,2,2,5,1,5,Not at intersection,2,100,Freeway
T20230005246,2023/3/4,18:30:00,1,Collision with vehicle,7,Saturday,130,REAR END(VEHICLES IN SAME LANE),1,767031,2,0,1,1,0,2,1,5,Not at intersection,2,110,Freeway
T20230005243,2023/3/4,18:07:00,1,Collision with vehicle,7,Saturday,113,RIGHT NEAR (INTERSECTIONS ONLY),1,37019,2,0,1,0,1,2,1,2,T intersection,2,80,Arterial Other
T20230005223,2023/3/4,10:30:00,1,Collision with vehicle,6,Saturday,137,LEFT TURN SIDESWIPE,1,781780,2,0,0,1,1,2,1,5,Not at intersection,3,50,Local Road
T20230005381,2023/3/4,12:18:00,1,Collision with vehicle,7,Saturday,130,REAR END(VEHICLES IN SAME LANE),6,779007,2,0,1,0,1,2,2,4,Multiple intersection,2,999,Arterial Other
T20230005230,2023/3/4,16:45:00,1,Collision with vehicle,6,Saturday,113,RIGHT NEAR (INTERSECTIONS ONLY),1,42427,2,0,0,1,2,3,1,2,T intersection,3,60,Arterial Other
T20230005233,2023/3/4,16:00:00,1,Collision with vehicle,7,Saturday,160,VEHICLE COLLIDES WITH VEHICLE PARKED ON LEFT OF ROAD,1,759338,3,0,1,0,3,4,1,5,Not at intersection,2,60,Arterial Highway
T20230005399,2023/3/4,21:45:00,1,Collision with vehicle,6,Saturday,130,REAR END(VEHICLES IN SAME LANE),9,778388,2,0,0,1,1,2,1,5,Not at intersection,3,80,Freeway
T20230005193,2023/3/4,11:30:00,8,No collision and no object struck,6,Saturday,174,OUT OF CONTROL ON CARRIAGEWAY (ON STRAIGHT),1,578942,1,0,0,1,0,1,1,1,Cross intersection,3,80,Freeway
T20230005202,2023/3/4,12:20:00,8,No collision and no object struck,6,Saturday,174,OUT OF CONTROL ON CARRIAGEWAY (ON STRAIGHT),1,51595,1,0,0,1,0,1,1,1,Cross intersection,3,60,Arterial Highway
T20230005496,2023/3/4,22:45:00,1,Collision with vehicle,6,Saturday,110,CROSS TRAFFIC(INTERSECTIONS ONLY),3,29537,2,0,0,1,1,2,2,1,Cross intersection,3,40,Arterial Other
T20230005203,2023/3/4,12:30:00,1,Collision with vehicle,6,Saturday,110,CROSS TRAFFIC(INTERSECTIONS ONLY),1,40679,2,0,0,1,1,2,1,1,Cross intersection,3,60,Arterial Other
T20230005208,2023/3/4,12:59:00,2,Struck Pedestrian,7,Saturday,102,FAR SIDE. PED HIT BY VEHICLE FROM THE LEFT,1,760589,1,0,1,0,1,2,1,5,Not at intersection,2,999,Arterial Other
T20230005209,2023/3/4,10:05:00,1,Collision with vehicle,7,Saturday,134,LANE CHANGE RIGHT (NOT OVERTAKING),1,765772,4,0,0,1,3,4,1,5,Not at intersection,3,80,Freeway
T20230006963,2023/3/4,12:00:00,6,Vehicle overturned (no collision),7,Saturday,180,OFF CARRIAGEWAY ON RIGHT BEND,1,763147,1,0,0,1,0,1,2,5,Not at intersection,3,100,Local Road
T20230005505,2023/3/4,15:30:00,1,Collision with vehicle,6,Saturday,135,LANE CHANGE LEFT (NOT OVERTAKING),1,761576,2,0,0,1,2,3,2,5,Not at intersection,3,80,Freeway
T20230005183,2023/3/4,3:08:00,2,Struck Pedestrian,7,Saturday,104,PED WALKING WITH TRAFFIC,5,767025,1,1,0,1,0,2,1,5,Not at intersection,1,100,Freeway
T20230005234,2023/3/4,15:35:00,2,Struck Pedestrian,6,Saturday,101,PED EMERGES FROM IN FRONT OF PARKED OR STATIONARY VEHICLE,1,759339,1,0,1,0,2,3,1,5,Not at intersection,2,60,Local Road
T20230005210,2023/3/4,11:45:00,1,Collision with vehicle,6,Saturday,110,CROSS TRAFFIC(INTERSECTIONS ONLY),1,668382,2,0,0,2,0,2,1,1,Cross intersection,3,50,Local Road
T20230005177,2023/3/4,1:50:00,1,Collision with vehicle,7,Saturday,160,VEHICLE COLLIDES WITH VEHICLE PARKED ON LEFT OF ROAD,3,783817,2,0,0,1,0,1,1,5,Not at intersection,3,60,Arterial Other
T20230005239,2023/3/4,12:20:00,4,Collision with a fixed object,7,Saturday,189,OTHER ACCIDENTS ON CURVE NOT INCLUDED IN DCAs 180-184,1,775579,1,0,1,0,0,1,2,5,Not at intersection,2,999,Local Road
T20230005767,2023/3/4,18:30:00,1,Collision with vehicle,7,Saturday,132,RIGHT REAR.,1,45403,2,0,0,1,1,2,1,2,T intersection,3,60,Arterial Other
T20230005213,2023/3/4,13:30:00,4,Collision with a fixed object,7,Saturday,181,OFF RIGHT BEND INTO OBJECT/PARKED VEHICLE,1,759023,1,0,1,1,0,2,1,5,Not at intersection,2,40,Local Road
T20230005188,2023/3/4,9:45:00,1,Collision with vehicle,6,Saturday,121,RIGHT THROUGH,1,227538,2,0,0,1,2,3,1,1,Cross intersection,3,60,Arterial Highway
T20230005240,2023/3/4,17:32:00,1,Collision with vehicle,6,Saturday,113,RIGHT NEAR (INTERSECTIONS ONLY),2,689996,2,0,0,3,1,4,1,1,Cross intersection,3,80,Arterial Highway
T20230005174,2023/3/4,2:45:00,2,Struck Pedestrian,7,Saturday,100,PED NEAR SIDE. PED HIT BY VEHICLE FROM THE RIGHT.,3,775820,1,0,1,0,1,2,1,5,Not at intersection,2,60,Arterial Other
T20230005419,2023/3/4,11:00:00,1,Collision with vehicle,6,Saturday,130,REAR END(VEHICLES IN SAME LANE),1,759353,3,0,0,1,2,3,2,5,Not at intersection,3,60,Local Road
T20230007339,2023/3/5,15:00:00,1,Collision with vehicle,1,Sunday,116,LEFT NEAR (INTERSECTIONS ONLY),1,64035,2,0,0,1,1,2,2,2,T intersection,3,60,Arterial Other
T20230007887,2023/3/5,5:45:00,5,collision with some other object,0,Sunday,166,STRUCK OBJECT ON CARRIAGEWAY,2,767144,1,0,0,1,0,1,1,5,Not at intersection,3,100,Local Road
T20230005299,2023/3/5,1:30:00,4,Collision with a fixed object,0,Sunday,171,LEFT OFF CARRIAGEWAY INTO OBJECT/PARKED VEHICLE,3,232994,1,0,0,1,0,1,1,2,T intersection,3,60,Arterial Other
T20230007106,2023/3/5,14:00:00,1,Collision with vehicle,0,Sunday,130,REAR END(VEHICLES IN SAME LANE),1,780551,2,0,0,1,1,2,2,5,Not at intersection,3,60,Arterial Other
T20230010814,2023/3/5,13:00:00,1,Collision with vehicle,0,Sunday,135,LANE CHANGE LEFT (NOT OVERTAKING),1,783735,2,0,0,1,1,2,2,5,Not at intersection,3,60,Arterial Highway
T20230010362,2023/3/5,6:00:00,4,Collision with a fixed object,0,Sunday,181,OFF RIGHT BEND INTO OBJECT/PARKED VEHICLE,2,783733,1,0,0,1,0,1,2,5,Not at intersection,3,60,Arterial Other
T20230006408,2023/3/5,8:00:00,1,Collision with vehicle,0,Sunday,110,CROSS TRAFFIC(INTERSECTIONS ONLY),2,8060,2,0,0,1,1,2,1,1,Cross intersection,3,60,
T20230005303,2023/3/5,17:24:00,4,Collision with a fixed object,1,Sunday,173,RIGHT OFF CARRIAGEWAY INTO OBJECT/PARKED VEHICLE,1,772344,1,1,1,1,0,3,1,5,Not at intersection,1,100,Local Road
T20230005300,2023/3/5,16:23:00,1,Collision with vehicle,1,Sunday,130,REAR END(VEHICLES IN SAME LANE),1,780341,3,0,0,3,1,4,1,5,Not at intersection,3,100,Freeway
T20230005270,2023/3/5,7:25:00,1,Collision with vehicle,0,Sunday,122,LEFT THROUGH,1,278453,2,0,0,1,1,2,1,1,Cross intersection,3,40,Local Road
T20230005272,2023/3/5,8:40:00,4,Collision with a fixed object,1,Sunday,183,OFF LEFT BEND INTO OBJECT/PARKED VEHICLE,1,774416,1,0,1,0,0,1,1,5,Not at intersection,2,80,Arterial Other
T20230005274,2023/3/5,8:50:00,1,Collision with vehicle,0,Sunday,160,VEHICLE COLLIDES WITH VEHICLE PARKED ON LEFT OF ROAD,1,780339,3,0,0,1,0,1,1,5,Not at intersection,3,50,Local Road
T20230005275,2023/3/5,9:53:00,1,Collision with vehicle,0,Sunday,135,LANE CHANGE LEFT (NOT OVERTAKING),1,267637,2,0,1,0,2,3,1,5,Not at intersection,2,60,Arterial Other
T20230005279,2023/3/5,11:57:00,1,Collision with vehicle,0,Sunday,121,RIGHT THROUGH,1,781738,2,0,0,1,2,3,1,5,Not at intersection,3,60,Arterial Other
T20230005283,2023/3/5,11:30:00,1,Collision with vehicle,1,Sunday,130,REAR END(VEHICLES IN SAME LANE),1,758695,2,0,2,0,0,2,1,5,Not at intersection,2,80,Arterial Other
T20230005284,2023/3/5,13:40:00,2,Struck Pedestrian,1,Sunday,102,FAR SIDE. PED HIT BY VEHICLE FROM THE LEFT,1,774092,1,0,1,0,1,2,1,5,Not at intersection,2,50,Local Road
T20230005285,2023/3/5,8:49:00,4,Collision with a fixed object,1,Sunday,173,RIGHT OFF CARRIAGEWAY INTO OBJECT/PARKED VEHICLE,1,764473,1,0,1,0,0,1,1,5,Not at intersection,2,100,Arterial Other
T20230005286,2023/3/5,12:20:00,1,Collision with vehicle,0,Sunday,121,RIGHT THROUGH,1,47415,2,0,2,1,1,4,1,2,T intersection,2,100,Freeway
T20230005287,2023/3/5,12:45:00,1,Collision with vehicle,0,Sunday,110,CROSS TRAFFIC(INTERSECTIONS ONLY),1,36194,2,0,1,0,1,2,1,1,Cross intersection,2,50,Local Road
T20230005296,2023/3/5,14:30:00,3,Struck animal,1,Sunday,167,STRUCK ANIMAL,1,762724,1,0,0,1,0,1,1,5,Not at intersection,3,100,Arterial Other
T20230005298,2023/3/5,15:05:00,6,Vehicle overturned (no collision),1,Sunday,170,OFF CARRIAGEWAY TO LEFT,1,759924,1,0,0,2,3,5,1,5,Not at intersection,3,40,Local Road
T20230006222,2023/3/5,11:45:00,1,Collision with vehicle,0,Sunday,130,REAR END(VEHICLES IN SAME LANE),1,773782,4,0,0,1,4,5,9,5,Not at intersection,3,80,Arterial Highway
T20230006193,2023/3/5,19:10:00,8,No collision and no object struck,0,Sunday,174,OUT OF CONTROL ON CARRIAGEWAY (ON STRAIGHT),2,250680,1,0,1,0,0,1,2,1,Cross intersection,2,40,Local Road
T20230007581,2023/3/5,14:03:00,1,Collision with vehicle,1,Sunday,110,CROSS TRAFFIC(INTERSECTIONS ONLY),1,52527,2,0,0,1,1,2,2,1,Cross intersection,3,60,Local Road
T20230011592,2023/3/5,19:00:00,1,Collision with vehicle,0,Sunday,130,REAR END(VEHICLES IN SAME LANE),2,50469,2,0,0,1,1,2,2,2,T intersection,3,60,Arterial Highway
T20230005642,2023/3/5,17:00:00,1,Collision with vehicle,0,Sunday,121,RIGHT THROUGH,1,354466,2,0,0,2,1,3,1,1,Cross intersection,3,999,Arterial Highway
T20230005304,2023/3/5,15:42:00,1,Collision with vehicle,1,Sunday,120,HEAD ON (NOT OVERTAKING),1,762256,3,0,1,1,5,7,1,5,Not at intersection,2,80,Arterial Highway
T20230005306,2023/3/5,18:00:00,6,Vehicle overturned (no collision),1,Sunday,184,OUT OF CONTROL ON CARRIAGEWAY (ON BEND),1,761574,1,0,1,0,1,2,1,5,Not at intersection,2,999,Local Road
T20230005311,2023/3/5,23:03:00,1,Collision with vehicle,0,Sunday,121,RIGHT THROUGH,3,780550,2,0,1,0,4,5,1,5,Not at intersection,2,999,Arterial Other
T20230005316,2023/3/5,12:15:00,1,Collision with vehicle,0,Sunday,149,OTHER MANOEUVRING NOT INCLUDED IN DCAs 140-148,1,773199,2,0,0,1,1,2,1,5,Not at intersection,3,999,Local Road
T20230005319,2023/3/5,18:20:00,6,Vehicle overturned (no collision),1,Sunday,174,OUT OF CONTROL ON CARRIAGEWAY (ON STRAIGHT),1,758920,2,0,0,2,0,2,1,5,Not at intersection,3,100,Arterial Highway
T20230005322,2023/3/5,15:45:00,4,Collision with a fixed object,0,Sunday,173,RIGHT OFF CARRIAGEWAY INTO OBJECT/PARKED VEHICLE,1,781584,1,0,0,1,0,1,1,5,Not at intersection,3,80,Local Road
T20230005330,2023/3/5,21:00:00,6,Vehicle overturned (no collision),0,Sunday,172,OFF CARRIAGEWAY TO RIGHT,2,780289,3,0,0,2,2,4,1,5,Not at intersection,3,100,Freeway
T20230005472,2023/3/6,12:45:00,1,Collision with vehicle,2,Monday,136,RIGHT TURN SIDESWIPE,1,36725,2,0,0,1,1,2,2,2,T intersection,3,999,Local Road
T20230005326,2023/3/6,6:55:00,1,Collision with vehicle,2,Monday,110,CROSS TRAFFIC(INTERSECTIONS ONLY),2,49597,2,0,1,0,3,4,1,1,Cross intersection,2,100,Arterial Highway
T20230005386,2023/3/6,15:37:00,1,Collision with vehicle,2,Monday,152,PULLING OUT (OVERTAKING),1,41235,2,0,1,0,2,3,1,2,T intersection,2,60,Local Road
T20230005380,2023/3/6,17:40:00,1,Collision with vehicle,1,Monday,111,RIGHT FAR (INTERSECTIONS ONLY),2,52860,2,0,0,1,3,4,1,1,Cross intersection,3,60,Arterial Other
T20230005334,2023/3/6,8:30:00,1,Collision with vehicle,1,Monday,130,REAR END(VEHICLES IN SAME LANE),1,778211,3,0,0,1,2,3,1,5,Not at intersection,3,100,Freeway
T20230008715,2023/3/6,16:40:00,1,Collision with vehicle,2,Monday,130,REAR END(VEHICLES IN SAME LANE),1,769442,2,0,0,1,1,2,2,5,Not at intersection,3,100,Freeway
T20230005335,2023/3/6,10:50:00,1,Collision with vehicle,2,Monday,130,REAR END(VEHICLES IN SAME LANE),1,128370,4,0,1,2,4,7,1,5,Not at intersection,2,60,Arterial Other
T20230005336,2023/3/6,10:42:00,4,Collision with a fixed object,1,Monday,173,RIGHT OFF CARRIAGEWAY INTO OBJECT/PARKED VEHICLE,1,788036,1,0,1,0,0,1,1,5,Not at intersection,2,70,Arterial Other
T20230005337,2023/3/6,11:00:00,8,No collision and no object struck,2,Monday,172,OFF CARRIAGEWAY TO RIGHT,1,759343,1,0,1,0,0,1,1,5,Not at intersection,2,100,Freeway
T20230005408,2023/3/6,15:50:00,1,Collision with vehicle,2,Monday,121,RIGHT THROUGH,1,778197,2,0,0,1,1,2,1,5,Not at intersection,3,60,Arterial Other
T20230007004,2023/3/6,7:20:00,1,Collision with vehicle,1,Monday,160,VEHICLE COLLIDES WITH VEHICLE PARKED ON LEFT OF ROAD,1,762944,2,0,0,1,0,1,1,5,Not at intersection,3,50,Local Road
T20230005339,2023/3/6,11:45:00,1,Collision with vehicle,1,Monday,163,VEHICLE STRIKES DOOR OF PARKED/STATIONARY VEHICLE,1,759344,2,0,0,1,1,2,1,1,Cross intersection,3,40,Arterial Other
T20230005957,2023/3/6,12:30:00,1,Collision with vehicle,1,Monday,131,LEFT REAR,1,48073,2,0,0,1,1,2,2,2,T intersection,3,40,Local Road
T20230005350,2023/3/6,13:40:00,1,Collision with vehicle,2,Monday,130,REAR END(VEHICLES IN SAME LANE),1,700066,2,0,0,1,1,2,1,1,Cross intersection,3,60,Arterial Highway
T20230005390,2023/3/6,16:06:00,1,Collision with vehicle,2,Monday,148,VEHICLE OFF FOOTPATH STRIKES VEH ON CARRIAGEWAY,1,764582,2,0,1,0,1,2,1,5,Not at intersection,2,40,Local Road
T20230005388,2023/3/6,15:00:00,1,Collision with vehicle,1,Monday,113,RIGHT NEAR (INTERSECTIONS ONLY),1,341716,2,0,0,2,1,3,1,2,T intersection,3,60,Arterial Other
T20230005385,2023/3/6,15:16:00,1,Collision with vehicle,1,Monday,111,RIGHT FAR (INTERSECTIONS ONLY),1,69828,2,0,1,0,1,2,1,2,T intersection,2,70,Arterial Other
T20230005341,2023/3/6,13:00:00,1,Collision with vehicle,1,Monday,134,LANE CHANGE RIGHT (NOT OVERTAKING),1,756136,2,0,0,1,1,2,2,1,Cross intersection,3,80,Arterial Highway
T20230006732,2023/3/6,17:30:00,1,Collision with vehicle,1,Monday,111,RIGHT FAR (INTERSECTIONS ONLY),2,260158,2,0,0,1,1,2,1,1,Cross intersection,3,60,Arterial Other
T20230006066,2023/3/6,7:30:00,1,Collision with vehicle,1,Monday,152,PULLING OUT (OVERTAKING),2,766655,2,0,0,1,1,2,1,5,Not at intersection,3,60,Arterial Other
T20230005344,2023/3/6,9:10:00,1,Collision with vehicle,2,Monday,137,LEFT TURN SIDESWIPE,1,781778,2,0,0,1,1,2,1,5,Not at intersection,3,60,Arterial Highway
T20230005438,2023/3/6,13:48:00,1,Collision with vehicle,1,Monday,130,REAR END(VEHICLES IN SAME LANE),1,776935,2,0,0,1,1,2,2,2,T intersection,3,80,Arterial Highway
T20230005372,2023/3/6,14:30:00,1,Collision with vehicle,1,Monday,113,RIGHT NEAR (INTERSECTIONS ONLY),1,43268,2,0,0,1,1,2,1,2,T intersection,3,60,Local Road
T20230005348,2023/3/6,6:56:00,8,No collision and no object struck,2,Monday,184,OUT OF CONTROL ON CARRIAGEWAY (ON BEND),1,669606,2,0,1,0,1,2,1,4,Multiple intersection,2,60,Freeway
T20230005376,2023/3/6,11:50:00,2,Struck Pedestrian,2,Monday,106,VEH STRIKES PED ON FOOTPATH/MEDIAN/TRAFFIC ISLAND.,1,783750,1,0,0,1,1,2,2,5,Not at intersection,3,999,Local Road
T20230006947,2023/3/6,17:53:00,1,Collision with vehicle,2,Monday,130,REAR END(VEHICLES IN SAME LANE),2,331898,2,0,0,1,1,2,1,2,T intersection,3,50,Local Road
T20230005377,2023/3/6,16:33:00,1,Collision with vehicle,1,Monday,113,RIGHT NEAR (INTERSECTIONS ONLY),1,355606,2,0,0,1,1,2,1,1,Cross intersection,3,80,Arterial Highway
T20230005366,2023/3/6,14:16:00,1,Collision with vehicle,1,Monday,130,REAR END(VEHICLES IN SAME LANE),1,760234,2,0,0,1,1,2,1,5,Not at intersection,3,100,Arterial Highway
T20230005635,2023/3/6,21:00:00,1,Collision with vehicle,1,Monday,110,CROSS TRAFFIC(INTERSECTIONS ONLY),2,52938,2,0,0,1,1,2,2,1,Cross intersection,3,40,Arterial Other
T20230005418,2023/3/6,17:12:00,1,Collision with vehicle,1,Monday,113,RIGHT NEAR (INTERSECTIONS ONLY),1,44497,2,0,1,1,0,2,1,2,T intersection,2,70,Arterial Highway
T20230005413,2023/3/6,22:40:00,4,Collision with a fixed object,2,Monday,183,OFF LEFT BEND INTO OBJECT/PARKED VEHICLE,5,767581,1,0,1,0,0,1,2,5,Not at intersection,2,999,Local Road
T20230005321,2023/3/6,7:57:00,1,Collision with vehicle,1,Monday,130,REAR END(VEHICLES IN SAME LANE),1,778196,3,0,0,1,3,4,1,5,Not at intersection,3,70,Arterial Other
T20230005411,2023/3/6,20:00:00,6,Vehicle overturned (no collision),2,Monday,174,OUT OF CONTROL ON CARRIAGEWAY (ON STRAIGHT),3,760700,1,0,1,0,0,1,1,5,Not at intersection,2,60,Local Road
T20230005323,2023/3/6,8:45:00,2,Struck Pedestrian,2,Monday,107,PED ON FOOTHPATH STRUCK BY VEHENTERING/LEAVING DRIVEWAY.,1,759022,1,0,0,1,1,2,1,5,Not at intersection,3,999,Local Road
T20230005324,2023/3/6,7:50:00,1,Collision with vehicle,2,Monday,147,VEHICLE STRIKES ANOTHER VEH WHILE EMERGING FROM DRIVEWAY,1,759341,2,0,0,1,1,2,1,5,Not at intersection,3,50,Local Road
T20230005383,2023/3/6,13:40:00,1,Collision with vehicle,1,Monday,110,CROSS TRAFFIC(INTERSECTIONS ONLY),1,29643,2,0,0,1,1,2,1,1,Cross intersection,3,60,Arterial Other
T20230006171,2023/3/6,15:00:00,2,Struck Pedestrian,2,Monday,102,FAR SIDE. PED HIT BY VEHICLE FROM THE LEFT,1,44665,1,0,1,0,1,2,1,1,Cross intersection,2,50,Arterial Highway
T20230005360,2023/3/6,13:50:00,1,Collision with vehicle,1,Monday,121,RIGHT THROUGH,1,54820,2,0,0,1,1,2,1,2,T intersection,3,60,Arterial Other
T20230005382,2023/3/6,16:15:00,1,Collision with vehicle,2,Monday,110,CROSS TRAFFIC(INTERSECTIONS ONLY),1,63111,2,0,0,1,1,2,2,1,Cross intersection,3,50,Local Road
T20230005945,2023/3/6,16:15:00,1,Collision with vehicle,1,Monday,130,REAR END(VEHICLES IN SAME LANE),1,133986,2,0,0,1,1,2,2,2,T intersection,3,80,Arterial Highway
T20230006903,2023/3/6,11:00:00,1,Collision with vehicle,1,Monday,130,REAR END(VEHICLES IN SAME LANE),1,775963,2,0,0,1,1,2,2,5,Not at intersection,3,50,Arterial Other
T20230005561,2023/3/6,15:30:00,8,No collision and no object struck,1,Monday,174,OUT OF CONTROL ON CARRIAGEWAY (ON STRAIGHT),1,764922,1,0,0,1,0,1,2,5,Not at intersection,3,100,Local Road
T20230005397,2023/3/6,14:27:00,2,Struck Pedestrian,2,Monday,106,VEH STRIKES PED ON FOOTPATH/MEDIAN/TRAFFIC ISLAND.,1,65690,1,0,0,1,1,2,1,5,Not at intersection,3,40,Arterial Other
T20230005402,2023/3/6,20:30:00,1,Collision with vehicle,1,Monday,121,RIGHT THROUGH,3,759604,2,0,0,2,0,2,1,1,Cross intersection,3,50,Local Road
T20230005369,2023/3/6,10:40:00,1,Collision with vehicle,1,Monday,130,REAR END(VEHICLES IN SAME LANE),1,788037,3,0,0,1,5,6,1,5,Not at intersection,3,80,Freeway
T20230005356,2023/3/6,10:15:00,1,Collision with vehicle,2,Monday,130,REAR END(VEHICLES IN SAME LANE),1,780345,3,0,0,2,1,3,1,5,Not at intersection,3,80,Freeway
T20230005392,2023/3/6,17:15:00,1,Collision with vehicle,1,Monday,130,REAR END(VEHICLES IN SAME LANE),1,760026,4,0,0,3,1,4,1,5,Not at intersection,3,90,Arterial Other
T20230008330,2023/3/6,20:30:00,1,Collision with vehicle,1,Monday,121,RIGHT THROUGH,2,686287,2,0,0,3,1,4,1,5,Not at intersection,3,80,Arterial Other
T20230005394,2023/3/6,18:10:00,1,Collision with vehicle,2,Monday,130,REAR END(VEHICLES IN SAME LANE),1,777353,2,0,0,1,1,2,1,1,Cross intersection,3,80,Local Road
T20230011259,2023/3/6,18:05:00,1,Collision with vehicle,2,Monday,121,RIGHT THROUGH,2,37542,2,0,0,1,1,2,2,2,T intersection,3,999,Arterial Other
T20230005427,2023/3/6,15:50:00,1,Collision with vehicle,1,Monday,130,REAR END(VEHICLES IN SAME LANE),1,49048,3,0,0,1,2,3,1,1,Cross intersection,3,60,Arterial Highway
T20230007109,2023/3/6,14:30:00,1,Collision with vehicle,1,Monday,130,REAR END(VEHICLES IN SAME LANE),9,780379,3,0,0,1,2,3,2,5,Not at intersection,3,80,Freeway
T20230006269,2023/3/6,22:30:00,7,Fall from or in moving vehicle,2,Monday,184,OUT OF CONTROL ON CARRIAGEWAY (ON BEND),6,35847,1,0,0,1,0,1,2,2,T intersection,3,50,Local Road
T20230005807,2023/3/7,5:20:00,1,Collision with vehicle,2,Tuesday,111,RIGHT FAR (INTERSECTIONS ONLY),2,760034,2,0,0,1,2,3,2,1,Cross intersection,3,40,Arterial Other
T20230005471,2023/3/7,15:05:00,1,Collision with vehicle,2,Tuesday,130,REAR END(VEHICLES IN SAME LANE),1,759357,2,0,0,1,1,2,1,5,Not at intersection,3,40,Local Road
T20230005508,2023/3/7,20:10:00,1,Collision with vehicle,2,Tuesday,136,RIGHT TURN SIDESWIPE,3,36566,2,0,1,0,1,2,1,2,T intersection,2,50,Local Road
T20230005473,2023/3/7,15:55:00,2,Struck Pedestrian,3,Tuesday,102,FAR SIDE. PED HIT BY VEHICLE FROM THE LEFT,1,767114,1,0,0,1,1,2,1,5,Not at intersection,3,50,Local Road
T20230005493,2023/3/7,16:48:00,1,Collision with vehicle,2,Tuesday,121,RIGHT THROUGH,1,70662,2,0,0,1,1,2,1,1,Cross intersection,3,80,Arterial Highway
T20230005481,2023/3/7,12:30:00,4,Collision with a fixed object,2,Tuesday,181,OFF RIGHT BEND INTO OBJECT/PARKED VEHICLE,1,764206,1,0,1,0,0,1,1,5,Not at intersection,2,100,Arterial Other
T20230005494,2023/3/7,16:44:00,1,Collision with vehicle,2,Tuesday,110,CROSS TRAFFIC(INTERSECTIONS ONLY),1,57663,2,0,1,0,3,4,1,1,Cross intersection,2,60,Arterial Other
T20230005507,2023/3/7,20:07:00,8,No collision and no object struck,2,Tuesday,174,OUT OF CONTROL ON CARRIAGEWAY (ON STRAIGHT),3,35366,1,0,1,1,0,2,1,1,Cross intersection,2,40,Local Road
T20230005454,2023/3/7,10:16:00,1,Collision with vehicle,2,Tuesday,113,RIGHT NEAR (INTERSECTIONS ONLY),1,39267,2,0,0,1,1,2,1,2,T intersection,3,60,Arterial Other
T20230005497,2023/3/7,17:50:00,1,Collision with vehicle,2,Tuesday,121,RIGHT THROUGH,1,760027,2,0,0,1,1,2,1,1,Cross intersection,3,80,Arterial Other
T20230015105,2023/3/7,10:00:00,6,Vehicle overturned (no collision),2,Tuesday,174,OUT OF CONTROL ON CARRIAGEWAY (ON STRAIGHT),1,792636,1,0,1,0,0,1,9,5,Not at intersection,2,60,Arterial Other
T20230007330,2023/3/7,17:30:00,1,Collision with vehicle,2,Tuesday,121,RIGHT THROUGH,1,773784,2,0,0,1,1,2,1,5,Not at intersection,3,80,Local Road
T20230005474,2023/3/7,15:40:00,2,Struck Pedestrian,2,Tuesday,105,PED WALKING AGAINST TRAFFIC.,1,773200,1,0,0,1,1,2,2,2,T intersection,3,50,Local Road
T20230006340,2023/3/7,6:55:00,3,Struck animal,2,Tuesday,167,STRUCK ANIMAL,2,781700,1,0,0,1,0,1,2,5,Not at intersection,3,999,Local Road
T20230005436,2023/3/7,7:44:00,4,Collision with a fixed object,2,Tuesday,181,OFF RIGHT BEND INTO OBJECT/PARKED VEHICLE,2,763598,1,0,1,0,0,1,1,5,Not at intersection,2,60,Local Road
T20230005638,2023/3/7,19:45:00,1,Collision with vehicle,2,Tuesday,113,RIGHT NEAR (INTERSECTIONS ONLY),2,326209,2,0,0,1,1,2,1,2,T intersection,3,80,Arterial Other