ACCIDENT_NO,ACCIDENT_DATE,ACCIDENT_TIME,ACCIDENT_TYPE,ACCIDENT_TYPE_DESC,DAY_OF_WEEK,DAY_WEEK_DESC,DCA_CODE,DCA_DESC,LIGHT_CONDITION,NODE_ID,NO_OF_VEHICLES,NO_PERSONS_KILLED,NO_PERSONS_INJ_2,NO_PERSONS_INJ_3,NO_PERSONS_NOT_INJ,NO_PERSONS,POLICE_ATTEND,ROAD_GEOMETRY,ROAD_GEOMETRY_DESC,SEVERITY,SPEED_ZONE,RMA
T20230005441,2023/3/7,10:55:00,1,Collision with vehicle,3,Tuesday,142,LEAVING PARKING,1,759212,2,0,1,0,1,2,1,5,Not at intersection,2,50,Local Road
T20230005498,2023/3/7,16:50:00,1,Collision with vehicle,2,Tuesday,130,REAR END(VEHICLES IN SAME LANE),1,42205,2,0,0,1,1,2,2,1,Cross intersection,3,50,Arterial Other
T20230005433,2023/3/7,9:00:00,1,Collision with vehicle,2,Tuesday,116,LEFT NEAR (INTERSECTIONS ONLY),1,29908,2,0,0,3,2,5,1,1,Cross intersection,3,80,Arterial Other
T20230005562,2023/3/7,11:50:00,1,Collision with vehicle,2,Tuesday,121,RIGHT THROUGH,1,652647,2,0,0,1,1,2,2,1,Cross intersection,3,60,Local Road
T20230005480,2023/3/7,9:25:00,1,Collision with vehicle,3,Tuesday,130,REAR END(VEHICLES IN SAME LANE),1,766900,3,0,2,0,2,4,1,5,Not at intersection,2,40,Arterial Highway
T20230005479,2023/3/7,13:10:00,4,Collision with a fixed object,3,Tuesday,173,RIGHT OFF CARRIAGEWAY INTO OBJECT/PARKED VEHICLE,1,760384,1,1,0,0,0,1,1,5,Not at intersection,1,110,Arterial Highway
T20230005476,2023/3/7,16:31:00,1,Collision with vehicle,3,Tuesday,121,RIGHT THROUGH,1,45955,2,0,0,1,1,2,1,2,T intersection,3,60,Local Road
T20230006993,2023/3/7,14:30:00,6,Vehicle overturned (no collision),2,Tuesday,182,OFF CARRIAGEWAY ON LEFT BEND,1,762943,1,0,0,1,0,1,2,5,Not at intersection,3,999,Local Road
T20230005580,2023/3/7,10:00:00,1,Collision with vehicle,2,Tuesday,131,LEFT REAR,1,759609,2,0,0,1,1,2,2,1,Cross intersection,3,80,Arterial Other
T20230005440,2023/3/7,9:51:00,1,Collision with vehicle,2,Tuesday,130,REAR END(VEHICLES IN SAME LANE),1,759355,2,0,0,1,1,2,1,5,Not at intersection,3,80,Freeway
T20230005456,2023/3/7,13:05:00,1,Collision with vehicle,2,Tuesday,114,TWO RIGHT TURNING (INTERSECTIONS ONLY),1,781703,2,0,0,1,1,2,1,3,Y intersection,3,60,Local Road
T20230005509,2023/3/7,21:38:00,1,Collision with vehicle,2,Tuesday,110,CROSS TRAFFIC(INTERSECTIONS ONLY),2,39336,2,0,0,1,1,2,1,1,Cross intersection,3,60,Arterial Other
T20230005585,2023/3/7,17:00:00,1,Collision with vehicle,2,Tuesday,130,REAR END(VEHICLES IN SAME LANE),1,35581,2,0,0,1,1,2,2,2,T intersection,3,60,Arterial Highway
T20230005457,2023/3/7,9:30:00,1,Collision with vehicle,2,Tuesday,121,RIGHT THROUGH,1,590746,2,0,0,1,1,2,1,2,T intersection,3,80,Arterial Highway
T20230005510,2023/3/7,5:30:00,1,Collision with vehicle,2,Tuesday,147,VEHICLE STRIKES ANOTHER VEH WHILE EMERGING FROM DRIVEWAY,2,783819,2,0,1,0,1,2,1,5,Not at intersection,2,60,Arterial Highway
T20230005463,2023/3/7,14:26:00,1,Collision with vehicle,3,Tuesday,120,HEAD ON (NOT OVERTAKING),1,772084,2,0,1,0,1,2,1,5,Not at intersection,2,100,Arterial Highway
T20230006143,2023/3/7,10:13:00,1,Collision with vehicle,2,Tuesday,113,RIGHT NEAR (INTERSECTIONS ONLY),1,44621,2,0,0,1,1,2,2,1,Cross intersection,3,999,Arterial Other
T20230005449,2023/3/7,13:05:00,1,Collision with vehicle,3,Tuesday,113,RIGHT NEAR (INTERSECTIONS ONLY),1,39317,2,0,0,1,1,2,1,2,T intersection,3,60,Arterial Other
T20230005618,2023/3/7,20:20:00,1,Collision with vehicle,2,Tuesday,163,VEHICLE STRIKES DOOR OF PARKED/STATIONARY VEHICLE,2,139680,2,0,0,1,2,3,2,5,Not at intersection,3,40,Local Road
T20230005499,2023/3/7,18:55:00,1,Collision with vehicle,2,Tuesday,110,CROSS TRAFFIC(INTERSECTIONS ONLY),2,705458,2,0,0,3,0,3,1,1,Cross intersection,3,80,Arterial Other
T20230005742,2023/3/7,17:50:00,1,Collision with vehicle,2,Tuesday,130,REAR END(VEHICLES IN SAME LANE),1,759830,2,0,0,1,1,2,2,5,Not at intersection,3,999,Local Road
T20230008491,2023/3/7,16:20:00,1,Collision with vehicle,3,Tuesday,130,REAR END(VEHICLES IN SAME LANE),1,767154,2,0,0,1,1,2,2,1,Cross intersection,3,60,Arterial Other
T20230005934,2023/3/7,9:00:00,2,Struck Pedestrian,2,Tuesday,100,PED NEAR SIDE. PED HIT BY VEHICLE FROM THE RIGHT.,1,29860,1,0,1,1,1,3,1,2,T intersection,2,60,Arterial Other
T20230005502,2023/3/7,16:15:00,6,Vehicle overturned (no collision),3,Tuesday,170,OFF CARRIAGEWAY TO LEFT,1,767582,1,0,1,0,0,1,1,5,Not at intersection,2,100,Arterial Other
T20230005531,2023/3/7,16:30:00,1,Collision with vehicle,2,Tuesday,110,CROSS TRAFFIC(INTERSECTIONS ONLY),1,358222,2,0,0,1,1,2,2,1,Cross intersection,3,100,Arterial Highway
T20230006931,2023/3/7,14:15:00,1,Collision with vehicle,2,Tuesday,130,REAR END(VEHICLES IN SAME LANE),1,778187,2,0,0,1,1,2,1,1,Cross intersection,3,60,Arterial Highway
T20230005662,2023/3/7,14:30:00,1,Collision with vehicle,2,Tuesday,112,LEFT FAR (INTERSECTIONS ONLY),1,781562,3,0,0,1,2,3,1,2,T intersection,3,60,Arterial Other
T20230007594,2023/3/7,7:15:00,1,Collision with vehicle,2,Tuesday,133,LANE SIDE SWIPE (VEHICLES IN PARALLEL LANES),2,783849,2,0,0,1,1,2,2,5,Not at intersection,3,999,Arterial Other
T20230005539,2023/3/7,9:30:00,1,Collision with vehicle,2,Tuesday,113,RIGHT NEAR (INTERSECTIONS ONLY),1,783836,2,0,1,1,1,3,1,2,T intersection,2,80,Arterial Highway
T20230005453,2023/3/7,9:00:00,1,Collision with vehicle,2,Tuesday,111,RIGHT FAR (INTERSECTIONS ONLY),1,29645,2,0,0,1,1,2,1,1,Cross intersection,3,40,Arterial Other
T20230006059,2023/3/7,23:30:00,1,Collision with vehicle,2,Tuesday,171,LEFT OFF CARRIAGEWAY INTO OBJECT/PARKED VEHICLE,3,763603,2,0,0,1,0,1,2,5,Not at intersection,3,50,Local Road
T20230005548,2023/3/7,11:30:00,6,Vehicle overturned (no collision),3,Tuesday,174,OUT OF CONTROL ON CARRIAGEWAY (ON STRAIGHT),1,759716,1,0,1,0,0,1,2,5,Not at intersection,2,777,Local Road
T20230005423,2023/3/7,6:15:00,1,Collision with vehicle,2,Tuesday,134,LANE CHANGE RIGHT (NOT OVERTAKING),2,783825,2,0,1,0,2,3,1,5,Not at intersection,2,100,Freeway
T20230021936,2023/3/7,12:00:00,1,Collision with vehicle,3,Tuesday,111,RIGHT FAR (INTERSECTIONS ONLY),1,781426,2,0,0,2,0,2,2,2,T intersection,3,50,Local Road
T20230005489,2023/3/7,18:15:00,8,No collision and no object struck,3,Tuesday,174,OUT OF CONTROL ON CARRIAGEWAY (ON STRAIGHT),1,37079,2,0,1,0,1,2,1,2,T intersection,2,70,Arterial Highway
T20230005488,2023/3/7,13:25:00,1,Collision with vehicle,3,Tuesday,160,VEHICLE COLLIDES WITH VEHICLE PARKED ON LEFT OF ROAD,1,778204,2,0,1,0,0,1,1,5,Not at intersection,2,40,Local Road
T20230005430,2023/3/7,8:45:00,4,Collision with a fixed object,2,Tuesday,193,STRUCK RAILWAY CROSSING FURNITURE,2,781507,1,0,0,1,0,1,1,5,Not at intersection,3,60,Arterial Other
T20230005503,2023/3/7,15:43:00,1,Collision with vehicle,2,Tuesday,130,REAR END(VEHICLES IN SAME LANE),1,775224,3,0,1,2,1,4,1,1,Cross intersection,2,60,Arterial Other
T20230011403,2023/3/7,12:30:00,1,Collision with vehicle,2,Tuesday,140,U TURN,1,228997,2,0,0,1,2,3,2,1,Cross intersection,3,70,Arterial Highway
T20230005491,2023/3/7,15:10:00,1,Collision with vehicle,2,Tuesday,121,RIGHT THROUGH,1,40317,2,0,0,1,1,2,1,2,T intersection,3,60,Arterial Other
T20230005461,2023/3/7,14:00:00,1,Collision with vehicle,3,Tuesday,129,OTHER OPPOSING MANOEUVRES NOT INCLUDED IN DCAs 120-125.,1,763356,2,0,1,0,1,2,1,5,Not at intersection,2,40,Local Road
T20230005587,2023/3/8,12:29:00,4,Collision with a fixed object,3,Wednesday,173,RIGHT OFF CARRIAGEWAY INTO OBJECT/PARKED VEHICLE,1,762492,1,0,0,1,0,1,1,5,Not at intersection,3,100,Local Road
T20230006859,2023/3/8,8:02:00,1,Collision with vehicle,4,Wednesday,110,CROSS TRAFFIC(INTERSECTIONS ONLY),1,63406,2,0,0,2,0,2,2,1,Cross intersection,3,999,Local Road
T20230005640,2023/3/8,11:15:00,1,Collision with vehicle,3,Wednesday,130,REAR END(VEHICLES IN SAME LANE),1,773671,2,0,1,0,2,3,2,1,Cross intersection,2,70,Arterial Other
T20230005584,2023/3/8,15:03:00,2,Struck Pedestrian,4,Wednesday,100,PED NEAR SIDE. PED HIT BY VEHICLE FROM THE RIGHT.,1,759475,1,0,0,1,1,2,1,5,Not at intersection,3,40,Arterial Other
T20230005579,2023/3/8,13:02:00,4,Collision with a fixed object,3,Wednesday,181,OFF RIGHT BEND INTO OBJECT/PARKED VEHICLE,1,774073,1,0,1,0,0,1,1,5,Not at intersection,2,100,Arterial Other
T20230005578,2023/3/8,14:20:00,4,Collision with a fixed object,4,Wednesday,171,LEFT OFF CARRIAGEWAY INTO OBJECT/PARKED VEHICLE,1,765268,1,0,1,0,0,1,1,5,Not at intersection,2,100,Local Road
T20230005574,2023/3/8,11:45:00,1,Collision with vehicle,3,Wednesday,130,REAR END(VEHICLES IN SAME LANE),1,761790,2,0,1,0,1,2,2,5,Not at intersection,2,60,Arterial Highway
T20230005573,2023/3/8,13:15:00,1,Collision with vehicle,3,Wednesday,113,RIGHT NEAR (INTERSECTIONS ONLY),1,759828,2,0,0,1,1,2,1,2,T intersection,3,80,Arterial Other
T20230005572,2023/3/8,12:07:00,1,Collision with vehicle,4,Wednesday,130,REAR END(VEHICLES IN SAME LANE),1,44138,2,0,2,1,2,5,1,1,Cross intersection,2,60,Arterial Highway
T20230005571,2023/3/8,11:51:00,4,Collision with a fixed object,3,Wednesday,173,RIGHT OFF CARRIAGEWAY INTO OBJECT/PARKED VEHICLE,1,307512,1,0,0,1,0,1,1,2,T intersection,3,50,Arterial Highway
T20230005568,2023/3/8,12:07:00,1,Collision with vehicle,3,Wednesday,160,VEHICLE COLLIDES WITH VEHICLE PARKED ON LEFT OF ROAD,1,780859,2,0,0,1,0,1,1,5,Not at intersection,3,60,Local Road
T20230006187,2023/3/8,8:04:00,1,Collision with vehicle,3,Wednesday,130,REAR END(VEHICLES IN SAME LANE),1,780375,3,0,0,1,2,3,1,5,Not at intersection,3,60,Arterial Other
T20230005566,2023/3/8,9:30:00,1,Collision with vehicle,3,Wednesday,160,VEHICLE COLLIDES WITH VEHICLE PARKED ON LEFT OF ROAD,1,759926,2,0,0,1,1,2,1,5,Not at intersection,3,50,Arterial Other
T20230005565,2023/3/8,8:46:00,1,Collision with vehicle,4,Wednesday,147,VEHICLE STRIKES ANOTHER VEH WHILE EMERGING FROM DRIVEWAY,1,783879,2,0,0,1,1,2,1,5,Not at intersection,3,999,Local Road
T20230005564,2023/3/8,6:43:00,1,Collision with vehicle,4,Wednesday,148,VEHICLE OFF FOOTPATH STRIKES VEH ON CARRIAGEWAY,2,714,2,1,0,0,1,2,1,1,Cross intersection,1,60,Arterial Other
T20230006586,2023/3/8,21:00:00,1,Collision with vehicle,3,Wednesday,113,RIGHT NEAR (INTERSECTIONS ONLY),6,762020,2,0,0,1,1,2,2,2,T intersection,3,50,Local Road
T20230005747,2023/3/8,17:20:00,1,Collision with vehicle,4,Wednesday,121,RIGHT THROUGH,2,780213,2,0,0,2,0,2,1,1,Cross intersection,3,70,Freeway
T20230025129,2023/3/8,15:50:00,1,Collision with vehicle,3,Wednesday,110,CROSS TRAFFIC(INTERSECTIONS ONLY),1,42062,2,0,0,1,1,2,2,1,Cross intersection,3,50,Arterial Other
T20230005560,2023/3/8,9:24:00,2,Struck Pedestrian,4,Wednesday,102,FAR SIDE. PED HIT BY VEHICLE FROM THE LEFT,1,779284,1,1,0,0,1,2,1,5,Not at intersection,1,80,Arterial Highway
T20230005602,2023/3/8,17:25:00,2,Struck Pedestrian,3,Wednesday,104,PED WALKING WITH TRAFFIC,2,763357,1,0,0,1,1,2,1,5,Not at intersection,3,40,Local Road
T20230005603,2023/3/8,18:38:00,7,Fall from or in moving vehicle,4,Wednesday,190,FELL IN/FROM VEHICLE,2,764084,1,0,0,1,1,2,1,5,Not at intersection,3,40,Arterial Other
T20230005604,2023/3/8,10:58:00,1,Collision with vehicle,3,Wednesday,137,LEFT TURN SIDESWIPE,1,684308,2,0,0,1,1,2,2,5,Not at intersection,3,40,Arterial Other
T20230006120,2023/3/8,16:15:00,6,Vehicle overturned (no collision),3,Wednesday,174,OUT OF CONTROL ON CARRIAGEWAY (ON STRAIGHT),1,760951,1,0,0,1,0,1,2,5,Not at intersection,3,100,Freeway
T20230005664,2023/3/8,20:15:00,8,No collision and no object struck,3,Wednesday,180,OFF CARRIAGEWAY ON RIGHT BEND,2,780736,1,0,0,1,0,1,2,1,Cross intersection,3,50,Local Road
T20230005606,2023/3/8,18:30:00,1,Collision with vehicle,3,Wednesday,116,LEFT NEAR (INTERSECTIONS ONLY),1,759610,2,0,0,1,1,2,1,1,Cross intersection,3,50,Local Road
T20230005608,2023/3/8,14:59:00,1,Collision with vehicle,3,Wednesday,130,REAR END(VEHICLES IN SAME LANE),1,769774,2,0,0,3,2,5,1,5,Not at intersection,3,60,Arterial Other
T20240005890,2023/3/8,6:30:00,3,Struck animal,4,Wednesday,167,STRUCK ANIMAL,2,799382,1,0,0,1,0,1,2,5,Not at intersection,3,80,Arterial Highway
T20230005609,2023/3/8,18:25:00,1,Collision with vehicle,4,Wednesday,130,REAR END(VEHICLES IN SAME LANE),1,767115,3,0,1,0,2,3,1,5,Not at intersection,2,80,Arterial Other
T20230005610,2023/3/8,15:00:00,1,Collision with vehicle,3,Wednesday,130,REAR END(VEHICLES IN SAME LANE),1,780350,3,0,1,0,3,4,1,5,Not at intersection,2,60,Arterial Other
T20230005514,2023/3/8,1:15:00,1,Collision with vehicle,4,Wednesday,120,HEAD ON (NOT OVERTAKING),5,764479,2,0,1,0,1,2,1,5,Not at intersection,2,80,Local Road
T20230005518,2023/3/8,2:30:00,1,Collision with vehicle,3,Wednesday,130,REAR END(VEHICLES IN SAME LANE),3,777185,2,0,0,2,0,2,1,5,Not at intersection,3,40,Freeway
T20230005519,2023/3/8,2:45:00,4,Collision with a fixed object,4,Wednesday,181,OFF RIGHT BEND INTO OBJECT/PARKED VEHICLE,3,774173,1,0,1,0,0,1,1,2,T intersection,2,60,Local Road
T20230005520,2023/3/8,4:57:00,4,Collision with a fixed object,4,Wednesday,171,LEFT OFF CARRIAGEWAY INTO OBJECT/PARKED VEHICLE,3,776554,1,0,0,2,0,2,2,5,Not at intersection,3,80,Arterial Highway
T20230005522,2023/3/8,6:40:00,1,Collision with vehicle,3,Wednesday,130,REAR END(VEHICLES IN SAME LANE),1,212308,3,0,0,1,2,3,1,5,Not at intersection,3,80,Arterial Other
T20230005524,2023/3/8,6:35:00,1,Collision with vehicle,4,Wednesday,130,REAR END(VEHICLES IN SAME LANE),5,762491,3,0,0,1,2,3,1,5,Not at intersection,3,100,Arterial Highway
T20230005611,2023/3/8,19:52:00,1,Collision with vehicle,3,Wednesday,110,CROSS TRAFFIC(INTERSECTIONS ONLY),2,65471,2,0,1,0,1,2,1,1,Cross intersection,2,50,Local Road
T20230005612,2023/3/8,18:00:00,8,No collision and no object struck,3,Wednesday,172,OFF CARRIAGEWAY TO RIGHT,2,783909,1,0,0,1,0,1,1,5,Not at intersection,3,100,Local Road
T20230006237,2023/3/8,12:00:00,2,Struck Pedestrian,4,Wednesday,109,ANY MANOEUVRE INVOLVING PED NOT INCLUDED IN DCAs 100-108.,9,36952,1,0,1,0,1,2,2,1,Cross intersection,2,999,Local Road
T20230005530,2023/3/8,8:24:00,1,Collision with vehicle,3,Wednesday,121,RIGHT THROUGH,1,39131,3,0,0,1,2,3,1,1,Cross intersection,3,50,Arterial Other
T20230005613,2023/3/8,20:40:00,4,Collision with a fixed object,4,Wednesday,181,OFF RIGHT BEND INTO OBJECT/PARKED VEHICLE,5,774135,1,0,1,0,0,1,1,5,Not at intersection,2,100,Arterial Other
T20230005532,2023/3/8,8:30:00,1,Collision with vehicle,4,Wednesday,110,CROSS TRAFFIC(INTERSECTIONS ONLY),1,56357,2,0,0,3,1,4,1,1,Cross intersection,3,50,Local Road
T20230005598,2023/3/8,14:05:00,1,Collision with vehicle,3,Wednesday,116,LEFT NEAR (INTERSECTIONS ONLY),1,35352,2,0,0,1,1,2,1,1,Cross intersection,3,50,Arterial Other
T20230005559,2023/3/8,12:06:00,1,Collision with vehicle,4,Wednesday,121,RIGHT THROUGH,1,775663,2,0,1,0,1,2,1,5,Not at intersection,2,80,Local Road
T20230005533,2023/3/8,8:30:00,1,Collision with vehicle,4,Wednesday,121,RIGHT THROUGH,1,39160,2,0,0,1,1,2,1,1,Cross intersection,3,60,Arterial Other
T20230005536,2023/3/8,8:20:00,4,Collision with a fixed object,4,Wednesday,171,LEFT OFF CARRIAGEWAY INTO OBJECT/PARKED VEHICLE,1,783945,1,0,1,1,1,3,1,2,T intersection,2,50,Local Road
T20230006552,2023/3/8,16:50:00,1,Collision with vehicle,3,Wednesday,121,RIGHT THROUGH,1,36785,2,0,0,1,1,2,2,2,T intersection,3,70,Arterial Other
T20230008017,2023/3/8,15:29:00,1,Collision with vehicle,3,Wednesday,130,REAR END(VEHICLES IN SAME LANE),1,780747,2,0,0,1,1,2,1,5,Not at intersection,3,60,Arterial Other
T20230005542,2023/3/8,9:00:00,1,Collision with vehicle,3,Wednesday,124,RIGHT/RIGHT BOTH VEHs FROM OPPOSITE DIRECTIONS TURNING RIGHT,1,29449,2,0,0,1,1,2,1,1,Cross intersection,3,60,Arterial Other
T20230005599,2023/3/8,18:30:00,1,Collision with vehicle,4,Wednesday,113,RIGHT NEAR (INTERSECTIONS ONLY),1,37910,2,0,2,0,1,3,1,1,Cross intersection,2,60,Arterial Other
T20230005597,2023/3/8,15:20:00,1,Collision with vehicle,3,Wednesday,147,VEHICLE STRIKES ANOTHER VEH WHILE EMERGING FROM DRIVEWAY,1,759476,2,0,0,1,1,2,1,2,T intersection,3,888,Arterial Other
T20230005544,2023/3/8,9:37:00,1,Collision with vehicle,4,Wednesday,110,CROSS TRAFFIC(INTERSECTIONS ONLY),1,37508,2,0,1,0,3,4,1,1,Cross intersection,2,60,Arterial Other
T20230005545,2023/3/8,10:18:00,4,Collision with a fixed object,3,Wednesday,171,LEFT OFF CARRIAGEWAY INTO OBJECT/PARKED VEHICLE,1,783913,1,0,1,0,0,1,1,5,Not at intersection,2,50,Arterial Highway
T20230005679,2023/3/8,18:23:00,1,Collision with vehicle,4,Wednesday,130,REAR END(VEHICLES IN SAME LANE),2,768518,2,0,1,0,1,2,1,5,Not at intersection,2,110,Freeway
T20230009386,2023/3/8,8:30:00,1,Collision with vehicle,4,Wednesday,160,VEHICLE COLLIDES WITH VEHICLE PARKED ON LEFT OF ROAD,2,780748,2,0,0,1,0,1,1,5,Not at intersection,3,50,Local Road
T20230005596,2023/3/8,17:17:00,1,Collision with vehicle,4,Wednesday,130,REAR END(VEHICLES IN SAME LANE),1,760575,2,0,0,2,1,3,1,5,Not at intersection,3,100,Freeway
T20230006320,2023/3/8,7:10:00,1,Collision with vehicle,3,Wednesday,111,RIGHT FAR (INTERSECTIONS ONLY),2,54722,3,0,0,1,2,3,2,2,T intersection,3,50,Local Road
T20230006291,2023/3/8,11:45:00,1,Collision with vehicle,3,Wednesday,133,LANE SIDE SWIPE (VEHICLES IN PARALLEL LANES),1,761265,2,0,0,1,1,2,2,5,Not at intersection,3,80,Freeway
T20230005594,2023/3/8,17:09:00,1,Collision with vehicle,3,Wednesday,130,REAR END(VEHICLES IN SAME LANE),2,780733,3,0,0,2,2,4,1,5,Not at intersection,3,100,Freeway
T20230007929,2023/3/8,17:20:00,1,Collision with vehicle,3,Wednesday,121,RIGHT THROUGH,2,7581,2,0,0,1,1,2,2,2,T intersection,3,40,
T20230005593,2023/3/8,16:10:00,1,Collision with vehicle,4,Wednesday,121,RIGHT THROUGH,1,40096,2,0,1,0,1,2,1,1,Cross intersection,2,40,Arterial Other
T20230015069,2023/3/8,5:10:00,4,Collision with a fixed object,3,Wednesday,189,OTHER ACCIDENTS ON CURVE NOT INCLUDED IN DCAs 180-184,2,778289,1,0,0,1,0,1,2,5,Not at intersection,3,60,Arterial Other
T20230005690,2023/3/8,23:00:00,2,Struck Pedestrian,3,Wednesday,102,FAR SIDE. PED HIT BY VEHICLE FROM THE LEFT,3,773556,1,0,0,1,1,2,2,5,Not at intersection,3,40,Local Road
T20230005592,2023/3/8,17:40:00,1,Collision with vehicle,3,Wednesday,121,RIGHT THROUGH,1,40373,2,0,0,1,1,2,1,2,T intersection,3,60,Arterial Other
T20230018974,2023/3/8,16:00:00,1,Collision with vehicle,3,Wednesday,131,LEFT REAR,1,795211,2,0,0,1,1,2,2,1,Cross intersection,3,60,Arterial Highway
T20230005551,2023/3/8,11:57:00,4,Collision with a fixed object,3,Wednesday,173,RIGHT OFF CARRIAGEWAY INTO OBJECT/PARKED VEHICLE,1,759608,1,0,1,0,0,1,1,5,Not at intersection,2,100,Arterial Highway
T20230005553,2023/3/8,7:38:00,1,Collision with vehicle,4,Wednesday,173,RIGHT OFF CARRIAGEWAY INTO OBJECT/PARKED VEHICLE,1,759473,2,0,1,0,1,2,1,5,Not at intersection,2,50,Local Road
T20230005591,2023/3/8,8:15:00,1,Collision with vehicle,4,Wednesday,137,LEFT TURN SIDESWIPE,2,65799,2,0,0,1,1,2,2,1,Cross intersection,3,40,Local Road
T20230005588,2023/3/8,16:20:00,1,Collision with vehicle,4,Wednesday,121,RIGHT THROUGH,1,767155,2,0,1,1,0,2,1,2,T intersection,2,80,Local Road
T20230005619,2023/3/9,2:30:00,4,Collision with a fixed object,5,Thursday,189,OTHER ACCIDENTS ON CURVE NOT INCLUDED IN DCAs 180-184,5,780734,1,0,2,1,1,4,1,5,Not at intersection,2,50,Local Road
T20230005680,2023/3/9,16:23:00,1,Collision with vehicle,5,Thursday,130,REAR END(VEHICLES IN SAME LANE),1,761896,6,0,2,0,4,6,1,5,Not at intersection,2,70,Arterial Other
T20230005696,2023/3/9,16:15:00,1,Collision with vehicle,4,Thursday,113,RIGHT NEAR (INTERSECTIONS ONLY),1,35769,2,0,0,1,2,3,1,1,Cross intersection,3,60,Arterial Highway
T20230005678,2023/3/9,15:22:00,1,Collision with vehicle,4,Thursday,171,LEFT OFF CARRIAGEWAY INTO OBJECT/PARKED VEHICLE,1,759829,3,0,0,1,2,3,1,5,Not at intersection,3,80,Freeway
T20230005689,2023/3/9,15:00:00,1,Collision with vehicle,4,Thursday,130,REAR END(VEHICLES IN SAME LANE),1,664754,2,0,0,1,2,3,1,1,Cross intersection,3,60,Arterial Other
T20230005698,2023/3/9,19:30:00,1,Collision with vehicle,4,Thursday,110,CROSS TRAFFIC(INTERSECTIONS ONLY),2,780739,2,0,0,1,2,3,1,1,Cross intersection,3,60,Arterial Other
T20230007955,2023/3/9,20:30:00,1,Collision with vehicle,5,Thursday,130,REAR END(VEHICLES IN SAME LANE),2,780746,2,0,0,1,1,2,1,3,Y intersection,3,70,Arterial Other
T20230005669,2023/3/9,12:52:00,1,Collision with vehicle,5,Thursday,130,REAR END(VEHICLES IN SAME LANE),1,759721,2,0,1,1,0,2,1,5,Not at intersection,2,60,Local Road
T20230005687,2023/3/9,16:50:00,1,Collision with vehicle,4,Thursday,116,LEFT NEAR (INTERSECTIONS ONLY),1,43155,2,0,0,2,2,4,1,2,T intersection,3,50,Local Road
T20230005668,2023/3/9,7:33:00,3,Struck animal,5,Thursday,167,STRUCK ANIMAL,1,780353,1,0,1,0,1,2,1,5,Not at intersection,2,100,Arterial Other
T20230005637,2023/3/9,7:30:00,1,Collision with vehicle,4,Thursday,130,REAR END(VEHICLES IN SAME LANE),1,760029,2,0,0,1,1,2,1,2,T intersection,3,80,Arterial Other
T20230005981,2023/3/9,17:05:00,1,Collision with vehicle,4,Thursday,130,REAR END(VEHICLES IN SAME LANE),1,761375,2,0,0,1,1,2,2,5,Not at intersection,3,40,Arterial Highway
T20230005671,2023/3/9,15:25:00,1,Collision with vehicle,4,Thursday,121,RIGHT THROUGH,1,760568,2,0,0,1,1,2,1,5,Not at intersection,3,50,Local Road
T20230006254,2023/3/9,17:50:00,1,Collision with vehicle,5,Thursday,130,REAR END(VEHICLES IN SAME LANE),1,761264,4,0,0,1,3,4,2,5,Not at intersection,3,50,Arterial Other
T20230005676,2023/3/9,16:59:00,2,Struck Pedestrian,4,Thursday,101,PED EMERGES FROM IN FRONT OF PARKED OR STATIONARY VEHICLE,1,759612,1,0,0,1,1,2,1,5,Not at intersection,3,50,Arterial Other
T20230005685,2023/3/9,16:00:00,2,Struck Pedestrian,5,Thursday,100,PED NEAR SIDE. PED HIT BY VEHICLE FROM THE RIGHT.,1,759613,1,0,0,1,1,2,2,2,T intersection,3,60,Arterial Other
T20230005683,2023/3/9,18:00:00,1,Collision with vehicle,4,Thursday,130,REAR END(VEHICLES IN SAME LANE),1,780356,3,0,0,1,4,5,1,5,Not at intersection,3,50,Arterial Other
T20230005652,2023/3/9,8:30:00,1,Collision with vehicle,5,Thursday,110,CROSS TRAFFIC(INTERSECTIONS ONLY),1,38987,2,0,1,0,1,2,1,1,Cross intersection,2,60,Arterial Other
T20230005655,2023/3/9,13:10:00,1,Collision with vehicle,4,Thursday,152,PULLING OUT (OVERTAKING),1,773780,2,0,1,1,3,5,1,5,Not at intersection,2,100,Local Road
T20230005688,2023/3/9,14:32:00,1,Collision with vehicle,4,Thursday,121,RIGHT THROUGH,1,1356,2,0,0,1,2,3,1,1,Cross intersection,3,60,Arterial Other
T20230005705,2023/3/9,20:40:00,8,No collision and no object struck,5,Thursday,174,OUT OF CONTROL ON CARRIAGEWAY (ON STRAIGHT),3,23933,1,0,1,0,0,1,1,1,Cross intersection,2,60,Local Road
T20230006202,2023/3/9,6:45:00,4,Collision with a fixed object,4,Thursday,171,LEFT OFF CARRIAGEWAY INTO OBJECT/PARKED VEHICLE,9,760954,1,0,0,1,0,1,2,5,Not at intersection,3,999,Local Road
T20230005648,2023/3/9,12:05:00,1,Collision with vehicle,5,Thursday,132,RIGHT REAR.,1,38457,3,0,2,1,0,3,1,2,T intersection,2,60,Arterial Other
T20230005659,2023/3/9,8:36:00,4,Collision with a fixed object,5,Thursday,171,LEFT OFF CARRIAGEWAY INTO OBJECT/PARKED VEHICLE,1,774703,1,0,1,0,0,1,1,5,Not at intersection,2,60,Local Road
T20230005722,2023/3/9,21:23:00,4,Collision with a fixed object,5,Thursday,183,OFF LEFT BEND INTO OBJECT/PARKED VEHICLE,3,769291,1,1,1,0,0,2,1,5,Not at intersection,1,40,Local Road