ACCIDENT_NO,ACCIDENT_DATE,ACCIDENT_TIME,ACCIDENT_TYPE,ACCIDENT_TYPE_DESC,DAY_OF_WEEK,DAY_WEEK_DESC,DCA_CODE,DCA_DESC,LIGHT_CONDITION,NODE_ID,NO_OF_VEHICLES,NO_PERSONS_KILLED,NO_PERSONS_INJ_2,NO_PERSONS_INJ_3,NO_PERSONS_NOT_INJ,NO_PERSONS,POLICE_ATTEND,ROAD_GEOMETRY,ROAD_GEOMETRY_DESC,SEVERITY,SPEED_ZONE,RMA
T20230005860,2023/3/11,12:45:00,1,Collision with vehicle,7,Saturday,148,VEHICLE OFF FOOTPATH STRIKES VEH ON CARRIAGEWAY,1,780741,2,0,1,0,1,2,1,5,Not at intersection,2,50,Arterial Other
T20230008168,2023/3/11,19:20:00,1,Collision with vehicle,7,Saturday,121,RIGHT THROUGH,1,45433,2,0,0,1,1,2,1,1,Cross intersection,3,60,Arterial Other
T20230005850,2023/3/11,11:35:00,1,Collision with vehicle,6,Saturday,153,CUTTING IN (OVERTAKING),1,784876,2,0,0,1,1,2,2,5,Not at intersection,3,60,Arterial Other
T20230005861,2023/3/11,5:54:00,4,Collision with a fixed object,7,Saturday,183,OFF LEFT BEND INTO OBJECT/PARKED VEHICLE,2,777126,2,1,0,1,0,2,1,5,Not at intersection,1,100,Local Road
T20230005862,2023/3/11,10:10:00,1,Collision with vehicle,6,Saturday,121,RIGHT THROUGH,1,760948,2,0,0,1,2,3,1,5,Not at intersection,3,60,Arterial Other
T20230005846,2023/3/11,12:10:00,1,Collision with vehicle,6,Saturday,122,LEFT THROUGH,1,781785,2,0,0,1,1,2,1,5,Not at intersection,3,30,Local Road
T20230006073,2023/3/12,13:00:00,6,Vehicle overturned (no collision),0,Sunday,174,OUT OF CONTROL ON CARRIAGEWAY (ON STRAIGHT),1,783907,1,0,0,1,0,1,2,5,Not at intersection,3,80,Local Road
T20230005947,2023/3/12,17:04:00,1,Collision with vehicle,0,Sunday,130,REAR END(VEHICLES IN SAME LANE),1,40912,2,0,0,1,2,3,1,1,Cross intersection,3,80,Arterial Other
T20230006286,2023/3/12,10:45:00,1,Collision with vehicle,0,Sunday,147,VEHICLE STRIKES ANOTHER VEH WHILE EMERGING FROM DRIVEWAY,1,761164,2,0,0,2,1,3,2,5,Not at intersection,3,80,Arterial Highway
T20230006023,2023/3/12,5:30:00,4,Collision with a fixed object,0,Sunday,171,LEFT OFF CARRIAGEWAY INTO OBJECT/PARKED VEHICLE,3,783905,1,0,0,1,0,1,2,5,Not at intersection,3,100,Freeway
T20230006016,2023/3/12,21:39:00,4,Collision with a fixed object,1,Sunday,171,LEFT OFF CARRIAGEWAY INTO OBJECT/PARKED VEHICLE,5,772461,1,0,0,1,0,1,1,5,Not at intersection,3,80,Arterial Other
T20230006614,2023/3/12,11:00:00,4,Collision with a fixed object,0,Sunday,183,OFF LEFT BEND INTO OBJECT/PARKED VEHICLE,1,762022,1,0,1,0,0,1,2,5,Not at intersection,2,999,Local Road
T20230008255,2023/3/12,9:45:00,6,Vehicle overturned (no collision),0,Sunday,174,OUT OF CONTROL ON CARRIAGEWAY (ON STRAIGHT),1,766678,1,0,1,0,0,1,2,5,Not at intersection,2,888,Local Road
T20230006509,2023/3/12,13:07:00,1,Collision with vehicle,1,Sunday,183,OFF LEFT BEND INTO OBJECT/PARKED VEHICLE,1,775665,3,0,1,0,2,3,1,5,Not at intersection,2,70,Arterial Other
T20230006507,2023/3/12,16:30:00,1,Collision with vehicle,0,Sunday,121,RIGHT THROUGH,1,788500,2,0,0,1,2,3,1,5,Not at intersection,3,999,Local Road
T20230006014,2023/3/12,11:45:00,4,Collision with a fixed object,1,Sunday,173,RIGHT OFF CARRIAGEWAY INTO OBJECT/PARKED VEHICLE,1,761579,1,0,1,0,0,1,1,5,Not at intersection,2,100,Local Road
T20230007218,2023/3/12,12:40:00,1,Collision with vehicle,0,Sunday,110,CROSS TRAFFIC(INTERSECTIONS ONLY),1,52985,2,0,0,1,1,2,1,1,Cross intersection,3,50,Local Road
T20230005952,2023/3/12,18:40:00,2,Struck Pedestrian,0,Sunday,107,PED ON FOOTHPATH STRUCK BY VEHENTERING/LEAVING DRIVEWAY.,2,788431,1,0,1,0,1,2,1,2,T intersection,2,60,Arterial Other
T20230005951,2023/3/12,16:55:00,1,Collision with vehicle,1,Sunday,113,RIGHT NEAR (INTERSECTIONS ONLY),1,294955,3,0,1,2,5,8,1,4,Multiple intersection,2,80,Freeway
T20230005950,2023/3/12,16:15:00,1,Collision with vehicle,1,Sunday,110,CROSS TRAFFIC(INTERSECTIONS ONLY),1,53110,2,0,0,1,1,2,1,1,Cross intersection,3,60,Local Road
T20230005949,2023/3/12,18:00:00,1,Collision with vehicle,0,Sunday,130,REAR END(VEHICLES IN SAME LANE),1,777611,2,0,0,1,1,2,1,1,Cross intersection,3,80,Arterial Other
T20230006180,2023/3/12,2:30:00,3,Struck animal,1,Sunday,167,STRUCK ANIMAL,5,761272,1,0,1,0,0,1,2,5,Not at intersection,2,80,Arterial Highway
T20230006164,2023/3/12,16:40:00,4,Collision with a fixed object,0,Sunday,181,OFF RIGHT BEND INTO OBJECT/PARKED VEHICLE,1,761378,1,0,0,1,1,2,1,5,Not at intersection,3,100,Local Road
T20230014146,2023/3/12,10:55:00,1,Collision with vehicle,0,Sunday,113,RIGHT NEAR (INTERSECTIONS ONLY),1,590746,2,0,0,1,1,2,1,3,Y intersection,3,80,Arterial Highway
T20230006355,2023/3/12,7:15:00,6,Vehicle overturned (no collision),1,Sunday,174,OUT OF CONTROL ON CARRIAGEWAY (ON STRAIGHT),9,761905,1,0,0,1,0,1,2,5,Not at intersection,3,50,Local Road
T20230006359,2023/3/12,15:00:00,6,Vehicle overturned (no collision),1,Sunday,174,OUT OF CONTROL ON CARRIAGEWAY (ON STRAIGHT),1,761382,1,0,1,0,0,1,2,5,Not at intersection,2,50,Local Road
T20230005986,2023/3/12,17:45:00,1,Collision with vehicle,1,Sunday,133,LANE SIDE SWIPE (VEHICLES IN PARALLEL LANES),1,771936,2,0,1,0,1,2,1,5,Not at intersection,2,80,Arterial Other
T20230005970,2023/3/12,21:04:00,4,Collision with a fixed object,1,Sunday,171,LEFT OFF CARRIAGEWAY INTO OBJECT/PARKED VEHICLE,3,774094,1,0,1,0,1,2,1,1,Cross intersection,2,50,Local Road
T20230005961,2023/3/12,21:30:00,6,Vehicle overturned (no collision),1,Sunday,174,OUT OF CONTROL ON CARRIAGEWAY (ON STRAIGHT),3,775254,1,0,0,1,0,1,1,5,Not at intersection,3,50,Local Road
T20230005960,2023/3/12,21:43:00,1,Collision with vehicle,0,Sunday,130,REAR END(VEHICLES IN SAME LANE),2,780742,2,0,0,1,1,2,1,5,Not at intersection,3,100,Freeway
T20230005956,2023/3/12,19:20:00,1,Collision with vehicle,1,Sunday,130,REAR END(VEHICLES IN SAME LANE),3,773710,2,0,0,2,1,3,1,5,Not at intersection,3,60,Freeway
T20230005955,2023/3/12,16:53:00,8,No collision and no object struck,1,Sunday,174,OUT OF CONTROL ON CARRIAGEWAY (ON STRAIGHT),1,781316,1,0,1,0,0,1,1,5,Not at intersection,2,100,Arterial Highway
T20230005946,2023/3/12,16:19:00,1,Collision with vehicle,1,Sunday,120,HEAD ON (NOT OVERTAKING),1,774704,2,0,1,2,0,3,1,5,Not at intersection,2,70,Arterial Other
T20230005943,2023/3/12,16:30:00,1,Collision with vehicle,1,Sunday,130,REAR END(VEHICLES IN SAME LANE),1,765774,2,0,0,2,0,2,1,1,Cross intersection,3,100,Freeway
T20230005941,2023/3/12,15:25:00,1,Collision with vehicle,1,Sunday,130,REAR END(VEHICLES IN SAME LANE),1,763741,3,0,2,1,6,9,1,5,Not at intersection,2,80,Arterial Highway
T20230005939,2023/3/12,12:00:00,4,Collision with a fixed object,0,Sunday,151,OUT OF CONTROL (OVERTAKING),1,781664,1,0,0,1,0,1,1,5,Not at intersection,3,100,Local Road
T20230005935,2023/3/12,9:40:00,1,Collision with vehicle,1,Sunday,132,RIGHT REAR.,1,760701,3,0,1,0,2,3,1,5,Not at intersection,2,60,Arterial Other
T20230005927,2023/3/12,12:17:00,1,Collision with vehicle,0,Sunday,160,VEHICLE COLLIDES WITH VEHICLE PARKED ON LEFT OF ROAD,1,760447,3,0,0,1,0,1,1,5,Not at intersection,3,40,Arterial Other
T20230005925,2023/3/12,6:00:00,4,Collision with a fixed object,0,Sunday,175,OFF END OF ROAD/T-INTERSECTION.,6,774129,1,0,0,1,3,4,1,2,T intersection,3,80,Local Road
T20230005924,2023/3/12,12:12:00,1,Collision with vehicle,0,Sunday,130,REAR END(VEHICLES IN SAME LANE),1,46236,2,0,0,2,2,4,1,4,Multiple intersection,3,60,Arterial Highway
T20230005923,2023/3/12,12:30:00,1,Collision with vehicle,1,Sunday,110,CROSS TRAFFIC(INTERSECTIONS ONLY),1,776044,2,0,0,1,3,4,1,1,Cross intersection,3,50,Arterial Highway
T20230005920,2023/3/12,10:30:00,1,Collision with vehicle,0,Sunday,113,RIGHT NEAR (INTERSECTIONS ONLY),1,35611,2,0,1,2,2,5,1,2,T intersection,2,80,Arterial Highway
T20230005917,2023/3/12,12:00:00,6,Vehicle overturned (no collision),1,Sunday,174,OUT OF CONTROL ON CARRIAGEWAY (ON STRAIGHT),1,760239,1,0,0,1,0,1,1,5,Not at intersection,3,40,Local Road
T20230005916,2023/3/12,11:56:00,1,Collision with vehicle,0,Sunday,110,CROSS TRAFFIC(INTERSECTIONS ONLY),1,760949,2,0,1,0,1,2,1,1,Cross intersection,2,50,Arterial Other
T20230005914,2023/3/12,10:10:00,1,Collision with vehicle,0,Sunday,110,CROSS TRAFFIC(INTERSECTIONS ONLY),1,60067,2,0,0,2,2,4,1,1,Cross intersection,3,50,Local Road
T20230005913,2023/3/12,7:30:00,4,Collision with a fixed object,1,Sunday,171,LEFT OFF CARRIAGEWAY INTO OBJECT/PARKED VEHICLE,1,760237,1,0,0,1,0,1,1,5,Not at intersection,3,80,Local Road
T20230005907,2023/3/12,2:00:00,4,Collision with a fixed object,0,Sunday,175,OFF END OF ROAD/T-INTERSECTION.,3,229401,1,0,1,0,0,1,1,2,T intersection,2,60,Arterial Other
T20230005910,2023/3/12,4:35:00,1,Collision with vehicle,1,Sunday,154,PULLING OUT -REAR END,5,762924,2,0,1,1,0,2,1,5,Not at intersection,2,110,Freeway
T20230009794,2023/3/12,1:30:00,3,Struck animal,0,Sunday,167,STRUCK ANIMAL,5,780751,1,0,0,1,1,2,1,5,Not at intersection,3,80,Local Road
T20230006009,2023/3/13,13:20:00,1,Collision with vehicle,1,Monday,110,CROSS TRAFFIC(INTERSECTIONS ONLY),1,38349,2,0,0,1,1,2,1,1,Cross intersection,3,60,Arterial Other
T20230005992,2023/3/13,7:15:00,1,Collision with vehicle,1,Monday,160,VEHICLE COLLIDES WITH VEHICLE PARKED ON LEFT OF ROAD,2,762015,2,0,0,1,0,1,1,5,Not at intersection,3,70,Arterial Highway
T20230005996,2023/3/13,11:00:00,1,Collision with vehicle,1,Monday,130,REAR END(VEHICLES IN SAME LANE),1,760703,2,0,0,1,4,5,1,5,Not at intersection,3,80,Arterial Other
T20230006036,2023/3/13,18:35:00,1,Collision with vehicle,1,Monday,130,REAR END(VEHICLES IN SAME LANE),2,766881,2,0,0,1,2,3,1,2,T intersection,3,60,Arterial Other
T20230005982,2023/3/13,8:15:00,1,Collision with vehicle,1,Monday,113,RIGHT NEAR (INTERSECTIONS ONLY),1,37496,2,0,0,6,3,9,1,1,Cross intersection,3,70,Arterial Other
T20230006038,2023/3/13,20:40:00,2,Struck Pedestrian,1,Monday,104,PED WALKING WITH TRAFFIC,3,784194,1,0,0,1,1,2,1,5,Not at intersection,3,60,Local Road
T20230005973,2023/3/13,3:30:00,3,Struck animal,2,Monday,167,STRUCK ANIMAL,5,774724,1,0,1,0,0,1,1,5,Not at intersection,2,80,Local Road
T20230005997,2023/3/13,8:50:00,1,Collision with vehicle,1,Monday,113,RIGHT NEAR (INTERSECTIONS ONLY),1,760453,2,0,1,0,1,2,1,2,T intersection,2,80,Arterial Highway
T20230006007,2023/3/13,12:25:00,1,Collision with vehicle,1,Monday,112,LEFT FAR (INTERSECTIONS ONLY),1,678425,2,0,0,1,1,2,1,2,T intersection,3,60,Local Road
T20230006008,2023/3/13,11:44:00,1,Collision with vehicle,2,Monday,131,LEFT REAR,1,777502,2,0,0,2,1,3,1,5,Not at intersection,3,60,Arterial Other
T20230006035,2023/3/13,0:30:00,1,Collision with vehicle,1,Monday,130,REAR END(VEHICLES IN SAME LANE),3,44309,2,0,0,1,2,3,2,1,Cross intersection,3,70,Arterial Other
T20230006032,2023/3/13,17:00:00,1,Collision with vehicle,2,Monday,121,RIGHT THROUGH,1,780373,2,0,2,0,5,7,1,2,T intersection,2,80,Arterial Other
T20230006034,2023/3/13,17:55:00,1,Collision with vehicle,1,Monday,116,LEFT NEAR (INTERSECTIONS ONLY),1,1185,2,0,1,2,0,3,1,4,Multiple intersection,2,60,Arterial Other
T20230005999,2023/3/13,10:45:00,2,Struck Pedestrian,1,Monday,102,FAR SIDE. PED HIT BY VEHICLE FROM THE LEFT,1,1356,1,0,0,1,1,2,2,1,Cross intersection,3,60,Arterial Other
T20230006000,2023/3/13,12:15:00,1,Collision with vehicle,1,Monday,110,CROSS TRAFFIC(INTERSECTIONS ONLY),1,73765,2,0,0,1,1,2,1,1,Cross intersection,3,60,Local Road
T20230006844,2023/3/13,12:25:00,1,Collision with vehicle,1,Monday,130,REAR END(VEHICLES IN SAME LANE),1,781811,2,0,0,1,1,2,1,1,Cross intersection,3,100,Arterial Highway
T20230006001,2023/3/13,10:30:00,2,Struck Pedestrian,2,Monday,101,PED EMERGES FROM IN FRONT OF PARKED OR STATIONARY VEHICLE,1,773844,1,0,1,0,1,2,1,5,Not at intersection,2,50,Local Road
T20230006004,2023/3/13,10:45:00,1,Collision with vehicle,1,Monday,113,RIGHT NEAR (INTERSECTIONS ONLY),1,44401,3,0,0,1,1,2,1,2,T intersection,3,60,Arterial Other
T20230006005,2023/3/13,10:18:00,1,Collision with vehicle,2,Monday,110,CROSS TRAFFIC(INTERSECTIONS ONLY),1,68023,2,0,1,0,1,2,1,1,Cross intersection,2,60,Arterial Other
T20230006748,2023/3/13,10:00:00,8,No collision and no object struck,1,Monday,199,UNKNOWN-NO DETAILS ON MANOEUVRES OF ROAD-USERS IN ACCIDENT,1,683555,1,0,0,1,0,1,2,5,Not at intersection,3,40,
T20230006123,2023/3/13,17:45:00,4,Collision with a fixed object,1,Monday,183,OFF LEFT BEND INTO OBJECT/PARKED VEHICLE,1,763846,1,0,0,1,0,1,1,5,Not at intersection,3,80,Arterial Other
T20230007610,2023/3/13,14:15:00,1,Collision with vehicle,2,Monday,130,REAR END(VEHICLES IN SAME LANE),1,775628,2,0,0,2,1,3,2,5,Not at intersection,3,80,Arterial Highway
T20230006510,2023/3/13,14:00:00,5,collision with some other object,1,Monday,149,OTHER MANOEUVRING NOT INCLUDED IN DCAs 140-148,1,770824,1,0,0,1,0,1,2,5,Not at intersection,3,999,Local Road
T20230006071,2023/3/13,15:00:00,8,No collision and no object struck,1,Monday,184,OUT OF CONTROL ON CARRIAGEWAY (ON BEND),1,775183,1,0,1,0,0,1,2,5,Not at intersection,2,999,Local Road
T20230006030,2023/3/13,15:42:00,1,Collision with vehicle,2,Monday,130,REAR END(VEHICLES IN SAME LANE),1,760705,3,0,1,2,3,6,1,5,Not at intersection,2,110,Freeway
T20230006054,2023/3/13,23:14:00,1,Collision with vehicle,1,Monday,169,OTHER ON PATH,5,760457,3,0,0,1,0,1,1,5,Not at intersection,3,50,Local Road
T20230006024,2023/3/13,15:33:00,1,Collision with vehicle,2,Monday,137,LEFT TURN SIDESWIPE,1,38830,2,0,1,0,2,3,1,1,Cross intersection,2,40,Local Road
T20230006077,2023/3/13,14:30:00,1,Collision with vehicle,2,Monday,130,REAR END(VEHICLES IN SAME LANE),1,763604,2,0,1,0,1,2,2,1,Cross intersection,2,60,Arterial Highway
T20230006013,2023/3/13,13:45:00,4,Collision with a fixed object,1,Monday,171,LEFT OFF CARRIAGEWAY INTO OBJECT/PARKED VEHICLE,1,783912,1,0,0,1,0,1,1,2,T intersection,3,70,Arterial Other
T20230006096,2023/3/13,15:00:00,1,Collision with vehicle,2,Monday,163,VEHICLE STRIKES DOOR OF PARKED/STATIONARY VEHICLE,1,760584,2,0,0,1,1,2,2,5,Not at intersection,3,60,Arterial Other
T20230006790,2023/3/13,19:30:00,4,Collision with a fixed object,1,Monday,171,LEFT OFF CARRIAGEWAY INTO OBJECT/PARKED VEHICLE,2,762612,1,0,0,1,0,1,2,5,Not at intersection,3,100,Local Road
T20230006015,2023/3/13,11:30:00,4,Collision with a fixed object,1,Monday,181,OFF RIGHT BEND INTO OBJECT/PARKED VEHICLE,1,784291,1,0,0,1,0,1,1,5,Not at intersection,3,100,Arterial Other
T20230006052,2023/3/13,23:45:00,1,Collision with vehicle,2,Monday,110,CROSS TRAFFIC(INTERSECTIONS ONLY),3,67571,2,0,0,1,1,2,1,1,Cross intersection,3,70,Arterial Highway
T20230006028,2023/3/13,12:40:00,1,Collision with vehicle,2,Monday,147,VEHICLE STRIKES ANOTHER VEH WHILE EMERGING FROM DRIVEWAY,1,761270,2,0,1,0,5,6,1,5,Not at intersection,2,80,Arterial Highway
T20230006049,2023/3/13,16:20:00,8,No collision and no object struck,2,Monday,180,OFF CARRIAGEWAY ON RIGHT BEND,1,780818,1,0,1,0,1,2,1,5,Not at intersection,2,100,Local Road
T20230006046,2023/3/13,21:23:00,1,Collision with vehicle,2,Monday,110,CROSS TRAFFIC(INTERSECTIONS ONLY),3,41549,2,0,1,0,1,2,1,1,Cross intersection,2,60,Arterial Highway
T20230006043,2023/3/13,13:32:00,1,Collision with vehicle,2,Monday,130,REAR END(VEHICLES IN SAME LANE),1,780820,3,0,0,2,2,4,1,5,Not at intersection,3,70,Arterial Other
T20230006027,2023/3/13,16:00:00,4,Collision with a fixed object,2,Monday,181,OFF RIGHT BEND INTO OBJECT/PARKED VEHICLE,1,765149,1,0,1,0,0,1,1,5,Not at intersection,2,60,Arterial Other
T20230006300,2023/3/13,10:45:00,1,Collision with vehicle,1,Monday,163,VEHICLE STRIKES DOOR OF PARKED/STATIONARY VEHICLE,1,767598,2,0,0,1,1,2,2,5,Not at intersection,3,40,Local Road
T20230006042,2023/3/13,16:35:00,1,Collision with vehicle,1,Monday,113,RIGHT NEAR (INTERSECTIONS ONLY),1,302508,2,0,0,2,1,3,1,2,T intersection,3,80,Arterial Other
T20230005989,2023/3/13,9:28:00,1,Collision with vehicle,2,Monday,110,CROSS TRAFFIC(INTERSECTIONS ONLY),1,304737,2,0,1,0,1,2,1,1,Cross intersection,2,80,Local Road
T20230006040,2023/3/13,16:50:00,1,Collision with vehicle,2,Monday,132,RIGHT REAR.,1,42058,2,0,1,0,1,2,1,3,Y intersection,2,60,Arterial Other
T20230005990,2023/3/13,7:35:00,4,Collision with a fixed object,2,Monday,183,OFF LEFT BEND INTO OBJECT/PARKED VEHICLE,2,775161,1,0,0,1,0,1,1,5,Not at intersection,3,100,Local Road
T20230005984,2023/3/13,8:02:00,4,Collision with a fixed object,2,Monday,171,LEFT OFF CARRIAGEWAY INTO OBJECT/PARKED VEHICLE,1,765651,1,0,0,2,0,2,1,5,Not at intersection,3,110,Arterial Highway
T20230006138,2023/3/14,15:10:00,1,Collision with vehicle,2,Tuesday,110,CROSS TRAFFIC(INTERSECTIONS ONLY),1,73577,2,0,0,1,1,2,1,1,Cross intersection,3,80,Local Road
T20230006141,2023/3/14,18:00:00,6,Vehicle overturned (no collision),2,Tuesday,184,OUT OF CONTROL ON CARRIAGEWAY (ON BEND),2,761157,1,0,0,1,0,1,2,5,Not at intersection,3,999,Arterial Other
T20230006444,2023/3/14,17:25:00,1,Collision with vehicle,2,Tuesday,130,REAR END(VEHICLES IN SAME LANE),2,777323,2,0,0,1,1,2,2,5,Not at intersection,3,100,Freeway
T20230007058,2023/3/14,14:30:00,1,Collision with vehicle,2,Tuesday,148,VEHICLE OFF FOOTPATH STRIKES VEH ON CARRIAGEWAY,1,70029,2,0,0,1,1,2,2,1,Cross intersection,3,50,Local Road
T20230006179,2023/3/14,15:40:00,1,Collision with vehicle,3,Tuesday,120,HEAD ON (NOT OVERTAKING),1,771668,2,0,1,0,1,2,1,5,Not at intersection,2,100,Arterial Highway
T20230013900,2023/3/14,15:10:00,1,Collision with vehicle,3,Tuesday,131,LEFT REAR,1,776083,2,0,0,1,1,2,1,5,Not at intersection,3,60,Local Road
T20230022592,2023/3/14,14:40:00,1,Collision with vehicle,3,Tuesday,121,RIGHT THROUGH,1,38153,2,0,0,1,1,2,1,1,Cross intersection,3,60,Arterial Other
T20230006182,2023/3/14,19:15:00,1,Collision with vehicle,2,Tuesday,110,CROSS TRAFFIC(INTERSECTIONS ONLY),2,780916,2,0,0,1,1,2,1,1,Cross intersection,3,70,Local Road
T20230006136,2023/3/14,16:30:00,1,Collision with vehicle,3,Tuesday,132,RIGHT REAR.,1,777498,2,0,1,1,1,3,1,1,Cross intersection,2,80,Arterial Highway
T20230006145,2023/3/14,18:00:00,1,Collision with vehicle,2,Tuesday,130,REAR END(VEHICLES IN SAME LANE),1,779355,2,0,0,1,1,2,2,5,Not at intersection,3,60,Local Road
T20230006086,2023/3/14,8:50:00,1,Collision with vehicle,2,Tuesday,130,REAR END(VEHICLES IN SAME LANE),1,780913,4,0,1,0,6,7,1,5,Not at intersection,2,60,Arterial Other
T20230006139,2023/3/14,18:05:00,1,Collision with vehicle,2,Tuesday,113,RIGHT NEAR (INTERSECTIONS ONLY),1,54214,2,0,0,3,3,6,1,2,T intersection,3,40,Arterial Other
T20230006060,2023/3/14,6:25:00,1,Collision with vehicle,3,Tuesday,113,RIGHT NEAR (INTERSECTIONS ONLY),3,38057,2,0,2,0,2,4,1,1,Cross intersection,2,60,Arterial Other
T20230006067,2023/3/14,9:20:00,2,Struck Pedestrian,3,Tuesday,107,PED ON FOOTHPATH STRUCK BY VEHENTERING/LEAVING DRIVEWAY.,1,760582,1,0,1,0,1,2,1,2,T intersection,2,50,Local Road
T20230006069,2023/3/14,9:20:00,1,Collision with vehicle,2,Tuesday,130,REAR END(VEHICLES IN SAME LANE),1,780911,2,0,1,0,1,2,1,5,Not at intersection,2,60,Arterial Other
T20230006544,2023/3/14,19:53:00,1,Collision with vehicle,2,Tuesday,147,VEHICLE STRIKES ANOTHER VEH WHILE EMERGING FROM DRIVEWAY,2,766458,2,0,0,1,2,3,2,5,Not at intersection,3,60,Local Road
T20230012181,2023/3/14,13:00:00,8,No collision and no object struck,3,Tuesday,174,OUT OF CONTROL ON CARRIAGEWAY (ON STRAIGHT),1,775261,1,0,0,1,0,1,2,5,Not at intersection,3,40,Arterial Other
T20230006074,2023/3/14,7:26:00,1,Collision with vehicle,3,Tuesday,137,LEFT TURN SIDESWIPE,2,36230,2,0,1,0,1,2,1,1,Cross intersection,2,40,Arterial Other
T20230006078,2023/3/14,10:15:00,4,Collision with a fixed object,2,Tuesday,173,RIGHT OFF CARRIAGEWAY INTO OBJECT/PARKED VEHICLE,1,760708,1,0,0,2,0,2,1,5,Not at intersection,3,110,Freeway
T20230006079,2023/3/14,9:33:00,1,Collision with vehicle,2,Tuesday,121,RIGHT THROUGH,1,41552,3,0,0,1,2,3,1,2,T intersection,3,60,Arterial Highway
T20230008621,2023/3/14,8:30:00,1,Collision with vehicle,2,Tuesday,135,LANE CHANGE LEFT (NOT OVERTAKING),2,67124,3,0,0,1,2,3,2,2,T intersection,3,60,Arterial Other
T20230006474,2023/3/14,11:58:00,1,Collision with vehicle,2,Tuesday,110,CROSS TRAFFIC(INTERSECTIONS ONLY),1,306769,2,0,0,1,1,2,2,1,Cross intersection,3,50,Local Road
T20230006855,2023/3/14,6:50:00,3,Struck animal,2,Tuesday,167,STRUCK ANIMAL,5,763144,1,0,0,1,0,1,1,5,Not at intersection,3,110,Freeway
T20230006149,2023/3/14,20:40:00,1,Collision with vehicle,2,Tuesday,130,REAR END(VEHICLES IN SAME LANE),2,780915,3,0,0,1,6,7,1,5,Not at intersection,3,60,Local Road
T20230006618,2023/3/14,9:00:00,1,Collision with vehicle,2,Tuesday,130,REAR END(VEHICLES IN SAME LANE),1,776383,2,0,0,1,1,2,2,1,Cross intersection,3,70,Arterial Other
T20230006216,2023/3/14,6:30:00,2,Struck Pedestrian,2,Tuesday,100,PED NEAR SIDE. PED HIT BY VEHICLE FROM THE RIGHT.,2,780917,1,0,0,1,1,2,1,1,Cross intersection,3,60,Arterial Other
T20230006157,2023/3/14,22:30:00,4,Collision with a fixed object,2,Tuesday,181,OFF RIGHT BEND INTO OBJECT/PARKED VEHICLE,5,775262,1,0,0,1,1,2,1,5,Not at intersection,3,80,Local Road
T20230006108,2023/3/14,11:40:00,1,Collision with vehicle,3,Tuesday,130,REAR END(VEHICLES IN SAME LANE),1,780914,3,0,0,3,3,6,1,5,Not at intersection,3,70,Arterial Other
T20230006124,2023/3/14,13:00:00,1,Collision with vehicle,2,Tuesday,130,REAR END(VEHICLES IN SAME LANE),1,781299,2,0,1,1,1,3,1,5,Not at intersection,2,100,Freeway
T20230006653,2023/3/14,14:50:00,4,Collision with a fixed object,2,Tuesday,173,RIGHT OFF CARRIAGEWAY INTO OBJECT/PARKED VEHICLE,1,762729,1,0,1,0,0,1,1,5,Not at intersection,2,80,Local Road
T20230006119,2023/3/14,8:30:00,4,Collision with a fixed object,3,Tuesday,181,OFF RIGHT BEND INTO OBJECT/PARKED VEHICLE,1,778053,1,1,0,0,0,1,1,5,Not at intersection,1,100,Arterial Highway
T20230006104,2023/3/14,12:11:00,1,Collision with vehicle,3,Tuesday,121,RIGHT THROUGH,1,52682,2,0,2,0,0,2,1,1,Cross intersection,2,60,Arterial Highway
T20230006102,2023/3/14,12:07:00,1,Collision with vehicle,3,Tuesday,113,RIGHT NEAR (INTERSECTIONS ONLY),1,775414,2,0,1,1,2,4,1,2,T intersection,2,60,Local Road
T20230006091,2023/3/14,7:52:00,1,Collision with vehicle,2,Tuesday,120,HEAD ON (NOT OVERTAKING),1,761478,2,0,0,1,1,2,1,5,Not at intersection,3,100,Arterial Other
T20230006134,2023/3/14,15:17:00,8,No collision and no object struck,3,Tuesday,174,OUT OF CONTROL ON CARRIAGEWAY (ON STRAIGHT),1,760712,1,0,1,0,0,1,1,5,Not at intersection,2,60,Arterial Other
T20230006095,2023/3/14,6:40:00,1,Collision with vehicle,3,Tuesday,110,CROSS TRAFFIC(INTERSECTIONS ONLY),2,29626,3,0,1,0,2,3,1,1,Cross intersection,2,80,Arterial Highway
T20230006151,2023/3/14,15:00:00,7,Fall from or in moving vehicle,2,Tuesday,190,FELL IN/FROM VEHICLE,1,772446,1,0,0,1,0,1,1,5,Not at intersection,3,100,Arterial Highway
T20230006094,2023/3/14,10:45:00,4,Collision with a fixed object,2,Tuesday,181,OFF RIGHT BEND INTO OBJECT/PARKED VEHICLE,1,784203,1,0,0,1,0,1,1,2,T intersection,3,60,Arterial Other
T20230006055,2023/3/14,5:15:00,3,Struck animal,2,Tuesday,167,STRUCK ANIMAL,2,777834,1,0,1,0,0,1,2,1,Cross intersection,2,80,Arterial Other
T20230006084,2023/3/14,9:00:00,4,Collision with a fixed object,2,Tuesday,181,OFF RIGHT BEND INTO OBJECT/PARKED VEHICLE,1,784222,1,0,0,1,0,1,2,5,Not at intersection,3,100,Arterial Other