ACCIDENT_NO,ACCIDENT_DATE,ACCIDENT_TIME,ACCIDENT_TYPE,ACCIDENT_TYPE_DESC,DAY_OF_WEEK,DAY_WEEK_DESC,DCA_CODE,DCA_DESC,LIGHT_CONDITION,NODE_ID,NO_OF_VEHICLES,NO_PERSONS_KILLED,NO_PERSONS_INJ_2,NO_PERSONS_INJ_3,NO_PERSONS_NOT_INJ,NO_PERSONS,POLICE_ATTEND,ROAD_GEOMETRY,ROAD_GEOMETRY_DESC,SEVERITY,SPEED_ZONE,RMA
T20230006053,2023/3/14,2:01:00,1,Collision with vehicle,3,Tuesday,130,REAR END(VEHICLES IN SAME LANE),3,765031,2,0,1,0,1,2,1,5,Not at intersection,2,100,Freeway
T20230006118,2023/3/14,14:21:00,1,Collision with vehicle,3,Tuesday,160,VEHICLE COLLIDES WITH VEHICLE PARKED ON LEFT OF ROAD,1,760710,3,0,1,0,0,1,1,5,Not at intersection,2,50,Local Road
T20230007479,2023/3/14,14:30:00,1,Collision with vehicle,2,Tuesday,113,RIGHT NEAR (INTERSECTIONS ONLY),1,784293,2,0,0,1,2,3,2,2,T intersection,3,60,Arterial Other
T20230006137,2023/3/14,13:50:00,1,Collision with vehicle,2,Tuesday,136,RIGHT TURN SIDESWIPE,1,780908,2,0,0,1,1,2,1,5,Not at intersection,3,999,Local Road
T20230010217,2023/3/14,2:00:00,1,Collision with vehicle,3,Tuesday,130,REAR END(VEHICLES IN SAME LANE),3,778670,2,0,0,1,1,2,1,5,Not at intersection,3,50,Local Road
T20230008340,2023/3/14,14:55:00,1,Collision with vehicle,2,Tuesday,140,U TURN,1,773716,2,0,0,1,1,2,2,5,Not at intersection,3,999,Arterial Other
T20230006155,2023/3/14,6:00:00,1,Collision with vehicle,3,Tuesday,169,OTHER ON PATH,2,772083,2,0,1,0,0,1,2,5,Not at intersection,2,40,Arterial Other
T20230006174,2023/3/14,17:15:00,1,Collision with vehicle,2,Tuesday,130,REAR END(VEHICLES IN SAME LANE),1,760953,2,0,0,1,3,4,2,2,T intersection,3,60,Arterial Other
T20230006111,2023/3/14,10:40:00,1,Collision with vehicle,2,Tuesday,112,LEFT FAR (INTERSECTIONS ONLY),1,54865,2,0,1,0,1,2,2,1,Cross intersection,2,50,Local Road
T20230006113,2023/3/14,7:04:00,5,collision with some other object,3,Tuesday,166,STRUCK OBJECT ON CARRIAGEWAY,5,764813,2,0,0,1,1,2,1,5,Not at intersection,3,100,Local Road
T20230006107,2023/3/14,10:23:00,1,Collision with vehicle,3,Tuesday,130,REAR END(VEHICLES IN SAME LANE),1,774159,3,0,2,0,1,3,2,5,Not at intersection,2,80,Arterial Highway
T20230007044,2023/3/15,19:00:00,1,Collision with vehicle,3,Wednesday,130,REAR END(VEHICLES IN SAME LANE),2,783044,2,0,0,1,1,2,2,2,T intersection,3,60,Arterial Other
T20230006188,2023/3/15,12:20:00,4,Collision with a fixed object,3,Wednesday,171,LEFT OFF CARRIAGEWAY INTO OBJECT/PARKED VEHICLE,1,761581,1,0,0,1,0,1,1,5,Not at intersection,3,50,Local Road
T20230006373,2023/3/15,8:15:00,2,Struck Pedestrian,3,Wednesday,102,FAR SIDE. PED HIT BY VEHICLE FROM THE LEFT,1,783747,1,0,0,1,1,2,2,1,Cross intersection,3,40,Local Road
T20230006186,2023/3/15,11:45:00,2,Struck Pedestrian,3,Wednesday,101,PED EMERGES FROM IN FRONT OF PARKED OR STATIONARY VEHICLE,1,761379,1,0,0,1,1,2,1,5,Not at intersection,3,50,Local Road
T20230007101,2023/3/15,7:30:00,1,Collision with vehicle,4,Wednesday,130,REAR END(VEHICLES IN SAME LANE),9,766228,2,0,0,1,1,2,2,5,Not at intersection,3,100,Freeway
T20240005783,2023/3/15,15:00:00,1,Collision with vehicle,3,Wednesday,116,LEFT NEAR (INTERSECTIONS ONLY),1,65785,2,0,0,1,1,2,2,2,T intersection,3,60,Arterial Other
T20230006428,2023/3/15,21:25:00,1,Collision with vehicle,3,Wednesday,140,U TURN,3,43136,2,0,0,1,1,2,1,1,Cross intersection,3,80,Arterial Other
T20230006170,2023/3/15,8:30:00,2,Struck Pedestrian,4,Wednesday,102,FAR SIDE. PED HIT BY VEHICLE FROM THE LEFT,1,761122,1,0,0,1,1,2,1,5,Not at intersection,3,60,Local Road
T20230006582,2023/3/15,9:45:00,1,Collision with vehicle,3,Wednesday,130,REAR END(VEHICLES IN SAME LANE),1,59331,2,0,0,1,1,2,2,1,Cross intersection,3,50,Local Road
T20230006163,2023/3/15,6:34:00,1,Collision with vehicle,3,Wednesday,130,REAR END(VEHICLES IN SAME LANE),1,57726,2,0,0,1,1,2,1,1,Cross intersection,3,60,Arterial Highway
T20230006713,2023/3/15,22:55:00,1,Collision with vehicle,4,Wednesday,130,REAR END(VEHICLES IN SAME LANE),3,763607,5,0,0,1,6,7,1,5,Not at intersection,3,60,Arterial Other
T20230007868,2023/3/15,15:30:00,1,Collision with vehicle,3,Wednesday,160,VEHICLE COLLIDES WITH VEHICLE PARKED ON LEFT OF ROAD,9,765288,2,0,0,1,0,1,2,5,Not at intersection,3,999,Local Road
T20230008344,2023/3/15,13:00:00,7,Fall from or in moving vehicle,3,Wednesday,190,FELL IN/FROM VEHICLE,1,773562,1,0,0,1,0,1,2,5,Not at intersection,3,50,Local Road
T20230010506,2023/3/15,19:15:00,1,Collision with vehicle,3,Wednesday,132,RIGHT REAR.,2,777827,2,0,0,1,1,2,1,2,T intersection,3,70,Arterial Other
T20230006161,2023/3/15,5:20:00,6,Vehicle overturned (no collision),4,Wednesday,170,OFF CARRIAGEWAY TO LEFT,6,780374,1,0,0,1,2,3,2,5,Not at intersection,3,999,Arterial Other
T20230006356,2023/3/15,22:00:00,2,Struck Pedestrian,3,Wednesday,103,PED PLAYING/LYING/WORKING/STANDING ON CARRIAGEWAY.,3,776748,3,0,0,1,2,3,2,5,Not at intersection,3,60,Arterial Other
T20230006158,2023/3/15,4:00:00,4,Collision with a fixed object,3,Wednesday,183,OFF LEFT BEND INTO OBJECT/PARKED VEHICLE,3,234955,1,0,0,1,0,1,1,5,Not at intersection,3,60,Arterial Highway
T20230018231,2023/3/15,16:00:00,6,Vehicle overturned (no collision),3,Wednesday,174,OUT OF CONTROL ON CARRIAGEWAY (ON STRAIGHT),1,778466,1,0,0,1,0,1,2,5,Not at intersection,3,50,Local Road
T20230006418,2023/3/15,7:55:00,1,Collision with vehicle,3,Wednesday,147,VEHICLE STRIKES ANOTHER VEH WHILE EMERGING FROM DRIVEWAY,1,763724,2,0,0,1,1,2,2,5,Not at intersection,3,50,Local Road
T20230006677,2023/3/15,8:45:00,1,Collision with vehicle,3,Wednesday,116,LEFT NEAR (INTERSECTIONS ONLY),1,783734,2,0,0,1,1,2,2,2,T intersection,3,60,Local Road
T20230006822,2023/3/15,12:08:00,1,Collision with vehicle,4,Wednesday,140,U TURN,1,221437,2,0,0,1,1,2,1,2,T intersection,3,70,Arterial Other
T20230006230,2023/3/15,19:40:00,4,Collision with a fixed object,3,Wednesday,173,RIGHT OFF CARRIAGEWAY INTO OBJECT/PARKED VEHICLE,3,761159,1,0,0,2,0,2,1,5,Not at intersection,3,60,Arterial Other
T20230006238,2023/3/15,20:02:00,1,Collision with vehicle,3,Wednesday,110,CROSS TRAFFIC(INTERSECTIONS ONLY),3,36057,2,0,1,0,1,2,1,1,Cross intersection,2,60,Arterial Other
T20230007540,2023/3/15,13:30:00,1,Collision with vehicle,3,Wednesday,130,REAR END(VEHICLES IN SAME LANE),9,777492,2,0,0,2,1,3,2,1,Cross intersection,3,70,Arterial Other
T20230007111,2023/3/15,8:30:00,7,Fall from or in moving vehicle,3,Wednesday,190,FELL IN/FROM VEHICLE,1,783737,1,0,0,1,0,1,2,2,T intersection,3,100,Arterial Highway
T20230006680,2023/3/15,15:30:00,1,Collision with vehicle,4,Wednesday,147,VEHICLE STRIKES ANOTHER VEH WHILE EMERGING FROM DRIVEWAY,1,762265,2,0,0,1,2,3,1,5,Not at intersection,3,80,Arterial Other
T20230007502,2023/3/15,18:40:00,7,Fall from or in moving vehicle,4,Wednesday,190,FELL IN/FROM VEHICLE,2,781242,1,0,0,1,1,2,2,5,Not at intersection,3,60,Arterial Other
T20230007480,2023/3/15,11:20:00,8,No collision and no object struck,4,Wednesday,180,OFF CARRIAGEWAY ON RIGHT BEND,1,773947,1,0,1,0,0,1,2,5,Not at intersection,2,80,Arterial Other
T20230006694,2023/3/15,16:30:00,1,Collision with vehicle,4,Wednesday,130,REAR END(VEHICLES IN SAME LANE),1,762268,2,0,0,1,1,2,2,5,Not at intersection,3,100,Freeway
T20230006242,2023/3/15,23:30:00,4,Collision with a fixed object,4,Wednesday,171,LEFT OFF CARRIAGEWAY INTO OBJECT/PARKED VEHICLE,5,797193,1,0,1,0,0,1,1,5,Not at intersection,2,60,Local Road
T20230006241,2023/3/15,3:52:00,4,Collision with a fixed object,4,Wednesday,173,RIGHT OFF CARRIAGEWAY INTO OBJECT/PARKED VEHICLE,5,776510,1,0,1,0,0,1,1,5,Not at intersection,2,80,Local Road
T20230006239,2023/3/15,17:20:00,2,Struck Pedestrian,4,Wednesday,106,VEH STRIKES PED ON FOOTPATH/MEDIAN/TRAFFIC ISLAND.,1,770590,1,0,2,1,1,4,1,5,Not at intersection,2,50,Local Road
T20230006236,2023/3/15,21:12:00,6,Vehicle overturned (no collision),4,Wednesday,174,OUT OF CONTROL ON CARRIAGEWAY (ON STRAIGHT),3,769554,1,0,1,0,0,1,1,5,Not at intersection,2,40,Local Road
T20230006235,2023/3/15,19:10:00,1,Collision with vehicle,3,Wednesday,163,VEHICLE STRIKES DOOR OF PARKED/STATIONARY VEHICLE,2,264240,2,0,0,1,2,3,1,1,Cross intersection,3,40,Local Road
T20230006234,2023/3/15,14:40:00,2,Struck Pedestrian,3,Wednesday,101,PED EMERGES FROM IN FRONT OF PARKED OR STATIONARY VEHICLE,1,783736,1,0,0,2,2,4,1,5,Not at intersection,3,30,
T20230006232,2023/3/15,17:15:00,1,Collision with vehicle,4,Wednesday,113,RIGHT NEAR (INTERSECTIONS ONLY),1,42263,2,0,0,1,3,4,1,2,T intersection,3,60,Arterial Other
T20230006221,2023/3/15,16:10:00,1,Collision with vehicle,4,Wednesday,120,HEAD ON (NOT OVERTAKING),1,772080,2,0,1,1,0,2,1,5,Not at intersection,2,70,Local Road
T20230006219,2023/3/15,17:30:00,1,Collision with vehicle,4,Wednesday,110,CROSS TRAFFIC(INTERSECTIONS ONLY),1,36169,2,0,1,3,1,5,1,1,Cross intersection,2,50,Local Road
T20230006226,2023/3/15,5:30:00,1,Collision with vehicle,3,Wednesday,130,REAR END(VEHICLES IN SAME LANE),2,789913,3,0,0,1,2,3,2,1,Cross intersection,3,70,Local Road
T20230006217,2023/3/15,16:30:00,1,Collision with vehicle,4,Wednesday,120,HEAD ON (NOT OVERTAKING),1,767821,2,0,0,2,3,5,1,5,Not at intersection,3,60,Arterial Other
T20230006225,2023/3/15,18:00:00,1,Collision with vehicle,3,Wednesday,110,CROSS TRAFFIC(INTERSECTIONS ONLY),2,239620,2,0,0,2,0,2,1,1,Cross intersection,3,70,Arterial Highway
T20230006214,2023/3/15,16:20:00,1,Collision with vehicle,4,Wednesday,121,RIGHT THROUGH,1,763489,2,0,1,1,1,3,1,5,Not at intersection,2,60,Local Road
T20230006212,2023/3/15,15:29:00,1,Collision with vehicle,4,Wednesday,130,REAR END(VEHICLES IN SAME LANE),1,780376,4,0,1,0,3,4,1,5,Not at intersection,2,100,Freeway
T20230006199,2023/3/15,6:30:00,1,Collision with vehicle,3,Wednesday,139,OTHER SAME DIRECTION-MANOUEVRES NOT INCLUDED IN DCAs 130-137,3,762496,2,0,0,1,1,2,2,5,Not at intersection,3,60,Arterial Highway
T20230006197,2023/3/15,10:35:00,1,Collision with vehicle,4,Wednesday,143,ENTERING PARKING,1,761158,2,0,1,0,2,3,1,5,Not at intersection,2,60,Arterial Other
T20230006195,2023/3/15,12:11:00,4,Collision with a fixed object,4,Wednesday,171,LEFT OFF CARRIAGEWAY INTO OBJECT/PARKED VEHICLE,1,761263,1,0,1,0,0,1,1,2,T intersection,2,60,Local Road
T20230006189,2023/3/15,11:45:00,1,Collision with vehicle,3,Wednesday,132,RIGHT REAR.,1,762610,2,0,0,1,1,2,1,2,T intersection,3,60,Arterial Other
T20230006372,2023/3/16,12:00:00,3,Struck animal,4,Thursday,167,STRUCK ANIMAL,1,782823,1,0,0,1,0,1,2,5,Not at intersection,3,999,Local Road
T20230006438,2023/3/16,20:55:00,4,Collision with a fixed object,5,Thursday,183,OFF LEFT BEND INTO OBJECT/PARKED VEHICLE,3,783815,1,0,1,0,0,1,1,5,Not at intersection,2,50,Local Road
T20230006273,2023/3/16,7:30:00,1,Collision with vehicle,4,Thursday,130,REAR END(VEHICLES IN SAME LANE),1,781363,3,0,1,0,2,3,1,2,T intersection,2,60,Arterial Other
T20230006271,2023/3/16,12:30:00,4,Collision with a fixed object,5,Thursday,173,RIGHT OFF CARRIAGEWAY INTO OBJECT/PARKED VEHICLE,1,761266,1,0,0,1,1,2,1,5,Not at intersection,3,50,Local Road
T20230013983,2023/3/16,16:50:00,1,Collision with vehicle,4,Thursday,130,REAR END(VEHICLES IN SAME LANE),1,778223,2,0,0,1,1,2,1,5,Not at intersection,3,60,Local Road
T20230007952,2023/3/16,15:00:00,1,Collision with vehicle,4,Thursday,116,LEFT NEAR (INTERSECTIONS ONLY),1,301896,2,0,0,1,1,2,2,2,T intersection,3,999,Local Road
T20230007279,2023/3/16,14:35:00,1,Collision with vehicle,4,Thursday,132,RIGHT REAR.,1,777475,2,0,0,1,1,2,2,2,T intersection,3,999,Local Road
T20230006460,2023/3/16,20:45:00,1,Collision with vehicle,4,Thursday,139,OTHER SAME DIRECTION-MANOUEVRES NOT INCLUDED IN DCAs 130-137,3,773841,3,0,2,1,1,4,1,2,T intersection,2,70,Arterial Other
T20230006304,2023/3/16,17:30:00,4,Collision with a fixed object,5,Thursday,181,OFF RIGHT BEND INTO OBJECT/PARKED VEHICLE,1,765116,1,0,1,0,0,1,2,5,Not at intersection,2,999,Local Road
T20230010120,2023/3/16,17:40:00,1,Collision with vehicle,4,Thursday,130,REAR END(VEHICLES IN SAME LANE),1,771958,2,0,0,1,1,2,2,5,Not at intersection,3,40,Local Road
T20230007717,2023/3/16,9:00:00,1,Collision with vehicle,5,Thursday,130,REAR END(VEHICLES IN SAME LANE),1,36992,2,0,0,1,1,2,2,1,Cross intersection,3,60,Freeway
T20230006263,2023/3/16,11:05:00,2,Struck Pedestrian,4,Thursday,100,PED NEAR SIDE. PED HIT BY VEHICLE FROM THE RIGHT.,1,57533,1,0,1,0,1,2,1,1,Cross intersection,2,40,Arterial Highway
T20230006323,2023/3/16,23:25:00,4,Collision with a fixed object,4,Thursday,171,LEFT OFF CARRIAGEWAY INTO OBJECT/PARKED VEHICLE,3,781291,1,0,1,0,0,1,1,5,Not at intersection,2,40,Arterial Other
T20230006324,2023/3/16,23:28:00,4,Collision with a fixed object,5,Thursday,179,OTHER ACCIDENTS-OFF STRAIGHT NOT INCLUDED IN DCAs 170-175,3,56491,1,0,1,0,0,1,1,1,Cross intersection,2,60,Local Road
T20230006573,2023/3/16,14:30:00,6,Vehicle overturned (no collision),4,Thursday,179,OTHER ACCIDENTS-OFF STRAIGHT NOT INCLUDED IN DCAs 170-175,1,762019,1,0,1,0,0,1,2,5,Not at intersection,2,60,Arterial Other
T20230006313,2023/3/16,20:10:00,1,Collision with vehicle,4,Thursday,110,CROSS TRAFFIC(INTERSECTIONS ONLY),3,44594,2,0,0,2,0,2,1,1,Cross intersection,3,60,Arterial Highway
T20230006301,2023/3/16,17:41:00,1,Collision with vehicle,5,Thursday,132,RIGHT REAR.,1,781294,2,0,1,0,1,2,1,5,Not at intersection,2,60,Arterial Other
T20230006261,2023/3/16,6:40:00,1,Collision with vehicle,5,Thursday,110,CROSS TRAFFIC(INTERSECTIONS ONLY),3,52919,2,0,0,2,1,3,1,1,Cross intersection,3,60,Arterial Other
T20230006690,2023/3/16,17:00:00,1,Collision with vehicle,4,Thursday,130,REAR END(VEHICLES IN SAME LANE),1,762267,2,0,0,1,2,3,2,5,Not at intersection,3,60,Arterial Highway
T20230006295,2023/3/16,17:00:00,1,Collision with vehicle,4,Thursday,121,RIGHT THROUGH,1,42287,3,0,0,2,2,4,1,2,T intersection,3,60,Arterial Other
T20230009325,2023/3/16,17:20:00,1,Collision with vehicle,4,Thursday,130,REAR END(VEHICLES IN SAME LANE),2,781042,3,0,0,2,2,4,2,2,T intersection,3,50,Local Road
T20230006259,2023/3/16,9:30:00,1,Collision with vehicle,5,Thursday,130,REAR END(VEHICLES IN SAME LANE),1,761231,2,0,0,2,0,2,1,5,Not at intersection,3,60,Arterial Other
T20230006258,2023/3/16,10:20:00,1,Collision with vehicle,4,Thursday,130,REAR END(VEHICLES IN SAME LANE),1,761161,3,0,0,1,2,3,1,2,T intersection,3,60,Arterial Other
T20230006768,2023/3/16,11:50:00,1,Collision with vehicle,4,Thursday,130,REAR END(VEHICLES IN SAME LANE),1,765303,2,0,0,1,1,2,2,5,Not at intersection,3,60,Arterial Highway
T20230006837,2023/3/16,15:40:00,1,Collision with vehicle,4,Thursday,114,TWO RIGHT TURNING (INTERSECTIONS ONLY),1,43989,2,0,1,0,1,2,1,2,T intersection,2,60,Local Road
T20230006252,2023/3/16,9:26:00,1,Collision with vehicle,4,Thursday,119,OTHER ADJACENT (INTERSECTIONS ONLY),1,40761,2,0,0,1,1,2,1,2,T intersection,3,70,Arterial Highway
T20230006292,2023/3/16,12:17:00,1,Collision with vehicle,4,Thursday,113,RIGHT NEAR (INTERSECTIONS ONLY),1,343497,2,0,0,2,2,4,1,2,T intersection,3,60,Arterial Other
T20230006319,2023/3/16,17:45:00,4,Collision with a fixed object,4,Thursday,171,LEFT OFF CARRIAGEWAY INTO OBJECT/PARKED VEHICLE,1,772447,1,0,1,0,0,1,1,5,Not at intersection,2,40,Local Road
T20230006314,2023/3/16,18:55:00,1,Collision with vehicle,4,Thursday,110,CROSS TRAFFIC(INTERSECTIONS ONLY),1,50853,2,0,0,2,1,3,1,1,Cross intersection,3,100,Arterial Other
T20230006451,2023/3/16,14:00:00,4,Collision with a fixed object,4,Thursday,173,RIGHT OFF CARRIAGEWAY INTO OBJECT/PARKED VEHICLE,1,783807,1,0,0,1,0,1,2,5,Not at intersection,3,100,Local Road
T20230006264,2023/3/16,8:15:00,1,Collision with vehicle,5,Thursday,135,LANE CHANGE LEFT (NOT OVERTAKING),1,85140,3,0,1,0,2,3,1,5,Not at intersection,2,80,Arterial Highway
T20230006391,2023/3/16,15:40:00,2,Struck Pedestrian,5,Thursday,107,PED ON FOOTHPATH STRUCK BY VEHENTERING/LEAVING DRIVEWAY.,1,783793,1,0,0,1,1,2,2,5,Not at intersection,3,999,Local Road
T20230006289,2023/3/16,15:00:00,1,Collision with vehicle,5,Thursday,130,REAR END(VEHICLES IN SAME LANE),1,761229,2,0,0,1,1,2,1,5,Not at intersection,3,80,Arterial Other
T20230007580,2023/3/16,14:45:00,1,Collision with vehicle,4,Thursday,121,RIGHT THROUGH,1,360179,2,0,0,1,1,2,1,2,T intersection,3,50,Arterial Other
T20230024597,2023/3/16,15:14:00,1,Collision with vehicle,4,Thursday,140,U TURN,1,786054,2,0,0,1,1,2,1,5,Not at intersection,3,50,Arterial Other
T20230009042,2023/3/16,14:00:00,1,Collision with vehicle,4,Thursday,129,OTHER OPPOSING MANOEUVRES NOT INCLUDED IN DCAs 120-125.,1,42762,2,0,0,1,1,2,1,1,Cross intersection,3,60,Arterial Other
T20230006278,2023/3/16,13:10:00,1,Collision with vehicle,5,Thursday,113,RIGHT NEAR (INTERSECTIONS ONLY),1,600169,2,0,1,0,1,2,1,1,Cross intersection,2,70,Arterial Highway
T20230006276,2023/3/16,8:30:00,4,Collision with a fixed object,5,Thursday,175,OFF END OF ROAD/T-INTERSECTION.,1,775128,1,0,1,0,0,1,1,2,T intersection,2,80,Local Road
T20230008257,2023/3/16,15:11:00,1,Collision with vehicle,4,Thursday,139,OTHER SAME DIRECTION-MANOUEVRES NOT INCLUDED IN DCAs 130-137,1,781243,2,0,0,1,2,3,1,5,Not at intersection,3,60,Local Road
T20230006315,2023/3/16,20:35:00,8,No collision and no object struck,5,Thursday,174,OUT OF CONTROL ON CARRIAGEWAY (ON STRAIGHT),3,761273,1,0,1,0,0,1,1,5,Not at intersection,2,40,Arterial Other
T20230006523,2023/3/17,17:30:00,1,Collision with vehicle,5,Friday,132,RIGHT REAR.,2,781240,2,0,0,1,4,5,2,1,Cross intersection,3,60,Arterial Other
T20230006374,2023/3/17,15:58:00,1,Collision with vehicle,5,Friday,130,REAR END(VEHICLES IN SAME LANE),1,1303,2,0,0,1,1,2,2,1,Cross intersection,3,999,Arterial Other
T20230006429,2023/3/17,23:30:00,4,Collision with a fixed object,5,Friday,171,LEFT OFF CARRIAGEWAY INTO OBJECT/PARKED VEHICLE,3,764337,1,0,0,1,0,1,1,5,Not at intersection,3,80,Local Road
T20230006965,2023/3/17,19:45:00,1,Collision with vehicle,5,Friday,135,LANE CHANGE LEFT (NOT OVERTAKING),2,781241,2,0,0,1,1,2,2,5,Not at intersection,3,50,Arterial Other
T20230006475,2023/3/17,20:20:00,2,Struck Pedestrian,6,Friday,100,PED NEAR SIDE. PED HIT BY VEHICLE FROM THE RIGHT.,6,762939,1,0,1,0,1,2,1,5,Not at intersection,2,50,Local Road
T20230006470,2023/3/17,20:25:00,1,Collision with vehicle,5,Friday,116,LEFT NEAR (INTERSECTIONS ONLY),2,34977,2,0,0,1,2,3,1,2,T intersection,3,100,Arterial Highway
T20230006378,2023/3/17,13:00:00,8,No collision and no object struck,6,Friday,189,OTHER ACCIDENTS ON CURVE NOT INCLUDED IN DCAs 180-184,1,761383,1,0,0,1,0,1,2,5,Not at intersection,3,80,Arterial Other
T20230006685,2023/3/17,16:20:00,1,Collision with vehicle,6,Friday,116,LEFT NEAR (INTERSECTIONS ONLY),9,38335,2,0,0,1,1,2,1,1,Cross intersection,3,70,Arterial Other
T20230006539,2023/3/17,18:58:00,1,Collision with vehicle,6,Friday,145,REVERSING IN STREAM OF TRAFFIC,2,783840,2,0,0,1,1,2,2,5,Not at intersection,3,60,Local Road
T20230008492,2023/3/17,7:40:00,4,Collision with a fixed object,5,Friday,171,LEFT OFF CARRIAGEWAY INTO OBJECT/PARKED VEHICLE,1,52746,1,0,0,1,0,1,2,1,Cross intersection,3,40,Local Road
T20230006326,2023/3/17,2:18:00,4,Collision with a fixed object,6,Friday,171,LEFT OFF CARRIAGEWAY INTO OBJECT/PARKED VEHICLE,3,781289,1,0,1,0,0,1,1,5,Not at intersection,2,80,Arterial Other
T20230006327,2023/3/17,3:50:00,4,Collision with a fixed object,5,Friday,183,OFF LEFT BEND INTO OBJECT/PARKED VEHICLE,4,783827,2,0,0,1,0,1,1,5,Not at intersection,3,80,Freeway
T20230006422,2023/3/17,22:34:00,1,Collision with vehicle,5,Friday,140,U TURN,3,783837,2,0,0,1,2,3,1,5,Not at intersection,3,60,Local Road
T20230006330,2023/3/17,3:48:00,9,Other accident,5,Friday,149,OTHER MANOEUVRING NOT INCLUDED IN DCAs 140-148,5,40995,1,0,0,1,0,1,1,2,T intersection,3,40,Local Road
T20230007239,2023/3/17,17:32:00,1,Collision with vehicle,6,Friday,130,REAR END(VEHICLES IN SAME LANE),2,763729,3,0,0,1,2,3,2,5,Not at intersection,3,100,Freeway
T20230006423,2023/3/17,23:00:00,1,Collision with vehicle,5,Friday,130,REAR END(VEHICLES IN SAME LANE),3,762261,2,0,0,1,1,2,1,5,Not at intersection,3,80,Arterial Highway
T20230009263,2023/3/17,18:00:00,1,Collision with vehicle,5,Friday,130,REAR END(VEHICLES IN SAME LANE),1,331835,2,0,0,1,1,2,1,2,T intersection,3,80,Arterial Highway
T20230011691,2023/3/17,9:30:00,1,Collision with vehicle,6,Friday,153,CUTTING IN (OVERTAKING),1,781655,2,0,0,1,1,2,2,5,Not at intersection,3,999,Local Road
T20230008521,2023/3/17,17:30:00,1,Collision with vehicle,5,Friday,130,REAR END(VEHICLES IN SAME LANE),9,71971,2,0,0,1,1,2,2,1,Cross intersection,3,50,Local Road
T20230006729,2023/3/17,15:30:00,1,Collision with vehicle,6,Friday,121,RIGHT THROUGH,1,37365,2,0,1,0,1,2,1,2,T intersection,2,60,Arterial Other
T20230006448,2023/3/17,20:15:00,4,Collision with a fixed object,6,Friday,175,OFF END OF ROAD/T-INTERSECTION.,6,761785,1,0,1,0,0,1,1,2,T intersection,2,100,Arterial Other
T20230006412,2023/3/17,15:20:00,1,Collision with vehicle,5,Friday,110,CROSS TRAFFIC(INTERSECTIONS ONLY),1,762260,2,0,0,1,1,2,1,1,Cross intersection,3,50,Local Road
T20230006347,2023/3/17,7:40:00,1,Collision with vehicle,5,Friday,147,VEHICLE STRIKES ANOTHER VEH WHILE EMERGING FROM DRIVEWAY,2,781238,2,0,0,1,1,2,1,5,Not at intersection,3,60,Arterial Other
T20230006410,2023/3/17,20:40:00,1,Collision with vehicle,5,Friday,148,VEHICLE OFF FOOTPATH STRIKES VEH ON CARRIAGEWAY,3,763848,2,0,0,1,1,2,1,5,Not at intersection,3,60,Local Road
T20230006350,2023/3/17,8:30:00,1,Collision with vehicle,5,Friday,130,REAR END(VEHICLES IN SAME LANE),1,778225,4,0,0,2,6,8,1,5,Not at intersection,3,80,Freeway
T20230006354,2023/3/17,9:09:00,4,Collision with a fixed object,6,Friday,171,LEFT OFF CARRIAGEWAY INTO OBJECT/PARKED VEHICLE,1,775185,1,0,1,0,0,1,1,5,Not at intersection,2,100,Local Road
T20230006588,2023/3/17,21:20:00,8,No collision and no object struck,6,Friday,172,OFF CARRIAGEWAY TO RIGHT,5,775605,1,0,0,1,0,1,1,5,Not at intersection,3,100,Arterial Highway
T20230006357,2023/3/17,8:20:00,1,Collision with vehicle,5,Friday,116,LEFT NEAR (INTERSECTIONS ONLY),1,783841,2,0,1,3,2,6,1,2,T intersection,2,80,Arterial Highway
T20230006338,2023/3/17,6:46:00,1,Collision with vehicle,6,Friday,121,RIGHT THROUGH,2,763605,2,0,0,1,1,2,2,1,Cross intersection,3,60,Local Road
T20230006361,2023/3/17,8:11:00,1,Collision with vehicle,6,Friday,136,RIGHT TURN SIDESWIPE,1,763411,3,0,1,0,1,2,1,5,Not at intersection,2,50,Local Road
T20230006362,2023/3/17,8:30:00,1,Collision with vehicle,6,Friday,130,REAR END(VEHICLES IN SAME LANE),2,781239,2,0,0,1,1,2,1,5,Not at intersection,3,100,Freeway
T20230006405,2023/3/17,7:15:00,1,Collision with vehicle,6,Friday,110,CROSS TRAFFIC(INTERSECTIONS ONLY),1,311681,2,0,0,1,1,2,2,1,Cross intersection,3,50,Local Road
T20230006363,2023/3/17,13:06:00,1,Collision with vehicle,5,Friday,148,VEHICLE OFF FOOTPATH STRIKES VEH ON CARRIAGEWAY,1,762372,2,0,0,1,1,2,2,5,Not at intersection,3,40,Local Road
T20230006383,2023/3/17,15:55:00,1,Collision with vehicle,5,Friday,132,RIGHT REAR.,1,315090,2,0,0,1,1,2,1,2,T intersection,3,100,Arterial Other
T20230006404,2023/3/17,17:53:00,1,Collision with vehicle,5,Friday,130,REAR END(VEHICLES IN SAME LANE),2,29523,2,0,0,1,1,2,2,3,Y intersection,3,60,Arterial Other