ACCIDENT_NO,ACCIDENT_DATE,ACCIDENT_TIME,ACCIDENT_TYPE,ACCIDENT_TYPE_DESC,DAY_OF_WEEK,DAY_WEEK_DESC,DCA_CODE,DCA_DESC,LIGHT_CONDITION,NODE_ID,NO_OF_VEHICLES,NO_PERSONS_KILLED,NO_PERSONS_INJ_2,NO_PERSONS_INJ_3,NO_PERSONS_NOT_INJ,NO_PERSONS,POLICE_ATTEND,ROAD_GEOMETRY,ROAD_GEOMETRY_DESC,SEVERITY,SPEED_ZONE,RMA
T20230006342,2023/3/17,6:50:00,1,Collision with vehicle,6,Friday,130,REAR END(VEHICLES IN SAME LANE),2,767267,4,0,1,1,4,6,1,5,Not at intersection,2,100,Freeway
T20230006388,2023/3/17,17:11:00,1,Collision with vehicle,5,Friday,110,CROSS TRAFFIC(INTERSECTIONS ONLY),1,42778,2,0,0,2,4,6,1,1,Cross intersection,3,50,Local Road
T20230006344,2023/3/17,6:41:00,1,Collision with vehicle,6,Friday,130,REAR END(VEHICLES IN SAME LANE),2,317897,3,0,0,2,2,4,1,5,Not at intersection,3,100,Freeway
T20230006772,2023/3/17,13:30:00,1,Collision with vehicle,5,Friday,147,VEHICLE STRIKES ANOTHER VEH WHILE EMERGING FROM DRIVEWAY,9,764342,2,0,0,1,1,2,2,5,Not at intersection,3,70,Arterial Other
T20230006403,2023/3/17,19:50:00,1,Collision with vehicle,5,Friday,110,CROSS TRAFFIC(INTERSECTIONS ONLY),2,51288,2,0,1,0,1,2,1,1,Cross intersection,2,50,Arterial Highway
T20230006402,2023/3/17,16:10:00,4,Collision with a fixed object,6,Friday,173,RIGHT OFF CARRIAGEWAY INTO OBJECT/PARKED VEHICLE,1,761753,1,0,1,0,0,1,1,5,Not at intersection,2,40,Local Road
T20230006401,2023/3/17,19:00:00,1,Collision with vehicle,5,Friday,122,LEFT THROUGH,2,743768,2,0,0,1,1,2,1,2,T intersection,3,60,Local Road
T20230006400,2023/3/17,17:05:00,1,Collision with vehicle,6,Friday,121,RIGHT THROUGH,1,775394,2,0,0,1,1,2,1,1,Cross intersection,3,60,Local Road
T20230006398,2023/3/17,17:25:00,1,Collision with vehicle,5,Friday,133,LANE SIDE SWIPE (VEHICLES IN PARALLEL LANES),1,783839,9,0,1,4,6,11,1,5,Not at intersection,2,60,Arterial Other
T20230007401,2023/3/17,15:00:00,7,Fall from or in moving vehicle,6,Friday,184,OUT OF CONTROL ON CARRIAGEWAY (ON BEND),1,764096,1,0,1,0,0,1,2,5,Not at intersection,2,999,Local Road
T20230006395,2023/3/17,15:00:00,1,Collision with vehicle,5,Friday,130,REAR END(VEHICLES IN SAME LANE),1,779308,2,0,0,2,1,3,1,5,Not at intersection,3,70,Arterial Highway
T20230006450,2023/3/17,17:00:00,7,Fall from or in moving vehicle,5,Friday,190,FELL IN/FROM VEHICLE,1,205541,1,0,0,1,0,1,2,5,Not at intersection,3,60,Arterial Highway
T20230006415,2023/3/17,15:05:00,1,Collision with vehicle,6,Friday,150,HEAD ON(OVERTAKING),1,766779,2,1,0,1,0,2,1,5,Not at intersection,1,30,Arterial Other
T20230009857,2023/3/17,16:52:00,1,Collision with vehicle,5,Friday,113,RIGHT NEAR (INTERSECTIONS ONLY),1,42654,3,0,0,1,2,3,1,1,Cross intersection,3,60,Local Road
T20230006341,2023/3/17,8:46:00,1,Collision with vehicle,5,Friday,130,REAR END(VEHICLES IN SAME LANE),1,778443,2,0,0,1,1,2,1,5,Not at intersection,3,80,Arterial Other
T20230006379,2023/3/17,9:15:00,1,Collision with vehicle,5,Friday,136,RIGHT TURN SIDESWIPE,1,57777,2,0,0,1,1,2,2,2,T intersection,3,50,Local Road
T20230006371,2023/3/17,13:15:00,4,Collision with a fixed object,6,Friday,181,OFF RIGHT BEND INTO OBJECT/PARKED VEHICLE,1,777030,1,0,1,0,0,1,1,5,Not at intersection,2,100,Arterial Other
T20230006503,2023/3/18,19:36:00,1,Collision with vehicle,6,Saturday,189,OTHER ACCIDENTS ON CURVE NOT INCLUDED IN DCAs 180-184,2,783908,2,0,0,1,2,3,1,5,Not at intersection,3,50,Local Road
T20230007160,2023/3/18,8:00:00,1,Collision with vehicle,7,Saturday,147,VEHICLE STRIKES ANOTHER VEH WHILE EMERGING FROM DRIVEWAY,1,770457,2,0,1,0,1,2,2,5,Not at intersection,2,60,Local Road
T20230006430,2023/3/18,0:24:00,1,Collision with vehicle,6,Saturday,160,VEHICLE COLLIDES WITH VEHICLE PARKED ON LEFT OF ROAD,5,761584,3,0,0,1,2,3,1,5,Not at intersection,3,50,Local Road
T20230006434,2023/3/18,4:30:00,4,Collision with a fixed object,6,Saturday,171,LEFT OFF CARRIAGEWAY INTO OBJECT/PARKED VEHICLE,3,778505,1,0,0,1,0,1,1,5,Not at intersection,3,70,Arterial Other
T20230006436,2023/3/18,1:30:00,4,Collision with a fixed object,6,Saturday,171,LEFT OFF CARRIAGEWAY INTO OBJECT/PARKED VEHICLE,5,775105,1,0,1,0,0,1,1,5,Not at intersection,2,100,Local Road
T20230006967,2023/3/18,14:00:00,1,Collision with vehicle,7,Saturday,130,REAR END(VEHICLES IN SAME LANE),1,783844,2,0,0,1,2,3,2,5,Not at intersection,3,80,Arterial Other
T20230007035,2023/3/18,18:00:00,1,Collision with vehicle,6,Saturday,130,REAR END(VEHICLES IN SAME LANE),2,763363,3,0,0,2,2,4,1,5,Not at intersection,3,100,Freeway
T20230008068,2023/3/18,8:00:00,1,Collision with vehicle,6,Saturday,120,HEAD ON (NOT OVERTAKING),1,45789,2,0,0,1,1,2,2,2,T intersection,3,80,Freeway
T20230007592,2023/3/18,4:35:00,7,Fall from or in moving vehicle,6,Saturday,190,FELL IN/FROM VEHICLE,3,783848,1,0,0,1,1,2,1,5,Not at intersection,3,999,Arterial Other
T20230006447,2023/3/18,11:35:00,1,Collision with vehicle,6,Saturday,121,RIGHT THROUGH,1,44924,2,0,0,2,2,4,1,1,Cross intersection,3,60,Local Road
T20230006603,2023/3/18,9:30:00,8,No collision and no object struck,7,Saturday,174,OUT OF CONTROL ON CARRIAGEWAY (ON STRAIGHT),1,774004,1,0,1,0,0,1,2,5,Not at intersection,2,100,Local Road
T20230007442,2023/3/18,15:30:00,1,Collision with vehicle,7,Saturday,135,LANE CHANGE LEFT (NOT OVERTAKING),1,775903,2,0,0,1,1,2,2,1,Cross intersection,3,60,Arterial Highway
T20230006443,2023/3/18,10:15:00,1,Collision with vehicle,7,Saturday,121,RIGHT THROUGH,1,726280,2,0,3,1,1,5,1,1,Cross intersection,2,60,Arterial Highway
T20230006577,2023/3/18,14:30:00,1,Collision with vehicle,7,Saturday,130,REAR END(VEHICLES IN SAME LANE),1,81618,2,0,0,1,1,2,2,5,Not at intersection,3,60,Local Road
T20230006491,2023/3/18,17:00:00,1,Collision with vehicle,6,Saturday,110,CROSS TRAFFIC(INTERSECTIONS ONLY),1,44232,2,0,0,2,1,3,1,1,Cross intersection,3,50,Local Road
T20230006490,2023/3/18,13:00:00,1,Collision with vehicle,6,Saturday,121,RIGHT THROUGH,1,63036,2,0,0,1,2,3,2,2,T intersection,3,60,Arterial Other
T20230006489,2023/3/18,20:50:00,4,Collision with a fixed object,7,Saturday,173,RIGHT OFF CARRIAGEWAY INTO OBJECT/PARKED VEHICLE,3,763583,1,0,1,0,0,1,1,5,Not at intersection,2,100,Freeway
T20230006481,2023/3/18,18:50:00,1,Collision with vehicle,7,Saturday,116,LEFT NEAR (INTERSECTIONS ONLY),2,770,2,0,0,4,1,5,1,2,T intersection,3,60,Arterial Other
T20230012482,2023/3/18,13:35:00,1,Collision with vehicle,6,Saturday,130,REAR END(VEHICLES IN SAME LANE),1,781247,2,0,0,1,1,2,1,5,Not at intersection,3,60,Local Road
T20230006469,2023/3/18,14:05:00,1,Collision with vehicle,6,Saturday,147,VEHICLE STRIKES ANOTHER VEH WHILE EMERGING FROM DRIVEWAY,1,783847,2,0,0,4,0,4,1,5,Not at intersection,3,60,Local Road
T20230006468,2023/3/18,15:22:00,1,Collision with vehicle,6,Saturday,140,U TURN,1,783843,2,0,0,2,0,2,1,5,Not at intersection,3,60,Arterial Other
T20230008166,2023/3/18,16:10:00,1,Collision with vehicle,6,Saturday,130,REAR END(VEHICLES IN SAME LANE),9,43136,2,0,0,1,1,2,2,1,Cross intersection,3,80,Arterial Other
T20230006572,2023/3/18,16:00:00,7,Fall from or in moving vehicle,7,Saturday,190,FELL IN/FROM VEHICLE,1,15343,1,0,1,0,0,1,2,1,Cross intersection,2,100,Local Road
T20230006681,2023/3/18,16:00:00,1,Collision with vehicle,6,Saturday,121,RIGHT THROUGH,1,36087,2,0,0,1,1,2,2,1,Cross intersection,3,60,Arterial Other
T20230006467,2023/3/18,16:34:00,1,Collision with vehicle,7,Saturday,130,REAR END(VEHICLES IN SAME LANE),1,237284,3,0,0,1,2,3,2,5,Not at intersection,3,60,Arterial Highway
T20230006464,2023/3/18,14:50:00,4,Collision with a fixed object,7,Saturday,171,LEFT OFF CARRIAGEWAY INTO OBJECT/PARKED VEHICLE,1,761749,1,0,1,0,0,1,1,5,Not at intersection,2,60,Arterial Other
T20230006458,2023/3/18,11:42:00,1,Collision with vehicle,6,Saturday,121,RIGHT THROUGH,1,761742,2,0,2,1,1,4,1,2,T intersection,2,50,Local Road
T20230006457,2023/3/18,14:42:00,7,Fall from or in moving vehicle,6,Saturday,190,FELL IN/FROM VEHICLE,1,51695,1,0,0,2,0,2,1,2,T intersection,3,60,Arterial Other
T20230006456,2023/3/18,11:22:00,1,Collision with vehicle,6,Saturday,130,REAR END(VEHICLES IN SAME LANE),1,781288,6,0,1,1,5,7,1,5,Not at intersection,2,100,Freeway
T20230006496,2023/3/18,23:50:00,4,Collision with a fixed object,6,Saturday,175,OFF END OF ROAD/T-INTERSECTION.,3,22724,1,0,0,1,0,1,1,2,T intersection,3,60,Arterial Other
T20230006494,2023/3/18,23:40:00,1,Collision with vehicle,7,Saturday,148,VEHICLE OFF FOOTPATH STRIKES VEH ON CARRIAGEWAY,3,307301,2,0,1,0,2,3,1,2,T intersection,2,40,Local Road
T20230006453,2023/3/18,11:30:00,4,Collision with a fixed object,6,Saturday,171,LEFT OFF CARRIAGEWAY INTO OBJECT/PARKED VEHICLE,1,765529,2,0,0,1,1,2,1,2,T intersection,3,60,Local Road
T20230006452,2023/3/18,12:15:00,6,Vehicle overturned (no collision),6,Saturday,184,OUT OF CONTROL ON CARRIAGEWAY (ON BEND),1,763958,1,0,0,1,0,1,1,5,Not at intersection,3,100,Arterial Highway
T20230006540,2023/3/18,8:45:00,1,Collision with vehicle,6,Saturday,137,LEFT TURN SIDESWIPE,9,761798,2,0,1,0,1,2,2,1,Cross intersection,2,80,Freeway
T20230006424,2023/3/18,0:25:00,1,Collision with vehicle,7,Saturday,121,RIGHT THROUGH,3,319968,2,0,1,0,1,2,1,2,T intersection,2,60,Arterial Other
T20230006425,2023/3/18,2:02:00,4,Collision with a fixed object,6,Saturday,183,OFF LEFT BEND INTO OBJECT/PARKED VEHICLE,5,775902,1,0,1,0,0,1,1,5,Not at intersection,2,100,Arterial Highway
T20230006426,2023/3/18,1:35:00,1,Collision with vehicle,6,Saturday,110,CROSS TRAFFIC(INTERSECTIONS ONLY),4,42467,2,0,1,2,0,3,1,1,Cross intersection,2,80,Arterial Other
T20230008546,2023/3/18,15:00:00,8,No collision and no object struck,7,Saturday,174,OUT OF CONTROL ON CARRIAGEWAY (ON STRAIGHT),1,783911,1,0,0,1,0,1,2,5,Not at intersection,3,888,Local Road
T20230007969,2023/3/18,10:25:00,1,Collision with vehicle,7,Saturday,130,REAR END(VEHICLES IN SAME LANE),1,768790,2,0,1,0,1,2,2,2,T intersection,2,50,Local Road
T20230009130,2023/3/18,16:40:00,1,Collision with vehicle,6,Saturday,130,REAR END(VEHICLES IN SAME LANE),9,769313,2,0,0,1,1,2,2,4,Multiple intersection,3,70,Freeway
T20230007307,2023/3/18,12:00:00,1,Collision with vehicle,6,Saturday,130,REAR END(VEHICLES IN SAME LANE),1,775212,3,0,0,1,2,3,2,5,Not at intersection,3,999,Arterial Other
T20230007277,2023/3/18,21:50:00,1,Collision with vehicle,7,Saturday,130,REAR END(VEHICLES IN SAME LANE),6,723156,2,0,1,1,1,3,2,1,Cross intersection,2,60,Local Road
T20230007654,2023/3/18,15:32:00,1,Collision with vehicle,6,Saturday,130,REAR END(VEHICLES IN SAME LANE),1,774176,2,0,0,1,1,2,2,5,Not at intersection,3,999,Arterial Other
T20230007745,2023/3/18,15:05:00,1,Collision with vehicle,6,Saturday,147,VEHICLE STRIKES ANOTHER VEH WHILE EMERGING FROM DRIVEWAY,1,765043,2,0,0,1,1,2,1,4,Multiple intersection,3,40,Local Road
T20230006515,2023/3/18,22:20:00,1,Collision with vehicle,6,Saturday,163,VEHICLE STRIKES DOOR OF PARKED/STATIONARY VEHICLE,3,761797,2,0,0,2,0,2,1,5,Not at intersection,3,40,Local Road
T20230006511,2023/3/18,18:15:00,4,Collision with a fixed object,7,Saturday,173,RIGHT OFF CARRIAGEWAY INTO OBJECT/PARKED VEHICLE,1,777032,1,0,1,0,0,1,1,5,Not at intersection,2,100,Local Road
T20230025883,2023/3/18,11:15:00,1,Collision with vehicle,7,Saturday,130,REAR END(VEHICLES IN SAME LANE),1,785680,4,0,0,1,6,7,1,1,Cross intersection,3,60,Arterial Highway
T20230006508,2023/3/18,14:40:00,1,Collision with vehicle,6,Saturday,130,REAR END(VEHICLES IN SAME LANE),1,761795,2,0,0,2,1,3,2,5,Not at intersection,3,80,Freeway
T20230006545,2023/3/19,16:44:00,1,Collision with vehicle,1,Sunday,130,REAR END(VEHICLES IN SAME LANE),1,780414,3,0,0,2,1,3,1,2,T intersection,3,80,Arterial Highway
T20230006547,2023/3/19,21:45:00,2,Struck Pedestrian,0,Sunday,106,VEH STRIKES PED ON FOOTPATH/MEDIAN/TRAFFIC ISLAND.,3,36364,1,0,0,1,1,2,1,2,T intersection,3,40,Arterial Other
T20230006551,2023/3/19,19:00:00,1,Collision with vehicle,1,Sunday,152,PULLING OUT (OVERTAKING),1,139023,2,0,1,0,1,2,1,5,Not at intersection,2,40,Arterial Other
T20230006537,2023/3/19,17:05:00,1,Collision with vehicle,0,Sunday,121,RIGHT THROUGH,1,779462,2,0,0,2,1,3,1,1,Cross intersection,3,70,Arterial Other
T20230006541,2023/3/19,18:24:00,4,Collision with a fixed object,0,Sunday,151,OUT OF CONTROL (OVERTAKING),2,781662,2,0,0,1,1,2,1,5,Not at intersection,3,50,Arterial Other
T20230006567,2023/3/19,15:00:00,8,No collision and no object struck,1,Sunday,174,OUT OF CONTROL ON CARRIAGEWAY (ON STRAIGHT),1,764340,2,0,2,0,0,2,1,5,Not at intersection,2,40,Arterial Highway
T20230006568,2023/3/19,20:16:00,1,Collision with vehicle,1,Sunday,113,RIGHT NEAR (INTERSECTIONS ONLY),6,52926,2,0,1,0,1,2,1,1,Cross intersection,2,60,Arterial Other
T20230006542,2023/3/19,20:22:00,1,Collision with vehicle,1,Sunday,130,REAR END(VEHICLES IN SAME LANE),3,762018,2,0,0,2,1,3,1,2,T intersection,3,60,Arterial Highway
T20230006516,2023/3/19,12:21:00,1,Collision with vehicle,0,Sunday,131,LEFT REAR,1,777432,2,0,0,1,1,2,1,2,T intersection,3,60,Local Road
T20230006501,2023/3/19,1:30:00,4,Collision with a fixed object,1,Sunday,171,LEFT OFF CARRIAGEWAY INTO OBJECT/PARKED VEHICLE,5,774474,1,0,1,0,0,1,1,5,Not at intersection,2,100,Local Road
T20230006527,2023/3/19,17:00:00,4,Collision with a fixed object,1,Sunday,175,OFF END OF ROAD/T-INTERSECTION.,1,53335,1,0,1,0,0,1,1,2,T intersection,2,100,Arterial Other
T20230007447,2023/3/19,15:00:00,1,Collision with vehicle,0,Sunday,113,RIGHT NEAR (INTERSECTIONS ONLY),1,346027,2,0,0,2,2,4,1,2,T intersection,3,70,Arterial Other
T20230006528,2023/3/19,14:30:00,2,Struck Pedestrian,1,Sunday,102,FAR SIDE. PED HIT BY VEHICLE FROM THE LEFT,1,52755,1,0,1,0,1,2,1,1,Cross intersection,2,60,Arterial Other
T20230006529,2023/3/19,18:00:00,1,Collision with vehicle,1,Sunday,120,HEAD ON (NOT OVERTAKING),1,765032,2,0,0,1,1,2,1,5,Not at intersection,3,80,Arterial Other
T20230008666,2023/3/19,14:00:00,1,Collision with vehicle,0,Sunday,142,LEAVING PARKING,1,782410,2,0,0,1,0,1,2,5,Not at intersection,3,50,Local Road
T20230006499,2023/3/19,0:32:00,7,Fall from or in moving vehicle,1,Sunday,190,FELL IN/FROM VEHICLE,5,768404,1,0,1,0,1,2,1,5,Not at intersection,2,100,
T20230006538,2023/3/19,13:00:00,6,Vehicle overturned (no collision),1,Sunday,182,OFF CARRIAGEWAY ON LEFT BEND,1,771104,1,1,0,0,0,1,1,5,Not at intersection,1,100,Local Road
T20230007378,2023/3/19,10:00:00,1,Collision with vehicle,0,Sunday,135,LANE CHANGE LEFT (NOT OVERTAKING),1,764093,2,0,0,2,3,5,2,5,Not at intersection,3,60,Local Road
T20240002413,2023/3/19,15:00:00,7,Fall from or in moving vehicle,1,Sunday,184,OUT OF CONTROL ON CARRIAGEWAY (ON BEND),1,239044,1,0,0,1,0,1,2,2,T intersection,3,999,Local Road
T20230006543,2023/3/19,20:11:00,1,Collision with vehicle,1,Sunday,160,VEHICLE COLLIDES WITH VEHICLE PARKED ON LEFT OF ROAD,3,69131,4,0,1,0,0,1,1,2,T intersection,2,60,Arterial Other
T20230006514,2023/3/19,7:35:00,1,Collision with vehicle,1,Sunday,110,CROSS TRAFFIC(INTERSECTIONS ONLY),1,15407,2,0,1,0,1,2,1,1,Cross intersection,2,60,Arterial Highway
T20230006513,2023/3/19,11:30:00,1,Collision with vehicle,0,Sunday,130,REAR END(VEHICLES IN SAME LANE),1,761796,2,0,0,1,2,3,2,5,Not at intersection,3,60,Local Road
T20230008046,2023/3/19,1:30:00,7,Fall from or in moving vehicle,1,Sunday,190,FELL IN/FROM VEHICLE,5,767605,1,0,1,0,1,2,2,5,Not at intersection,2,100,Local Road
T20230011674,2023/3/19,6:50:00,1,Collision with vehicle,1,Sunday,116,LEFT NEAR (INTERSECTIONS ONLY),3,57045,2,0,0,1,1,2,2,3,Y intersection,3,80,Arterial Other
T20230009842,2023/3/19,17:15:00,1,Collision with vehicle,0,Sunday,130,REAR END(VEHICLES IN SAME LANE),9,619374,2,0,0,1,2,3,2,1,Cross intersection,3,60,Arterial Highway
T20230008970,2023/3/19,16:40:00,8,No collision and no object struck,0,Sunday,179,OTHER ACCIDENTS-OFF STRAIGHT NOT INCLUDED IN DCAs 170-175,1,52383,1,0,0,1,0,1,2,2,T intersection,3,60,Local Road
T20230006611,2023/3/19,17:00:00,8,No collision and no object struck,0,Sunday,174,OUT OF CONTROL ON CARRIAGEWAY (ON STRAIGHT),9,783917,1,0,1,0,0,1,2,5,Not at intersection,2,50,Local Road
T20230009036,2023/3/19,19:30:00,1,Collision with vehicle,0,Sunday,121,RIGHT THROUGH,3,43741,2,0,0,1,1,2,1,1,Cross intersection,3,50,Arterial Other
T20230006530,2023/3/19,17:10:00,1,Collision with vehicle,1,Sunday,121,RIGHT THROUGH,1,41372,2,0,1,1,1,3,1,1,Cross intersection,2,50,Local Road
T20230006521,2023/3/19,13:11:00,1,Collision with vehicle,1,Sunday,140,U TURN,1,776815,2,0,2,0,0,2,1,5,Not at intersection,2,70,Arterial Other
T20230006638,2023/3/19,22:00:00,1,Collision with vehicle,1,Sunday,130,REAR END(VEHICLES IN SAME LANE),3,22519,2,0,0,1,1,2,2,1,Cross intersection,3,60,Arterial Other
T20230006520,2023/3/19,13:15:00,1,Collision with vehicle,0,Sunday,140,U TURN,1,763472,2,0,1,0,1,2,1,2,T intersection,2,50,Local Road
T20230006531,2023/3/19,15:09:00,2,Struck Pedestrian,0,Sunday,108,PED STRUCK WALKING TO/FROM OR BOARDING/ALIGHTING VEHICLE.,1,35302,1,0,0,1,1,2,1,1,Cross intersection,3,40,Arterial Other
T20230006519,2023/3/19,11:08:00,1,Collision with vehicle,0,Sunday,134,LANE CHANGE RIGHT (NOT OVERTAKING),1,770455,2,0,1,0,1,2,1,2,T intersection,2,80,Arterial Other
T20230006564,2023/3/20,7:15:00,1,Collision with vehicle,2,Monday,137,LEFT TURN SIDESWIPE,1,53272,2,0,1,0,1,2,1,2,T intersection,2,60,Local Road
T20230006881,2023/3/20,13:45:00,1,Collision with vehicle,2,Monday,121,RIGHT THROUGH,1,281610,2,0,0,1,1,2,1,2,T intersection,3,60,Arterial Other
T20230006623,2023/3/20,19:54:00,2,Struck Pedestrian,1,Monday,107,PED ON FOOTHPATH STRUCK BY VEHENTERING/LEAVING DRIVEWAY.,3,332304,1,0,0,2,2,4,1,5,Not at intersection,3,60,Local Road
T20230009029,2023/3/20,12:00:00,1,Collision with vehicle,1,Monday,110,CROSS TRAFFIC(INTERSECTIONS ONLY),1,52912,2,0,0,1,1,2,1,1,Cross intersection,3,60,Local Road
T20230013415,2023/3/20,8:20:00,1,Collision with vehicle,2,Monday,147,VEHICLE STRIKES ANOTHER VEH WHILE EMERGING FROM DRIVEWAY,1,206323,2,0,0,2,0,2,1,5,Not at intersection,3,999,Arterial Highway
T20230006574,2023/3/20,8:48:00,1,Collision with vehicle,1,Monday,130,REAR END(VEHICLES IN SAME LANE),1,319130,3,0,0,1,3,4,1,5,Not at intersection,3,100,Freeway
T20230006575,2023/3/20,9:46:00,2,Struck Pedestrian,2,Monday,102,FAR SIDE. PED HIT BY VEHICLE FROM THE LEFT,1,762262,1,0,1,0,1,2,1,1,Cross intersection,2,80,Arterial Other
T20230006839,2023/3/20,16:50:00,1,Collision with vehicle,1,Monday,133,LANE SIDE SWIPE (VEHICLES IN PARALLEL LANES),1,762732,2,0,1,0,1,2,1,5,Not at intersection,2,80,Arterial Highway
T20230006581,2023/3/20,8:10:00,1,Collision with vehicle,2,Monday,110,CROSS TRAFFIC(INTERSECTIONS ONLY),1,29826,2,0,1,0,1,2,1,1,Cross intersection,2,80,Freeway
T20230006583,2023/3/20,9:10:00,1,Collision with vehicle,2,Monday,110,CROSS TRAFFIC(INTERSECTIONS ONLY),1,67977,3,0,0,1,2,3,1,1,Cross intersection,3,50,Local Road
T20230006631,2023/3/20,20:41:00,1,Collision with vehicle,1,Monday,121,RIGHT THROUGH,3,57349,2,0,0,1,1,2,1,1,Cross intersection,3,80,Arterial Other
T20230006584,2023/3/20,6:45:00,1,Collision with vehicle,2,Monday,147,VEHICLE STRIKES ANOTHER VEH WHILE EMERGING FROM DRIVEWAY,2,762145,2,0,0,1,1,2,1,5,Not at intersection,3,100,Arterial Other
T20230006585,2023/3/20,8:30:00,1,Collision with vehicle,2,Monday,121,RIGHT THROUGH,1,359960,2,0,1,0,2,3,1,1,Cross intersection,2,80,Arterial Other
T20230006587,2023/3/20,12:10:00,1,Collision with vehicle,1,Monday,113,RIGHT NEAR (INTERSECTIONS ONLY),1,36772,2,0,1,0,2,3,1,2,T intersection,2,60,Arterial Other
T20230006590,2023/3/20,13:00:00,2,Struck Pedestrian,1,Monday,103,PED PLAYING/LYING/WORKING/STANDING ON CARRIAGEWAY.,1,783948,1,0,0,1,1,2,1,5,Not at intersection,3,60,Arterial Other
T20230006601,2023/3/20,14:46:00,4,Collision with a fixed object,1,Monday,173,RIGHT OFF CARRIAGEWAY INTO OBJECT/PARKED VEHICLE,1,773202,1,0,1,0,0,1,1,5,Not at intersection,2,100,Local Road
T20230006607,2023/3/20,16:40:00,4,Collision with a fixed object,2,Monday,181,OFF RIGHT BEND INTO OBJECT/PARKED VEHICLE,1,776369,1,0,0,1,0,1,1,5,Not at intersection,3,100,Arterial Highway
T20230009245,2023/3/20,8:31:00,1,Collision with vehicle,2,Monday,130,REAR END(VEHICLES IN SAME LANE),1,38517,3,0,0,1,2,3,1,2,T intersection,3,60,Arterial Other
T20230008478,2023/3/20,15:00:00,1,Collision with vehicle,1,Monday,130,REAR END(VEHICLES IN SAME LANE),1,712494,2,0,0,1,1,2,2,1,Cross intersection,3,999,Local Road
T20230006992,2023/3/20,12:45:00,7,Fall from or in moving vehicle,1,Monday,190,FELL IN/FROM VEHICLE,1,248617,1,0,0,1,0,1,1,5,Not at intersection,3,80,Arterial Highway
T20230007196,2023/3/20,16:00:00,1,Collision with vehicle,1,Monday,139,OTHER SAME DIRECTION-MANOUEVRES NOT INCLUDED IN DCAs 130-137,1,763616,2,0,0,1,1,2,2,5,Not at intersection,3,80,Arterial Other
T20230006612,2023/3/20,17:46:00,4,Collision with a fixed object,1,Monday,181,OFF RIGHT BEND INTO OBJECT/PARKED VEHICLE,1,781362,1,0,1,0,0,1,1,5,Not at intersection,2,100,Freeway
T20230006626,2023/3/20,15:34:00,5,collision with some other object,2,Monday,179,OTHER ACCIDENTS-OFF STRAIGHT NOT INCLUDED IN DCAs 170-175,1,762136,1,0,0,1,1,2,1,5,Not at intersection,3,50,Local Road
T20230007595,2023/3/20,7:30:00,2,Struck Pedestrian,1,Monday,107,PED ON FOOTHPATH STRUCK BY VEHENTERING/LEAVING DRIVEWAY.,9,243728,1,0,0,1,1,2,2,5,Not at intersection,3,999,Local Road
T20230008756,2023/3/20,7:00:00,1,Collision with vehicle,1,Monday,121,RIGHT THROUGH,2,65532,2,0,0,1,1,2,2,1,Cross intersection,3,999,Arterial Other
T20230006632,2023/3/20,21:55:00,1,Collision with vehicle,1,Monday,131,LEFT REAR,3,777438,2,0,0,1,1,2,1,5,Not at intersection,3,50,Arterial Other
T20230006730,2023/3/20,20:00:00,4,Collision with a fixed object,2,Monday,171,LEFT OFF CARRIAGEWAY INTO OBJECT/PARKED VEHICLE,5,775581,1,0,0,1,0,1,2,5,Not at intersection,3,60,Arterial Other
T20230008147,2023/3/20,12:00:00,1,Collision with vehicle,1,Monday,113,RIGHT NEAR (INTERSECTIONS ONLY),1,797650,2,0,0,1,1,2,2,2,T intersection,3,999,Local Road
T20230006644,2023/3/20,14:40:00,1,Collision with vehicle,2,Monday,130,REAR END(VEHICLES IN SAME LANE),1,774096,2,0,0,1,2,3,1,5,Not at intersection,3,100,Arterial Other
T20230007024,2023/3/20,14:00:00,2,Struck Pedestrian,1,Monday,100,PED NEAR SIDE. PED HIT BY VEHICLE FROM THE RIGHT.,1,774174,1,0,0,1,1,2,9,5,Not at intersection,3,40,Arterial Other
T20230006615,2023/3/20,18:00:00,1,Collision with vehicle,2,Monday,160,VEHICLE COLLIDES WITH VEHICLE PARKED ON LEFT OF ROAD,1,763606,2,0,0,2,0,2,1,5,Not at intersection,3,50,Arterial Other
T20230009161,2023/3/20,9:20:00,1,Collision with vehicle,1,Monday,130,REAR END(VEHICLES IN SAME LANE),1,788483,4,0,0,1,3,4,1,5,Not at intersection,3,80,Freeway
T20230006571,2023/3/20,8:30:00,1,Collision with vehicle,1,Monday,130,REAR END(VEHICLES IN SAME LANE),1,777413,2,0,0,1,1,2,2,5,Not at intersection,3,100,Freeway
T20230006686,2023/3/20,13:05:00,1,Collision with vehicle,2,Monday,131,LEFT REAR,1,775415,2,0,0,1,1,2,2,1,Cross intersection,3,70,Local Road
T20230007372,2023/3/20,7:49:00,1,Collision with vehicle,1,Monday,120,HEAD ON (NOT OVERTAKING),1,765659,2,0,0,1,1,2,1,5,Not at intersection,3,50,Local Road