ACCIDENT_NO,ACCIDENT_DATE,ACCIDENT_TIME,ACCIDENT_TYPE,ACCIDENT_TYPE_DESC,DAY_OF_WEEK,DAY_WEEK_DESC,DCA_CODE,DCA_DESC,LIGHT_CONDITION,NODE_ID,NO_OF_VEHICLES,NO_PERSONS_KILLED,NO_PERSONS_INJ_2,NO_PERSONS_INJ_3,NO_PERSONS_NOT_INJ,NO_PERSONS,POLICE_ATTEND,ROAD_GEOMETRY,ROAD_GEOMETRY_DESC,SEVERITY,SPEED_ZONE,RMA
T20230007036,2023/3/20,9:05:00,1,Collision with vehicle,1,Monday,124,RIGHT/RIGHT BOTH VEHs FROM OPPOSITE DIRECTIONS TURNING RIGHT,1,37910,2,0,0,1,1,2,2,1,Cross intersection,3,40,Arterial Other
T20230006635,2023/3/20,23:00:00,1,Collision with vehicle,2,Monday,148,VEHICLE OFF FOOTPATH STRIKES VEH ON CARRIAGEWAY,3,771102,2,0,1,0,1,2,1,2,T intersection,2,50,Arterial Other
T20230006660,2023/3/20,16:40:00,2,Struck Pedestrian,1,Monday,100,PED NEAR SIDE. PED HIT BY VEHICLE FROM THE RIGHT.,1,781555,1,0,0,1,1,2,1,5,Not at intersection,3,50,Local Road
T20230006617,2023/3/20,15:19:00,1,Collision with vehicle,2,Monday,116,LEFT NEAR (INTERSECTIONS ONLY),1,41485,2,0,1,0,1,2,1,1,Cross intersection,2,60,Local Road
T20230014322,2023/3/20,19:51:00,1,Collision with vehicle,2,Monday,130,REAR END(VEHICLES IN SAME LANE),2,774052,2,0,0,1,1,2,2,5,Not at intersection,3,60,Arterial Highway
T20230006941,2023/3/20,14:45:00,1,Collision with vehicle,1,Monday,130,REAR END(VEHICLES IN SAME LANE),1,312763,2,0,0,1,1,2,2,1,Cross intersection,3,999,Freeway
T20230006637,2023/3/20,20:55:00,1,Collision with vehicle,1,Monday,160,VEHICLE COLLIDES WITH VEHICLE PARKED ON LEFT OF ROAD,2,52755,2,0,0,1,2,3,1,1,Cross intersection,3,60,Arterial Other
T20230006858,2023/3/20,18:00:00,1,Collision with vehicle,1,Monday,163,VEHICLE STRIKES DOOR OF PARKED/STATIONARY VEHICLE,1,776126,2,0,1,0,1,2,2,5,Not at intersection,2,40,Local Road
T20230006560,2023/3/20,4:30:00,4,Collision with a fixed object,1,Monday,171,LEFT OFF CARRIAGEWAY INTO OBJECT/PARKED VEHICLE,5,776780,1,0,1,0,0,1,2,5,Not at intersection,2,100,Local Road
T20230006650,2023/3/21,6:45:00,2,Struck Pedestrian,3,Tuesday,100,PED NEAR SIDE. PED HIT BY VEHICLE FROM THE RIGHT.,2,775267,1,0,1,0,1,2,1,5,Not at intersection,2,70,Arterial Highway
T20230006656,2023/3/21,9:50:00,1,Collision with vehicle,2,Tuesday,130,REAR END(VEHICLES IN SAME LANE),1,762941,3,0,0,2,1,3,1,5,Not at intersection,3,50,Local Road
T20230006725,2023/3/21,15:50:00,1,Collision with vehicle,3,Tuesday,113,RIGHT NEAR (INTERSECTIONS ONLY),1,765274,2,0,0,2,4,6,2,2,T intersection,3,50,Local Road
T20230006959,2023/3/21,7:10:00,3,Struck animal,3,Tuesday,167,STRUCK ANIMAL,2,773889,1,0,1,0,0,1,1,5,Not at intersection,2,100,Local Road
T20230007450,2023/3/21,16:33:00,4,Collision with a fixed object,2,Tuesday,181,OFF RIGHT BEND INTO OBJECT/PARKED VEHICLE,1,781604,1,0,1,0,1,2,1,5,Not at intersection,2,110,Freeway
T20230006676,2023/3/21,12:00:00,4,Collision with a fixed object,2,Tuesday,173,RIGHT OFF CARRIAGEWAY INTO OBJECT/PARKED VEHICLE,1,783949,1,0,0,1,0,1,1,5,Not at intersection,3,60,Local Road
T20230006720,2023/3/21,15:20:00,4,Collision with a fixed object,3,Tuesday,171,LEFT OFF CARRIAGEWAY INTO OBJECT/PARKED VEHICLE,1,41061,1,0,1,0,0,1,1,2,T intersection,2,60,Arterial Other
T20230006675,2023/3/21,11:50:00,6,Vehicle overturned (no collision),3,Tuesday,170,OFF CARRIAGEWAY TO LEFT,1,764487,1,0,1,0,0,1,1,5,Not at intersection,2,100,Local Road
T20230006664,2023/3/21,12:20:00,1,Collision with vehicle,3,Tuesday,113,RIGHT NEAR (INTERSECTIONS ONLY),1,44014,2,0,0,1,3,4,1,2,T intersection,3,80,Arterial Highway
T20230006973,2023/3/21,18:55:00,1,Collision with vehicle,2,Tuesday,130,REAR END(VEHICLES IN SAME LANE),2,777742,2,0,0,1,1,2,2,5,Not at intersection,3,80,Freeway
T20230007575,2023/3/21,16:45:00,1,Collision with vehicle,2,Tuesday,111,RIGHT FAR (INTERSECTIONS ONLY),1,773714,2,0,0,1,1,2,1,2,T intersection,3,60,Arterial Highway
T20230006647,2023/3/21,8:25:00,1,Collision with vehicle,2,Tuesday,135,LANE CHANGE LEFT (NOT OVERTAKING),1,762263,2,0,1,0,1,2,1,5,Not at intersection,2,40,Local Road
T20230007085,2023/3/21,22:20:00,2,Struck Pedestrian,3,Tuesday,100,PED NEAR SIDE. PED HIT BY VEHICLE FROM THE RIGHT.,6,766227,1,0,0,1,1,2,1,5,Not at intersection,3,50,Arterial Highway
T20230007473,2023/3/21,8:11:00,1,Collision with vehicle,2,Tuesday,121,RIGHT THROUGH,2,40479,2,0,0,1,1,2,2,2,T intersection,3,40,Arterial Other
T20230006708,2023/3/21,19:28:00,1,Collision with vehicle,3,Tuesday,116,LEFT NEAR (INTERSECTIONS ONLY),2,762501,2,0,0,1,1,2,1,1,Cross intersection,3,50,Local Road
T20230006655,2023/3/21,10:40:00,1,Collision with vehicle,3,Tuesday,160,VEHICLE COLLIDES WITH VEHICLE PARKED ON LEFT OF ROAD,1,773888,2,0,0,1,0,1,1,2,T intersection,3,50,Local Road
T20230006689,2023/3/21,17:01:00,1,Collision with vehicle,3,Tuesday,130,REAR END(VEHICLES IN SAME LANE),1,762500,3,0,1,0,2,3,1,5,Not at intersection,2,80,Arterial Highway
T20230006639,2023/3/21,1:05:00,4,Collision with a fixed object,3,Tuesday,171,LEFT OFF CARRIAGEWAY INTO OBJECT/PARKED VEHICLE,3,69343,1,0,0,2,1,3,1,2,T intersection,3,70,Arterial Highway
T20230012523,2023/3/21,5:00:00,3,Struck animal,3,Tuesday,167,STRUCK ANIMAL,5,775233,1,0,0,1,0,1,2,5,Not at intersection,3,100,Arterial Other
T20230006654,2023/3/21,9:50:00,1,Collision with vehicle,2,Tuesday,110,CROSS TRAFFIC(INTERSECTIONS ONLY),1,63541,2,0,0,2,0,2,1,1,Cross intersection,3,50,Local Road
T20230006657,2023/3/21,6:30:00,1,Collision with vehicle,2,Tuesday,130,REAR END(VEHICLES IN SAME LANE),2,762264,2,0,0,1,1,2,2,5,Not at intersection,3,100,Freeway
T20230006718,2023/3/21,17:36:00,5,collision with some other object,3,Tuesday,166,STRUCK OBJECT ON CARRIAGEWAY,1,770594,1,0,1,0,0,1,1,5,Not at intersection,2,888,Local Road
T20230006759,2023/3/21,17:15:00,1,Collision with vehicle,2,Tuesday,130,REAR END(VEHICLES IN SAME LANE),2,781742,2,0,0,1,3,4,2,5,Not at intersection,3,60,Arterial Other
T20230006789,2023/3/21,19:05:00,1,Collision with vehicle,3,Tuesday,163,VEHICLE STRIKES DOOR OF PARKED/STATIONARY VEHICLE,2,781654,2,0,0,1,1,2,2,5,Not at intersection,3,40,Arterial Other
T20230007988,2023/3/21,17:45:00,1,Collision with vehicle,2,Tuesday,110,CROSS TRAFFIC(INTERSECTIONS ONLY),1,37861,2,0,0,1,1,2,2,1,Cross intersection,3,50,Local Road
T20230022681,2023/3/21,17:00:00,1,Collision with vehicle,2,Tuesday,199,UNKNOWN-NO DETAILS ON MANOEUVRES OF ROAD-USERS IN ACCIDENT,2,44976,2,0,0,1,1,2,1,2,T intersection,3,60,Arterial Other
T20230006802,2023/3/21,5:43:00,8,No collision and no object struck,3,Tuesday,170,OFF CARRIAGEWAY TO LEFT,3,773890,2,0,0,1,0,1,2,5,Not at intersection,3,999,Local Road
T20230006716,2023/3/21,18:52:00,2,Struck Pedestrian,2,Tuesday,109,ANY MANOEUVRE INVOLVING PED NOT INCLUDED IN DCAs 100-108.,5,775396,2,0,0,1,1,2,1,5,Not at intersection,3,100,Local Road
T20230006719,2023/3/21,18:20:00,4,Collision with a fixed object,3,Tuesday,181,OFF RIGHT BEND INTO OBJECT/PARKED VEHICLE,5,771823,1,0,3,1,0,4,1,5,Not at intersection,2,100,Arterial Other
T20230006711,2023/3/21,19:27:00,1,Collision with vehicle,2,Tuesday,133,LANE SIDE SWIPE (VEHICLES IN PARALLEL LANES),2,227774,2,0,0,1,1,2,1,1,Cross intersection,3,60,Arterial Other
T20230006651,2023/3/21,9:04:00,1,Collision with vehicle,2,Tuesday,121,RIGHT THROUGH,1,763473,3,0,0,1,2,3,1,2,T intersection,3,60,Arterial Other
T20230006710,2023/3/21,14:40:00,8,No collision and no object struck,2,Tuesday,174,OUT OF CONTROL ON CARRIAGEWAY (ON STRAIGHT),1,762270,1,0,0,1,0,1,1,5,Not at intersection,3,60,Arterial Other
T20230006678,2023/3/21,11:02:00,6,Vehicle overturned (no collision),3,Tuesday,174,OUT OF CONTROL ON CARRIAGEWAY (ON STRAIGHT),1,769546,1,0,1,0,0,1,1,5,Not at intersection,2,888,Local Road
T20230006705,2023/3/21,16:08:00,1,Collision with vehicle,3,Tuesday,111,RIGHT FAR (INTERSECTIONS ONLY),2,36033,2,0,0,1,2,3,1,1,Cross intersection,3,60,Local Road
T20230006702,2023/3/21,16:02:00,4,Collision with a fixed object,2,Tuesday,173,RIGHT OFF CARRIAGEWAY INTO OBJECT/PARKED VEHICLE,1,787862,1,0,0,1,0,1,1,5,Not at intersection,3,100,Freeway
T20230006742,2023/3/22,7:35:00,1,Collision with vehicle,3,Wednesday,130,REAR END(VEHICLES IN SAME LANE),1,763141,4,0,0,1,3,4,1,5,Not at intersection,3,70,Arterial Highway
T20230006744,2023/3/22,7:10:00,1,Collision with vehicle,3,Wednesday,130,REAR END(VEHICLES IN SAME LANE),1,773883,3,0,0,1,2,3,1,5,Not at intersection,3,100,Freeway
T20230006951,2023/3/22,6:50:00,1,Collision with vehicle,4,Wednesday,111,RIGHT FAR (INTERSECTIONS ONLY),1,45570,2,0,0,2,1,3,2,2,T intersection,3,60,Arterial Other
T20230006747,2023/3/22,6:55:00,1,Collision with vehicle,3,Wednesday,110,CROSS TRAFFIC(INTERSECTIONS ONLY),3,50038,2,0,0,1,1,2,1,1,Cross intersection,3,60,Local Road
T20230006964,2023/3/22,18:40:00,1,Collision with vehicle,3,Wednesday,130,REAR END(VEHICLES IN SAME LANE),2,778183,2,0,0,1,1,2,2,5,Not at intersection,3,60,Arterial Highway
T20230007286,2023/3/22,10:05:00,5,collision with some other object,4,Wednesday,166,STRUCK OBJECT ON CARRIAGEWAY,1,763856,1,0,0,1,0,1,2,5,Not at intersection,3,100,Freeway
T20230012070,2023/3/22,8:45:00,1,Collision with vehicle,3,Wednesday,130,REAR END(VEHICLES IN SAME LANE),1,774714,2,0,0,1,1,2,2,1,Cross intersection,3,40,Arterial Other
T20230007883,2023/3/22,7:30:00,1,Collision with vehicle,3,Wednesday,130,REAR END(VEHICLES IN SAME LANE),2,781736,2,0,0,1,1,2,1,5,Not at intersection,3,100,Freeway
T20230007936,2023/3/22,19:30:00,7,Fall from or in moving vehicle,3,Wednesday,190,FELL IN/FROM VEHICLE,2,773112,1,0,0,1,0,1,2,5,Not at intersection,3,40,Local Road
T20230008293,2023/3/22,14:00:00,4,Collision with a fixed object,3,Wednesday,171,LEFT OFF CARRIAGEWAY INTO OBJECT/PARKED VEHICLE,1,773885,1,0,0,1,0,1,2,5,Not at intersection,3,100,Local Road
T20230006842,2023/3/22,15:05:00,1,Collision with vehicle,4,Wednesday,121,RIGHT THROUGH,1,29413,2,0,1,1,1,3,1,1,Cross intersection,2,40,Arterial Other
T20230006840,2023/3/22,12:40:00,1,Collision with vehicle,3,Wednesday,116,LEFT NEAR (INTERSECTIONS ONLY),1,37576,2,0,0,1,1,2,1,2,T intersection,3,60,Arterial Other
T20230007570,2023/3/22,11:10:00,1,Collision with vehicle,4,Wednesday,132,RIGHT REAR.,9,779303,2,0,0,1,1,2,2,2,T intersection,3,60,Arterial Highway
T20230006751,2023/3/22,11:00:00,1,Collision with vehicle,4,Wednesday,148,VEHICLE OFF FOOTPATH STRIKES VEH ON CARRIAGEWAY,1,773880,2,0,0,1,1,2,1,2,T intersection,3,60,Arterial Highway
T20230006757,2023/3/22,10:38:00,1,Collision with vehicle,4,Wednesday,149,OTHER MANOEUVRING NOT INCLUDED IN DCAs 140-148,1,781741,3,0,0,1,2,3,1,5,Not at intersection,3,50,Local Road
T20230006826,2023/3/22,23:25:00,1,Collision with vehicle,4,Wednesday,142,LEAVING PARKING,6,246091,2,0,1,0,1,2,2,5,Not at intersection,2,40,Local Road
T20230006820,2023/3/22,5:35:00,4,Collision with a fixed object,4,Wednesday,173,RIGHT OFF CARRIAGEWAY INTO OBJECT/PARKED VEHICLE,3,773910,1,0,1,0,0,1,1,5,Not at intersection,2,999,Local Road
T20230006818,2023/3/22,15:00:00,1,Collision with vehicle,4,Wednesday,139,OTHER SAME DIRECTION-MANOUEVRES NOT INCLUDED IN DCAs 130-137,1,37156,2,0,0,1,2,3,2,1,Cross intersection,3,60,Local Road
T20230006816,2023/3/22,21:25:00,1,Collision with vehicle,4,Wednesday,121,RIGHT THROUGH,3,294710,2,0,1,0,3,4,1,2,T intersection,2,60,Arterial Other
T20230006813,2023/3/22,20:09:00,4,Collision with a fixed object,4,Wednesday,171,LEFT OFF CARRIAGEWAY INTO OBJECT/PARKED VEHICLE,5,769775,1,0,1,0,0,1,1,5,Not at intersection,2,100,Arterial Other
T20230006809,2023/3/22,18:30:00,6,Vehicle overturned (no collision),4,Wednesday,172,OFF CARRIAGEWAY TO RIGHT,1,775583,1,0,1,2,0,3,2,5,Not at intersection,2,100,Local Road
T20230006806,2023/3/22,13:23:00,1,Collision with vehicle,4,Wednesday,110,CROSS TRAFFIC(INTERSECTIONS ONLY),1,37829,3,0,1,0,3,4,1,1,Cross intersection,2,50,Arterial Other
T20230006799,2023/3/22,19:00:00,2,Struck Pedestrian,4,Wednesday,100,PED NEAR SIDE. PED HIT BY VEHICLE FROM THE RIGHT.,1,773632,1,0,1,0,1,2,1,1,Cross intersection,2,60,Local Road
T20230006793,2023/3/22,15:45:00,6,Vehicle overturned (no collision),4,Wednesday,180,OFF CARRIAGEWAY ON RIGHT BEND,1,763143,1,0,1,0,4,5,1,5,Not at intersection,2,60,Local Road
T20230006783,2023/3/22,14:15:00,1,Collision with vehicle,3,Wednesday,110,CROSS TRAFFIC(INTERSECTIONS ONLY),1,781743,2,0,2,0,2,4,1,1,Cross intersection,2,100,Local Road
T20230006780,2023/3/22,14:30:00,4,Collision with a fixed object,3,Wednesday,171,LEFT OFF CARRIAGEWAY INTO OBJECT/PARKED VEHICLE,1,778506,1,0,0,1,0,1,1,5,Not at intersection,3,100,Local Road
T20230008463,2023/3/22,8:30:00,1,Collision with vehicle,3,Wednesday,130,REAR END(VEHICLES IN SAME LANE),1,791515,3,0,0,1,2,3,2,5,Not at intersection,3,40,Arterial Other
T20230006758,2023/3/22,8:15:00,1,Collision with vehicle,4,Wednesday,160,VEHICLE COLLIDES WITH VEHICLE PARKED ON LEFT OF ROAD,1,773879,2,0,1,0,0,1,2,5,Not at intersection,2,60,Local Road
T20230006761,2023/3/22,5:48:00,4,Collision with a fixed object,3,Wednesday,175,OFF END OF ROAD/T-INTERSECTION.,2,783958,1,0,0,1,0,1,1,2,T intersection,3,80,Arterial Highway
T20230010996,2023/3/22,10:15:00,1,Collision with vehicle,3,Wednesday,130,REAR END(VEHICLES IN SAME LANE),1,773861,2,0,0,1,2,3,2,2,T intersection,3,40,Arterial Other
T20230006763,2023/3/22,12:48:00,1,Collision with vehicle,4,Wednesday,130,REAR END(VEHICLES IN SAME LANE),1,50755,2,0,0,2,0,2,1,2,T intersection,3,80,Arterial Highway
T20230006769,2023/3/22,7:32:00,4,Collision with a fixed object,3,Wednesday,171,LEFT OFF CARRIAGEWAY INTO OBJECT/PARKED VEHICLE,1,782440,1,0,1,0,0,1,1,2,T intersection,2,60,
T20230007117,2023/3/22,17:00:00,1,Collision with vehicle,4,Wednesday,130,REAR END(VEHICLES IN SAME LANE),1,773203,2,0,2,0,0,2,2,5,Not at intersection,2,60,Local Road
T20230006775,2023/3/22,13:25:00,2,Struck Pedestrian,4,Wednesday,100,PED NEAR SIDE. PED HIT BY VEHICLE FROM THE RIGHT.,1,36819,1,0,0,1,1,2,2,1,Cross intersection,3,40,Arterial Other
T20230006776,2023/3/22,13:45:00,1,Collision with vehicle,4,Wednesday,135,LANE CHANGE LEFT (NOT OVERTAKING),1,764343,2,0,1,0,1,2,1,5,Not at intersection,2,60,Arterial Other
T20230006777,2023/3/22,12:15:00,4,Collision with a fixed object,3,Wednesday,183,OFF LEFT BEND INTO OBJECT/PARKED VEHICLE,1,775397,1,0,1,0,0,1,1,5,Not at intersection,2,100,Local Road
T20230006738,2023/3/22,7:34:00,1,Collision with vehicle,4,Wednesday,130,REAR END(VEHICLES IN SAME LANE),1,57576,2,0,1,0,1,2,1,1,Cross intersection,2,80,Arterial Highway
T20230007242,2023/3/22,8:40:00,1,Collision with vehicle,3,Wednesday,130,REAR END(VEHICLES IN SAME LANE),1,769547,2,0,0,1,1,2,2,1,Cross intersection,3,60,Arterial Other
T20230006735,2023/3/22,6:50:00,1,Collision with vehicle,3,Wednesday,121,RIGHT THROUGH,2,29783,2,0,1,1,2,4,1,2,T intersection,2,60,Arterial Other
T20230006734,2023/3/22,6:15:00,1,Collision with vehicle,3,Wednesday,130,REAR END(VEHICLES IN SAME LANE),3,278703,2,0,0,1,2,3,2,4,Multiple intersection,3,60,Freeway
T20230007220,2023/3/22,21:09:00,1,Collision with vehicle,3,Wednesday,121,RIGHT THROUGH,3,36572,2,0,0,1,1,2,1,1,Cross intersection,3,40,Local Road
T20230007217,2023/3/22,17:00:00,1,Collision with vehicle,4,Wednesday,133,LANE SIDE SWIPE (VEHICLES IN PARALLEL LANES),9,773826,2,0,0,1,1,2,2,5,Not at intersection,3,999,Local Road
T20230006870,2023/3/22,18:20:00,1,Collision with vehicle,4,Wednesday,147,VEHICLE STRIKES ANOTHER VEH WHILE EMERGING FROM DRIVEWAY,1,774130,2,0,0,1,1,2,1,5,Not at intersection,3,40,Arterial Other
T20230006814,2023/3/22,18:24:00,1,Collision with vehicle,3,Wednesday,110,CROSS TRAFFIC(INTERSECTIONS ONLY),1,51314,2,0,0,1,1,2,1,1,Cross intersection,3,100,Local Road
T20230011262,2023/3/22,15:00:00,1,Collision with vehicle,3,Wednesday,130,REAR END(VEHICLES IN SAME LANE),1,776700,2,0,0,1,1,2,2,5,Not at intersection,3,60,Freeway
T20230010258,2023/3/22,1:00:00,1,Collision with vehicle,4,Wednesday,160,VEHICLE COLLIDES WITH VEHICLE PARKED ON LEFT OF ROAD,6,772343,2,0,0,1,1,2,2,5,Not at intersection,3,50,Local Road
T20230007796,2023/3/22,16:00:00,1,Collision with vehicle,4,Wednesday,137,LEFT TURN SIDESWIPE,1,43665,2,0,0,1,1,2,2,1,Cross intersection,3,50,Local Road
T20230006728,2023/3/22,4:00:00,4,Collision with a fixed object,4,Wednesday,171,LEFT OFF CARRIAGEWAY INTO OBJECT/PARKED VEHICLE,3,36203,1,0,1,0,0,1,1,1,Cross intersection,2,60,Arterial Other
T20230007806,2023/3/22,5:45:00,6,Vehicle overturned (no collision),3,Wednesday,174,OUT OF CONTROL ON CARRIAGEWAY (ON STRAIGHT),2,773208,1,0,1,0,0,1,2,5,Not at intersection,2,60,Local Road
T20230008410,2023/3/22,12:25:00,1,Collision with vehicle,3,Wednesday,133,LANE SIDE SWIPE (VEHICLES IN PARALLEL LANES),1,783957,2,0,0,1,1,2,2,5,Not at intersection,3,60,Arterial Other
T20230010163,2023/3/23,15:45:00,1,Collision with vehicle,5,Thursday,110,CROSS TRAFFIC(INTERSECTIONS ONLY),1,41003,2,0,0,1,1,2,1,1,Cross intersection,3,50,Arterial Other
T20230007420,2023/3/23,14:55:00,1,Collision with vehicle,4,Thursday,130,REAR END(VEHICLES IN SAME LANE),1,764486,2,0,1,0,1,2,1,5,Not at intersection,2,60,Arterial Other
T20230006887,2023/3/23,13:15:00,1,Collision with vehicle,4,Thursday,121,RIGHT THROUGH,1,781731,2,0,0,1,1,2,1,5,Not at intersection,3,80,Local Road
T20230006888,2023/3/23,11:53:00,4,Collision with a fixed object,5,Thursday,173,RIGHT OFF CARRIAGEWAY INTO OBJECT/PARKED VEHICLE,1,763964,1,0,1,0,0,1,1,5,Not at intersection,2,100,Local Road
T20230008374,2023/3/23,15:00:00,4,Collision with a fixed object,5,Thursday,171,LEFT OFF CARRIAGEWAY INTO OBJECT/PARKED VEHICLE,1,769039,1,0,1,0,0,1,1,1,Cross intersection,2,50,Local Road
T20230006918,2023/3/23,15:30:00,1,Collision with vehicle,5,Thursday,134,LANE CHANGE RIGHT (NOT OVERTAKING),1,767830,3,0,1,0,2,3,1,5,Not at intersection,2,60,Arterial Other
T20230008595,2023/3/23,12:48:00,1,Collision with vehicle,4,Thursday,119,OTHER ADJACENT (INTERSECTIONS ONLY),9,63257,2,0,0,1,1,2,2,1,Cross intersection,3,999,Local Road
T20230011390,2023/3/23,20:00:00,1,Collision with vehicle,4,Thursday,121,RIGHT THROUGH,3,782438,2,0,1,0,1,2,1,5,Not at intersection,2,60,Arterial Highway
T20230006847,2023/3/23,7:50:00,4,Collision with a fixed object,5,Thursday,181,OFF RIGHT BEND INTO OBJECT/PARKED VEHICLE,2,773824,1,0,1,0,0,1,1,5,Not at intersection,2,100,Arterial Other
T20230006836,2023/3/23,7:13:00,1,Collision with vehicle,5,Thursday,113,RIGHT NEAR (INTERSECTIONS ONLY),1,294515,2,0,1,0,1,2,1,2,T intersection,2,60,Arterial Highway
T20230006829,2023/3/23,4:20:00,1,Collision with vehicle,5,Thursday,123,RIGHT/LEFT. ONE VEH TURNING RIGHT THE OTHER LEFT.,3,784380,2,0,0,1,1,2,1,2,T intersection,3,999,Local Road
T20230006827,2023/3/23,1:03:00,1,Collision with vehicle,5,Thursday,130,REAR END(VEHICLES IN SAME LANE),3,766436,2,0,1,0,1,2,1,5,Not at intersection,2,40,Freeway
T20230007099,2023/3/23,10:00:00,4,Collision with a fixed object,4,Thursday,171,LEFT OFF CARRIAGEWAY INTO OBJECT/PARKED VEHICLE,1,784379,2,0,0,1,1,2,2,5,Not at intersection,3,50,Local Road
T20230006892,2023/3/23,15:10:00,1,Collision with vehicle,5,Thursday,121,RIGHT THROUGH,1,351029,2,0,0,1,1,2,1,2,T intersection,3,80,Arterial Other
T20230006894,2023/3/23,13:10:00,1,Collision with vehicle,5,Thursday,120,HEAD ON (NOT OVERTAKING),1,763361,2,0,0,1,1,2,1,5,Not at intersection,3,100,Local Road
T20230007407,2023/3/23,22:10:00,1,Collision with vehicle,4,Thursday,130,REAR END(VEHICLES IN SAME LANE),9,764603,2,0,0,1,1,2,2,5,Not at intersection,3,50,Local Road
T20230007316,2023/3/23,17:00:00,1,Collision with vehicle,4,Thursday,130,REAR END(VEHICLES IN SAME LANE),9,765781,2,0,0,1,1,2,2,5,Not at intersection,3,999,Freeway
T20230009277,2023/3/23,16:00:00,4,Collision with a fixed object,4,Thursday,183,OFF LEFT BEND INTO OBJECT/PARKED VEHICLE,9,44085,1,0,0,1,0,1,2,2,T intersection,3,80,Arterial Other
T20230006913,2023/3/23,16:42:00,1,Collision with vehicle,5,Thursday,110,CROSS TRAFFIC(INTERSECTIONS ONLY),1,29948,2,0,2,2,1,5,1,1,Cross intersection,2,60,Arterial Highway
T20230006912,2023/3/23,15:20:00,4,Collision with a fixed object,4,Thursday,171,LEFT OFF CARRIAGEWAY INTO OBJECT/PARKED VEHICLE,1,783018,1,0,1,0,0,1,1,1,Cross intersection,2,60,Local Road
T20230006911,2023/3/23,17:14:00,1,Collision with vehicle,5,Thursday,113,RIGHT NEAR (INTERSECTIONS ONLY),1,224161,2,0,1,1,0,2,1,2,T intersection,2,60,Local Road
T20230006910,2023/3/23,14:50:00,1,Collision with vehicle,5,Thursday,159,OTHER OVERTAKING MANOEUVRES NOT INCLUDED IN DCAs 150-154,1,772615,2,0,1,1,1,3,1,5,Not at intersection,2,40,Arterial Highway
T20230006909,2023/3/23,17:20:00,1,Collision with vehicle,4,Thursday,151,OUT OF CONTROL (OVERTAKING),1,764344,2,0,0,1,1,2,1,5,Not at intersection,3,60,Arterial Highway
T20230007233,2023/3/23,6:40:00,1,Collision with vehicle,4,Thursday,130,REAR END(VEHICLES IN SAME LANE),2,781748,2,0,0,1,1,2,2,5,Not at intersection,3,100,Freeway
T20230006884,2023/3/23,13:15:00,6,Vehicle overturned (no collision),5,Thursday,174,OUT OF CONTROL ON CARRIAGEWAY (ON STRAIGHT),1,767829,1,0,1,0,0,1,1,5,Not at intersection,2,80,Local Road
T20230006929,2023/3/23,19:00:00,6,Vehicle overturned (no collision),5,Thursday,174,OUT OF CONTROL ON CARRIAGEWAY (ON STRAIGHT),2,767831,1,0,1,0,0,1,1,5,Not at intersection,2,80,Freeway
T20230006898,2023/3/23,5:00:00,4,Collision with a fixed object,5,Thursday,171,LEFT OFF CARRIAGEWAY INTO OBJECT/PARKED VEHICLE,4,65371,1,0,0,1,0,1,2,1,Cross intersection,3,80,Local Road
T20230006883,2023/3/23,12:40:00,1,Collision with vehicle,5,Thursday,134,LANE CHANGE RIGHT (NOT OVERTAKING),1,773995,2,0,1,0,1,2,1,5,Not at intersection,2,110,Freeway
T20230006879,2023/3/23,12:38:00,2,Struck Pedestrian,4,Thursday,100,PED NEAR SIDE. PED HIT BY VEHICLE FROM THE RIGHT.,1,42695,1,0,0,1,1,2,1,2,T intersection,3,40,Arterial Other
T20230006877,2023/3/23,11:20:00,6,Vehicle overturned (no collision),5,Thursday,172,OFF CARRIAGEWAY TO RIGHT,1,773823,1,0,0,1,0,1,1,5,Not at intersection,3,60,Arterial Other
T20230006871,2023/3/23,10:25:00,1,Collision with vehicle,5,Thursday,130,REAR END(VEHICLES IN SAME LANE),1,764088,2,0,0,1,2,3,1,1,Cross intersection,3,50,Local Road
T20230007487,2023/3/23,9:10:00,1,Collision with vehicle,4,Thursday,130,REAR END(VEHICLES IN SAME LANE),1,43939,2,0,0,1,1,2,2,1,Cross intersection,3,80,Arterial Highway
T20230006866,2023/3/23,10:08:00,1,Collision with vehicle,4,Thursday,113,RIGHT NEAR (INTERSECTIONS ONLY),1,44923,2,0,0,1,1,2,1,2,T intersection,3,60,Arterial Other
T20230006865,2023/3/23,8:00:00,1,Collision with vehicle,4,Thursday,113,RIGHT NEAR (INTERSECTIONS ONLY),1,1294,2,0,0,2,0,2,1,1,Cross intersection,3,80,Arterial Other
T20230006863,2023/3/23,11:04:00,1,Collision with vehicle,4,Thursday,113,RIGHT NEAR (INTERSECTIONS ONLY),1,51521,2,0,0,1,1,2,1,1,Cross intersection,3,60,Arterial Highway
T20230006899,2023/3/23,12:00:00,1,Collision with vehicle,4,Thursday,120,HEAD ON (NOT OVERTAKING),1,782315,2,0,0,1,1,2,1,5,Not at intersection,3,80,Arterial Other
T20230009206,2023/3/23,5:55:00,1,Collision with vehicle,5,Thursday,139,OTHER SAME DIRECTION-MANOUEVRES NOT INCLUDED IN DCAs 130-137,3,784327,2,0,0,1,1,2,1,5,Not at intersection,3,80,Freeway