ACCIDENT_NO,ACCIDENT_DATE,ACCIDENT_TIME,ACCIDENT_TYPE,ACCIDENT_TYPE_DESC,DAY_OF_WEEK,DAY_WEEK_DESC,DCA_CODE,DCA_DESC,LIGHT_CONDITION,NODE_ID,NO_OF_VEHICLES,NO_PERSONS_KILLED,NO_PERSONS_INJ_2,NO_PERSONS_INJ_3,NO_PERSONS_NOT_INJ,NO_PERSONS,POLICE_ATTEND,ROAD_GEOMETRY,ROAD_GEOMETRY_DESC,SEVERITY,SPEED_ZONE,RMA
T20230006917,2023/3/23,15:45:00,1,Collision with vehicle,5,Thursday,130,REAR END(VEHICLES IN SAME LANE),1,773825,4,0,1,0,3,4,1,5,Not at intersection,2,60,Arterial Other
T20230008797,2023/3/23,6:15:00,8,No collision and no object struck,5,Thursday,184,OUT OF CONTROL ON CARRIAGEWAY (ON BEND),6,266390,1,0,0,1,0,1,2,4,Multiple intersection,3,60,Arterial Other
T20230012084,2023/3/23,13:30:00,1,Collision with vehicle,4,Thursday,163,VEHICLE STRIKES DOOR OF PARKED/STATIONARY VEHICLE,1,781756,2,0,0,1,1,2,2,5,Not at intersection,3,40,Local Road
T20230008039,2023/3/23,16:30:00,1,Collision with vehicle,5,Thursday,148,VEHICLE OFF FOOTPATH STRIKES VEH ON CARRIAGEWAY,1,766674,2,0,0,1,1,2,2,5,Not at intersection,3,30,Arterial Other
T20230009478,2023/3/23,7:00:00,3,Struck animal,4,Thursday,167,STRUCK ANIMAL,2,770007,1,0,0,1,0,1,2,5,Not at intersection,3,100,Arterial Other
T20230006897,2023/3/23,14:40:00,1,Collision with vehicle,4,Thursday,110,CROSS TRAFFIC(INTERSECTIONS ONLY),1,62202,3,0,0,2,3,5,1,1,Cross intersection,3,60,Local Road
T20230007484,2023/3/23,14:30:00,1,Collision with vehicle,5,Thursday,136,RIGHT TURN SIDESWIPE,1,50096,2,0,1,0,1,2,2,1,Cross intersection,2,50,Arterial Other
T20230006960,2023/3/23,9:45:00,1,Collision with vehicle,5,Thursday,135,LANE CHANGE LEFT (NOT OVERTAKING),9,119,2,0,0,1,1,2,2,1,Cross intersection,3,999,Arterial Other
T20230007193,2023/3/23,19:00:00,1,Collision with vehicle,4,Thursday,130,REAR END(VEHICLES IN SAME LANE),2,254026,2,0,0,1,1,2,2,1,Cross intersection,3,999,Local Road
T20230007448,2023/3/24,22:52:00,1,Collision with vehicle,6,Friday,147,VEHICLE STRIKES ANOTHER VEH WHILE EMERGING FROM DRIVEWAY,3,30318,2,0,0,1,2,3,1,2,T intersection,3,60,Arterial Other
T20230008498,2023/3/24,14:30:00,2,Struck Pedestrian,6,Friday,101,PED EMERGES FROM IN FRONT OF PARKED OR STATIONARY VEHICLE,1,35359,1,0,0,1,1,2,1,1,Cross intersection,3,40,Local Road
T20230009663,2023/3/24,20:55:00,1,Collision with vehicle,5,Friday,116,LEFT NEAR (INTERSECTIONS ONLY),3,299534,2,0,0,1,1,2,1,2,T intersection,3,50,Local Road
T20230007935,2023/3/24,19:45:00,1,Collision with vehicle,6,Friday,148,VEHICLE OFF FOOTPATH STRIKES VEH ON CARRIAGEWAY,3,42561,2,0,1,0,1,2,2,2,T intersection,2,50,Arterial Other
T20230007230,2023/3/24,17:00:00,1,Collision with vehicle,5,Friday,142,LEAVING PARKING,1,772709,2,0,0,1,1,2,2,5,Not at intersection,3,40,Local Road
T20230007122,2023/3/24,19:10:00,1,Collision with vehicle,5,Friday,129,OTHER OPPOSING MANOEUVRES NOT INCLUDED IN DCAs 120-125.,1,316196,2,0,0,1,1,2,2,9,Unknown,3,60,Arterial Other
T20230006936,2023/3/24,4:08:00,1,Collision with vehicle,6,Friday,160,VEHICLE COLLIDES WITH VEHICLE PARKED ON LEFT OF ROAD,3,774414,2,0,1,0,1,2,1,5,Not at intersection,2,70,Arterial Other
T20230006938,2023/3/24,6:12:00,1,Collision with vehicle,6,Friday,130,REAR END(VEHICLES IN SAME LANE),3,773819,3,0,0,2,2,4,1,5,Not at intersection,3,80,Freeway
T20230006943,2023/3/24,8:25:00,4,Collision with a fixed object,5,Friday,151,OUT OF CONTROL (OVERTAKING),2,781744,1,0,0,2,0,2,1,5,Not at intersection,3,100,Local Road
T20230006945,2023/3/24,7:23:00,1,Collision with vehicle,6,Friday,120,HEAD ON (NOT OVERTAKING),1,775878,2,1,0,0,1,2,1,5,Not at intersection,1,80,Local Road
T20230006949,2023/3/24,9:25:00,4,Collision with a fixed object,6,Friday,171,LEFT OFF CARRIAGEWAY INTO OBJECT/PARKED VEHICLE,1,765304,1,0,1,0,0,1,1,2,T intersection,2,100,Arterial Other
T20230007028,2023/3/24,7:15:00,2,Struck Pedestrian,6,Friday,105,PED WALKING AGAINST TRAFFIC.,9,768784,1,0,1,0,1,2,2,5,Not at intersection,2,999,Arterial Highway
T20230006971,2023/3/24,7:17:00,1,Collision with vehicle,6,Friday,113,RIGHT NEAR (INTERSECTIONS ONLY),2,773816,2,0,0,1,3,4,1,2,T intersection,3,60,Arterial Other
T20230007060,2023/3/24,18:40:00,1,Collision with vehicle,5,Friday,135,LANE CHANGE LEFT (NOT OVERTAKING),1,763245,3,0,0,1,2,3,2,5,Not at intersection,3,60,Arterial Highway
T20230007007,2023/3/24,22:30:00,2,Struck Pedestrian,6,Friday,108,PED STRUCK WALKING TO/FROM OR BOARDING/ALIGHTING VEHICLE.,3,683325,1,0,1,0,1,2,1,5,Not at intersection,2,40,Local Road
T20230008511,2023/3/24,11:20:00,1,Collision with vehicle,6,Friday,121,RIGHT THROUGH,1,344051,2,0,0,1,1,2,2,1,Cross intersection,3,60,Arterial Other
T20230007318,2023/3/24,18:00:00,1,Collision with vehicle,5,Friday,130,REAR END(VEHICLES IN SAME LANE),1,773822,2,0,0,1,1,2,2,5,Not at intersection,3,60,Arterial Other
T20230006995,2023/3/24,20:31:00,4,Collision with a fixed object,6,Friday,171,LEFT OFF CARRIAGEWAY INTO OBJECT/PARKED VEHICLE,3,42990,1,0,0,1,0,1,1,1,Cross intersection,3,50,Local Road
T20230007585,2023/3/24,2:29:00,1,Collision with vehicle,5,Friday,130,REAR END(VEHICLES IN SAME LANE),6,776127,2,0,0,1,1,2,2,5,Not at intersection,3,100,Freeway
T20230006982,2023/3/24,13:20:00,1,Collision with vehicle,6,Friday,113,RIGHT NEAR (INTERSECTIONS ONLY),1,764089,2,0,0,3,0,3,1,2,T intersection,3,50,Local Road
T20230006981,2023/3/24,9:03:00,1,Collision with vehicle,5,Friday,113,RIGHT NEAR (INTERSECTIONS ONLY),9,55417,3,0,0,1,2,3,1,2,T intersection,3,999,Arterial Highway
T20230006980,2023/3/24,13:05:00,1,Collision with vehicle,5,Friday,134,LANE CHANGE RIGHT (NOT OVERTAKING),1,773814,2,0,1,0,1,2,1,5,Not at intersection,2,50,Arterial Other
T20230006991,2023/3/24,18:00:00,4,Collision with a fixed object,6,Friday,181,OFF RIGHT BEND INTO OBJECT/PARKED VEHICLE,1,774415,1,0,1,0,0,1,1,3,Y intersection,2,50,Local Road
T20230006994,2023/3/24,15:18:00,2,Struck Pedestrian,6,Friday,102,FAR SIDE. PED HIT BY VEHICLE FROM THE LEFT,1,763684,1,0,0,1,1,2,1,2,T intersection,3,70,Arterial Other
T20230007010,2023/3/24,20:24:00,1,Collision with vehicle,6,Friday,130,REAR END(VEHICLES IN SAME LANE),3,773817,2,0,0,1,1,2,1,5,Not at intersection,3,110,Freeway
T20230013227,2023/3/24,22:30:00,5,collision with some other object,6,Friday,191,LOAD OR MISSILE STRUCK VEHICLE,3,775716,1,0,0,1,1,2,1,5,Not at intersection,3,80,Arterial Other
T20230006986,2023/3/24,15:34:00,1,Collision with vehicle,6,Friday,121,RIGHT THROUGH,1,775935,2,0,1,1,3,5,1,2,T intersection,2,40,Local Road
T20230007618,2023/3/24,14:45:00,1,Collision with vehicle,6,Friday,130,REAR END(VEHICLES IN SAME LANE),1,774042,2,0,1,1,4,6,2,5,Not at intersection,2,80,Freeway
T20230007688,2023/3/24,17:40:00,8,No collision and no object struck,6,Friday,174,OUT OF CONTROL ON CARRIAGEWAY (ON STRAIGHT),1,764821,2,0,0,1,1,2,2,5,Not at intersection,3,70,Arterial Other
T20230006966,2023/3/24,6:55:00,4,Collision with a fixed object,5,Friday,183,OFF LEFT BEND INTO OBJECT/PARKED VEHICLE,1,781224,1,0,1,0,1,2,1,5,Not at intersection,2,60,Arterial Highway
T20230007033,2023/3/24,7:50:00,1,Collision with vehicle,5,Friday,130,REAR END(VEHICLES IN SAME LANE),1,763362,2,0,0,1,1,2,2,5,Not at intersection,3,80,Arterial Other
T20230006978,2023/3/24,14:44:00,1,Collision with vehicle,6,Friday,120,HEAD ON (NOT OVERTAKING),1,775553,3,0,0,2,2,4,1,5,Not at intersection,3,60,Arterial Other
T20230007015,2023/3/24,6:15:00,1,Collision with vehicle,5,Friday,135,LANE CHANGE LEFT (NOT OVERTAKING),3,773820,2,0,0,1,1,2,1,5,Not at intersection,3,80,Freeway
T20230006976,2023/3/24,15:35:00,8,No collision and no object struck,6,Friday,174,OUT OF CONTROL ON CARRIAGEWAY (ON STRAIGHT),1,765421,1,0,1,0,0,1,1,5,Not at intersection,2,100,Arterial Highway
T20230007534,2023/3/24,10:40:00,1,Collision with vehicle,5,Friday,132,RIGHT REAR.,9,308118,2,0,0,2,0,2,2,2,T intersection,3,999,Local Road
T20230007773,2023/3/24,16:20:00,1,Collision with vehicle,6,Friday,137,LEFT TURN SIDESWIPE,1,765541,2,0,0,1,1,2,2,5,Not at intersection,3,40,Local Road
T20230007465,2023/3/24,15:15:00,4,Collision with a fixed object,6,Friday,171,LEFT OFF CARRIAGEWAY INTO OBJECT/PARKED VEHICLE,1,286657,1,0,0,2,0,2,2,1,Cross intersection,3,60,Local Road
T20230007488,2023/3/24,13:30:00,6,Vehicle overturned (no collision),6,Friday,180,OFF CARRIAGEWAY ON RIGHT BEND,1,765039,1,0,0,1,0,1,2,5,Not at intersection,3,60,Local Road
T20230018526,2023/3/24,4:00:00,4,Collision with a fixed object,5,Friday,173,RIGHT OFF CARRIAGEWAY INTO OBJECT/PARKED VEHICLE,2,320898,1,0,2,0,0,2,1,5,Not at intersection,2,70,Arterial Highway
T20230012746,2023/3/24,9:00:00,1,Collision with vehicle,5,Friday,110,CROSS TRAFFIC(INTERSECTIONS ONLY),1,781758,4,0,0,1,4,5,1,1,Cross intersection,3,80,Arterial Other
T20230006957,2023/3/24,11:41:00,1,Collision with vehicle,6,Friday,110,CROSS TRAFFIC(INTERSECTIONS ONLY),1,22502,2,0,0,2,0,2,1,1,Cross intersection,3,70,Arterial Other
T20230006956,2023/3/24,8:30:00,8,No collision and no object struck,6,Friday,151,OUT OF CONTROL (OVERTAKING),1,773821,2,0,1,0,2,3,1,2,T intersection,2,80,Local Road
T20230013950,2023/3/24,23:12:00,2,Struck Pedestrian,5,Friday,101,PED EMERGES FROM IN FRONT OF PARKED OR STATIONARY VEHICLE,3,781740,1,0,0,1,1,2,1,2,T intersection,3,50,Local Road
T20230006954,2023/3/24,7:30:00,1,Collision with vehicle,6,Friday,121,RIGHT THROUGH,1,38531,2,0,1,0,1,2,1,1,Cross intersection,2,60,Arterial Other
T20230006952,2023/3/24,7:30:00,1,Collision with vehicle,5,Friday,130,REAR END(VEHICLES IN SAME LANE),2,763146,4,0,0,1,4,5,1,5,Not at intersection,3,80,Freeway
T20230007546,2023/3/24,15:45:00,1,Collision with vehicle,6,Friday,121,RIGHT THROUGH,1,221373,2,0,1,0,1,2,1,2,T intersection,2,80,Arterial Other
T20230007180,2023/3/25,22:30:00,1,Collision with vehicle,7,Saturday,130,REAR END(VEHICLES IN SAME LANE),3,230844,2,1,0,0,1,2,1,5,Not at intersection,1,60,Arterial Other
T20230007177,2023/3/25,11:30:00,1,Collision with vehicle,6,Saturday,130,REAR END(VEHICLES IN SAME LANE),1,773765,2,0,0,2,1,3,2,5,Not at intersection,3,999,Freeway
T20230007034,2023/3/25,10:08:00,1,Collision with vehicle,7,Saturday,121,RIGHT THROUGH,1,42247,2,0,1,0,3,4,1,1,Cross intersection,2,60,Local Road
T20230007103,2023/3/25,14:30:00,1,Collision with vehicle,6,Saturday,130,REAR END(VEHICLES IN SAME LANE),1,763850,3,0,0,1,3,4,2,5,Not at intersection,3,80,Freeway
T20230007020,2023/3/25,10:35:00,1,Collision with vehicle,6,Saturday,121,RIGHT THROUGH,1,50903,2,0,2,0,1,3,1,2,T intersection,2,60,Local Road
T20230007019,2023/3/25,8:38:00,1,Collision with vehicle,6,Saturday,131,LEFT REAR,2,781745,2,0,0,1,2,3,2,5,Not at intersection,3,60,Arterial Other
T20230007031,2023/3/25,12:40:00,1,Collision with vehicle,7,Saturday,139,OTHER SAME DIRECTION-MANOUEVRES NOT INCLUDED IN DCAs 130-137,1,765305,2,0,1,1,2,4,1,2,T intersection,2,80,Local Road
T20230007030,2023/3/25,12:06:00,1,Collision with vehicle,7,Saturday,147,VEHICLE STRIKES ANOTHER VEH WHILE EMERGING FROM DRIVEWAY,1,773767,2,0,0,2,0,2,1,5,Not at intersection,3,60,Arterial Other
T20230011720,2023/3/25,11:00:00,1,Collision with vehicle,7,Saturday,160,VEHICLE COLLIDES WITH VEHICLE PARKED ON LEFT OF ROAD,1,775264,2,0,0,1,0,1,2,5,Not at intersection,3,60,Arterial Other
T20230007097,2023/3/25,13:10:00,2,Struck Pedestrian,6,Saturday,100,PED NEAR SIDE. PED HIT BY VEHICLE FROM THE RIGHT.,1,43052,1,0,0,1,1,2,1,2,T intersection,3,50,Local Road
T20230007045,2023/3/25,14:15:00,1,Collision with vehicle,7,Saturday,130,REAR END(VEHICLES IN SAME LANE),1,773768,2,0,1,0,2,3,1,5,Not at intersection,2,100,Freeway
T20230007050,2023/3/25,14:28:00,7,Fall from or in moving vehicle,7,Saturday,190,FELL IN/FROM VEHICLE,1,787869,1,0,1,0,0,1,1,5,Not at intersection,2,60,Local Road
T20230009279,2023/3/25,12:18:00,1,Collision with vehicle,7,Saturday,130,REAR END(VEHICLES IN SAME LANE),1,770466,2,0,0,1,1,2,1,5,Not at intersection,3,80,Arterial Highway
T20230007061,2023/3/25,11:19:00,1,Collision with vehicle,7,Saturday,113,RIGHT NEAR (INTERSECTIONS ONLY),1,772462,2,2,0,3,0,5,1,1,Cross intersection,1,80,Arterial Highway
T20230007065,2023/3/25,17:40:00,1,Collision with vehicle,6,Saturday,130,REAR END(VEHICLES IN SAME LANE),1,35988,2,0,0,1,1,2,1,2,T intersection,3,999,Local Road
T20230007067,2023/3/25,16:50:00,1,Collision with vehicle,6,Saturday,121,RIGHT THROUGH,1,29783,3,0,0,2,2,4,1,2,T intersection,3,60,Arterial Other
T20230008208,2023/3/25,23:00:00,2,Struck Pedestrian,6,Saturday,102,FAR SIDE. PED HIT BY VEHICLE FROM THE LEFT,3,775213,1,0,0,1,1,2,2,5,Not at intersection,3,60,Arterial Other
T20230007049,2023/3/25,14:00:00,6,Vehicle overturned (no collision),7,Saturday,174,OUT OF CONTROL ON CARRIAGEWAY (ON STRAIGHT),1,763611,1,0,1,0,0,1,1,4,Multiple intersection,2,60,Arterial Other
T20230007070,2023/3/25,16:34:00,1,Collision with vehicle,7,Saturday,121,RIGHT THROUGH,1,698315,2,0,1,0,2,3,1,4,Multiple intersection,2,60,Arterial Other
T20230007295,2023/3/25,10:30:00,1,Collision with vehicle,7,Saturday,130,REAR END(VEHICLES IN SAME LANE),1,763858,3,0,1,0,2,3,2,5,Not at intersection,2,60,Arterial Other
T20230007039,2023/3/25,14:14:00,2,Struck Pedestrian,6,Saturday,101,PED EMERGES FROM IN FRONT OF PARKED OR STATIONARY VEHICLE,1,763610,1,0,0,1,1,2,1,5,Not at intersection,3,50,Local Road
T20230007023,2023/3/25,8:00:00,1,Collision with vehicle,6,Saturday,130,REAR END(VEHICLES IN SAME LANE),1,44813,2,0,0,1,1,2,2,5,Not at intersection,3,50,Arterial Other
T20230007017,2023/3/25,7:35:00,1,Collision with vehicle,7,Saturday,116,LEFT NEAR (INTERSECTIONS ONLY),1,1195,2,0,1,0,1,2,1,1,Cross intersection,2,60,Arterial Highway
T20230007016,2023/3/25,10:00:00,1,Collision with vehicle,6,Saturday,130,REAR END(VEHICLES IN SAME LANE),1,656426,2,0,0,1,1,2,1,2,T intersection,3,60,Local Road
T20230007073,2023/3/25,14:58:00,4,Collision with a fixed object,6,Saturday,173,RIGHT OFF CARRIAGEWAY INTO OBJECT/PARKED VEHICLE,1,763149,1,0,0,1,0,1,1,5,Not at intersection,3,100,Freeway
T20230007038,2023/3/25,13:35:00,1,Collision with vehicle,6,Saturday,110,CROSS TRAFFIC(INTERSECTIONS ONLY),1,60113,2,0,0,1,1,2,1,1,Cross intersection,3,50,Local Road
T20230007013,2023/3/25,7:35:00,1,Collision with vehicle,7,Saturday,110,CROSS TRAFFIC(INTERSECTIONS ONLY),1,38863,2,0,1,0,1,2,1,1,Cross intersection,2,50,Arterial Other
T20230007108,2023/3/25,6:45:00,1,Collision with vehicle,6,Saturday,130,REAR END(VEHICLES IN SAME LANE),3,763366,2,0,0,1,1,2,2,5,Not at intersection,3,60,Local Road
T20230007011,2023/3/25,7:50:00,4,Collision with a fixed object,6,Saturday,171,LEFT OFF CARRIAGEWAY INTO OBJECT/PARKED VEHICLE,1,765034,1,0,0,1,0,1,1,5,Not at intersection,3,60,Local Road
T20230007075,2023/3/25,19:15:00,1,Collision with vehicle,7,Saturday,160,VEHICLE COLLIDES WITH VEHICLE PARKED ON LEFT OF ROAD,2,763246,2,0,0,1,0,1,1,5,Not at intersection,3,60,Local Road
T20230007671,2023/3/25,12:00:00,1,Collision with vehicle,6,Saturday,130,REAR END(VEHICLES IN SAME LANE),1,217787,2,0,0,1,1,2,2,2,T intersection,3,80,Arterial Highway
T20230013107,2023/3/25,11:00:00,8,No collision and no object struck,7,Saturday,180,OFF CARRIAGEWAY ON RIGHT BEND,9,775906,1,0,0,1,0,1,2,5,Not at intersection,3,999,Local Road
T20230007077,2023/3/25,20:20:00,1,Collision with vehicle,7,Saturday,137,LEFT TURN SIDESWIPE,6,29460,2,0,1,0,1,2,1,1,Cross intersection,2,999,Arterial Highway
T20230007689,2023/3/25,14:30:00,2,Struck Pedestrian,6,Saturday,100,PED NEAR SIDE. PED HIT BY VEHICLE FROM THE RIGHT.,1,764822,1,0,0,1,1,2,2,5,Not at intersection,3,50,Arterial Highway
T20230009618,2023/3/25,8:15:00,1,Collision with vehicle,6,Saturday,110,CROSS TRAFFIC(INTERSECTIONS ONLY),1,35622,2,0,0,2,0,2,1,1,Cross intersection,3,60,Arterial Highway
T20230007078,2023/3/25,20:53:00,8,No collision and no object struck,6,Saturday,170,OFF CARRIAGEWAY TO LEFT,3,773769,1,0,0,1,0,1,1,2,T intersection,3,60,Local Road
T20230007996,2023/3/25,14:00:00,4,Collision with a fixed object,7,Saturday,171,LEFT OFF CARRIAGEWAY INTO OBJECT/PARKED VEHICLE,9,771979,1,0,0,1,0,1,2,5,Not at intersection,3,999,Local Road
T20230007451,2023/3/25,6:38:00,1,Collision with vehicle,6,Saturday,130,REAR END(VEHICLES IN SAME LANE),9,764353,2,0,0,1,1,2,9,5,Not at intersection,3,999,Arterial Other
T20230008654,2023/3/25,10:26:00,1,Collision with vehicle,7,Saturday,130,REAR END(VEHICLES IN SAME LANE),1,767844,2,0,0,1,1,2,2,5,Not at intersection,3,60,Local Road
T20230007081,2023/3/25,20:12:00,1,Collision with vehicle,6,Saturday,121,RIGHT THROUGH,3,1067,2,0,0,1,1,2,1,2,T intersection,3,50,Arterial Highway
T20230007051,2023/3/25,12:48:00,4,Collision with a fixed object,7,Saturday,171,LEFT OFF CARRIAGEWAY INTO OBJECT/PARKED VEHICLE,1,763148,1,0,1,0,0,1,1,5,Not at intersection,2,40,Local Road
T20230017916,2023/3/25,11:30:00,1,Collision with vehicle,7,Saturday,130,REAR END(VEHICLES IN SAME LANE),9,778829,2,0,0,2,1,3,2,5,Not at intersection,3,999,Arterial Other
T20230007054,2023/3/25,14:30:00,6,Vehicle overturned (no collision),7,Saturday,174,OUT OF CONTROL ON CARRIAGEWAY (ON STRAIGHT),1,763364,1,0,1,0,0,1,1,2,T intersection,2,80,Arterial Other
T20230007048,2023/3/25,11:30:00,4,Collision with a fixed object,7,Saturday,181,OFF RIGHT BEND INTO OBJECT/PARKED VEHICLE,1,773766,1,0,0,2,0,2,1,5,Not at intersection,3,100,Arterial Highway
T20230009163,2023/3/25,9:00:00,1,Collision with vehicle,6,Saturday,140,U TURN,1,769316,2,0,0,1,5,6,1,2,T intersection,3,60,Local Road
T20230007032,2023/3/25,12:36:00,1,Collision with vehicle,7,Saturday,111,RIGHT FAR (INTERSECTIONS ONLY),1,55417,2,0,0,1,3,4,1,2,T intersection,3,70,Arterial Highway
T20230007022,2023/3/25,10:00:00,1,Collision with vehicle,7,Saturday,110,CROSS TRAFFIC(INTERSECTIONS ONLY),1,42352,2,0,1,0,1,2,1,1,Cross intersection,2,40,Arterial Other
T20230007062,2023/3/25,16:30:00,1,Collision with vehicle,6,Saturday,130,REAR END(VEHICLES IN SAME LANE),1,775222,2,0,0,1,1,2,1,1,Cross intersection,3,70,Arterial Highway
T20230007084,2023/3/25,0:05:00,1,Collision with vehicle,6,Saturday,130,REAR END(VEHICLES IN SAME LANE),3,356627,2,0,0,1,2,3,1,2,T intersection,3,80,Freeway
T20230007181,2023/3/25,14:30:00,8,No collision and no object struck,7,Saturday,174,OUT OF CONTROL ON CARRIAGEWAY (ON STRAIGHT),1,335781,1,0,0,1,0,1,2,5,Not at intersection,3,80,Local Road
T20230007743,2023/3/25,17:00:00,8,No collision and no object struck,7,Saturday,184,OUT OF CONTROL ON CARRIAGEWAY (ON BEND),1,765283,1,0,0,1,0,1,2,5,Not at intersection,3,999,Local Road
T20230008712,2023/3/26,23:00:00,3,Struck animal,0,Sunday,167,STRUCK ANIMAL,6,768537,1,0,0,1,1,2,2,5,Not at intersection,3,80,Arterial Other
T20230007423,2023/3/26,14:10:00,1,Collision with vehicle,0,Sunday,113,RIGHT NEAR (INTERSECTIONS ONLY),1,41895,2,0,1,0,2,3,2,2,T intersection,2,80,Arterial Other
T20230007092,2023/3/26,5:10:00,1,Collision with vehicle,0,Sunday,160,VEHICLE COLLIDES WITH VEHICLE PARKED ON LEFT OF ROAD,3,777139,2,0,1,0,0,1,1,5,Not at intersection,2,50,Local Road
T20230009296,2023/3/26,19:00:00,1,Collision with vehicle,0,Sunday,120,HEAD ON (NOT OVERTAKING),1,772057,2,0,0,1,1,2,2,5,Not at intersection,3,60,Local Road
T20230007105,2023/3/26,9:06:00,8,No collision and no object struck,1,Sunday,174,OUT OF CONTROL ON CARRIAGEWAY (ON STRAIGHT),1,774027,1,0,1,0,0,1,1,5,Not at intersection,2,100,Local Road
T20230007292,2023/3/26,11:40:00,6,Vehicle overturned (no collision),0,Sunday,151,OUT OF CONTROL (OVERTAKING),1,763857,1,0,1,0,0,1,2,5,Not at intersection,2,999,Local Road
T20230007252,2023/3/26,13:47:00,1,Collision with vehicle,1,Sunday,120,HEAD ON (NOT OVERTAKING),1,763613,2,0,1,1,0,2,1,5,Not at intersection,2,60,Arterial Highway
T20230007176,2023/3/26,14:20:00,4,Collision with a fixed object,1,Sunday,181,OFF RIGHT BEND INTO OBJECT/PARKED VEHICLE,1,764824,1,0,1,0,0,1,1,5,Not at intersection,2,80,Arterial Highway
T20230007140,2023/3/26,17:59:00,1,Collision with vehicle,1,Sunday,130,REAR END(VEHICLES IN SAME LANE),2,768395,2,0,1,0,1,2,1,5,Not at intersection,2,40,Arterial Other
T20230008277,2023/3/26,16:15:00,1,Collision with vehicle,0,Sunday,133,LANE SIDE SWIPE (VEHICLES IN PARALLEL LANES),9,766460,2,0,0,1,1,2,2,5,Not at intersection,3,60,Local Road
T20230007168,2023/3/26,22:20:00,1,Collision with vehicle,0,Sunday,160,VEHICLE COLLIDES WITH VEHICLE PARKED ON LEFT OF ROAD,3,781747,2,0,0,2,1,3,1,5,Not at intersection,3,60,Arterial Other
T20230007157,2023/3/26,18:00:00,1,Collision with vehicle,1,Sunday,111,RIGHT FAR (INTERSECTIONS ONLY),1,57165,2,0,0,1,3,4,2,4,Multiple intersection,3,60,Local Road
T20230007098,2023/3/26,6:00:00,2,Struck Pedestrian,0,Sunday,103,PED PLAYING/LYING/WORKING/STANDING ON CARRIAGEWAY.,3,777519,1,0,1,0,1,2,1,5,Not at intersection,2,80,Arterial Highway
T20230007283,2023/3/26,12:30:00,7,Fall from or in moving vehicle,0,Sunday,190,FELL IN/FROM VEHICLE,1,784390,1,0,0,1,0,1,2,5,Not at intersection,3,999,Local Road
T20230007135,2023/3/26,17:25:00,1,Collision with vehicle,0,Sunday,162,ACCIDENT OR BROKEN DOWN,2,782009,3,0,0,1,3,4,1,5,Not at intersection,3,80,Freeway
T20230007136,2023/3/26,16:34:00,2,Struck Pedestrian,0,Sunday,101,PED EMERGES FROM IN FRONT OF PARKED OR STATIONARY VEHICLE,1,767833,1,0,1,0,2,3,1,5,Not at intersection,2,50,Local Road
T20230007116,2023/3/26,10:15:00,1,Collision with vehicle,0,Sunday,110,CROSS TRAFFIC(INTERSECTIONS ONLY),1,15375,2,0,2,0,4,6,1,1,Cross intersection,2,100,Local Road
T20230007202,2023/3/26,21:56:00,2,Struck Pedestrian,1,Sunday,108,PED STRUCK WALKING TO/FROM OR BOARDING/ALIGHTING VEHICLE.,3,773758,1,0,1,0,1,2,1,5,Not at intersection,2,60,Arterial Other
T20230007156,2023/3/26,21:10:00,1,Collision with vehicle,1,Sunday,132,RIGHT REAR.,3,763477,2,0,1,0,1,2,1,2,T intersection,2,50,Local Road
T20230007152,2023/3/26,16:20:00,4,Collision with a fixed object,1,Sunday,181,OFF RIGHT BEND INTO OBJECT/PARKED VEHICLE,1,773704,1,0,1,0,0,1,1,5,Not at intersection,2,80,Arterial Other
T20230007151,2023/3/26,17:37:00,2,Struck Pedestrian,1,Sunday,102,FAR SIDE. PED HIT BY VEHICLE FROM THE LEFT,1,763740,1,0,1,0,1,2,1,5,Not at intersection,2,50,Arterial Other
T20230007142,2023/3/26,16:30:00,1,Collision with vehicle,0,Sunday,139,OTHER SAME DIRECTION-MANOUEVRES NOT INCLUDED IN DCAs 130-137,1,344283,2,0,1,1,2,4,1,2,T intersection,2,60,Non Arterial
T20230007093,2023/3/26,1:15:00,1,Collision with vehicle,1,Sunday,113,RIGHT NEAR (INTERSECTIONS ONLY),3,61810,2,1,3,0,1,5,1,2,T intersection,1,80,Arterial Other
T20230007213,2023/3/26,4:30:00,1,Collision with vehicle,1,Sunday,111,RIGHT FAR (INTERSECTIONS ONLY),2,278926,2,0,0,1,1,2,1,1,Cross intersection,3,60,Freeway
T20230007549,2023/3/26,16:10:00,8,No collision and no object struck,0,Sunday,151,OUT OF CONTROL (OVERTAKING),1,781735,2,0,0,1,1,2,2,5,Not at intersection,3,40,Arterial Other
T20230007121,2023/3/26,14:30:00,8,No collision and no object struck,1,Sunday,184,OUT OF CONTROL ON CARRIAGEWAY (ON BEND),1,763476,2,0,1,0,1,2,1,5,Not at intersection,2,60,Local Road
T20230009125,2023/3/26,14:30:00,1,Collision with vehicle,0,Sunday,113,RIGHT NEAR (INTERSECTIONS ONLY),1,254653,2,0,0,1,4,5,1,2,T intersection,3,60,Local Road