ACCIDENT_NO,ACCIDENT_DATE,ACCIDENT_TIME,ACCIDENT_TYPE,ACCIDENT_TYPE_DESC,DAY_OF_WEEK,DAY_WEEK_DESC,DCA_CODE,DCA_DESC,LIGHT_CONDITION,NODE_ID,NO_OF_VEHICLES,NO_PERSONS_KILLED,NO_PERSONS_INJ_2,NO_PERSONS_INJ_3,NO_PERSONS_NOT_INJ,NO_PERSONS,POLICE_ATTEND,ROAD_GEOMETRY,ROAD_GEOMETRY_DESC,SEVERITY,SPEED_ZONE,RMA
T20230007118,2023/3/26,13:00:00,1,Collision with vehicle,0,Sunday,130,REAR END(VEHICLES IN SAME LANE),1,53307,2,0,0,1,1,2,1,4,Multiple intersection,3,60,Freeway
T20230007146,2023/3/26,19:00:00,1,Collision with vehicle,1,Sunday,120,HEAD ON (NOT OVERTAKING),2,765535,2,0,1,1,0,2,1,2,T intersection,2,60,Arterial Highway
T20230007125,2023/3/26,14:55:00,1,Collision with vehicle,0,Sunday,130,REAR END(VEHICLES IN SAME LANE),1,781746,2,0,0,1,1,2,1,5,Not at intersection,3,70,Arterial Other
T20230007128,2023/3/26,15:10:00,2,Struck Pedestrian,1,Sunday,100,PED NEAR SIDE. PED HIT BY VEHICLE FROM THE RIGHT.,1,982,1,0,1,0,1,2,1,2,T intersection,2,50,Local Road
T20230007115,2023/3/26,12:33:00,1,Collision with vehicle,1,Sunday,140,U TURN,1,46101,2,0,0,2,3,5,1,2,T intersection,3,80,Arterial Highway
T20230007119,2023/3/26,9:30:00,8,No collision and no object struck,1,Sunday,184,OUT OF CONTROL ON CARRIAGEWAY (ON BEND),1,767494,1,0,0,1,0,1,1,5,Not at intersection,3,60,Arterial Other
T20230007150,2023/3/26,20:00:00,6,Vehicle overturned (no collision),1,Sunday,180,OFF CARRIAGEWAY ON RIGHT BEND,3,774098,1,0,0,1,0,1,1,5,Not at intersection,3,60,Local Road
T20230007389,2023/3/26,14:50:00,4,Collision with a fixed object,1,Sunday,181,OFF RIGHT BEND INTO OBJECT/PARKED VEHICLE,1,774175,1,0,1,0,0,1,1,5,Not at intersection,2,80,Arterial Other
T20230007265,2023/3/27,21:58:00,1,Collision with vehicle,2,Monday,173,RIGHT OFF CARRIAGEWAY INTO OBJECT/PARKED VEHICLE,3,763730,2,0,0,1,1,2,1,5,Not at intersection,3,60,Arterial Other
T20230007276,2023/3/27,20:50:00,1,Collision with vehicle,1,Monday,110,CROSS TRAFFIC(INTERSECTIONS ONLY),3,70662,2,0,0,3,0,3,1,1,Cross intersection,3,60,Arterial Highway
T20230007293,2023/3/27,12:00:00,1,Collision with vehicle,1,Monday,130,REAR END(VEHICLES IN SAME LANE),1,777822,2,0,0,1,1,2,2,2,T intersection,3,999,Freeway
T20230007296,2023/3/27,17:00:00,1,Collision with vehicle,1,Monday,133,LANE SIDE SWIPE (VEHICLES IN PARALLEL LANES),1,773682,2,0,0,1,1,2,2,5,Not at intersection,3,50,Arterial Highway
T20230007360,2023/3/27,17:00:00,1,Collision with vehicle,1,Monday,130,REAR END(VEHICLES IN SAME LANE),9,767015,2,0,0,1,2,3,2,5,Not at intersection,3,60,Arterial Other
T20230007310,2023/3/27,21:15:00,1,Collision with vehicle,1,Monday,139,OTHER SAME DIRECTION-MANOUEVRES NOT INCLUDED IN DCAs 130-137,3,767357,3,0,1,0,2,3,2,5,Not at intersection,2,999,Freeway
T20230007867,2023/3/27,12:30:00,1,Collision with vehicle,1,Monday,130,REAR END(VEHICLES IN SAME LANE),1,222171,2,0,0,1,1,2,2,2,T intersection,3,999,Arterial Highway
T20230008547,2023/3/27,7:11:00,6,Vehicle overturned (no collision),1,Monday,170,OFF CARRIAGEWAY TO LEFT,1,767611,1,0,0,1,0,1,1,1,Cross intersection,3,100,Local Road
T20230010810,2023/3/27,15:00:00,2,Struck Pedestrian,2,Monday,102,FAR SIDE. PED HIT BY VEHICLE FROM THE LEFT,1,775832,1,0,1,0,1,2,2,5,Not at intersection,2,40,Arterial Other
T20230010330,2023/3/27,22:00:00,3,Struck animal,1,Monday,167,STRUCK ANIMAL,5,772737,1,0,0,1,0,1,2,5,Not at intersection,3,80,Local Road
T20230011780,2023/3/27,11:55:00,1,Collision with vehicle,1,Monday,140,U TURN,1,774452,2,0,0,1,1,2,2,5,Not at intersection,3,50,Local Road
T20230008042,2023/3/27,7:00:00,6,Vehicle overturned (no collision),2,Monday,184,OUT OF CONTROL ON CARRIAGEWAY (ON BEND),1,766019,1,0,1,0,0,1,2,4,Multiple intersection,2,50,Local Road
T20230007567,2023/3/27,12:30:00,1,Collision with vehicle,1,Monday,160,VEHICLE COLLIDES WITH VEHICLE PARKED ON LEFT OF ROAD,1,776693,2,0,0,1,1,2,2,5,Not at intersection,3,40,Arterial Other
T20230007566,2023/3/27,8:45:00,1,Collision with vehicle,1,Monday,111,RIGHT FAR (INTERSECTIONS ONLY),1,43667,2,0,0,2,1,3,2,2,T intersection,3,60,Local Road
T20230007523,2023/3/27,7:45:00,1,Collision with vehicle,1,Monday,130,REAR END(VEHICLES IN SAME LANE),1,764356,2,0,0,1,1,2,2,5,Not at intersection,3,100,Freeway
T20230007208,2023/3/27,11:20:00,4,Collision with a fixed object,2,Monday,171,LEFT OFF CARRIAGEWAY INTO OBJECT/PARKED VEHICLE,1,776857,1,0,1,0,0,1,1,3,Y intersection,2,100,Arterial Highway
T20230010209,2023/3/27,18:42:00,4,Collision with a fixed object,1,Monday,171,LEFT OFF CARRIAGEWAY INTO OBJECT/PARKED VEHICLE,1,773570,1,0,0,1,0,1,1,1,Cross intersection,3,100,Arterial Highway
T20230009432,2023/3/27,18:40:00,1,Collision with vehicle,2,Monday,134,LANE CHANGE RIGHT (NOT OVERTAKING),2,771947,2,0,0,1,1,2,1,5,Not at intersection,3,80,Local Road
T20230007171,2023/3/27,6:40:00,2,Struck Pedestrian,2,Monday,100,PED NEAR SIDE. PED HIT BY VEHICLE FROM THE RIGHT.,2,116437,1,0,1,0,1,2,1,5,Not at intersection,2,60,Arterial Highway
T20230007173,2023/3/27,6:31:00,1,Collision with vehicle,2,Monday,130,REAR END(VEHICLES IN SAME LANE),2,766230,4,0,2,0,2,4,1,5,Not at intersection,2,100,Freeway
T20230007175,2023/3/27,9:00:00,1,Collision with vehicle,2,Monday,130,REAR END(VEHICLES IN SAME LANE),1,773204,2,0,0,1,2,3,1,5,Not at intersection,3,60,Local Road
T20230007179,2023/3/27,8:30:00,4,Collision with a fixed object,1,Monday,173,RIGHT OFF CARRIAGEWAY INTO OBJECT/PARKED VEHICLE,1,787791,1,0,0,1,0,1,1,5,Not at intersection,3,80,Arterial Other
T20230007182,2023/3/27,7:00:00,1,Collision with vehicle,2,Monday,147,VEHICLE STRIKES ANOTHER VEH WHILE EMERGING FROM DRIVEWAY,2,764348,2,0,1,1,0,2,1,5,Not at intersection,2,80,Arterial Highway
T20230007185,2023/3/27,9:40:00,6,Vehicle overturned (no collision),2,Monday,174,OUT OF CONTROL ON CARRIAGEWAY (ON STRAIGHT),1,764092,1,0,1,0,0,1,1,5,Not at intersection,2,60,Local Road
T20230007186,2023/3/27,10:49:00,1,Collision with vehicle,2,Monday,121,RIGHT THROUGH,1,243678,3,0,1,0,3,4,1,5,Not at intersection,2,60,Arterial Other
T20230007187,2023/3/27,7:50:00,4,Collision with a fixed object,1,Monday,173,RIGHT OFF CARRIAGEWAY INTO OBJECT/PARKED VEHICLE,2,777031,1,0,1,0,0,1,1,5,Not at intersection,2,100,Local Road
T20230007192,2023/3/27,7:50:00,6,Vehicle overturned (no collision),2,Monday,170,OFF CARRIAGEWAY TO LEFT,1,763728,1,0,1,0,0,1,1,2,T intersection,2,60,Local Road
T20230007194,2023/3/27,11:30:00,6,Vehicle overturned (no collision),1,Monday,182,OFF CARRIAGEWAY ON LEFT BEND,1,787837,1,0,0,1,1,2,2,5,Not at intersection,3,999,Freeway
T20230009089,2023/3/27,18:52:00,1,Collision with vehicle,2,Monday,147,VEHICLE STRIKES ANOTHER VEH WHILE EMERGING FROM DRIVEWAY,2,769562,2,0,0,2,1,3,1,5,Not at intersection,3,40,Local Road
T20230007195,2023/3/27,11:37:00,1,Collision with vehicle,2,Monday,129,OTHER OPPOSING MANOEUVRES NOT INCLUDED IN DCAs 120-125.,1,70611,2,0,0,1,1,2,1,2,T intersection,3,60,Arterial Highway
T20230007199,2023/3/27,8:30:00,2,Struck Pedestrian,2,Monday,194,PARKED CAR RUN AWAY,1,763854,1,0,1,0,0,1,1,5,Not at intersection,2,50,Local Road
T20230008132,2023/3/27,17:20:00,1,Collision with vehicle,2,Monday,130,REAR END(VEHICLES IN SAME LANE),1,775418,2,0,0,1,1,2,2,2,T intersection,3,60,Local Road
T20230007410,2023/3/27,5:15:00,1,Collision with vehicle,1,Monday,131,LEFT REAR,3,728930,2,0,0,1,1,2,2,5,Not at intersection,3,999,Arterial Other
T20230007207,2023/3/27,12:40:00,1,Collision with vehicle,1,Monday,110,CROSS TRAFFIC(INTERSECTIONS ONLY),1,781825,2,0,0,2,0,2,1,1,Cross intersection,3,100,Local Road
T20230007212,2023/3/27,13:17:00,1,Collision with vehicle,1,Monday,130,REAR END(VEHICLES IN SAME LANE),1,773691,2,0,0,1,1,2,1,5,Not at intersection,3,60,Arterial Other
T20230007215,2023/3/27,12:58:00,1,Collision with vehicle,2,Monday,130,REAR END(VEHICLES IN SAME LANE),1,764927,5,0,0,1,4,5,1,5,Not at intersection,3,60,Arterial Highway
T20230007219,2023/3/27,9:52:00,8,No collision and no object struck,2,Monday,184,OUT OF CONTROL ON CARRIAGEWAY (ON BEND),1,763617,1,0,1,0,0,1,1,1,Cross intersection,2,40,Local Road
T20230007221,2023/3/27,11:58:00,1,Collision with vehicle,1,Monday,110,CROSS TRAFFIC(INTERSECTIONS ONLY),1,39195,2,0,0,1,1,2,1,1,Cross intersection,3,60,Arterial Other
T20230007223,2023/3/27,17:00:00,1,Collision with vehicle,2,Monday,130,REAR END(VEHICLES IN SAME LANE),2,782016,3,0,0,1,2,3,1,5,Not at intersection,3,50,Arterial Other
T20230007225,2023/3/27,15:11:00,1,Collision with vehicle,2,Monday,121,RIGHT THROUGH,1,278624,2,0,1,0,1,2,1,1,Cross intersection,2,50,Local Road
T20230007231,2023/3/27,15:46:00,4,Collision with a fixed object,2,Monday,181,OFF RIGHT BEND INTO OBJECT/PARKED VEHICLE,1,770593,1,0,1,0,0,1,1,5,Not at intersection,2,100,Arterial Other
T20230007232,2023/3/27,17:48:00,4,Collision with a fixed object,2,Monday,181,OFF RIGHT BEND INTO OBJECT/PARKED VEHICLE,1,773690,1,0,0,1,0,1,1,5,Not at intersection,3,60,Local Road
T20230007234,2023/3/27,17:20:00,1,Collision with vehicle,2,Monday,129,OTHER OPPOSING MANOEUVRES NOT INCLUDED IN DCAs 120-125.,1,781828,2,0,1,0,1,2,1,2,T intersection,2,999,Local Road
T20230007235,2023/3/27,14:15:00,1,Collision with vehicle,2,Monday,130,REAR END(VEHICLES IN SAME LANE),1,765779,2,0,0,1,1,2,1,5,Not at intersection,3,80,Freeway
T20230007238,2023/3/27,17:50:00,4,Collision with a fixed object,2,Monday,171,LEFT OFF CARRIAGEWAY INTO OBJECT/PARKED VEHICLE,1,51713,1,0,0,1,0,1,1,1,Cross intersection,3,60,Arterial Highway
T20230007243,2023/3/27,16:25:00,1,Collision with vehicle,2,Monday,135,LANE CHANGE LEFT (NOT OVERTAKING),1,773680,2,0,1,0,1,2,1,5,Not at intersection,2,60,Arterial Other
T20230010438,2023/3/27,17:27:00,1,Collision with vehicle,2,Monday,147,VEHICLE STRIKES ANOTHER VEH WHILE EMERGING FROM DRIVEWAY,1,773681,2,0,0,1,1,2,1,5,Not at intersection,3,60,Arterial Other
T20230007732,2023/3/27,23:55:00,6,Vehicle overturned (no collision),2,Monday,170,OFF CARRIAGEWAY TO LEFT,5,783016,1,0,1,0,0,1,2,5,Not at intersection,2,100,Arterial Other
T20230007246,2023/3/27,20:01:00,4,Collision with a fixed object,2,Monday,173,RIGHT OFF CARRIAGEWAY INTO OBJECT/PARKED VEHICLE,3,746085,1,0,1,0,2,3,1,1,Cross intersection,2,60,Local Road
T20230007248,2023/3/27,19:30:00,1,Collision with vehicle,2,Monday,120,HEAD ON (NOT OVERTAKING),5,765538,2,0,0,2,1,3,1,5,Not at intersection,3,70,Local Road
T20230007249,2023/3/27,14:51:00,4,Collision with a fixed object,1,Monday,171,LEFT OFF CARRIAGEWAY INTO OBJECT/PARKED VEHICLE,1,782252,1,0,1,0,0,1,1,5,Not at intersection,2,80,Arterial Other
T20230007253,2023/3/27,17:02:00,1,Collision with vehicle,1,Monday,120,HEAD ON (NOT OVERTAKING),1,771197,2,0,1,1,0,2,2,5,Not at intersection,2,70,Local Road
T20230007386,2023/3/27,7:40:00,1,Collision with vehicle,2,Monday,130,REAR END(VEHICLES IN SAME LANE),2,773559,5,0,0,2,3,5,2,5,Not at intersection,3,100,Freeway
T20230007255,2023/3/27,19:10:00,1,Collision with vehicle,1,Monday,151,OUT OF CONTROL (OVERTAKING),2,777910,4,0,0,3,2,5,1,5,Not at intersection,3,60,Arterial Highway
T20230007256,2023/3/27,20:46:00,1,Collision with vehicle,1,Monday,113,RIGHT NEAR (INTERSECTIONS ONLY),3,345453,2,0,1,0,2,3,1,1,Cross intersection,2,70,Arterial Other
T20230007257,2023/3/27,20:30:00,1,Collision with vehicle,1,Monday,130,REAR END(VEHICLES IN SAME LANE),3,38679,2,0,0,1,1,2,2,2,T intersection,3,60,Arterial Other
T20230007258,2023/3/27,21:08:00,1,Collision with vehicle,2,Monday,134,LANE CHANGE RIGHT (NOT OVERTAKING),3,763620,2,0,2,2,1,5,1,5,Not at intersection,2,100,Freeway
T20230007262,2023/3/27,19:52:00,2,Struck Pedestrian,2,Monday,102,FAR SIDE. PED HIT BY VEHICLE FROM THE LEFT,3,201640,1,0,1,0,1,2,1,5,Not at intersection,2,80,Arterial Highway
T20230007263,2023/3/27,14:55:00,1,Collision with vehicle,1,Monday,130,REAR END(VEHICLES IN SAME LANE),1,40191,2,0,0,1,1,2,2,2,T intersection,3,40,Arterial Other
T20230007392,2023/3/28,7:45:00,1,Collision with vehicle,2,Tuesday,121,RIGHT THROUGH,1,39160,2,0,0,1,1,2,1,1,Cross intersection,3,60,Arterial Other
T20230008796,2023/3/28,18:40:00,1,Collision with vehicle,2,Tuesday,111,RIGHT FAR (INTERSECTIONS ONLY),2,307863,2,0,0,1,1,2,2,4,Multiple intersection,3,60,Freeway
T20230007353,2023/3/28,18:30:00,1,Collision with vehicle,3,Tuesday,134,LANE CHANGE RIGHT (NOT OVERTAKING),1,766344,2,0,0,2,0,2,1,5,Not at intersection,3,80,Arterial Other
T20230007348,2023/3/28,18:00:00,4,Collision with a fixed object,3,Tuesday,173,RIGHT OFF CARRIAGEWAY INTO OBJECT/PARKED VEHICLE,1,798960,1,0,0,1,0,1,1,5,Not at intersection,3,100,Arterial Highway
T20230007346,2023/3/28,14:54:00,1,Collision with vehicle,3,Tuesday,147,VEHICLE STRIKES ANOTHER VEH WHILE EMERGING FROM DRIVEWAY,1,214322,2,0,1,0,1,2,1,5,Not at intersection,2,60,Arterial Other
T20230007299,2023/3/28,9:20:00,1,Collision with vehicle,3,Tuesday,130,REAR END(VEHICLES IN SAME LANE),1,277601,2,0,1,0,1,2,1,2,T intersection,2,80,Freeway
T20230007302,2023/3/28,7:10:00,4,Collision with a fixed object,3,Tuesday,181,OFF RIGHT BEND INTO OBJECT/PARKED VEHICLE,2,781861,1,0,0,1,0,1,2,5,Not at intersection,3,80,Arterial Other
T20230007336,2023/3/28,15:45:00,1,Collision with vehicle,3,Tuesday,110,CROSS TRAFFIC(INTERSECTIONS ONLY),1,52979,2,0,1,3,0,4,1,1,Cross intersection,2,80,Local Road
T20230007629,2023/3/28,17:30:00,1,Collision with vehicle,3,Tuesday,135,LANE CHANGE LEFT (NOT OVERTAKING),1,764714,2,0,0,1,1,2,2,5,Not at intersection,3,60,Arterial Other
T20230007334,2023/3/28,14:42:00,1,Collision with vehicle,3,Tuesday,121,RIGHT THROUGH,1,775398,2,0,1,0,1,2,1,5,Not at intersection,2,60,Arterial Other
T20230008662,2023/3/28,21:00:00,3,Struck animal,3,Tuesday,167,STRUCK ANIMAL,5,767615,1,0,0,1,0,1,1,5,Not at intersection,3,100,Arterial Other
T20230007326,2023/3/28,10:38:00,1,Collision with vehicle,3,Tuesday,159,OTHER OVERTAKING MANOEUVRES NOT INCLUDED IN DCAs 150-154,1,45439,2,0,2,0,2,4,1,2,T intersection,2,60,Arterial Other
T20230007323,2023/3/28,14:55:00,1,Collision with vehicle,3,Tuesday,113,RIGHT NEAR (INTERSECTIONS ONLY),1,301918,2,0,0,1,1,2,1,2,T intersection,3,50,Arterial Other
T20230018509,2023/3/28,17:15:00,1,Collision with vehicle,3,Tuesday,115,RIGHT/LEFT FAR (INTERSECTIONS ONLY),2,782109,2,0,0,1,2,3,1,1,Cross intersection,3,999,Local Road
T20230008554,2023/3/28,14:35:00,1,Collision with vehicle,2,Tuesday,130,REAR END(VEHICLES IN SAME LANE),1,41049,2,0,0,1,1,2,2,2,T intersection,3,60,Local Road
T20230007304,2023/3/28,8:32:00,1,Collision with vehicle,3,Tuesday,121,RIGHT THROUGH,1,773674,2,0,1,0,1,2,1,5,Not at intersection,2,50,Local Road
T20230007272,2023/3/28,1:57:00,4,Collision with a fixed object,2,Tuesday,171,LEFT OFF CARRIAGEWAY INTO OBJECT/PARKED VEHICLE,5,782007,1,0,0,2,0,2,1,5,Not at intersection,3,80,Local Road
T20230008773,2023/3/28,16:50:00,1,Collision with vehicle,3,Tuesday,130,REAR END(VEHICLES IN SAME LANE),1,768274,3,0,0,1,2,3,1,5,Not at intersection,3,60,Local Road
T20230007289,2023/3/28,10:20:00,1,Collision with vehicle,3,Tuesday,110,CROSS TRAFFIC(INTERSECTIONS ONLY),1,56741,2,0,1,0,1,2,1,1,Cross intersection,2,80,Local Road
T20230007829,2023/3/28,9:00:00,1,Collision with vehicle,2,Tuesday,130,REAR END(VEHICLES IN SAME LANE),1,767838,2,0,0,1,1,2,2,1,Cross intersection,3,80,Arterial Other
T20230007306,2023/3/28,7:04:00,1,Collision with vehicle,3,Tuesday,121,RIGHT THROUGH,2,35636,2,0,1,1,0,2,1,1,Cross intersection,2,60,Arterial Highway
T20230007303,2023/3/28,7:23:00,1,Collision with vehicle,3,Tuesday,113,RIGHT NEAR (INTERSECTIONS ONLY),1,12019,2,0,1,0,1,2,1,2,T intersection,2,80,Local Road
T20230007619,2023/3/28,15:30:00,1,Collision with vehicle,3,Tuesday,130,REAR END(VEHICLES IN SAME LANE),1,775322,2,0,0,1,1,2,1,5,Not at intersection,3,60,Arterial Highway
T20230007365,2023/3/28,22:13:00,1,Collision with vehicle,3,Tuesday,110,CROSS TRAFFIC(INTERSECTIONS ONLY),3,45589,2,0,0,1,1,2,1,1,Cross intersection,3,50,Local Road
T20230008038,2023/3/28,12:14:00,1,Collision with vehicle,3,Tuesday,137,LEFT TURN SIDESWIPE,1,38951,2,0,1,0,1,2,1,2,T intersection,2,50,Arterial Other
T20230008550,2023/3/28,10:50:00,2,Struck Pedestrian,2,Tuesday,103,PED PLAYING/LYING/WORKING/STANDING ON CARRIAGEWAY.,1,791445,1,0,0,1,1,2,2,1,Cross intersection,3,777,Local Road
T20230020084,2023/3/28,16:15:00,1,Collision with vehicle,3,Tuesday,130,REAR END(VEHICLES IN SAME LANE),1,779937,5,0,0,2,4,6,1,5,Not at intersection,3,60,Arterial Highway
T20230007363,2023/3/28,21:15:00,1,Collision with vehicle,2,Tuesday,121,RIGHT THROUGH,3,29938,3,0,0,1,3,4,1,1,Cross intersection,3,70,Arterial Highway
T20230007358,2023/3/28,20:26:00,1,Collision with vehicle,2,Tuesday,121,RIGHT THROUGH,3,763961,2,0,0,1,1,2,1,2,T intersection,3,50,Local Road
T20230007355,2023/3/28,6:21:00,4,Collision with a fixed object,3,Tuesday,173,RIGHT OFF CARRIAGEWAY INTO OBJECT/PARKED VEHICLE,3,773662,1,0,0,1,0,1,1,5,Not at intersection,3,60,Local Road
T20230007320,2023/3/28,14:40:00,1,Collision with vehicle,3,Tuesday,160,VEHICLE COLLIDES WITH VEHICLE PARKED ON LEFT OF ROAD,1,773673,3,0,0,1,2,3,1,5,Not at intersection,3,40,Local Road
T20230007314,2023/3/28,13:52:00,1,Collision with vehicle,2,Tuesday,121,RIGHT THROUGH,1,296274,2,0,0,1,1,2,1,2,T intersection,3,80,Arterial Other
T20230007313,2023/3/28,13:47:00,1,Collision with vehicle,3,Tuesday,130,REAR END(VEHICLES IN SAME LANE),1,680875,3,0,0,1,3,4,1,5,Not at intersection,3,60,Arterial Highway
T20230007312,2023/3/28,12:00:00,1,Collision with vehicle,3,Tuesday,113,RIGHT NEAR (INTERSECTIONS ONLY),1,763859,2,0,0,1,1,2,1,2,T intersection,3,60,Local Road
T20230008413,2023/3/28,14:20:00,1,Collision with vehicle,3,Tuesday,113,RIGHT NEAR (INTERSECTIONS ONLY),1,349641,2,0,0,1,1,2,1,2,T intersection,3,70,Local Road
T20230007797,2023/3/28,17:30:00,1,Collision with vehicle,2,Tuesday,110,CROSS TRAFFIC(INTERSECTIONS ONLY),9,38213,2,0,0,1,2,3,2,1,Cross intersection,3,60,Local Road
T20230007695,2023/3/28,19:45:00,1,Collision with vehicle,3,Tuesday,121,RIGHT THROUGH,3,58077,2,0,0,1,1,2,2,2,T intersection,3,40,Arterial Other
T20230007376,2023/3/29,6:36:00,1,Collision with vehicle,3,Wednesday,110,CROSS TRAFFIC(INTERSECTIONS ONLY),3,781222,2,0,1,1,0,2,1,1,Cross intersection,2,60,Arterial Other
T20230007548,2023/3/29,6:20:00,1,Collision with vehicle,3,Wednesday,130,REAR END(VEHICLES IN SAME LANE),2,764818,3,0,0,1,2,3,2,5,Not at intersection,3,80,Freeway
T20230007419,2023/3/29,7:33:00,1,Collision with vehicle,4,Wednesday,130,REAR END(VEHICLES IN SAME LANE),2,775603,4,0,1,3,0,4,1,5,Not at intersection,2,100,Freeway
T20230007408,2023/3/29,6:57:00,1,Collision with vehicle,3,Wednesday,122,LEFT THROUGH,2,782151,2,0,0,2,0,2,1,5,Not at intersection,3,80,Arterial Other
T20230007393,2023/3/29,9:36:00,1,Collision with vehicle,3,Wednesday,110,CROSS TRAFFIC(INTERSECTIONS ONLY),1,36091,2,0,0,1,1,2,1,1,Cross intersection,3,40,Local Road
T20230007396,2023/3/29,11:20:00,1,Collision with vehicle,4,Wednesday,111,RIGHT FAR (INTERSECTIONS ONLY),1,38969,2,0,1,0,1,2,1,2,T intersection,2,60,Arterial Other
T20230007405,2023/3/29,10:12:00,3,Struck animal,4,Wednesday,167,STRUCK ANIMAL,1,764474,1,0,0,1,0,1,1,5,Not at intersection,3,80,Arterial Other
T20230007418,2023/3/29,13:08:00,4,Collision with a fixed object,3,Wednesday,171,LEFT OFF CARRIAGEWAY INTO OBJECT/PARKED VEHICLE,1,774425,1,0,0,1,0,1,1,5,Not at intersection,3,80,Local Road
T20230007427,2023/3/29,13:50:00,1,Collision with vehicle,4,Wednesday,120,HEAD ON (NOT OVERTAKING),1,765279,2,0,0,2,1,3,1,5,Not at intersection,3,100,Arterial Other
T20230009099,2023/3/29,2:55:00,1,Collision with vehicle,3,Wednesday,110,CROSS TRAFFIC(INTERSECTIONS ONLY),3,321719,2,0,0,1,1,2,2,1,Cross intersection,3,60,Local Road
T20230007472,2023/3/29,23:00:00,4,Collision with a fixed object,3,Wednesday,171,LEFT OFF CARRIAGEWAY INTO OBJECT/PARKED VEHICLE,3,782152,1,0,0,1,0,1,1,5,Not at intersection,3,80,Arterial Other
T20230007368,2023/3/29,2:20:00,1,Collision with vehicle,4,Wednesday,160,VEHICLE COLLIDES WITH VEHICLE PARKED ON LEFT OF ROAD,3,772198,2,0,0,1,0,1,1,5,Not at intersection,3,50,Local Road
T20230007434,2023/3/29,15:00:00,1,Collision with vehicle,4,Wednesday,110,CROSS TRAFFIC(INTERSECTIONS ONLY),1,773205,2,0,0,1,1,2,1,1,Cross intersection,3,50,Local Road
T20230007469,2023/3/29,21:30:00,1,Collision with vehicle,3,Wednesday,163,VEHICLE STRIKES DOOR OF PARKED/STATIONARY VEHICLE,3,774470,2,0,0,1,1,2,2,5,Not at intersection,3,40,Local Road
T20230007462,2023/3/29,21:43:00,4,Collision with a fixed object,4,Wednesday,171,LEFT OFF CARRIAGEWAY INTO OBJECT/PARKED VEHICLE,3,773619,1,0,0,1,0,1,1,5,Not at intersection,3,100,Freeway
T20230007460,2023/3/29,20:59:00,2,Struck Pedestrian,4,Wednesday,100,PED NEAR SIDE. PED HIT BY VEHICLE FROM THE RIGHT.,3,336341,1,0,1,2,0,3,1,5,Not at intersection,2,80,Arterial Highway
T20230007367,2023/3/29,2:15:00,1,Collision with vehicle,3,Wednesday,140,U TURN,3,763860,2,0,0,2,0,2,1,5,Not at intersection,3,50,Local Road
T20230007432,2023/3/29,10:30:00,1,Collision with vehicle,3,Wednesday,130,REAR END(VEHICLES IN SAME LANE),1,360501,2,0,0,1,1,2,1,2,T intersection,3,100,Freeway
T20230007458,2023/3/29,14:38:00,1,Collision with vehicle,3,Wednesday,120,HEAD ON (NOT OVERTAKING),1,787844,2,0,1,1,0,2,1,5,Not at intersection,2,50,
T20230007452,2023/3/29,18:26:00,1,Collision with vehicle,4,Wednesday,140,U TURN,1,772712,3,0,1,0,1,2,1,5,Not at intersection,2,50,Arterial Other
T20230010236,2023/3/29,16:20:00,1,Collision with vehicle,3,Wednesday,121,RIGHT THROUGH,1,353658,2,0,0,1,1,2,1,2,T intersection,3,80,Arterial Other
T20230007384,2023/3/29,8:30:00,1,Collision with vehicle,4,Wednesday,130,REAR END(VEHICLES IN SAME LANE),1,774066,2,0,0,1,2,3,2,5,Not at intersection,3,50,Local Road
T20230007402,2023/3/29,8:45:00,2,Struck Pedestrian,4,Wednesday,100,PED NEAR SIDE. PED HIT BY VEHICLE FROM THE RIGHT.,1,764351,1,0,1,0,1,2,1,2,T intersection,2,50,Local Road
T20230007941,2023/3/29,9:30:00,1,Collision with vehicle,4,Wednesday,121,RIGHT THROUGH,9,779422,2,0,0,2,0,2,2,5,Not at intersection,3,50,Local Road
T20230007446,2023/3/29,13:30:00,2,Struck Pedestrian,3,Wednesday,107,PED ON FOOTHPATH STRUCK BY VEHENTERING/LEAVING DRIVEWAY.,1,776372,1,0,0,1,1,2,1,5,Not at intersection,3,999,Local Road
T20230007942,2023/3/29,12:30:00,1,Collision with vehicle,3,Wednesday,110,CROSS TRAFFIC(INTERSECTIONS ONLY),1,50612,2,0,0,1,1,2,2,1,Cross intersection,3,50,Local Road
T20230007398,2023/3/29,9:33:00,1,Collision with vehicle,3,Wednesday,160,VEHICLE COLLIDES WITH VEHICLE PARKED ON LEFT OF ROAD,1,44360,3,0,0,1,1,2,1,3,Y intersection,3,60,Local Road
T20230007444,2023/3/29,0:16:00,4,Collision with a fixed object,4,Wednesday,164,PERMANENT OBSTRUCTION ON CARRIAGEWAY,5,778369,1,1,0,0,0,1,1,5,Not at intersection,1,100,Local Road
T20230007400,2023/3/29,5:45:00,4,Collision with a fixed object,4,Wednesday,173,RIGHT OFF CARRIAGEWAY INTO OBJECT/PARKED VEHICLE,3,765539,1,0,1,0,0,1,1,5,Not at intersection,2,60,Local Road
T20230009304,2023/3/29,5:06:00,1,Collision with vehicle,3,Wednesday,120,HEAD ON (NOT OVERTAKING),2,35612,2,0,0,1,1,2,1,1,Cross intersection,3,60,Arterial Other