ACCIDENT_NO,ACCIDENT_DATE,ACCIDENT_TIME,ACCIDENT_TYPE,ACCIDENT_TYPE_DESC,DAY_OF_WEEK,DAY_WEEK_DESC,DCA_CODE,DCA_DESC,LIGHT_CONDITION,NODE_ID,NO_OF_VEHICLES,NO_PERSONS_KILLED,NO_PERSONS_INJ_2,NO_PERSONS_INJ_3,NO_PERSONS_NOT_INJ,NO_PERSONS,POLICE_ATTEND,ROAD_GEOMETRY,ROAD_GEOMETRY_DESC,SEVERITY,SPEED_ZONE,RMA
T20230007383,2023/3/29,8:55:00,1,Collision with vehicle,4,Wednesday,113,RIGHT NEAR (INTERSECTIONS ONLY),1,40266,2,0,1,0,1,2,1,1,Cross intersection,2,50,Local Road
T20230007646,2023/3/29,5:41:00,1,Collision with vehicle,3,Wednesday,121,RIGHT THROUGH,2,279137,2,0,0,1,1,2,1,1,Cross intersection,3,999,Freeway
T20230010992,2023/3/29,19:29:00,1,Collision with vehicle,4,Wednesday,124,RIGHT/RIGHT BOTH VEHs FROM OPPOSITE DIRECTIONS TURNING RIGHT,3,776132,2,0,0,1,1,2,2,1,Cross intersection,3,70,Local Road
T20230007441,2023/3/29,15:25:00,1,Collision with vehicle,4,Wednesday,130,REAR END(VEHICLES IN SAME LANE),1,774498,3,0,0,4,0,4,1,5,Not at intersection,3,70,Arterial Highway
T20230007537,2023/3/29,8:50:00,3,Struck animal,3,Wednesday,167,STRUCK ANIMAL,9,764357,1,0,0,1,0,1,2,5,Not at intersection,3,999,Arterial Other
T20230007412,2023/3/29,7:15:00,6,Vehicle overturned (no collision),3,Wednesday,182,OFF CARRIAGEWAY ON LEFT BEND,2,768525,1,0,0,1,0,1,1,5,Not at intersection,3,80,Local Road
T20230007409,2023/3/29,10:00:00,4,Collision with a fixed object,3,Wednesday,183,OFF LEFT BEND INTO OBJECT/PARKED VEHICLE,1,773622,1,0,0,1,0,1,1,5,Not at intersection,3,70,Local Road
T20230007414,2023/3/29,11:35:00,1,Collision with vehicle,3,Wednesday,110,CROSS TRAFFIC(INTERSECTIONS ONLY),1,51294,2,0,0,3,0,3,1,1,Cross intersection,3,60,Arterial Other
T20230007388,2023/3/29,6:45:00,1,Collision with vehicle,3,Wednesday,130,REAR END(VEHICLES IN SAME LANE),3,773623,4,0,0,2,3,5,2,5,Not at intersection,3,60,Arterial Other
T20230007706,2023/3/29,15:00:00,1,Collision with vehicle,3,Wednesday,111,RIGHT FAR (INTERSECTIONS ONLY),1,765042,2,0,0,1,1,2,2,2,T intersection,3,60,Arterial Other
T20230007501,2023/3/29,14:00:00,1,Collision with vehicle,3,Wednesday,131,LEFT REAR,1,796824,2,0,0,1,1,2,2,5,Not at intersection,3,999,Local Road
T20230007380,2023/3/29,6:30:00,1,Collision with vehicle,3,Wednesday,130,REAR END(VEHICLES IN SAME LANE),2,766010,3,0,0,1,2,3,1,2,T intersection,3,60,Arterial Other
T20230007424,2023/3/29,7:30:00,4,Collision with a fixed object,4,Wednesday,173,RIGHT OFF CARRIAGEWAY INTO OBJECT/PARKED VEHICLE,1,58689,1,0,1,0,0,1,1,5,Not at intersection,2,60,Arterial Other
T20230007499,2023/3/29,12:35:00,1,Collision with vehicle,4,Wednesday,130,REAR END(VEHICLES IN SAME LANE),1,773620,4,0,0,1,4,5,1,5,Not at intersection,3,60,Arterial Highway
T20230007481,2023/3/29,21:17:00,1,Collision with vehicle,4,Wednesday,130,REAR END(VEHICLES IN SAME LANE),6,777024,2,0,0,1,1,2,1,5,Not at intersection,3,80,Arterial Other
T20230007373,2023/3/29,6:15:00,1,Collision with vehicle,4,Wednesday,121,RIGHT THROUGH,3,29374,2,0,0,1,1,2,1,1,Cross intersection,3,60,Arterial Other
T20230007415,2023/3/29,10:32:00,1,Collision with vehicle,4,Wednesday,110,CROSS TRAFFIC(INTERSECTIONS ONLY),1,61524,3,0,0,1,2,3,1,1,Cross intersection,3,50,Local Road
T20230007417,2023/3/29,9:30:00,1,Collision with vehicle,4,Wednesday,110,CROSS TRAFFIC(INTERSECTIONS ONLY),1,51912,2,0,1,3,0,4,1,1,Cross intersection,2,100,Local Road
T20230007762,2023/3/29,8:50:00,1,Collision with vehicle,4,Wednesday,113,RIGHT NEAR (INTERSECTIONS ONLY),1,293961,2,0,1,1,0,2,1,2,T intersection,2,60,Arterial Other
T20230007377,2023/3/29,7:19:00,1,Collision with vehicle,4,Wednesday,130,REAR END(VEHICLES IN SAME LANE),1,763962,2,0,0,2,0,2,1,5,Not at intersection,3,110,Freeway
T20230008345,2023/3/29,8:20:00,1,Collision with vehicle,3,Wednesday,130,REAR END(VEHICLES IN SAME LANE),1,603652,3,0,0,1,2,3,2,1,Cross intersection,3,80,Arterial Other
T20230007877,2023/3/29,18:00:00,1,Collision with vehicle,3,Wednesday,147,VEHICLE STRIKES ANOTHER VEH WHILE EMERGING FROM DRIVEWAY,1,773621,2,0,0,1,1,2,2,5,Not at intersection,3,999,Arterial Other
T20230007437,2023/3/29,17:00:00,1,Collision with vehicle,3,Wednesday,110,CROSS TRAFFIC(INTERSECTIONS ONLY),1,42872,2,0,0,1,1,2,1,1,Cross intersection,3,50,Local Road
T20230007387,2023/3/29,8:04:00,1,Collision with vehicle,3,Wednesday,134,LANE CHANGE RIGHT (NOT OVERTAKING),1,773849,2,0,1,0,1,2,1,5,Not at intersection,2,80,Arterial Highway
T20230007553,2023/3/30,17:20:00,1,Collision with vehicle,5,Thursday,173,RIGHT OFF CARRIAGEWAY INTO OBJECT/PARKED VEHICLE,1,769179,3,2,5,0,1,8,1,5,Not at intersection,1,100,Freeway
T20230007738,2023/3/30,18:50:00,1,Collision with vehicle,4,Thursday,129,OTHER OPPOSING MANOEUVRES NOT INCLUDED IN DCAs 120-125.,2,782158,3,0,0,1,2,3,1,2,T intersection,3,70,Local Road
T20230008020,2023/3/30,17:30:00,1,Collision with vehicle,4,Thursday,130,REAR END(VEHICLES IN SAME LANE),1,777444,2,0,0,1,1,2,2,5,Not at intersection,3,60,Local Road
T20230010117,2023/3/30,16:30:00,1,Collision with vehicle,4,Thursday,110,CROSS TRAFFIC(INTERSECTIONS ONLY),1,50704,2,0,0,1,1,2,1,1,Cross intersection,3,70,Arterial Highway
T20230010253,2023/3/30,17:10:00,1,Collision with vehicle,4,Thursday,113,RIGHT NEAR (INTERSECTIONS ONLY),9,37460,2,0,0,1,1,2,2,1,Cross intersection,3,60,Arterial Other
T20230015475,2023/3/30,19:00:00,3,Struck animal,4,Thursday,167,STRUCK ANIMAL,2,776721,1,0,0,1,0,1,2,5,Not at intersection,3,60,Arterial Other
T20230007535,2023/3/30,18:40:00,1,Collision with vehicle,5,Thursday,121,RIGHT THROUGH,2,356393,2,0,0,1,1,2,1,2,T intersection,3,80,Arterial Other
T20230007555,2023/3/30,22:10:00,2,Struck Pedestrian,5,Thursday,102,FAR SIDE. PED HIT BY VEHICLE FROM THE LEFT,3,773701,2,0,1,0,2,3,1,5,Not at intersection,2,60,Local Road
T20230007894,2023/3/30,15:30:00,2,Struck Pedestrian,4,Thursday,100,PED NEAR SIDE. PED HIT BY VEHICLE FROM THE RIGHT.,1,797378,1,0,1,0,1,2,2,5,Not at intersection,2,40,Arterial Other
T20230007552,2023/3/30,21:50:00,1,Collision with vehicle,5,Thursday,120,HEAD ON (NOT OVERTAKING),3,766235,2,0,0,1,2,3,1,5,Not at intersection,3,50,Arterial Other
T20230007928,2023/3/30,7:30:00,1,Collision with vehicle,5,Thursday,130,REAR END(VEHICLES IN SAME LANE),2,40641,2,0,0,1,1,2,2,1,Cross intersection,3,60,Arterial Other
T20230007672,2023/3/30,18:20:00,1,Collision with vehicle,4,Thursday,135,LANE CHANGE LEFT (NOT OVERTAKING),1,37279,2,0,0,1,1,2,1,2,T intersection,3,50,Arterial Other
T20230015310,2023/3/30,19:35:00,4,Collision with a fixed object,5,Thursday,181,OFF RIGHT BEND INTO OBJECT/PARKED VEHICLE,6,778031,1,0,1,0,0,1,1,5,Not at intersection,2,80,Arterial Other
T20230009194,2023/3/30,20:30:00,8,No collision and no object struck,5,Thursday,174,OUT OF CONTROL ON CARRIAGEWAY (ON STRAIGHT),3,769565,1,0,0,1,0,1,2,5,Not at intersection,3,70,Arterial Highway
T20230007543,2023/3/30,16:45:00,1,Collision with vehicle,4,Thursday,110,CROSS TRAFFIC(INTERSECTIONS ONLY),1,49284,2,0,0,1,4,5,1,1,Cross intersection,3,60,Arterial Other
T20230007547,2023/3/30,9:10:00,1,Collision with vehicle,4,Thursday,114,TWO RIGHT TURNING (INTERSECTIONS ONLY),1,53202,2,0,0,1,1,2,2,2,T intersection,3,50,Local Road
T20230009515,2023/3/30,18:00:00,1,Collision with vehicle,5,Thursday,113,RIGHT NEAR (INTERSECTIONS ONLY),2,29438,2,0,0,1,1,2,2,2,T intersection,3,999,Arterial Other
T20230007550,2023/3/30,21:28:00,4,Collision with a fixed object,5,Thursday,171,LEFT OFF CARRIAGEWAY INTO OBJECT/PARKED VEHICLE,3,787899,1,0,0,1,0,1,1,5,Not at intersection,3,50,Local Road
T20230009882,2023/3/30,12:00:00,1,Collision with vehicle,4,Thursday,130,REAR END(VEHICLES IN SAME LANE),1,29761,2,0,0,1,1,2,2,1,Cross intersection,3,80,Arterial Other
T20230007551,2023/3/30,21:15:00,1,Collision with vehicle,5,Thursday,120,HEAD ON (NOT OVERTAKING),3,775416,2,0,1,0,1,2,1,5,Not at intersection,2,50,Local Road
T20230007524,2023/3/30,16:18:00,4,Collision with a fixed object,4,Thursday,173,RIGHT OFF CARRIAGEWAY INTO OBJECT/PARKED VEHICLE,1,769119,1,0,1,0,0,1,1,5,Not at intersection,2,50,Arterial Highway
T20230007526,2023/3/30,6:00:00,1,Collision with vehicle,4,Thursday,130,REAR END(VEHICLES IN SAME LANE),2,704611,2,0,0,1,1,2,2,5,Not at intersection,3,80,Local Road
T20230007529,2023/3/30,15:46:00,1,Collision with vehicle,4,Thursday,148,VEHICLE OFF FOOTPATH STRIKES VEH ON CARRIAGEWAY,1,787901,2,0,0,1,1,2,1,2,T intersection,3,50,Local Road
T20230007521,2023/3/30,13:40:00,4,Collision with a fixed object,4,Thursday,171,LEFT OFF CARRIAGEWAY INTO OBJECT/PARKED VEHICLE,1,718647,1,0,0,1,0,1,2,5,Not at intersection,3,60,Arterial Other
T20230007514,2023/3/30,14:28:00,4,Collision with a fixed object,4,Thursday,173,RIGHT OFF CARRIAGEWAY INTO OBJECT/PARKED VEHICLE,1,773206,1,0,0,1,0,1,1,5,Not at intersection,3,60,Local Road
T20230007507,2023/3/30,13:20:00,1,Collision with vehicle,4,Thursday,121,RIGHT THROUGH,1,764606,2,0,0,1,1,2,1,5,Not at intersection,3,50,Local Road
T20230007505,2023/3/30,13:00:00,1,Collision with vehicle,4,Thursday,130,REAR END(VEHICLES IN SAME LANE),1,783042,2,0,0,1,1,2,1,5,Not at intersection,3,60,Arterial Highway
T20230007810,2023/3/30,17:30:00,1,Collision with vehicle,4,Thursday,130,REAR END(VEHICLES IN SAME LANE),1,35668,2,0,0,1,1,2,2,2,T intersection,3,80,Arterial Other
T20230007511,2023/3/30,15:15:00,6,Vehicle overturned (no collision),4,Thursday,179,OTHER ACCIDENTS-OFF STRAIGHT NOT INCLUDED IN DCAs 170-175,1,787902,1,0,0,1,0,1,1,5,Not at intersection,3,50,Local Road
T20230007503,2023/3/30,11:45:00,1,Collision with vehicle,4,Thursday,130,REAR END(VEHICLES IN SAME LANE),1,766012,2,0,0,1,2,3,2,5,Not at intersection,3,40,Arterial Other
T20230007509,2023/3/30,11:20:00,4,Collision with a fixed object,5,Thursday,171,LEFT OFF CARRIAGEWAY INTO OBJECT/PARKED VEHICLE,1,773610,1,0,0,3,0,3,2,5,Not at intersection,3,50,Local Road
T20230007508,2023/3/30,10:20:00,1,Collision with vehicle,5,Thursday,113,RIGHT NEAR (INTERSECTIONS ONLY),1,765281,2,0,0,2,0,2,1,2,T intersection,3,60,Arterial Highway
T20230007500,2023/3/30,11:44:00,1,Collision with vehicle,4,Thursday,130,REAR END(VEHICLES IN SAME LANE),1,782153,2,0,1,0,1,2,1,5,Not at intersection,2,100,Freeway
T20230007498,2023/3/30,11:15:00,8,No collision and no object struck,4,Thursday,170,OFF CARRIAGEWAY TO LEFT,1,787897,1,0,0,1,0,1,1,5,Not at intersection,3,80,Arterial Highway
T20230007496,2023/3/30,11:35:00,1,Collision with vehicle,5,Thursday,121,RIGHT THROUGH,1,51903,3,0,1,1,2,4,2,1,Cross intersection,2,80,Arterial Highway
T20230007489,2023/3/30,8:09:00,1,Collision with vehicle,4,Thursday,130,REAR END(VEHICLES IN SAME LANE),1,764605,2,0,0,1,7,8,1,5,Not at intersection,3,80,Arterial Other
T20230007701,2023/3/30,18:08:00,1,Collision with vehicle,4,Thursday,130,REAR END(VEHICLES IN SAME LANE),1,765784,2,0,0,1,1,2,1,5,Not at intersection,3,100,Freeway
T20230007486,2023/3/30,9:59:00,1,Collision with vehicle,4,Thursday,130,REAR END(VEHICLES IN SAME LANE),1,44425,2,0,0,1,1,2,1,2,T intersection,3,60,Local Road
T20230007476,2023/3/30,6:15:00,1,Collision with vehicle,4,Thursday,163,VEHICLE STRIKES DOOR OF PARKED/STATIONARY VEHICLE,3,764817,2,0,1,0,1,2,1,5,Not at intersection,2,40,Local Road
T20230007474,2023/3/30,6:45:00,1,Collision with vehicle,4,Thursday,137,LEFT TURN SIDESWIPE,3,241808,2,0,0,1,1,2,2,2,T intersection,3,50,Local Road
T20230007607,2023/3/30,13:15:00,6,Vehicle overturned (no collision),5,Thursday,174,OUT OF CONTROL ON CARRIAGEWAY (ON STRAIGHT),1,764611,2,0,1,0,2,3,2,5,Not at intersection,2,60,Local Road
T20230007559,2023/3/30,23:52:00,4,Collision with a fixed object,4,Thursday,183,OFF LEFT BEND INTO OBJECT/PARKED VEHICLE,5,775265,1,0,0,1,0,1,1,5,Not at intersection,3,100,Local Road
T20230009092,2023/3/31,20:21:00,1,Collision with vehicle,6,Friday,113,RIGHT NEAR (INTERSECTIONS ONLY),9,38390,2,0,0,1,1,2,2,2,T intersection,3,80,Arterial Other
T20230009808,2023/3/31,8:30:00,1,Collision with vehicle,6,Friday,124,RIGHT/RIGHT BOTH VEHs FROM OPPOSITE DIRECTIONS TURNING RIGHT,1,51703,2,0,0,1,1,2,1,1,Cross intersection,3,60,Arterial Other
T20230011130,2023/3/31,15:37:00,1,Collision with vehicle,5,Friday,130,REAR END(VEHICLES IN SAME LANE),1,704611,5,0,0,1,4,5,1,5,Not at intersection,3,80,Local Road
T20230009293,2023/3/31,17:05:00,1,Collision with vehicle,6,Friday,113,RIGHT NEAR (INTERSECTIONS ONLY),1,43161,2,0,0,1,4,5,1,2,T intersection,3,60,Local Road
T20230007648,2023/3/31,6:30:00,4,Collision with a fixed object,5,Friday,173,RIGHT OFF CARRIAGEWAY INTO OBJECT/PARKED VEHICLE,2,782156,1,0,1,0,0,1,2,5,Not at intersection,2,100,Freeway
T20230007641,2023/3/31,19:53:00,1,Collision with vehicle,5,Friday,139,OTHER SAME DIRECTION-MANOUEVRES NOT INCLUDED IN DCAs 130-137,2,779856,2,0,0,1,1,2,2,2,T intersection,3,40,Local Road
T20230007639,2023/3/31,19:28:00,4,Collision with a fixed object,5,Friday,183,OFF LEFT BEND INTO OBJECT/PARKED VEHICLE,3,773605,1,0,0,2,0,2,1,5,Not at intersection,3,50,Local Road
T20230007636,2023/3/31,16:25:00,1,Collision with vehicle,6,Friday,152,PULLING OUT (OVERTAKING),1,764820,2,0,5,0,0,5,1,1,Cross intersection,2,100,Local Road
T20230007633,2023/3/31,15:30:00,1,Collision with vehicle,6,Friday,116,LEFT NEAR (INTERSECTIONS ONLY),1,29952,2,0,1,1,1,3,1,2,T intersection,2,60,Local Road
T20230007631,2023/3/31,19:30:00,9,Other accident,6,Friday,191,LOAD OR MISSILE STRUCK VEHICLE,3,772072,5,0,1,4,3,8,1,5,Not at intersection,2,100,Freeway
T20230008462,2023/3/31,6:40:00,1,Collision with vehicle,6,Friday,130,REAR END(VEHICLES IN SAME LANE),1,354649,2,0,0,1,1,2,2,2,T intersection,3,999,Freeway
T20230007603,2023/3/31,14:40:00,4,Collision with a fixed object,6,Friday,173,RIGHT OFF CARRIAGEWAY INTO OBJECT/PARKED VEHICLE,1,787904,1,0,1,0,0,1,1,5,Not at intersection,2,80,Local Road
T20230007602,2023/3/31,13:04:00,1,Collision with vehicle,5,Friday,140,U TURN,1,781216,2,0,1,0,1,2,1,5,Not at intersection,2,60,Arterial Other
T20230007601,2023/3/31,9:20:00,1,Collision with vehicle,5,Friday,119,OTHER ADJACENT (INTERSECTIONS ONLY),1,665738,3,0,2,0,2,4,1,4,Multiple intersection,2,80,Freeway
T20230007967,2023/3/31,18:20:00,8,No collision and no object struck,6,Friday,174,OUT OF CONTROL ON CARRIAGEWAY (ON STRAIGHT),1,37638,1,0,0,1,0,1,1,2,T intersection,3,999,Arterial Other
T20230008525,2023/3/31,18:49:00,1,Collision with vehicle,5,Friday,130,REAR END(VEHICLES IN SAME LANE),1,773591,2,0,0,1,2,3,2,5,Not at intersection,3,80,Arterial Highway
T20230007560,2023/3/31,6:45:00,1,Collision with vehicle,5,Friday,113,RIGHT NEAR (INTERSECTIONS ONLY),5,258466,2,0,1,0,1,2,1,2,T intersection,2,40,Local Road
T20230007584,2023/3/31,7:15:00,1,Collision with vehicle,5,Friday,130,REAR END(VEHICLES IN SAME LANE),9,764609,3,0,0,1,2,3,2,5,Not at intersection,3,999,Freeway
T20230007579,2023/3/31,8:55:00,1,Collision with vehicle,6,Friday,110,CROSS TRAFFIC(INTERSECTIONS ONLY),1,55289,2,0,2,0,0,2,1,1,Cross intersection,2,80,Arterial Other
T20230007578,2023/3/31,12:00:00,1,Collision with vehicle,5,Friday,121,RIGHT THROUGH,1,289107,2,0,0,1,2,3,1,1,Cross intersection,3,60,Freeway
T20230007577,2023/3/31,9:00:00,4,Collision with a fixed object,6,Friday,181,OFF RIGHT BEND INTO OBJECT/PARKED VEHICLE,1,773592,1,0,0,1,0,1,1,5,Not at intersection,3,80,Arterial Other
T20230007574,2023/3/31,11:09:00,1,Collision with vehicle,6,Friday,130,REAR END(VEHICLES IN SAME LANE),1,768163,2,0,1,0,1,2,1,5,Not at intersection,2,40,Arterial Other
T20230007573,2023/3/31,10:30:00,1,Collision with vehicle,6,Friday,113,RIGHT NEAR (INTERSECTIONS ONLY),1,241387,2,0,1,0,1,2,1,1,Cross intersection,2,60,Local Road
T20230011337,2023/3/31,17:30:00,1,Collision with vehicle,6,Friday,139,OTHER SAME DIRECTION-MANOUEVRES NOT INCLUDED IN DCAs 130-137,6,774052,2,0,0,1,1,2,2,5,Not at intersection,3,60,Arterial Highway
T20230007572,2023/3/31,11:00:00,1,Collision with vehicle,5,Friday,162,ACCIDENT OR BROKEN DOWN,1,782154,2,0,1,0,1,2,1,2,T intersection,2,50,Local Road
T20230008482,2023/3/31,11:30:00,4,Collision with a fixed object,5,Friday,173,RIGHT OFF CARRIAGEWAY INTO OBJECT/PARKED VEHICLE,1,773606,1,0,0,1,0,1,1,5,Not at intersection,3,80,Arterial Other
T20230008112,2023/3/31,5:53:00,1,Collision with vehicle,5,Friday,130,REAR END(VEHICLES IN SAME LANE),3,66345,2,0,0,1,1,2,2,2,T intersection,3,80,Arterial Highway
T20230007666,2023/3/31,18:45:00,4,Collision with a fixed object,6,Friday,181,OFF RIGHT BEND INTO OBJECT/PARKED VEHICLE,5,774472,1,0,0,1,0,1,1,5,Not at intersection,3,80,Arterial Other
T20230007608,2023/3/31,12:50:00,1,Collision with vehicle,5,Friday,130,REAR END(VEHICLES IN SAME LANE),1,773636,2,0,0,1,1,2,1,5,Not at intersection,3,60,Arterial Highway
T20230007628,2023/3/31,14:45:00,4,Collision with a fixed object,5,Friday,181,OFF RIGHT BEND INTO OBJECT/PARKED VEHICLE,1,782155,1,0,0,1,0,1,1,5,Not at intersection,3,80,Local Road
T20230009176,2023/3/31,16:40:00,1,Collision with vehicle,5,Friday,130,REAR END(VEHICLES IN SAME LANE),1,769318,2,0,0,1,1,2,1,1,Cross intersection,3,80,Arterial Highway
T20230007917,2023/3/31,7:00:00,1,Collision with vehicle,6,Friday,133,LANE SIDE SWIPE (VEHICLES IN PARALLEL LANES),2,787903,3,0,0,1,2,3,2,5,Not at intersection,3,60,Arterial Other
T20230007627,2023/3/31,5:45:00,1,Collision with vehicle,5,Friday,133,LANE SIDE SWIPE (VEHICLES IN PARALLEL LANES),2,794614,2,0,0,2,0,2,2,5,Not at intersection,3,60,Arterial Other
T20230007571,2023/3/31,9:13:00,1,Collision with vehicle,6,Friday,130,REAR END(VEHICLES IN SAME LANE),1,773603,3,0,0,1,2,3,1,5,Not at intersection,3,80,Arterial Other
T20230010170,2023/3/31,13:00:00,1,Collision with vehicle,5,Friday,135,LANE CHANGE LEFT (NOT OVERTAKING),1,773594,2,0,0,1,1,2,1,5,Not at intersection,3,60,Arterial Highway
T20230007613,2023/3/31,15:27:00,1,Collision with vehicle,6,Friday,113,RIGHT NEAR (INTERSECTIONS ONLY),1,224428,2,0,2,0,0,2,1,1,Cross intersection,2,70,Arterial Highway
T20230014270,2023/3/31,17:50:00,1,Collision with vehicle,5,Friday,147,VEHICLE STRIKES ANOTHER VEH WHILE EMERGING FROM DRIVEWAY,2,782826,2,0,0,1,1,2,2,5,Not at intersection,3,50,Local Road
T20230007626,2023/3/31,16:13:00,1,Collision with vehicle,6,Friday,121,RIGHT THROUGH,1,32339,2,0,0,1,1,2,1,2,T intersection,3,80,Arterial Highway
T20230008723,2023/3/31,10:00:00,1,Collision with vehicle,5,Friday,130,REAR END(VEHICLES IN SAME LANE),1,775057,3,0,0,1,2,3,2,1,Cross intersection,3,999,Arterial Other
T20240001108,2023/3/31,8:45:00,1,Collision with vehicle,5,Friday,136,RIGHT TURN SIDESWIPE,1,798510,2,0,0,1,1,2,2,2,T intersection,3,50,Local Road
T20230007605,2023/3/31,15:15:00,1,Collision with vehicle,6,Friday,132,RIGHT REAR.,1,51614,2,0,1,1,0,2,1,2,T intersection,2,60,Arterial Highway
T20230009487,2023/3/31,8:47:00,1,Collision with vehicle,5,Friday,130,REAR END(VEHICLES IN SAME LANE),1,137544,2,0,0,1,1,2,2,5,Not at intersection,3,100,Freeway
T20230020287,2023/3/31,12:30:00,2,Struck Pedestrian,5,Friday,104,PED WALKING WITH TRAFFIC,1,785,1,0,0,1,1,2,2,1,Cross intersection,3,999,Arterial Other
T20230008010,2023/3/31,17:00:00,5,collision with some other object,5,Friday,166,STRUCK OBJECT ON CARRIAGEWAY,2,791643,1,0,0,1,0,1,2,5,Not at intersection,3,777,Local Road
T20230007718,2023/3/31,23:41:00,1,Collision with vehicle,6,Friday,120,HEAD ON (NOT OVERTAKING),3,768788,2,0,0,2,0,2,1,5,Not at intersection,3,70,Arterial Other
T20230007617,2023/3/31,17:28:00,4,Collision with a fixed object,5,Friday,181,OFF RIGHT BEND INTO OBJECT/PARKED VEHICLE,2,781997,1,0,0,1,0,1,1,5,Not at intersection,3,50,Local Road
T20230007616,2023/3/31,17:15:00,8,No collision and no object struck,6,Friday,174,OUT OF CONTROL ON CARRIAGEWAY (ON STRAIGHT),1,764613,1,0,0,1,0,1,1,2,T intersection,3,60,Arterial Other
T20230007763,2023/3/31,12:25:00,1,Collision with vehicle,5,Friday,130,REAR END(VEHICLES IN SAME LANE),1,68955,2,0,0,2,1,3,2,2,T intersection,3,40,Local Road
T20230009582,2023/3/31,16:18:00,1,Collision with vehicle,5,Friday,130,REAR END(VEHICLES IN SAME LANE),1,32340,5,0,0,1,4,5,1,1,Cross intersection,3,80,Arterial Highway
T20230007661,2023/3/31,19:40:00,3,Struck animal,6,Friday,167,STRUCK ANIMAL,5,764715,1,0,1,0,0,1,1,5,Not at intersection,2,100,Local Road
T20230007656,2023/4/1,0:21:00,4,Collision with a fixed object,7,Saturday,173,RIGHT OFF CARRIAGEWAY INTO OBJECT/PARKED VEHICLE,3,765412,2,1,2,1,3,7,1,5,Not at intersection,1,70,Arterial Other
T20230007655,2023/4/1,2:05:00,1,Collision with vehicle,7,Saturday,160,VEHICLE COLLIDES WITH VEHICLE PARKED ON LEFT OF ROAD,3,764591,4,1,1,1,0,3,1,5,Not at intersection,1,60,Local Road
T20230008110,2023/4/1,11:00:00,7,Fall from or in moving vehicle,6,Saturday,190,FELL IN/FROM VEHICLE,9,777530,1,0,0,1,0,1,2,5,Not at intersection,3,999,Local Road
T20230007723,2023/4/1,22:00:00,4,Collision with a fixed object,7,Saturday,171,LEFT OFF CARRIAGEWAY INTO OBJECT/PARKED VEHICLE,5,767493,1,0,0,2,2,4,1,5,Not at intersection,3,100,Arterial Other
T20230007724,2023/4/1,22:00:00,1,Collision with vehicle,7,Saturday,130,REAR END(VEHICLES IN SAME LANE),3,773957,2,0,1,3,2,6,1,1,Cross intersection,2,80,Arterial Other
T20230007733,2023/4/1,21:30:00,1,Collision with vehicle,6,Saturday,140,U TURN,5,345849,2,0,1,1,0,2,1,2,T intersection,2,80,Arterial Other
T20230007731,2023/4/1,23:26:00,1,Collision with vehicle,6,Saturday,133,LANE SIDE SWIPE (VEHICLES IN PARALLEL LANES),3,787173,2,0,0,2,1,3,1,5,Not at intersection,3,60,Arterial Other
T20230007657,2023/4/1,5:55:00,1,Collision with vehicle,7,Saturday,160,VEHICLE COLLIDES WITH VEHICLE PARKED ON LEFT OF ROAD,3,765783,2,0,1,0,0,1,1,5,Not at intersection,2,70,Arterial Other
T20230007721,2023/4/1,15:10:00,1,Collision with vehicle,7,Saturday,130,REAR END(VEHICLES IN SAME LANE),1,775735,2,0,1,0,4,5,1,5,Not at intersection,2,80,Arterial Highway
T20230007719,2023/4/1,20:16:00,1,Collision with vehicle,6,Saturday,163,VEHICLE STRIKES DOOR OF PARKED/STATIONARY VEHICLE,3,776567,2,0,0,1,0,1,1,5,Not at intersection,3,40,Local Road
T20230009156,2023/4/1,15:30:00,1,Collision with vehicle,6,Saturday,130,REAR END(VEHICLES IN SAME LANE),1,49328,2,0,0,1,2,3,2,2,T intersection,3,60,Arterial Highway
T20230007747,2023/4/1,22:10:00,1,Collision with vehicle,6,Saturday,110,CROSS TRAFFIC(INTERSECTIONS ONLY),3,73483,2,0,1,0,1,2,1,1,Cross intersection,2,50,Local Road
T20230010899,2023/4/1,12:28:00,1,Collision with vehicle,7,Saturday,130,REAR END(VEHICLES IN SAME LANE),1,773763,3,0,0,1,2,3,1,5,Not at intersection,3,100,Freeway
T20230007715,2023/4/1,20:10:00,4,Collision with a fixed object,7,Saturday,175,OFF END OF ROAD/T-INTERSECTION.,3,773666,1,0,1,0,0,1,1,2,T intersection,2,80,Arterial Other
T20230007713,2023/4/1,15:15:00,2,Struck Pedestrian,6,Saturday,101,PED EMERGES FROM IN FRONT OF PARKED OR STATIONARY VEHICLE,1,764828,1,0,0,1,2,3,1,2,T intersection,3,40,Arterial Other
T20230007760,2023/4/1,15:40:00,1,Collision with vehicle,7,Saturday,129,OTHER OPPOSING MANOEUVRES NOT INCLUDED IN DCAs 120-125.,1,712571,2,0,1,0,2,3,1,4,Multiple intersection,2,80,Freeway
T20230007710,2023/4/1,16:05:00,1,Collision with vehicle,7,Saturday,121,RIGHT THROUGH,1,780416,2,0,0,3,1,4,1,2,T intersection,3,60,Arterial Other