ACCIDENT_NO,ACCIDENT_DATE,ACCIDENT_TIME,ACCIDENT_TYPE,ACCIDENT_TYPE_DESC,DAY_OF_WEEK,DAY_WEEK_DESC,DCA_CODE,DCA_DESC,LIGHT_CONDITION,NODE_ID,NO_OF_VEHICLES,NO_PERSONS_KILLED,NO_PERSONS_INJ_2,NO_PERSONS_INJ_3,NO_PERSONS_NOT_INJ,NO_PERSONS,POLICE_ATTEND,ROAD_GEOMETRY,ROAD_GEOMETRY_DESC,SEVERITY,SPEED_ZONE,RMA
T20230007684,2023/4/1,10:50:00,6,Vehicle overturned (no collision),7,Saturday,180,OFF CARRIAGEWAY ON RIGHT BEND,1,323392,1,0,0,1,0,1,1,5,Not at intersection,3,100,Arterial Other
T20230007722,2023/4/1,15:33:00,4,Collision with a fixed object,6,Saturday,173,RIGHT OFF CARRIAGEWAY INTO OBJECT/PARKED VEHICLE,1,766236,1,0,0,1,0,1,1,2,T intersection,3,40,Local Road
T20230007720,2023/4/1,20:10:00,1,Collision with vehicle,7,Saturday,110,CROSS TRAFFIC(INTERSECTIONS ONLY),5,17566,2,0,2,0,0,2,1,1,Cross intersection,2,100,Arterial Other
T20230007705,2023/4/1,16:01:00,1,Collision with vehicle,7,Saturday,130,REAR END(VEHICLES IN SAME LANE),1,765282,3,0,1,0,3,4,1,5,Not at intersection,2,70,Arterial Highway
T20230007947,2023/4/1,10:01:00,1,Collision with vehicle,6,Saturday,140,U TURN,1,767145,2,0,0,2,1,3,1,5,Not at intersection,3,100,Arterial Other
T20230008571,2023/4/1,13:30:00,1,Collision with vehicle,6,Saturday,134,LANE CHANGE RIGHT (NOT OVERTAKING),1,787172,2,0,0,1,1,2,1,5,Not at intersection,3,70,Arterial Highway
T20230007703,2023/4/1,15:30:00,1,Collision with vehicle,6,Saturday,110,CROSS TRAFFIC(INTERSECTIONS ONLY),1,44446,2,0,1,0,2,3,1,1,Cross intersection,2,50,Local Road
T20230007726,2023/4/1,22:30:00,1,Collision with vehicle,6,Saturday,121,RIGHT THROUGH,3,36983,2,0,0,1,4,5,1,2,T intersection,3,60,Arterial Other
T20230007697,2023/4/1,17:20:00,1,Collision with vehicle,6,Saturday,111,RIGHT FAR (INTERSECTIONS ONLY),2,782157,2,0,0,1,2,3,2,1,Cross intersection,3,50,Arterial Other
T20230007708,2023/4/1,16:56:00,4,Collision with a fixed object,7,Saturday,183,OFF LEFT BEND INTO OBJECT/PARKED VEHICLE,1,39775,1,0,0,1,1,2,1,2,T intersection,3,50,Arterial Other
T20230008209,2023/4/1,0:05:00,8,No collision and no object struck,7,Saturday,174,OUT OF CONTROL ON CARRIAGEWAY (ON STRAIGHT),3,36135,1,0,1,0,0,1,1,2,T intersection,2,40,Local Road
T20230009490,2023/4/1,12:14:00,1,Collision with vehicle,6,Saturday,130,REAR END(VEHICLES IN SAME LANE),1,773239,4,0,0,1,3,4,1,5,Not at intersection,3,60,Arterial Other
T20230009530,2023/4/1,17:58:00,1,Collision with vehicle,6,Saturday,130,REAR END(VEHICLES IN SAME LANE),1,777360,2,0,0,1,4,5,1,5,Not at intersection,3,70,Local Road
T20230007839,2023/4/1,6:50:00,3,Struck animal,7,Saturday,167,STRUCK ANIMAL,5,771822,2,0,1,0,1,2,1,5,Not at intersection,2,110,Freeway
T20230007682,2023/4/1,11:30:00,1,Collision with vehicle,6,Saturday,110,CROSS TRAFFIC(INTERSECTIONS ONLY),1,44385,2,0,0,2,1,3,1,1,Cross intersection,3,60,Arterial Other
T20230007673,2023/4/1,7:00:00,1,Collision with vehicle,7,Saturday,121,RIGHT THROUGH,2,780403,2,0,1,0,1,2,1,5,Not at intersection,2,60,Freeway
T20230007742,2023/4/1,10:00:00,1,Collision with vehicle,7,Saturday,111,RIGHT FAR (INTERSECTIONS ONLY),1,782159,2,0,0,1,1,2,2,2,T intersection,3,80,Arterial Other
T20230007670,2023/4/1,10:54:00,1,Collision with vehicle,7,Saturday,163,VEHICLE STRIKES DOOR OF PARKED/STATIONARY VEHICLE,1,754899,2,0,0,1,1,2,2,5,Not at intersection,3,40,Arterial Other
T20230007669,2023/4/1,6:00:00,1,Collision with vehicle,7,Saturday,130,REAR END(VEHICLES IN SAME LANE),2,779192,3,0,1,1,1,3,1,5,Not at intersection,2,100,Freeway
T20230008753,2023/4/1,21:00:00,1,Collision with vehicle,6,Saturday,163,VEHICLE STRIKES DOOR OF PARKED/STATIONARY VEHICLE,3,787176,2,0,0,1,1,2,2,5,Not at intersection,3,999,Arterial Other
T20230007665,2023/4/1,9:00:00,1,Collision with vehicle,6,Saturday,112,LEFT FAR (INTERSECTIONS ONLY),1,774453,2,0,0,1,2,3,1,2,T intersection,3,100,Local Road
T20230009021,2023/4/1,17:05:00,1,Collision with vehicle,6,Saturday,113,RIGHT NEAR (INTERSECTIONS ONLY),1,47503,2,0,0,1,1,2,1,2,T intersection,3,60,Local Road
T20230008058,2023/4/1,23:00:00,1,Collision with vehicle,6,Saturday,130,REAR END(VEHICLES IN SAME LANE),5,776160,2,0,0,1,1,2,2,5,Not at intersection,3,100,Freeway
T20230007662,2023/4/1,9:14:00,1,Collision with vehicle,6,Saturday,116,LEFT NEAR (INTERSECTIONS ONLY),1,37168,2,0,0,1,1,2,1,2,T intersection,3,60,Local Road
T20230009415,2023/4/1,14:55:00,1,Collision with vehicle,6,Saturday,130,REAR END(VEHICLES IN SAME LANE),1,777735,4,0,0,1,3,4,1,5,Not at intersection,3,60,Arterial Other
T20230007658,2023/4/1,6:45:00,2,Struck Pedestrian,7,Saturday,102,FAR SIDE. PED HIT BY VEHICLE FROM THE LEFT,3,38759,1,0,1,0,1,2,1,2,T intersection,2,70,Arterial Other
T20230007776,2023/4/2,16:00:00,1,Collision with vehicle,0,Sunday,110,CROSS TRAFFIC(INTERSECTIONS ONLY),1,52507,2,0,0,1,1,2,2,1,Cross intersection,3,50,Arterial Other
T20230007758,2023/4/2,13:45:00,6,Vehicle overturned (no collision),0,Sunday,149,OTHER MANOEUVRING NOT INCLUDED IN DCAs 140-148,1,22569,1,0,1,0,0,1,1,1,Cross intersection,2,80,Arterial Other
T20230007771,2023/4/2,14:25:00,6,Vehicle overturned (no collision),0,Sunday,184,OUT OF CONTROL ON CARRIAGEWAY (ON BEND),1,766443,1,0,1,0,0,1,1,5,Not at intersection,2,100,Local Road
T20230008816,2023/4/2,12:20:00,1,Collision with vehicle,0,Sunday,130,REAR END(VEHICLES IN SAME LANE),1,769043,2,0,0,1,1,2,2,5,Not at intersection,3,40,Arterial Highway
T20230007753,2023/4/2,9:50:00,6,Vehicle overturned (no collision),0,Sunday,180,OFF CARRIAGEWAY ON RIGHT BEND,1,784290,1,0,0,2,0,2,1,5,Not at intersection,3,80,Arterial Other
T20230007799,2023/4/2,23:30:00,1,Collision with vehicle,1,Sunday,169,OTHER ON PATH,3,765178,2,0,1,0,0,1,1,5,Not at intersection,2,40,Arterial Other
T20230007790,2023/4/2,21:20:00,1,Collision with vehicle,0,Sunday,116,LEFT NEAR (INTERSECTIONS ONLY),3,787405,2,0,0,1,1,2,1,2,T intersection,3,40,Local Road
T20230008212,2023/4/2,18:30:00,1,Collision with vehicle,0,Sunday,123,RIGHT/LEFT. ONE VEH TURNING RIGHT THE OTHER LEFT.,2,36107,2,0,0,1,1,2,2,1,Cross intersection,3,60,Arterial Other
T20230007748,2023/4/2,7:35:00,1,Collision with vehicle,1,Sunday,130,REAR END(VEHICLES IN SAME LANE),1,40686,3,0,0,1,2,3,1,2,T intersection,3,70,Arterial Highway
T20230007860,2023/4/2,16:30:00,1,Collision with vehicle,1,Sunday,113,RIGHT NEAR (INTERSECTIONS ONLY),1,775417,2,0,0,1,1,2,1,1,Cross intersection,3,50,Arterial Other
T20230007741,2023/4/2,8:45:00,3,Struck animal,1,Sunday,167,STRUCK ANIMAL,1,766237,1,0,1,0,0,1,1,5,Not at intersection,2,50,Local Road
T20230007746,2023/4/2,9:10:00,1,Collision with vehicle,0,Sunday,116,LEFT NEAR (INTERSECTIONS ONLY),1,29386,2,0,1,0,3,4,1,1,Cross intersection,2,60,Arterial Other
T20230007769,2023/4/2,14:06:00,1,Collision with vehicle,1,Sunday,121,RIGHT THROUGH,1,309722,2,0,1,1,0,2,1,2,T intersection,2,80,Arterial Other
T20230007794,2023/4/2,21:19:00,1,Collision with vehicle,1,Sunday,130,REAR END(VEHICLES IN SAME LANE),3,773700,2,0,2,0,1,3,1,5,Not at intersection,2,60,Arterial Highway
T20230007744,2023/4/2,2:10:00,4,Collision with a fixed object,0,Sunday,173,RIGHT OFF CARRIAGEWAY INTO OBJECT/PARKED VEHICLE,3,767140,1,0,0,1,0,1,1,5,Not at intersection,3,50,Local Road
T20230011272,2023/4/2,15:00:00,8,No collision and no object struck,0,Sunday,180,OFF CARRIAGEWAY ON RIGHT BEND,9,774503,1,0,0,1,0,1,2,5,Not at intersection,3,60,Local Road
T20230009687,2023/4/2,13:30:00,4,Collision with a fixed object,0,Sunday,146,REVERSING INTO FIXED OBJECT/PARKED VEHICLE,9,784223,1,0,0,1,0,1,2,5,Not at intersection,3,999,Local Road
T20230008206,2023/4/2,7:15:00,4,Collision with a fixed object,0,Sunday,179,OTHER ACCIDENTS-OFF STRAIGHT NOT INCLUDED IN DCAs 170-175,2,782163,1,0,0,2,0,2,1,5,Not at intersection,3,50,Local Road
T20230007785,2023/4/2,17:41:00,1,Collision with vehicle,1,Sunday,140,U TURN,1,766890,2,0,1,0,2,3,1,5,Not at intersection,2,50,Local Road
T20230008045,2023/4/2,15:19:00,8,No collision and no object struck,0,Sunday,182,OFF CARRIAGEWAY ON LEFT BEND,1,782162,1,0,1,0,0,1,1,3,Y intersection,2,80,Arterial Other
T20230008036,2023/4/2,15:00:00,8,No collision and no object struck,1,Sunday,174,OUT OF CONTROL ON CARRIAGEWAY (ON STRAIGHT),1,767720,1,0,0,1,1,2,2,5,Not at intersection,3,80,Arterial Other
T20230012653,2023/4/2,13:40:00,1,Collision with vehicle,1,Sunday,130,REAR END(VEHICLES IN SAME LANE),1,775523,2,0,1,0,1,2,1,5,Not at intersection,2,60,Arterial Highway
T20230007729,2023/4/2,2:45:00,1,Collision with vehicle,1,Sunday,160,VEHICLE COLLIDES WITH VEHICLE PARKED ON LEFT OF ROAD,3,775833,3,0,1,0,0,1,1,5,Not at intersection,2,80,Arterial Highway
T20230007789,2023/4/2,19:10:00,1,Collision with vehicle,0,Sunday,111,RIGHT FAR (INTERSECTIONS ONLY),3,54103,2,0,1,0,1,2,1,2,T intersection,2,60,Local Road
T20230007756,2023/4/2,1:10:00,1,Collision with vehicle,1,Sunday,132,RIGHT REAR.,3,768529,2,0,1,0,2,3,1,1,Cross intersection,2,60,Arterial Highway
T20230008032,2023/4/2,15:24:00,8,No collision and no object struck,1,Sunday,174,OUT OF CONTROL ON CARRIAGEWAY (ON STRAIGHT),1,774036,1,0,1,0,0,1,1,2,T intersection,2,50,Local Road
T20230007767,2023/4/2,14:30:00,4,Collision with a fixed object,1,Sunday,181,OFF RIGHT BEND INTO OBJECT/PARKED VEHICLE,1,767026,1,0,0,1,0,1,1,5,Not at intersection,3,100,Local Road
T20230007764,2023/4/2,10:00:00,4,Collision with a fixed object,1,Sunday,183,OFF LEFT BEND INTO OBJECT/PARKED VEHICLE,1,773563,1,0,1,0,0,1,1,5,Not at intersection,2,100,Local Road
T20230008029,2023/4/2,17:30:00,6,Vehicle overturned (no collision),0,Sunday,174,OUT OF CONTROL ON CARRIAGEWAY (ON STRAIGHT),2,769032,1,0,0,1,0,1,2,1,Cross intersection,3,80,Arterial Highway
T20230007728,2023/4/2,0:35:00,4,Collision with a fixed object,1,Sunday,171,LEFT OFF CARRIAGEWAY INTO OBJECT/PARKED VEHICLE,5,774033,1,0,1,0,0,1,1,5,Not at intersection,2,80,Arterial Other
T20230008562,2023/4/2,8:30:00,1,Collision with vehicle,1,Sunday,133,LANE SIDE SWIPE (VEHICLES IN PARALLEL LANES),1,771101,2,0,0,1,1,2,2,5,Not at intersection,3,80,Freeway
T20230007950,2023/4/2,9:30:00,6,Vehicle overturned (no collision),0,Sunday,174,OUT OF CONTROL ON CARRIAGEWAY (ON STRAIGHT),1,765546,1,0,0,1,0,1,2,5,Not at intersection,3,999,Freeway
T20230008023,2023/4/2,12:00:00,4,Collision with a fixed object,1,Sunday,183,OFF LEFT BEND INTO OBJECT/PARKED VEHICLE,1,769381,1,0,1,0,0,1,2,5,Not at intersection,2,999,Local Road
T20230007783,2023/4/2,18:47:00,2,Struck Pedestrian,0,Sunday,108,PED STRUCK WALKING TO/FROM OR BOARDING/ALIGHTING VEHICLE.,6,765785,1,0,0,1,2,3,2,2,T intersection,3,60,Arterial Other
T20230008695,2023/4/2,13:00:00,1,Collision with vehicle,0,Sunday,130,REAR END(VEHICLES IN SAME LANE),1,786788,2,0,0,1,1,2,2,5,Not at intersection,3,60,Arterial Other
T20230007782,2023/4/2,17:45:00,1,Collision with vehicle,1,Sunday,121,RIGHT THROUGH,2,765286,2,0,1,0,3,4,1,3,Y intersection,2,80,Local Road
T20230007759,2023/4/2,13:37:00,1,Collision with vehicle,1,Sunday,171,LEFT OFF CARRIAGEWAY INTO OBJECT/PARKED VEHICLE,1,787446,3,0,1,0,0,1,1,5,Not at intersection,2,60,Arterial Highway
T20230007787,2023/4/2,15:56:00,4,Collision with a fixed object,0,Sunday,151,OUT OF CONTROL (OVERTAKING),1,765046,1,0,0,1,0,1,1,5,Not at intersection,3,80,Freeway
T20230007780,2023/4/2,16:45:00,1,Collision with vehicle,0,Sunday,110,CROSS TRAFFIC(INTERSECTIONS ONLY),1,57416,2,0,0,2,0,2,1,1,Cross intersection,3,60,Arterial Other
T20230007778,2023/4/2,0:30:00,1,Collision with vehicle,1,Sunday,133,LANE SIDE SWIPE (VEHICLES IN PARALLEL LANES),6,765045,2,0,0,1,1,2,2,5,Not at intersection,3,50,Local Road
T20230007791,2023/4/2,17:45:00,1,Collision with vehicle,0,Sunday,130,REAR END(VEHICLES IN SAME LANE),2,776116,2,0,1,0,2,3,1,5,Not at intersection,2,60,Arterial Other
T20230007882,2023/4/3,18:57:00,1,Collision with vehicle,1,Monday,160,VEHICLE COLLIDES WITH VEHICLE PARKED ON LEFT OF ROAD,2,782277,2,0,0,2,0,2,1,5,Not at intersection,3,50,Local Road
T20230012429,2023/4/3,9:15:00,1,Collision with vehicle,2,Monday,110,CROSS TRAFFIC(INTERSECTIONS ONLY),1,42570,2,0,0,1,1,2,1,1,Cross intersection,3,60,Arterial Other
T20230007885,2023/4/3,14:07:00,1,Collision with vehicle,2,Monday,113,RIGHT NEAR (INTERSECTIONS ONLY),1,52780,2,0,1,1,1,3,1,2,T intersection,2,60,Arterial Other
T20230007886,2023/4/3,18:15:00,1,Collision with vehicle,1,Monday,130,REAR END(VEHICLES IN SAME LANE),2,766240,3,0,0,1,4,5,1,5,Not at intersection,3,70,Arterial Other
T20230007888,2023/4/3,15:50:00,1,Collision with vehicle,2,Monday,136,RIGHT TURN SIDESWIPE,1,43386,2,0,1,0,1,2,1,1,Cross intersection,2,60,Arterial Other
T20230007889,2023/4/3,16:30:00,4,Collision with a fixed object,2,Monday,173,RIGHT OFF CARRIAGEWAY INTO OBJECT/PARKED VEHICLE,1,337661,1,0,0,1,0,1,1,5,Not at intersection,3,60,Arterial Other
T20230007890,2023/4/3,17:50:00,1,Collision with vehicle,2,Monday,110,CROSS TRAFFIC(INTERSECTIONS ONLY),2,53608,2,0,0,2,4,6,1,1,Cross intersection,3,60,Arterial Highway
T20230007891,2023/4/3,18:38:00,1,Collision with vehicle,2,Monday,183,OFF LEFT BEND INTO OBJECT/PARKED VEHICLE,2,781565,3,0,1,1,1,3,1,5,Not at intersection,2,80,Arterial Other
T20230007823,2023/4/3,9:40:00,1,Collision with vehicle,1,Monday,120,HEAD ON (NOT OVERTAKING),1,782275,3,0,0,1,1,2,1,5,Not at intersection,3,60,Local Road
T20230007896,2023/4/3,22:25:00,4,Collision with a fixed object,2,Monday,171,LEFT OFF CARRIAGEWAY INTO OBJECT/PARKED VEHICLE,3,766972,1,0,1,0,0,1,1,5,Not at intersection,2,70,Arterial Highway
T20230007898,2023/4/3,22:31:00,1,Collision with vehicle,2,Monday,121,RIGHT THROUGH,3,774137,3,0,2,0,1,3,1,1,Cross intersection,2,80,Arterial Other
T20230007899,2023/4/3,21:52:00,1,Collision with vehicle,1,Monday,137,LEFT TURN SIDESWIPE,3,775690,2,0,0,1,1,2,1,2,T intersection,3,50,Arterial Highway
T20230009596,2023/4/3,12:00:00,1,Collision with vehicle,1,Monday,131,LEFT REAR,1,783046,2,0,0,1,1,2,2,5,Not at intersection,3,60,Arterial Other
T20230015751,2023/4/3,15:00:00,1,Collision with vehicle,1,Monday,139,OTHER SAME DIRECTION-MANOUEVRES NOT INCLUDED IN DCAs 130-137,1,776952,2,0,0,1,1,2,2,5,Not at intersection,3,80,Arterial Highway
T20230008160,2023/4/3,17:33:00,1,Collision with vehicle,2,Monday,121,RIGHT THROUGH,1,346616,2,0,0,2,0,2,1,4,Multiple intersection,3,80,Freeway
T20230008024,2023/4/3,16:25:00,1,Collision with vehicle,2,Monday,147,VEHICLE STRIKES ANOTHER VEH WHILE EMERGING FROM DRIVEWAY,1,263376,2,0,0,2,0,2,9,5,Not at intersection,3,70,Arterial Other
T20230009945,2023/4/3,12:00:00,1,Collision with vehicle,1,Monday,130,REAR END(VEHICLES IN SAME LANE),1,775352,2,0,0,1,1,2,2,1,Cross intersection,3,60,Local Road
T20230025538,2023/4/3,15:00:00,1,Collision with vehicle,1,Monday,111,RIGHT FAR (INTERSECTIONS ONLY),1,38305,2,0,0,1,2,3,1,1,Cross intersection,3,40,Arterial Other
T20230009385,2023/4/3,14:15:00,1,Collision with vehicle,1,Monday,169,OTHER ON PATH,9,787049,2,0,0,1,1,2,2,5,Not at intersection,3,50,
T20230012116,2023/4/3,10:30:00,1,Collision with vehicle,2,Monday,147,VEHICLE STRIKES ANOTHER VEH WHILE EMERGING FROM DRIVEWAY,1,775266,2,0,0,1,2,3,2,5,Not at intersection,3,999,Local Road
T20230012080,2023/4/3,9:00:00,1,Collision with vehicle,1,Monday,130,REAR END(VEHICLES IN SAME LANE),9,774716,2,0,0,1,1,2,2,5,Not at intersection,3,999,Freeway
T20230010574,2023/4/3,8:22:00,1,Collision with vehicle,1,Monday,130,REAR END(VEHICLES IN SAME LANE),1,784346,3,0,0,1,3,4,1,5,Not at intersection,3,100,Freeway
T20230007827,2023/4/3,10:40:00,2,Struck Pedestrian,1,Monday,102,FAR SIDE. PED HIT BY VEHICLE FROM THE LEFT,1,57912,1,0,1,0,1,2,1,1,Cross intersection,2,60,Arterial Other
T20230007832,2023/4/3,6:15:00,1,Collision with vehicle,1,Monday,121,RIGHT THROUGH,2,42855,2,0,2,0,0,2,1,1,Cross intersection,2,80,Arterial Other
T20230007834,2023/4/3,11:32:00,1,Collision with vehicle,1,Monday,160,VEHICLE COLLIDES WITH VEHICLE PARKED ON LEFT OF ROAD,1,782210,2,0,2,0,1,3,1,5,Not at intersection,2,60,Arterial Other
T20230007835,2023/4/3,12:25:00,1,Collision with vehicle,2,Monday,169,OTHER ON PATH,1,766884,2,0,1,0,0,1,1,5,Not at intersection,2,60,Arterial Other
T20230007846,2023/4/3,13:36:00,4,Collision with a fixed object,1,Monday,173,RIGHT OFF CARRIAGEWAY INTO OBJECT/PARKED VEHICLE,1,784296,1,0,0,1,0,1,1,5,Not at intersection,3,50,Local Road
T20230007847,2023/4/3,12:55:00,1,Collision with vehicle,1,Monday,160,VEHICLE COLLIDES WITH VEHICLE PARKED ON LEFT OF ROAD,1,765787,4,0,0,1,0,1,1,5,Not at intersection,3,50,Local Road
T20230007851,2023/4/3,13:48:00,2,Struck Pedestrian,2,Monday,101,PED EMERGES FROM IN FRONT OF PARKED OR STATIONARY VEHICLE,9,765898,1,0,1,0,1,2,1,5,Not at intersection,2,60,Arterial Other
T20230007857,2023/4/3,11:50:00,1,Collision with vehicle,2,Monday,110,CROSS TRAFFIC(INTERSECTIONS ONLY),1,29970,4,0,1,0,3,4,1,1,Cross intersection,2,60,Arterial Highway
T20230007859,2023/4/3,14:35:00,1,Collision with vehicle,1,Monday,121,RIGHT THROUGH,1,40591,2,0,0,2,1,3,1,2,T intersection,3,60,Arterial Highway
T20230015896,2023/4/3,20:15:00,1,Collision with vehicle,1,Monday,113,RIGHT NEAR (INTERSECTIONS ONLY),3,595601,2,0,0,1,1,2,1,2,T intersection,3,80,Local Road
T20230007808,2023/4/3,8:20:00,1,Collision with vehicle,1,Monday,148,VEHICLE OFF FOOTPATH STRIKES VEH ON CARRIAGEWAY,1,50910,2,0,0,1,1,2,1,2,T intersection,3,60,Local Road
T20230007812,2023/4/3,8:49:00,1,Collision with vehicle,1,Monday,121,RIGHT THROUGH,1,243613,2,0,0,1,3,4,1,1,Cross intersection,3,60,Freeway
T20230007816,2023/4/3,7:15:00,1,Collision with vehicle,1,Monday,133,LANE SIDE SWIPE (VEHICLES IN PARALLEL LANES),1,778508,2,0,0,1,1,2,1,5,Not at intersection,3,100,Freeway
T20230007821,2023/4/3,8:40:00,1,Collision with vehicle,1,Monday,133,LANE SIDE SWIPE (VEHICLES IN PARALLEL LANES),1,767142,2,0,1,0,2,3,1,5,Not at intersection,2,100,Freeway
T20230007822,2023/4/3,10:35:00,4,Collision with a fixed object,1,Monday,141,U TURN INTO FIXED OBJECT/PARKED VEHICLE,1,784299,1,0,0,1,0,1,1,5,Not at intersection,3,50,Arterial Highway
T20230007825,2023/4/3,9:50:00,1,Collision with vehicle,1,Monday,113,RIGHT NEAR (INTERSECTIONS ONLY),1,38673,2,0,0,1,1,2,1,1,Cross intersection,3,60,Arterial Other
T20230007801,2023/4/3,3:10:00,1,Collision with vehicle,2,Monday,130,REAR END(VEHICLES IN SAME LANE),3,775612,3,0,0,1,1,2,1,5,Not at intersection,3,60,Arterial Other
T20230007826,2023/4/3,6:35:00,1,Collision with vehicle,2,Monday,192,STRUCK TRAIN,1,765184,2,1,0,0,1,2,1,5,Not at intersection,1,50,Local Road
T20230008222,2023/4/3,7:05:00,1,Collision with vehicle,1,Monday,130,REAR END(VEHICLES IN SAME LANE),1,766459,2,0,0,1,2,3,2,5,Not at intersection,3,100,Freeway
T20230007956,2023/4/3,7:10:00,1,Collision with vehicle,1,Monday,130,REAR END(VEHICLES IN SAME LANE),1,769549,3,0,0,4,0,4,1,5,Not at intersection,3,80,Freeway
T20230007869,2023/4/3,14:24:00,4,Collision with a fixed object,2,Monday,181,OFF RIGHT BEND INTO OBJECT/PARKED VEHICLE,1,765543,1,0,1,1,0,2,1,5,Not at intersection,2,50,Arterial Highway
T20230007871,2023/4/3,16:32:00,2,Struck Pedestrian,1,Monday,101,PED EMERGES FROM IN FRONT OF PARKED OR STATIONARY VEHICLE,1,38857,1,0,0,1,1,2,1,2,T intersection,3,60,Arterial Other
T20230007872,2023/4/3,16:27:00,1,Collision with vehicle,2,Monday,113,RIGHT NEAR (INTERSECTIONS ONLY),1,70959,2,0,1,0,1,2,1,2,T intersection,2,80,Arterial Other
T20230007873,2023/4/3,15:15:00,1,Collision with vehicle,1,Monday,130,REAR END(VEHICLES IN SAME LANE),1,58056,4,0,1,0,3,4,1,2,T intersection,2,40,Arterial Other
T20230007874,2023/4/3,7:30:00,2,Struck Pedestrian,1,Monday,100,PED NEAR SIDE. PED HIT BY VEHICLE FROM THE RIGHT.,9,36985,1,0,0,1,1,2,2,1,Cross intersection,3,40,Local Road
T20230007878,2023/4/3,17:20:00,1,Collision with vehicle,1,Monday,160,VEHICLE COLLIDES WITH VEHICLE PARKED ON LEFT OF ROAD,1,765544,2,0,0,1,0,1,1,5,Not at intersection,3,50,Local Road
T20230014255,2023/4/4,21:00:00,1,Collision with vehicle,2,Tuesday,137,LEFT TURN SIDESWIPE,6,67655,2,0,0,1,1,2,2,2,T intersection,3,60,Arterial Other
T20230014441,2023/4/4,16:05:00,1,Collision with vehicle,2,Tuesday,130,REAR END(VEHICLES IN SAME LANE),1,776223,3,0,0,1,2,3,9,5,Not at intersection,3,100,Freeway
T20230007974,2023/4/4,16:35:00,1,Collision with vehicle,2,Tuesday,130,REAR END(VEHICLES IN SAME LANE),1,777686,3,0,0,2,1,3,1,1,Cross intersection,3,60,Arterial Other
T20230007914,2023/4/4,5:16:00,1,Collision with vehicle,2,Tuesday,160,VEHICLE COLLIDES WITH VEHICLE PARKED ON LEFT OF ROAD,3,778011,3,0,0,1,0,1,1,5,Not at intersection,3,50,Local Road
T20230008669,2023/4/4,12:50:00,1,Collision with vehicle,2,Tuesday,135,LANE CHANGE LEFT (NOT OVERTAKING),9,346677,2,0,0,1,1,2,2,1,Cross intersection,3,50,Arterial Other
T20230010355,2023/4/4,8:20:00,1,Collision with vehicle,2,Tuesday,110,CROSS TRAFFIC(INTERSECTIONS ONLY),1,61077,2,0,0,4,1,5,1,1,Cross intersection,3,60,Local Road
T20230007973,2023/4/4,16:10:00,2,Struck Pedestrian,2,Tuesday,102,FAR SIDE. PED HIT BY VEHICLE FROM THE LEFT,1,787915,1,0,1,0,1,2,1,1,Cross intersection,2,999,Arterial Other
T20230007906,2023/4/4,2:30:00,1,Collision with vehicle,3,Tuesday,160,VEHICLE COLLIDES WITH VEHICLE PARKED ON LEFT OF ROAD,3,773911,2,0,0,1,0,1,2,5,Not at intersection,3,70,Arterial Other
T20230008979,2023/4/4,6:15:00,3,Struck animal,2,Tuesday,167,STRUCK ANIMAL,2,768799,1,0,0,1,0,1,2,5,Not at intersection,3,100,Arterial Other
T20230007959,2023/4/4,6:45:00,1,Collision with vehicle,2,Tuesday,130,REAR END(VEHICLES IN SAME LANE),9,58046,2,0,0,1,1,2,2,1,Cross intersection,3,80,Freeway
T20230007924,2023/4/4,9:45:00,6,Vehicle overturned (no collision),3,Tuesday,174,OUT OF CONTROL ON CARRIAGEWAY (ON STRAIGHT),1,775604,1,0,1,0,0,1,1,5,Not at intersection,2,50,Local Road
T20230008059,2023/4/4,13:30:00,1,Collision with vehicle,3,Tuesday,131,LEFT REAR,1,777354,2,0,0,1,1,2,2,5,Not at intersection,3,40,Local Road
T20230019118,2023/4/4,18:00:00,1,Collision with vehicle,3,Tuesday,130,REAR END(VEHICLES IN SAME LANE),2,41353,2,0,0,1,1,2,2,1,Cross intersection,3,999,Arterial Other
T20230007939,2023/4/4,12:05:00,1,Collision with vehicle,3,Tuesday,121,RIGHT THROUGH,1,38266,3,0,1,0,2,3,1,2,T intersection,2,70,Arterial Other
T20230008963,2023/4/4,20:32:00,1,Collision with vehicle,2,Tuesday,121,RIGHT THROUGH,2,282000,2,0,0,1,1,2,1,1,Cross intersection,3,80,Freeway
T20230009217,2023/4/4,16:06:00,1,Collision with vehicle,2,Tuesday,130,REAR END(VEHICLES IN SAME LANE),9,769323,2,0,0,1,1,2,2,5,Not at intersection,3,999,Freeway
T20230009800,2023/4/4,15:43:00,2,Struck Pedestrian,3,Tuesday,101,PED EMERGES FROM IN FRONT OF PARKED OR STATIONARY VEHICLE,1,770988,1,0,1,1,0,2,1,5,Not at intersection,2,50,Local Road
T20230007982,2023/4/4,18:00:00,1,Collision with vehicle,2,Tuesday,113,RIGHT NEAR (INTERSECTIONS ONLY),1,56746,2,0,0,1,2,3,1,2,T intersection,3,50,Local Road
T20230007915,2023/4/4,7:50:00,1,Collision with vehicle,2,Tuesday,130,REAR END(VEHICLES IN SAME LANE),1,252346,2,0,0,2,3,5,1,1,Cross intersection,3,60,Local Road
T20230007905,2023/4/4,5:39:00,1,Collision with vehicle,2,Tuesday,113,RIGHT NEAR (INTERSECTIONS ONLY),2,58039,2,0,0,1,1,2,1,2,T intersection,3,80,Arterial Other