ACCIDENT_NO,ACCIDENT_DATE,ACCIDENT_TIME,ACCIDENT_TYPE,ACCIDENT_TYPE_DESC,DAY_OF_WEEK,DAY_WEEK_DESC,DCA_CODE,DCA_DESC,LIGHT_CONDITION,NODE_ID,NO_OF_VEHICLES,NO_PERSONS_KILLED,NO_PERSONS_INJ_2,NO_PERSONS_INJ_3,NO_PERSONS_NOT_INJ,NO_PERSONS,POLICE_ATTEND,ROAD_GEOMETRY,ROAD_GEOMETRY_DESC,SEVERITY,SPEED_ZONE,RMA
T20230009035,2023/4/4,15:20:00,1,Collision with vehicle,2,Tuesday,147,VEHICLE STRIKES ANOTHER VEH WHILE EMERGING FROM DRIVEWAY,1,779737,2,0,0,1,0,1,1,3,Y intersection,3,40,Arterial Highway
T20230009057,2023/4/4,8:45:00,1,Collision with vehicle,3,Tuesday,163,VEHICLE STRIKES DOOR OF PARKED/STATIONARY VEHICLE,1,780445,2,0,0,1,1,2,2,5,Not at intersection,3,60,Local Road
T20230007940,2023/4/4,12:11:00,4,Collision with a fixed object,2,Tuesday,173,RIGHT OFF CARRIAGEWAY INTO OBJECT/PARKED VEHICLE,1,787912,1,0,1,0,0,1,1,5,Not at intersection,2,60,Local Road
T20230007961,2023/4/4,13:55:00,1,Collision with vehicle,2,Tuesday,140,U TURN,1,778163,2,0,0,3,0,3,1,5,Not at intersection,3,100,Arterial Highway
T20230009283,2023/4/4,13:30:00,4,Collision with a fixed object,2,Tuesday,173,RIGHT OFF CARRIAGEWAY INTO OBJECT/PARKED VEHICLE,1,72036,1,0,1,0,1,2,1,1,Cross intersection,2,50,Local Road
T20230007927,2023/4/4,12:00:00,1,Collision with vehicle,3,Tuesday,142,LEAVING PARKING,1,782278,2,0,1,0,1,2,1,5,Not at intersection,2,40,Local Road
T20230011331,2023/4/4,15:00:00,1,Collision with vehicle,3,Tuesday,130,REAR END(VEHICLES IN SAME LANE),1,774071,4,0,0,1,3,4,2,5,Not at intersection,3,80,Local Road
T20230010528,2023/4/4,11:10:00,1,Collision with vehicle,2,Tuesday,130,REAR END(VEHICLES IN SAME LANE),1,45443,2,0,0,1,1,2,2,5,Not at intersection,3,999,Arterial Highway
T20230008230,2023/4/4,7:46:00,1,Collision with vehicle,2,Tuesday,135,LANE CHANGE LEFT (NOT OVERTAKING),2,40485,2,0,0,1,1,2,2,2,T intersection,3,60,Arterial Other
T20230007925,2023/4/4,9:30:00,1,Collision with vehicle,2,Tuesday,116,LEFT NEAR (INTERSECTIONS ONLY),1,787914,2,0,0,2,0,2,1,1,Cross intersection,3,110,Arterial Highway
T20230007997,2023/4/4,5:50:00,1,Collision with vehicle,2,Tuesday,134,LANE CHANGE RIGHT (NOT OVERTAKING),5,765550,2,0,1,0,1,2,1,5,Not at intersection,2,100,Freeway
T20230007945,2023/4/4,12:50:00,1,Collision with vehicle,2,Tuesday,137,LEFT TURN SIDESWIPE,1,765899,2,0,0,1,1,2,1,2,T intersection,3,999,Local Road
T20230008031,2023/4/4,19:15:00,1,Collision with vehicle,3,Tuesday,134,LANE CHANGE RIGHT (NOT OVERTAKING),3,769550,2,0,0,1,1,2,2,5,Not at intersection,3,60,Arterial Highway
T20230010842,2023/4/4,9:40:00,1,Collision with vehicle,2,Tuesday,130,REAR END(VEHICLES IN SAME LANE),1,783043,2,0,0,1,1,2,2,2,T intersection,3,999,Local Road
T20230007994,2023/4/4,21:42:00,1,Collision with vehicle,3,Tuesday,121,RIGHT THROUGH,3,1137,2,0,0,2,0,2,1,1,Cross intersection,3,70,Arterial Other
T20230007948,2023/4/4,12:40:00,1,Collision with vehicle,3,Tuesday,120,HEAD ON (NOT OVERTAKING),1,774432,2,0,0,1,1,2,1,5,Not at intersection,3,100,Local Road
T20230007933,2023/4/4,11:40:00,4,Collision with a fixed object,2,Tuesday,179,OTHER ACCIDENTS-OFF STRAIGHT NOT INCLUDED IN DCAs 170-175,1,35475,1,0,1,0,0,1,1,2,T intersection,2,60,Arterial Other
T20230007949,2023/4/4,12:17:00,8,No collision and no object struck,3,Tuesday,179,OTHER ACCIDENTS-OFF STRAIGHT NOT INCLUDED IN DCAs 170-175,1,766017,1,0,1,0,0,1,1,2,T intersection,2,60,Local Road
T20230007934,2023/4/4,11:40:00,6,Vehicle overturned (no collision),3,Tuesday,180,OFF CARRIAGEWAY ON RIGHT BEND,1,774473,1,0,0,1,0,1,1,5,Not at intersection,3,100,Local Road
T20230007992,2023/4/4,10:30:00,1,Collision with vehicle,2,Tuesday,130,REAR END(VEHICLES IN SAME LANE),1,43671,2,0,0,1,1,2,2,1,Cross intersection,3,50,Local Road
T20230007991,2023/4/4,19:27:00,1,Collision with vehicle,3,Tuesday,149,OTHER MANOEUVRING NOT INCLUDED IN DCAs 140-148,3,787131,4,0,0,1,6,7,1,5,Not at intersection,3,50,
T20230007990,2023/4/4,21:15:00,1,Collision with vehicle,3,Tuesday,130,REAR END(VEHICLES IN SAME LANE),3,774035,2,0,0,2,0,2,1,5,Not at intersection,3,80,Arterial Other
T20230007989,2023/4/4,18:57:00,1,Collision with vehicle,3,Tuesday,137,LEFT TURN SIDESWIPE,3,232235,2,0,0,1,1,2,1,2,T intersection,3,60,Arterial Other
T20230007986,2023/4/4,17:44:00,1,Collision with vehicle,2,Tuesday,110,CROSS TRAFFIC(INTERSECTIONS ONLY),3,787913,2,0,0,1,3,4,1,1,Cross intersection,3,80,Arterial Other
T20230007981,2023/4/4,18:53:00,1,Collision with vehicle,3,Tuesday,140,U TURN,5,768393,2,0,1,0,1,2,1,5,Not at intersection,2,60,Arterial Other
T20230007978,2023/4/4,17:54:00,1,Collision with vehicle,2,Tuesday,110,CROSS TRAFFIC(INTERSECTIONS ONLY),2,44394,2,0,0,3,0,3,1,1,Cross intersection,3,60,Local Road
T20230008004,2023/4/5,6:11:00,1,Collision with vehicle,4,Wednesday,130,REAR END(VEHICLES IN SAME LANE),2,773785,2,0,1,0,2,3,1,5,Not at intersection,2,80,Arterial Highway
T20230008074,2023/4/5,18:50:00,1,Collision with vehicle,4,Wednesday,130,REAR END(VEHICLES IN SAME LANE),3,766786,2,0,1,2,0,3,1,1,Cross intersection,2,70,Arterial Highway
T20230008075,2023/4/5,17:00:00,1,Collision with vehicle,4,Wednesday,119,OTHER ADJACENT (INTERSECTIONS ONLY),1,773958,2,0,0,1,1,2,1,2,T intersection,3,60,Local Road
T20230008092,2023/4/5,23:00:00,1,Collision with vehicle,3,Wednesday,111,RIGHT FAR (INTERSECTIONS ONLY),3,34518,2,0,0,1,2,3,1,4,Multiple intersection,3,60,Arterial Other
T20230008136,2023/4/5,10:55:00,1,Collision with vehicle,4,Wednesday,130,REAR END(VEHICLES IN SAME LANE),1,51584,3,0,0,1,2,3,1,2,T intersection,3,60,Local Road
T20230008639,2023/4/5,19:30:00,3,Struck animal,3,Wednesday,167,STRUCK ANIMAL,5,782708,1,0,1,0,0,1,2,5,Not at intersection,2,100,Local Road
T20230008053,2023/4/5,8:15:00,1,Collision with vehicle,4,Wednesday,133,LANE SIDE SWIPE (VEHICLES IN PARALLEL LANES),2,36579,2,0,1,0,1,2,1,3,Y intersection,2,60,Arterial Other
T20230008005,2023/4/5,6:50:00,6,Vehicle overturned (no collision),4,Wednesday,180,OFF CARRIAGEWAY ON RIGHT BEND,1,772195,1,0,1,0,0,1,1,5,Not at intersection,2,80,Local Road
T20230008018,2023/4/5,9:50:00,2,Struck Pedestrian,4,Wednesday,100,PED NEAR SIDE. PED HIT BY VEHICLE FROM THE RIGHT.,1,57391,1,0,1,0,1,2,1,1,Cross intersection,2,60,Arterial Other
T20230008174,2023/4/5,22:15:00,4,Collision with a fixed object,4,Wednesday,171,LEFT OFF CARRIAGEWAY INTO OBJECT/PARKED VEHICLE,3,774705,1,0,0,1,0,1,1,5,Not at intersection,3,50,Local Road
T20230008016,2023/4/5,9:13:00,1,Collision with vehicle,3,Wednesday,112,LEFT FAR (INTERSECTIONS ONLY),1,42967,2,0,1,0,2,3,1,1,Cross intersection,2,60,Arterial Other
T20230022235,2023/4/5,17:20:00,1,Collision with vehicle,4,Wednesday,130,REAR END(VEHICLES IN SAME LANE),2,45086,2,0,0,1,1,2,2,2,T intersection,3,999,Local Road
T20230008226,2023/4/5,21:00:00,1,Collision with vehicle,4,Wednesday,130,REAR END(VEHICLES IN SAME LANE),3,769551,2,0,1,4,0,5,1,5,Not at intersection,2,100,Freeway
T20230008229,2023/4/5,8:50:00,1,Collision with vehicle,3,Wednesday,130,REAR END(VEHICLES IN SAME LANE),1,767263,2,0,0,1,1,2,1,5,Not at intersection,3,40,Arterial Highway
T20230011052,2023/4/5,8:30:00,1,Collision with vehicle,4,Wednesday,130,REAR END(VEHICLES IN SAME LANE),1,776744,2,0,0,1,1,2,1,1,Cross intersection,3,999,Local Road
T20230008065,2023/4/5,17:13:00,1,Collision with vehicle,4,Wednesday,121,RIGHT THROUGH,1,775349,2,0,1,0,1,2,1,2,T intersection,2,50,Local Road
T20230015357,2023/4/5,13:30:00,5,collision with some other object,4,Wednesday,171,LEFT OFF CARRIAGEWAY INTO OBJECT/PARKED VEHICLE,1,776680,1,0,1,0,0,1,2,5,Not at intersection,2,100,Local Road
T20230008113,2023/4/5,20:15:00,3,Struck animal,3,Wednesday,167,STRUCK ANIMAL,5,782698,1,0,0,1,0,1,1,5,Not at intersection,3,100,Arterial Other
T20230010322,2023/4/5,13:00:00,1,Collision with vehicle,4,Wednesday,130,REAR END(VEHICLES IN SAME LANE),1,780543,3,0,0,1,2,3,2,1,Cross intersection,3,60,Arterial Other
T20230009992,2023/4/5,16:00:00,1,Collision with vehicle,3,Wednesday,121,RIGHT THROUGH,1,678416,2,0,0,1,2,3,1,2,T intersection,3,60,Arterial Other
T20230008019,2023/4/5,8:00:00,1,Collision with vehicle,3,Wednesday,130,REAR END(VEHICLES IN SAME LANE),1,776938,2,0,0,1,1,2,2,5,Not at intersection,3,80,Arterial Other
T20230008115,2023/4/5,14:05:00,1,Collision with vehicle,4,Wednesday,163,VEHICLE STRIKES DOOR OF PARKED/STATIONARY VEHICLE,9,777314,2,0,0,1,1,2,2,5,Not at intersection,3,40,Arterial Other
T20230008707,2023/4/5,17:20:00,1,Collision with vehicle,3,Wednesday,130,REAR END(VEHICLES IN SAME LANE),1,788014,3,0,0,1,2,3,1,5,Not at intersection,3,70,Arterial Highway
T20230008067,2023/4/5,15:20:00,1,Collision with vehicle,3,Wednesday,163,VEHICLE STRIKES DOOR OF PARKED/STATIONARY VEHICLE,1,780424,2,0,0,1,1,2,1,5,Not at intersection,3,60,Local Road
T20230008052,2023/4/5,14:10:00,4,Collision with a fixed object,3,Wednesday,171,LEFT OFF CARRIAGEWAY INTO OBJECT/PARKED VEHICLE,1,9010,1,0,1,0,0,1,1,1,Cross intersection,2,60,
T20230008050,2023/4/5,7:45:00,4,Collision with a fixed object,3,Wednesday,171,LEFT OFF CARRIAGEWAY INTO OBJECT/PARKED VEHICLE,1,788005,1,0,0,1,0,1,1,2,T intersection,3,80,Arterial Highway
T20230008049,2023/4/5,13:29:00,1,Collision with vehicle,4,Wednesday,130,REAR END(VEHICLES IN SAME LANE),1,774150,3,0,0,2,1,3,1,5,Not at intersection,3,80,Arterial Highway
T20230008047,2023/4/5,14:16:00,1,Collision with vehicle,4,Wednesday,121,RIGHT THROUGH,1,777676,2,0,1,0,1,2,1,2,T intersection,2,80,Local Road
T20230008060,2023/4/5,14:05:00,1,Collision with vehicle,4,Wednesday,120,HEAD ON (NOT OVERTAKING),1,767374,2,0,4,0,0,4,1,5,Not at intersection,2,80,Local Road
T20230008201,2023/4/5,8:50:00,1,Collision with vehicle,3,Wednesday,130,REAR END(VEHICLES IN SAME LANE),1,766677,2,0,0,1,1,2,2,5,Not at intersection,3,60,Arterial Other
T20230008129,2023/4/5,17:40:00,1,Collision with vehicle,4,Wednesday,132,RIGHT REAR.,1,777346,2,0,0,1,1,2,1,5,Not at intersection,3,100,Arterial Highway
T20230008033,2023/4/5,12:14:00,1,Collision with vehicle,4,Wednesday,130,REAR END(VEHICLES IN SAME LANE),1,780420,3,0,0,4,0,4,1,5,Not at intersection,3,80,Arterial Highway
T20230008026,2023/4/5,11:50:00,1,Collision with vehicle,4,Wednesday,160,VEHICLE COLLIDES WITH VEHICLE PARKED ON LEFT OF ROAD,1,765789,2,0,1,0,0,1,1,5,Not at intersection,2,60,Arterial Other
T20230008025,2023/4/5,9:19:00,1,Collision with vehicle,3,Wednesday,140,U TURN,1,765788,2,0,0,1,1,2,1,5,Not at intersection,3,50,Local Road
T20230016625,2023/4/5,13:35:00,1,Collision with vehicle,4,Wednesday,121,RIGHT THROUGH,1,777336,2,0,0,2,1,3,1,2,T intersection,3,80,Arterial Other
T20230008561,2023/4/5,15:35:00,1,Collision with vehicle,3,Wednesday,113,RIGHT NEAR (INTERSECTIONS ONLY),1,299672,2,0,0,1,1,2,1,2,T intersection,3,60,Arterial Other
T20230008021,2023/4/5,8:00:00,1,Collision with vehicle,3,Wednesday,110,CROSS TRAFFIC(INTERSECTIONS ONLY),1,795000,2,0,1,0,1,2,1,1,Cross intersection,2,999,Local Road
T20230008103,2023/4/5,17:45:00,1,Collision with vehicle,4,Wednesday,110,CROSS TRAFFIC(INTERSECTIONS ONLY),1,53502,2,0,0,1,1,2,1,1,Cross intersection,3,80,Arterial Other
T20230008195,2023/4/5,23:20:00,1,Collision with vehicle,4,Wednesday,130,REAR END(VEHICLES IN SAME LANE),3,3116,2,0,0,1,0,1,1,5,Not at intersection,3,60,Arterial Other
T20230008097,2023/4/6,6:45:00,1,Collision with vehicle,4,Thursday,119,OTHER ADJACENT (INTERSECTIONS ONLY),1,495,2,0,0,1,1,2,1,2,T intersection,3,60,Arterial Other
T20230008099,2023/4/6,6:00:00,1,Collision with vehicle,4,Thursday,116,LEFT NEAR (INTERSECTIONS ONLY),2,788203,2,0,1,1,0,2,1,1,Cross intersection,2,100,Arterial Highway
T20230010480,2023/4/6,17:25:00,1,Collision with vehicle,4,Thursday,113,RIGHT NEAR (INTERSECTIONS ONLY),9,296639,2,0,0,1,1,2,1,2,T intersection,3,60,Arterial Other
T20230008177,2023/4/6,20:35:00,4,Collision with a fixed object,5,Thursday,179,OTHER ACCIDENTS-OFF STRAIGHT NOT INCLUDED IN DCAs 170-175,3,773761,1,0,1,0,0,1,1,5,Not at intersection,2,50,Local Road
T20230008171,2023/4/6,17:37:00,1,Collision with vehicle,4,Thursday,135,LANE CHANGE LEFT (NOT OVERTAKING),1,696258,2,0,0,1,1,2,2,5,Not at intersection,3,100,Freeway
T20230008145,2023/4/6,16:00:00,1,Collision with vehicle,4,Thursday,113,RIGHT NEAR (INTERSECTIONS ONLY),1,672723,2,0,0,2,2,4,1,2,T intersection,3,70,Arterial Other
T20230008179,2023/4/6,19:35:00,4,Collision with a fixed object,4,Thursday,183,OFF LEFT BEND INTO OBJECT/PARKED VEHICLE,5,763147,1,0,1,0,0,1,1,5,Not at intersection,2,100,Local Road
T20230008181,2023/4/6,18:40:00,1,Collision with vehicle,5,Thursday,130,REAR END(VEHICLES IN SAME LANE),3,782700,5,0,1,0,8,9,1,5,Not at intersection,2,100,Freeway
T20230008183,2023/4/6,16:35:00,1,Collision with vehicle,5,Thursday,160,VEHICLE COLLIDES WITH VEHICLE PARKED ON LEFT OF ROAD,1,688431,2,0,0,2,0,2,1,5,Not at intersection,3,50,Local Road
T20230008126,2023/4/6,7:43:00,4,Collision with a fixed object,4,Thursday,164,PERMANENT OBSTRUCTION ON CARRIAGEWAY,1,766124,1,0,1,0,0,1,1,5,Not at intersection,2,40,Arterial Other
T20230008127,2023/4/6,11:30:00,4,Collision with a fixed object,4,Thursday,151,OUT OF CONTROL (OVERTAKING),1,766675,1,0,1,0,0,1,1,5,Not at intersection,2,60,Arterial Other
T20230008510,2023/4/6,7:30:00,1,Collision with vehicle,5,Thursday,130,REAR END(VEHICLES IN SAME LANE),1,767265,2,0,0,1,1,2,2,4,Multiple intersection,3,80,Freeway
T20230008149,2023/4/6,16:37:00,1,Collision with vehicle,4,Thursday,121,RIGHT THROUGH,1,30033,2,0,0,2,1,3,1,1,Cross intersection,3,999,Arterial Other
T20230008128,2023/4/6,8:30:00,2,Struck Pedestrian,4,Thursday,107,PED ON FOOTHPATH STRUCK BY VEHENTERING/LEAVING DRIVEWAY.,1,788198,1,0,1,0,1,2,2,5,Not at intersection,2,999,Local Road
T20230008192,2023/4/6,19:15:00,4,Collision with a fixed object,5,Thursday,181,OFF RIGHT BEND INTO OBJECT/PARKED VEHICLE,5,775630,1,0,1,0,0,1,2,5,Not at intersection,2,100,Local Road
T20230008193,2023/4/6,20:50:00,1,Collision with vehicle,5,Thursday,121,RIGHT THROUGH,3,229963,2,0,0,2,1,3,1,1,Cross intersection,3,70,Arterial Other
T20230008119,2023/4/6,9:40:00,1,Collision with vehicle,5,Thursday,130,REAR END(VEHICLES IN SAME LANE),1,767027,2,0,1,0,1,2,1,5,Not at intersection,2,80,Arterial Other
T20230008142,2023/4/6,15:00:00,4,Collision with a fixed object,5,Thursday,173,RIGHT OFF CARRIAGEWAY INTO OBJECT/PARKED VEHICLE,1,774184,1,0,2,0,0,2,1,5,Not at intersection,2,100,Arterial Highway
T20230008530,2023/4/6,7:35:00,1,Collision with vehicle,4,Thursday,130,REAR END(VEHICLES IN SAME LANE),1,782707,2,0,0,1,1,2,2,5,Not at intersection,3,100,Freeway
T20230008220,2023/4/6,17:00:00,1,Collision with vehicle,4,Thursday,121,RIGHT THROUGH,1,35712,2,0,0,1,1,2,2,1,Cross intersection,3,50,Arterial Other
T20230008141,2023/4/6,11:44:00,1,Collision with vehicle,4,Thursday,130,REAR END(VEHICLES IN SAME LANE),1,768388,2,0,0,4,0,4,1,5,Not at intersection,3,80,Arterial Other
T20230008138,2023/4/6,13:14:00,1,Collision with vehicle,4,Thursday,130,REAR END(VEHICLES IN SAME LANE),1,47645,3,0,0,1,2,3,1,2,T intersection,3,50,Local Road
T20230008955,2023/4/6,19:30:00,6,Vehicle overturned (no collision),5,Thursday,174,OUT OF CONTROL ON CARRIAGEWAY (ON STRAIGHT),6,788464,1,0,0,1,0,1,2,1,Cross intersection,3,999,
T20230008120,2023/4/6,8:55:00,1,Collision with vehicle,4,Thursday,136,RIGHT TURN SIDESWIPE,1,766566,2,0,1,0,1,2,1,2,T intersection,2,60,Arterial Other
T20230013535,2023/4/6,3:20:00,4,Collision with a fixed object,5,Thursday,171,LEFT OFF CARRIAGEWAY INTO OBJECT/PARKED VEHICLE,3,775807,1,0,0,1,0,1,1,5,Not at intersection,3,60,Local Road
T20230008123,2023/4/6,6:54:00,1,Collision with vehicle,5,Thursday,142,LEAVING PARKING,2,788040,2,0,1,0,1,2,1,5,Not at intersection,2,60,Arterial Highway
T20230008218,2023/4/6,13:25:00,1,Collision with vehicle,5,Thursday,130,REAR END(VEHICLES IN SAME LANE),1,7862,3,0,0,1,2,3,1,2,T intersection,3,40,
T20230008187,2023/4/6,16:45:00,8,No collision and no object struck,4,Thursday,179,OTHER ACCIDENTS-OFF STRAIGHT NOT INCLUDED IN DCAs 170-175,1,788039,1,0,0,1,0,1,1,5,Not at intersection,3,888,Local Road
T20230008153,2023/4/6,17:25:00,1,Collision with vehicle,4,Thursday,133,LANE SIDE SWIPE (VEHICLES IN PARALLEL LANES),1,766243,2,0,0,1,1,2,1,5,Not at intersection,3,60,Arterial Other
T20230008154,2023/4/6,17:39:00,4,Collision with a fixed object,4,Thursday,183,OFF LEFT BEND INTO OBJECT/PARKED VEHICLE,1,781215,1,0,1,0,0,1,1,5,Not at intersection,2,100,Arterial Highway
T20230008155,2023/4/6,17:00:00,4,Collision with a fixed object,5,Thursday,171,LEFT OFF CARRIAGEWAY INTO OBJECT/PARKED VEHICLE,1,788226,1,0,0,1,0,1,1,5,Not at intersection,3,100,Freeway
T20230008286,2023/4/6,6:00:00,1,Collision with vehicle,5,Thursday,119,OTHER ADJACENT (INTERSECTIONS ONLY),9,766461,2,0,0,1,1,2,2,1,Cross intersection,3,999,Local Road
T20230014505,2023/4/6,23:14:00,4,Collision with a fixed object,5,Thursday,171,LEFT OFF CARRIAGEWAY INTO OBJECT/PARKED VEHICLE,3,776299,1,0,0,1,1,2,1,5,Not at intersection,3,80,Arterial Other
T20230008203,2023/4/6,7:30:00,2,Struck Pedestrian,5,Thursday,102,FAR SIDE. PED HIT BY VEHICLE FROM THE LEFT,1,766244,1,0,1,0,1,2,1,1,Cross intersection,2,50,Arterial Other
T20230008161,2023/4/6,18:50:00,2,Struck Pedestrian,5,Thursday,100,PED NEAR SIDE. PED HIT BY VEHICLE FROM THE RIGHT.,9,683791,1,0,0,1,1,2,2,2,T intersection,3,999,Arterial Other
T20230008162,2023/4/6,14:50:00,1,Collision with vehicle,4,Thursday,113,RIGHT NEAR (INTERSECTIONS ONLY),1,36592,2,0,1,0,1,2,1,2,T intersection,2,40,Arterial Other
T20230008143,2023/4/6,13:41:00,1,Collision with vehicle,4,Thursday,134,LANE CHANGE RIGHT (NOT OVERTAKING),1,766242,2,0,0,1,1,2,1,5,Not at intersection,3,80,Freeway
T20230008163,2023/4/6,18:35:00,1,Collision with vehicle,5,Thursday,147,VEHICLE STRIKES ANOTHER VEH WHILE EMERGING FROM DRIVEWAY,3,49750,2,0,1,0,1,2,1,2,T intersection,2,50,Arterial Other
T20230008164,2023/4/6,13:09:00,1,Collision with vehicle,4,Thursday,135,LANE CHANGE LEFT (NOT OVERTAKING),1,782699,2,0,1,0,1,2,1,5,Not at intersection,2,100,Freeway
T20230008167,2023/4/6,20:24:00,4,Collision with a fixed object,4,Thursday,173,RIGHT OFF CARRIAGEWAY INTO OBJECT/PARKED VEHICLE,3,766676,1,0,0,1,1,2,1,1,Cross intersection,3,70,Arterial Other
T20230008169,2023/4/6,19:03:00,1,Collision with vehicle,4,Thursday,132,RIGHT REAR.,3,34524,3,0,0,2,2,4,1,2,T intersection,3,60,Local Road
T20230008170,2023/4/6,20:00:00,4,Collision with a fixed object,5,Thursday,179,OTHER ACCIDENTS-OFF STRAIGHT NOT INCLUDED IN DCAs 170-175,3,773762,1,0,1,1,1,3,1,5,Not at intersection,2,50,Arterial Other
T20230009300,2023/4/6,9:00:00,1,Collision with vehicle,5,Thursday,145,REVERSING IN STREAM OF TRAFFIC,1,769568,2,0,0,1,1,2,2,5,Not at intersection,3,999,Local Road
T20230008102,2023/4/6,6:11:00,1,Collision with vehicle,4,Thursday,160,VEHICLE COLLIDES WITH VEHICLE PARKED ON LEFT OF ROAD,9,783159,2,0,0,1,1,2,2,5,Not at intersection,3,60,Local Road
T20230008706,2023/4/6,7:30:00,1,Collision with vehicle,4,Thursday,163,VEHICLE STRIKES DOOR OF PARKED/STATIONARY VEHICLE,1,769303,2,0,0,1,1,2,2,5,Not at intersection,3,50,Local Road
T20230008151,2023/4/6,16:10:00,2,Struck Pedestrian,4,Thursday,100,PED NEAR SIDE. PED HIT BY VEHICLE FROM THE RIGHT.,1,774433,1,0,1,0,3,4,1,5,Not at intersection,2,80,Arterial Highway
T20230008133,2023/4/6,12:57:00,1,Collision with vehicle,4,Thursday,130,REAR END(VEHICLES IN SAME LANE),1,783166,5,0,0,1,4,5,1,5,Not at intersection,3,70,Arterial Other
T20230008107,2023/4/6,8:40:00,1,Collision with vehicle,4,Thursday,147,VEHICLE STRIKES ANOTHER VEH WHILE EMERGING FROM DRIVEWAY,1,790413,2,0,0,1,1,2,2,5,Not at intersection,3,777,Arterial Other
T20230008116,2023/4/6,10:46:00,2,Struck Pedestrian,4,Thursday,100,PED NEAR SIDE. PED HIT BY VEHICLE FROM THE RIGHT.,1,710526,1,0,0,1,1,2,1,1,Cross intersection,3,60,Arterial Other
T20230009462,2023/4/6,14:55:00,2,Struck Pedestrian,4,Thursday,100,PED NEAR SIDE. PED HIT BY VEHICLE FROM THE RIGHT.,1,39094,1,0,0,1,1,2,2,1,Cross intersection,3,999,Arterial Other
T20230009826,2023/4/6,20:00:00,1,Collision with vehicle,4,Thursday,113,RIGHT NEAR (INTERSECTIONS ONLY),9,8445,2,0,0,1,2,3,1,1,Cross intersection,3,80,Arterial Highway
T20230008611,2023/4/6,16:24:00,1,Collision with vehicle,5,Thursday,152,PULLING OUT (OVERTAKING),1,788225,2,0,0,1,2,3,1,5,Not at intersection,3,60,Arterial Highway
T20230008124,2023/4/6,8:11:00,1,Collision with vehicle,5,Thursday,130,REAR END(VEHICLES IN SAME LANE),1,768666,3,0,0,1,3,4,1,5,Not at intersection,3,80,Arterial Other
T20230008105,2023/4/6,8:35:00,1,Collision with vehicle,4,Thursday,135,LANE CHANGE LEFT (NOT OVERTAKING),1,37951,2,0,0,1,1,2,2,2,T intersection,3,40,Local Road
T20230008260,2023/4/7,19:14:00,4,Collision with a fixed object,6,Friday,173,RIGHT OFF CARRIAGEWAY INTO OBJECT/PARKED VEHICLE,3,775631,1,0,1,0,0,1,1,5,Not at intersection,2,60,Arterial Highway
T20230012026,2023/4/7,22:20:00,4,Collision with a fixed object,5,Friday,181,OFF RIGHT BEND INTO OBJECT/PARKED VEHICLE,3,775459,1,0,0,1,1,2,2,5,Not at intersection,3,80,Local Road
T20230008291,2023/4/7,16:00:00,1,Collision with vehicle,5,Friday,147,VEHICLE STRIKES ANOTHER VEH WHILE EMERGING FROM DRIVEWAY,2,1063,2,0,0,1,1,2,2,5,Not at intersection,3,60,Arterial Highway
T20230008270,2023/4/7,23:40:00,4,Collision with a fixed object,6,Friday,199,UNKNOWN-NO DETAILS ON MANOEUVRES OF ROAD-USERS IN ACCIDENT,5,766679,1,0,1,0,0,1,1,5,Not at intersection,2,100,Arterial Highway
T20230008197,2023/4/7,1:10:00,1,Collision with vehicle,5,Friday,121,RIGHT THROUGH,3,30407,2,0,0,1,2,3,1,1,Cross intersection,3,80,Arterial Other
T20230008266,2023/4/7,22:34:00,6,Vehicle overturned (no collision),5,Friday,172,OFF CARRIAGEWAY TO RIGHT,6,770942,1,0,1,0,0,1,1,2,T intersection,2,70,Local Road
T20230008256,2023/4/7,18:25:00,4,Collision with a fixed object,6,Friday,183,OFF LEFT BEND INTO OBJECT/PARKED VEHICLE,3,775889,1,0,1,0,1,2,1,5,Not at intersection,2,50,Local Road
T20230008198,2023/4/7,2:30:00,4,Collision with a fixed object,6,Friday,181,OFF RIGHT BEND INTO OBJECT/PARKED VEHICLE,3,774413,1,0,1,0,0,1,1,4,Multiple intersection,2,50,Local Road
T20240001799,2023/4/7,2:58:00,1,Collision with vehicle,6,Friday,130,REAR END(VEHICLES IN SAME LANE),3,337564,2,0,0,2,0,2,1,1,Cross intersection,3,80,Local Road
T20240001901,2023/4/7,10:30:00,4,Collision with a fixed object,5,Friday,181,OFF RIGHT BEND INTO OBJECT/PARKED VEHICLE,1,798850,1,0,0,1,1,2,2,5,Not at intersection,3,999,Arterial Other
T20230008215,2023/4/7,10:36:00,2,Struck Pedestrian,5,Friday,101,PED EMERGES FROM IN FRONT OF PARKED OR STATIONARY VEHICLE,1,788206,1,0,0,1,2,3,1,5,Not at intersection,3,50,Local Road
T20230008223,2023/4/7,11:35:00,1,Collision with vehicle,6,Friday,121,RIGHT THROUGH,1,51650,2,0,0,4,0,4,1,1,Cross intersection,3,50,Arterial Other
T20230008227,2023/4/7,12:39:00,1,Collision with vehicle,5,Friday,110,CROSS TRAFFIC(INTERSECTIONS ONLY),1,61524,2,0,1,1,1,3,1,1,Cross intersection,2,50,Local Road
T20230008228,2023/4/7,12:35:00,1,Collision with vehicle,6,Friday,113,RIGHT NEAR (INTERSECTIONS ONLY),1,766787,2,0,1,0,1,2,1,2,T intersection,2,70,Arterial Highway