ACCIDENT_NO,ACCIDENT_DATE,ACCIDENT_TIME,ACCIDENT_TYPE,ACCIDENT_TYPE_DESC,DAY_OF_WEEK,DAY_WEEK_DESC,DCA_CODE,DCA_DESC,LIGHT_CONDITION,NODE_ID,NO_OF_VEHICLES,NO_PERSONS_KILLED,NO_PERSONS_INJ_2,NO_PERSONS_INJ_3,NO_PERSONS_NOT_INJ,NO_PERSONS,POLICE_ATTEND,ROAD_GEOMETRY,ROAD_GEOMETRY_DESC,SEVERITY,SPEED_ZONE,RMA
T20230008457,2023/4/7,14:00:00,8,No collision and no object struck,5,Friday,174,OUT OF CONTROL ON CARRIAGEWAY (ON STRAIGHT),9,782706,1,0,0,1,0,1,2,5,Not at intersection,3,999,Local Road
T20230008951,2023/4/7,9:05:00,4,Collision with a fixed object,5,Friday,175,OFF END OF ROAD/T-INTERSECTION.,1,775606,1,0,0,1,2,3,1,2,T intersection,3,100,Local Road
T20230008456,2023/4/7,10:40:00,1,Collision with vehicle,5,Friday,130,REAR END(VEHICLES IN SAME LANE),1,777684,2,0,0,1,1,2,2,1,Cross intersection,3,60,Local Road
T20230009691,2023/4/7,15:00:00,8,No collision and no object struck,6,Friday,174,OUT OF CONTROL ON CARRIAGEWAY (ON STRAIGHT),1,770840,1,0,1,0,0,1,2,5,Not at intersection,2,888,Local Road
T20230008211,2023/4/7,6:20:00,3,Struck animal,5,Friday,167,STRUCK ANIMAL,1,766245,1,0,0,1,0,1,1,5,Not at intersection,3,80,Arterial Other
T20230008221,2023/4/7,11:00:00,1,Collision with vehicle,6,Friday,113,RIGHT NEAR (INTERSECTIONS ONLY),1,595601,2,0,1,0,1,2,1,2,T intersection,2,60,Local Road
T20230008235,2023/4/7,13:37:00,4,Collision with a fixed object,5,Friday,173,RIGHT OFF CARRIAGEWAY INTO OBJECT/PARKED VEHICLE,1,782701,1,0,1,0,0,1,1,5,Not at intersection,2,60,Local Road
T20230010230,2023/4/7,19:00:00,3,Struck animal,6,Friday,167,STRUCK ANIMAL,5,772220,1,0,0,1,0,1,2,5,Not at intersection,3,100,Local Road
T20230008237,2023/4/7,14:40:00,4,Collision with a fixed object,5,Friday,171,LEFT OFF CARRIAGEWAY INTO OBJECT/PARKED VEHICLE,1,17695,1,0,0,1,3,4,1,1,Cross intersection,3,100,Arterial Highway
T20230008239,2023/4/7,14:00:00,4,Collision with a fixed object,6,Friday,181,OFF RIGHT BEND INTO OBJECT/PARKED VEHICLE,1,775314,1,0,0,2,0,2,1,5,Not at intersection,3,60,Arterial Other
T20230008241,2023/4/7,14:08:00,1,Collision with vehicle,6,Friday,189,OTHER ACCIDENTS ON CURVE NOT INCLUDED IN DCAs 180-184,1,46595,4,0,0,1,7,8,1,2,T intersection,3,50,Local Road
T20230008242,2023/4/7,14:40:00,1,Collision with vehicle,6,Friday,121,RIGHT THROUGH,1,779591,2,0,1,1,3,5,1,1,Cross intersection,2,50,Local Road
T20230008343,2023/4/7,15:47:00,1,Collision with vehicle,5,Friday,130,REAR END(VEHICLES IN SAME LANE),1,775858,2,0,0,2,0,2,2,5,Not at intersection,3,70,Local Road
T20230008247,2023/4/7,17:20:00,1,Collision with vehicle,5,Friday,110,CROSS TRAFFIC(INTERSECTIONS ONLY),1,69142,2,0,0,1,2,3,1,1,Cross intersection,3,50,Local Road
T20230010257,2023/4/7,10:00:00,6,Vehicle overturned (no collision),5,Friday,174,OUT OF CONTROL ON CARRIAGEWAY (ON STRAIGHT),1,772468,1,0,0,1,0,1,2,5,Not at intersection,3,777,Local Road
T20230009519,2023/4/7,15:00:00,6,Vehicle overturned (no collision),5,Friday,174,OUT OF CONTROL ON CARRIAGEWAY (ON STRAIGHT),1,770472,1,0,0,1,0,1,2,5,Not at intersection,3,60,Arterial Other
T20230008258,2023/4/7,18:10:00,1,Collision with vehicle,5,Friday,173,RIGHT OFF CARRIAGEWAY INTO OBJECT/PARKED VEHICLE,3,788189,4,0,1,0,0,1,1,5,Not at intersection,2,50,Local Road
T20230008259,2023/4/7,17:53:00,1,Collision with vehicle,6,Friday,181,OFF RIGHT BEND INTO OBJECT/PARKED VEHICLE,2,775846,2,0,1,0,0,1,1,5,Not at intersection,2,50,Local Road
T20230008200,2023/4/7,0:20:00,1,Collision with vehicle,6,Friday,120,HEAD ON (NOT OVERTAKING),3,54951,2,0,1,0,2,3,1,2,T intersection,2,50,Local Road
T20230008294,2023/4/8,6:00:00,5,collision with some other object,6,Saturday,166,STRUCK OBJECT ON CARRIAGEWAY,2,766788,1,0,0,1,0,1,1,5,Not at intersection,3,999,Local Road
T20230008314,2023/4/8,19:50:00,2,Struck Pedestrian,6,Saturday,102,FAR SIDE. PED HIT BY VEHICLE FROM THE LEFT,3,788227,1,0,0,1,1,2,1,5,Not at intersection,3,60,Arterial Other
T20230008922,2023/4/8,23:18:00,1,Collision with vehicle,7,Saturday,147,VEHICLE STRIKES ANOTHER VEH WHILE EMERGING FROM DRIVEWAY,6,770839,2,0,1,0,1,2,2,5,Not at intersection,2,60,Arterial Other
T20230008400,2023/4/8,17:40:00,1,Collision with vehicle,6,Saturday,130,REAR END(VEHICLES IN SAME LANE),2,773722,2,0,0,1,1,2,2,5,Not at intersection,3,50,Local Road
T20230009166,2023/4/8,16:00:00,1,Collision with vehicle,6,Saturday,110,CROSS TRAFFIC(INTERSECTIONS ONLY),1,769317,2,0,0,1,1,2,2,1,Cross intersection,3,50,Local Road
T20230008274,2023/4/8,4:20:00,3,Struck animal,6,Saturday,167,STRUCK ANIMAL,2,770228,1,0,0,1,1,2,1,5,Not at intersection,3,80,Local Road
T20230008272,2023/4/8,4:57:00,1,Collision with vehicle,6,Saturday,163,VEHICLE STRIKES DOOR OF PARKED/STATIONARY VEHICLE,3,774454,2,0,0,1,1,2,1,5,Not at intersection,3,40,Arterial Other
T20230008289,2023/4/8,8:20:00,4,Collision with a fixed object,6,Saturday,173,RIGHT OFF CARRIAGEWAY INTO OBJECT/PARKED VEHICLE,1,770943,1,0,0,1,0,1,1,5,Not at intersection,3,100,Freeway
T20230008288,2023/4/8,11:40:00,1,Collision with vehicle,6,Saturday,130,REAR END(VEHICLES IN SAME LANE),1,58615,2,0,0,1,1,2,1,2,T intersection,3,60,Local Road
T20230008326,2023/4/8,4:00:00,8,No collision and no object struck,7,Saturday,174,OUT OF CONTROL ON CARRIAGEWAY (ON STRAIGHT),3,775221,1,0,0,1,1,2,1,5,Not at intersection,3,888,Arterial Other
T20230010968,2023/4/8,13:20:00,1,Collision with vehicle,7,Saturday,130,REAR END(VEHICLES IN SAME LANE),1,776698,4,0,0,1,4,5,2,5,Not at intersection,3,100,Freeway
T20230008325,2023/4/8,22:40:00,1,Collision with vehicle,7,Saturday,160,VEHICLE COLLIDES WITH VEHICLE PARKED ON LEFT OF ROAD,3,774726,2,0,1,0,0,1,1,5,Not at intersection,2,50,Local Road
T20230008346,2023/4/8,12:30:00,1,Collision with vehicle,7,Saturday,111,RIGHT FAR (INTERSECTIONS ONLY),1,36838,2,0,0,1,2,3,2,2,T intersection,3,999,Arterial Other
T20230008352,2023/4/8,12:01:00,9,Other accident,7,Saturday,198,OTHER ACCIDENTS NOT CLASSIFIABLE ELSEWHERE,1,771821,1,0,1,0,1,2,2,5,Not at intersection,2,999,Local Road
T20230008324,2023/4/8,9:15:00,1,Collision with vehicle,7,Saturday,160,VEHICLE COLLIDES WITH VEHICLE PARKED ON LEFT OF ROAD,9,773787,3,0,0,1,0,1,1,2,T intersection,3,50,Local Road
T20230013248,2023/4/8,15:00:00,1,Collision with vehicle,7,Saturday,110,CROSS TRAFFIC(INTERSECTIONS ONLY),1,36362,4,0,0,1,1,2,1,1,Cross intersection,3,40,Local Road
T20230008302,2023/4/8,15:30:00,1,Collision with vehicle,7,Saturday,147,VEHICLE STRIKES ANOTHER VEH WHILE EMERGING FROM DRIVEWAY,1,301470,2,0,1,0,1,2,1,5,Not at intersection,2,60,Arterial Other
T20230008303,2023/4/8,15:25:00,4,Collision with a fixed object,6,Saturday,181,OFF RIGHT BEND INTO OBJECT/PARKED VEHICLE,1,782704,1,0,0,2,1,3,1,5,Not at intersection,3,80,Arterial Other
T20230008304,2023/4/8,13:10:00,4,Collision with a fixed object,7,Saturday,181,OFF RIGHT BEND INTO OBJECT/PARKED VEHICLE,1,767174,1,0,1,0,0,1,1,5,Not at intersection,2,100,Arterial Other
T20230008309,2023/4/8,16:44:00,1,Collision with vehicle,7,Saturday,120,HEAD ON (NOT OVERTAKING),1,775798,4,0,2,2,3,7,1,5,Not at intersection,2,80,Arterial Highway
T20230008310,2023/4/8,18:25:00,2,Struck Pedestrian,6,Saturday,100,PED NEAR SIDE. PED HIT BY VEHICLE FROM THE RIGHT.,3,766789,1,0,0,1,1,2,1,1,Cross intersection,3,40,Local Road
T20230012383,2023/4/8,12:00:00,2,Struck Pedestrian,7,Saturday,100,PED NEAR SIDE. PED HIT BY VEHICLE FROM THE RIGHT.,1,776049,1,0,0,1,1,2,2,5,Not at intersection,3,40,Local Road
T20230008297,2023/4/8,11:50:00,1,Collision with vehicle,7,Saturday,113,RIGHT NEAR (INTERSECTIONS ONLY),1,775400,2,0,2,1,1,4,1,1,Cross intersection,2,100,Arterial Other
T20230008298,2023/4/8,11:16:00,1,Collision with vehicle,6,Saturday,130,REAR END(VEHICLES IN SAME LANE),1,766908,4,0,0,5,10,15,1,5,Not at intersection,3,80,Freeway
T20230008300,2023/4/8,12:30:00,1,Collision with vehicle,6,Saturday,147,VEHICLE STRIKES ANOTHER VEH WHILE EMERGING FROM DRIVEWAY,9,782703,2,0,0,1,1,2,1,5,Not at intersection,3,60,Local Road
T20230008474,2023/4/8,10:00:00,6,Vehicle overturned (no collision),6,Saturday,174,OUT OF CONTROL ON CARRIAGEWAY (ON STRAIGHT),1,273920,1,0,0,1,0,1,2,5,Not at intersection,3,888,Local Road
T20230008459,2023/4/8,23:55:00,1,Collision with vehicle,6,Saturday,130,REAR END(VEHICLES IN SAME LANE),3,37768,2,0,0,1,2,3,1,1,Cross intersection,3,60,Arterial Other
T20230008282,2023/4/8,10:25:00,1,Collision with vehicle,6,Saturday,135,LANE CHANGE LEFT (NOT OVERTAKING),1,782702,2,0,0,1,1,2,1,5,Not at intersection,3,60,Arterial Highway
T20230008499,2023/4/8,21:00:00,2,Struck Pedestrian,6,Saturday,100,PED NEAR SIDE. PED HIT BY VEHICLE FROM THE RIGHT.,3,788187,1,0,0,1,1,2,2,4,Multiple intersection,3,999,Local Road
T20230008281,2023/4/8,8:31:00,1,Collision with vehicle,7,Saturday,110,CROSS TRAFFIC(INTERSECTIONS ONLY),1,19418,2,0,0,1,1,2,1,1,Cross intersection,3,60,Arterial Highway
T20230008477,2023/4/8,12:10:00,1,Collision with vehicle,6,Saturday,137,LEFT TURN SIDESWIPE,1,139993,2,0,0,1,1,2,2,5,Not at intersection,3,60,Arterial Highway
T20230008355,2023/4/8,19:44:00,1,Collision with vehicle,6,Saturday,163,VEHICLE STRIKES DOOR OF PARKED/STATIONARY VEHICLE,3,767019,2,0,0,1,2,3,1,5,Not at intersection,3,60,Arterial Other
T20230009843,2023/4/9,19:45:00,1,Collision with vehicle,1,Sunday,131,LEFT REAR,2,35718,2,0,0,2,2,4,2,5,Not at intersection,3,60,Arterial Other
T20230008366,2023/4/9,15:54:00,4,Collision with a fixed object,1,Sunday,183,OFF LEFT BEND INTO OBJECT/PARKED VEHICLE,1,781214,1,0,0,2,0,2,1,5,Not at intersection,3,100,Arterial Highway
T20230008403,2023/4/9,12:30:00,4,Collision with a fixed object,0,Sunday,181,OFF RIGHT BEND INTO OBJECT/PARKED VEHICLE,1,769299,1,0,0,2,0,2,2,5,Not at intersection,3,60,Arterial Highway
T20230008383,2023/4/9,23:10:00,1,Collision with vehicle,0,Sunday,113,RIGHT NEAR (INTERSECTIONS ONLY),3,40265,2,0,0,1,1,2,1,2,T intersection,3,60,Arterial Other
T20230008382,2023/4/9,19:12:00,4,Collision with a fixed object,1,Sunday,181,OFF RIGHT BEND INTO OBJECT/PARKED VEHICLE,5,769439,1,2,2,0,0,4,1,5,Not at intersection,1,80,Arterial Other
T20230008381,2023/4/9,14:00:00,1,Collision with vehicle,0,Sunday,110,CROSS TRAFFIC(INTERSECTIONS ONLY),1,253525,2,0,1,0,1,2,1,1,Cross intersection,2,50,Local Road
T20230008380,2023/4/9,20:20:00,1,Collision with vehicle,1,Sunday,120,HEAD ON (NOT OVERTAKING),3,767840,2,0,1,0,1,2,1,5,Not at intersection,2,70,Arterial Other
T20230008378,2023/4/9,20:20:00,4,Collision with a fixed object,1,Sunday,171,LEFT OFF CARRIAGEWAY INTO OBJECT/PARKED VEHICLE,3,775608,1,0,1,0,1,2,1,5,Not at intersection,2,60,Arterial Other
T20230008377,2023/4/9,20:00:00,1,Collision with vehicle,0,Sunday,130,REAR END(VEHICLES IN SAME LANE),3,767150,3,0,0,2,7,9,1,5,Not at intersection,3,80,Arterial Other
T20230008375,2023/4/9,17:40:00,4,Collision with a fixed object,0,Sunday,181,OFF RIGHT BEND INTO OBJECT/PARKED VEHICLE,1,773788,1,0,0,1,1,2,1,5,Not at intersection,3,100,Arterial Highway
T20230008372,2023/4/9,16:42:00,4,Collision with a fixed object,0,Sunday,171,LEFT OFF CARRIAGEWAY INTO OBJECT/PARKED VEHICLE,1,788182,1,0,0,1,1,2,1,5,Not at intersection,3,80,Local Road
T20230008369,2023/4/9,16:17:00,1,Collision with vehicle,0,Sunday,113,RIGHT NEAR (INTERSECTIONS ONLY),1,302508,2,0,0,1,1,2,1,2,T intersection,3,80,Arterial Other
T20230008735,2023/4/9,16:00:00,8,No collision and no object struck,1,Sunday,180,OFF CARRIAGEWAY ON RIGHT BEND,1,774381,1,0,0,1,0,1,2,5,Not at intersection,3,888,Local Road
T20230008428,2023/4/9,19:15:00,4,Collision with a fixed object,0,Sunday,181,OFF RIGHT BEND INTO OBJECT/PARKED VEHICLE,5,783068,1,0,0,1,0,1,1,5,Not at intersection,3,100,Local Road
T20230010104,2023/4/9,1:30:00,1,Collision with vehicle,0,Sunday,120,HEAD ON (NOT OVERTAKING),3,775166,2,0,0,1,1,2,1,5,Not at intersection,3,40,Local Road
T20230008359,2023/4/9,14:22:00,1,Collision with vehicle,1,Sunday,130,REAR END(VEHICLES IN SAME LANE),1,777680,2,0,0,1,1,2,1,1,Cross intersection,3,40,Arterial Highway
T20230008347,2023/4/9,10:50:00,4,Collision with a fixed object,1,Sunday,181,OFF RIGHT BEND INTO OBJECT/PARKED VEHICLE,1,771820,1,0,1,1,0,2,1,5,Not at intersection,2,100,Arterial Other
T20230008333,2023/4/9,3:22:00,4,Collision with a fixed object,1,Sunday,171,LEFT OFF CARRIAGEWAY INTO OBJECT/PARKED VEHICLE,3,775734,1,0,2,0,2,4,1,5,Not at intersection,2,70,Arterial Other
T20230008331,2023/4/9,0:27:00,1,Collision with vehicle,0,Sunday,160,VEHICLE COLLIDES WITH VEHICLE PARKED ON LEFT OF ROAD,3,770461,3,0,0,1,2,3,1,5,Not at intersection,3,60,Arterial Other
T20230008327,2023/4/9,1:00:00,4,Collision with a fixed object,0,Sunday,173,RIGHT OFF CARRIAGEWAY INTO OBJECT/PARKED VEHICLE,3,788267,1,0,0,2,1,3,1,5,Not at intersection,3,100,Freeway
T20230010897,2023/4/9,11:30:00,1,Collision with vehicle,0,Sunday,134,LANE CHANGE RIGHT (NOT OVERTAKING),1,773856,2,0,0,1,1,2,2,5,Not at intersection,3,999,Local Road
T20230008386,2023/4/9,23:00:00,8,No collision and no object struck,1,Sunday,174,OUT OF CONTROL ON CARRIAGEWAY (ON STRAIGHT),3,778287,1,0,1,0,0,1,1,5,Not at intersection,2,50,Local Road
T20230008350,2023/4/9,12:16:00,1,Collision with vehicle,0,Sunday,121,RIGHT THROUGH,1,780432,2,0,0,2,1,3,1,2,T intersection,3,60,Freeway
T20230008358,2023/4/9,14:45:00,1,Collision with vehicle,1,Sunday,130,REAR END(VEHICLES IN SAME LANE),1,776165,2,0,0,1,1,2,2,5,Not at intersection,3,100,Freeway
T20230008384,2023/4/9,18:56:00,2,Struck Pedestrian,0,Sunday,102,FAR SIDE. PED HIT BY VEHICLE FROM THE LEFT,5,769996,1,0,0,1,1,2,1,5,Not at intersection,3,60,Arterial Other
T20230013140,2023/4/9,16:00:00,4,Collision with a fixed object,0,Sunday,173,RIGHT OFF CARRIAGEWAY INTO OBJECT/PARKED VEHICLE,1,781588,1,0,0,1,2,3,2,5,Not at intersection,3,60,Local Road
T20230008741,2023/4/9,19:30:00,1,Collision with vehicle,1,Sunday,130,REAR END(VEHICLES IN SAME LANE),2,129938,2,0,0,2,1,3,2,2,T intersection,3,60,Local Road
T20230008368,2023/4/9,14:55:00,4,Collision with a fixed object,0,Sunday,173,RIGHT OFF CARRIAGEWAY INTO OBJECT/PARKED VEHICLE,1,767608,1,0,0,1,1,2,1,5,Not at intersection,3,100,Local Road
T20230008334,2023/4/9,3:10:00,1,Collision with vehicle,1,Sunday,130,REAR END(VEHICLES IN SAME LANE),3,294515,2,0,2,0,6,8,1,2,T intersection,2,60,Arterial Highway
T20230009858,2023/4/9,13:30:00,1,Collision with vehicle,0,Sunday,110,CROSS TRAFFIC(INTERSECTIONS ONLY),1,9056,2,0,0,1,1,2,2,1,Cross intersection,3,60,
T20230008360,2023/4/9,14:35:00,1,Collision with vehicle,1,Sunday,140,U TURN,1,768056,2,0,0,1,4,5,2,5,Not at intersection,3,60,Arterial Other
T20230012365,2023/4/10,14:00:00,6,Vehicle overturned (no collision),1,Monday,180,OFF CARRIAGEWAY ON RIGHT BEND,1,783158,1,0,0,1,0,1,1,5,Not at intersection,3,100,Arterial Other
T20230008504,2023/4/10,14:20:00,1,Collision with vehicle,1,Monday,130,REAR END(VEHICLES IN SAME LANE),1,783157,3,0,0,1,2,3,2,5,Not at intersection,3,999,Arterial Other
T20230008412,2023/4/10,12:40:00,2,Struck Pedestrian,1,Monday,100,PED NEAR SIDE. PED HIT BY VEHICLE FROM THE RIGHT.,1,767152,1,0,0,1,3,4,1,1,Cross intersection,3,70,Arterial Highway
T20230008404,2023/4/10,10:05:00,1,Collision with vehicle,2,Monday,113,RIGHT NEAR (INTERSECTIONS ONLY),1,775763,2,0,4,2,0,6,1,2,T intersection,2,100,Arterial Highway
T20230013624,2023/4/10,14:50:00,6,Vehicle overturned (no collision),2,Monday,174,OUT OF CONTROL ON CARRIAGEWAY (ON STRAIGHT),1,775826,1,0,0,1,0,1,2,5,Not at intersection,3,50,Local Road
T20230008401,2023/4/10,11:05:00,4,Collision with a fixed object,2,Monday,171,LEFT OFF CARRIAGEWAY INTO OBJECT/PARKED VEHICLE,1,775164,1,0,1,0,0,1,1,5,Not at intersection,2,60,Freeway
T20230008485,2023/4/10,13:15:00,1,Collision with vehicle,2,Monday,130,REAR END(VEHICLES IN SAME LANE),1,767378,2,0,0,4,0,4,2,5,Not at intersection,3,70,Freeway
T20230009915,2023/4/10,14:00:00,4,Collision with a fixed object,1,Monday,183,OFF LEFT BEND INTO OBJECT/PARKED VEHICLE,1,782709,1,0,0,1,0,1,1,5,Not at intersection,3,110,Freeway
T20230008624,2023/4/10,11:00:00,1,Collision with vehicle,1,Monday,119,OTHER ADJACENT (INTERSECTIONS ONLY),1,707633,2,0,0,1,1,2,2,2,T intersection,3,60,Local Road
T20230008398,2023/4/10,9:25:00,1,Collision with vehicle,1,Monday,111,RIGHT FAR (INTERSECTIONS ONLY),1,37024,2,0,0,1,2,3,1,2,T intersection,3,60,Arterial Other
T20230008394,2023/4/10,6:17:00,4,Collision with a fixed object,2,Monday,173,RIGHT OFF CARRIAGEWAY INTO OBJECT/PARKED VEHICLE,2,335953,1,0,1,0,0,1,1,2,T intersection,2,60,Arterial Other
T20230008454,2023/4/10,23:30:00,4,Collision with a fixed object,2,Monday,181,OFF RIGHT BEND INTO OBJECT/PARKED VEHICLE,5,781213,1,0,1,0,0,1,1,5,Not at intersection,2,100,Arterial Highway
T20230008444,2023/4/10,23:35:00,1,Collision with vehicle,1,Monday,160,VEHICLE COLLIDES WITH VEHICLE PARKED ON LEFT OF ROAD,3,780438,2,0,0,1,0,1,1,2,T intersection,3,50,Local Road
T20230008443,2023/4/10,21:58:00,4,Collision with a fixed object,2,Monday,173,RIGHT OFF CARRIAGEWAY INTO OBJECT/PARKED VEHICLE,3,783583,1,0,0,1,0,1,1,5,Not at intersection,3,80,Arterial Highway
T20230008440,2023/4/10,19:20:00,4,Collision with a fixed object,2,Monday,171,LEFT OFF CARRIAGEWAY INTO OBJECT/PARKED VEHICLE,3,777795,1,0,1,0,0,1,1,5,Not at intersection,2,50,Local Road
T20230008389,2023/4/10,2:42:00,4,Collision with a fixed object,1,Monday,151,OUT OF CONTROL (OVERTAKING),3,781659,1,0,0,1,2,3,1,5,Not at intersection,3,50,Local Road
T20230008433,2023/4/10,19:46:00,4,Collision with a fixed object,2,Monday,181,OFF RIGHT BEND INTO OBJECT/PARKED VEHICLE,3,767492,1,0,1,0,0,1,1,5,Not at intersection,2,80,Freeway
T20230008431,2023/4/10,16:04:00,1,Collision with vehicle,1,Monday,130,REAR END(VEHICLES IN SAME LANE),1,770946,2,0,0,1,2,3,1,5,Not at intersection,3,50,Local Road
T20230008430,2023/4/10,16:40:00,1,Collision with vehicle,1,Monday,110,CROSS TRAFFIC(INTERSECTIONS ONLY),1,54361,2,0,1,0,1,2,1,1,Cross intersection,2,60,Arterial Other
T20230008429,2023/4/10,16:41:00,1,Collision with vehicle,1,Monday,121,RIGHT THROUGH,1,62380,2,0,0,3,3,6,1,2,T intersection,3,60,Local Road
T20230009311,2023/4/10,18:45:00,1,Collision with vehicle,2,Monday,116,LEFT NEAR (INTERSECTIONS ONLY),2,38051,2,0,0,1,1,2,2,1,Cross intersection,3,60,Arterial Other
T20230008423,2023/4/10,16:11:00,6,Vehicle overturned (no collision),1,Monday,184,OUT OF CONTROL ON CARRIAGEWAY (ON BEND),1,767377,1,0,0,1,0,1,1,5,Not at intersection,3,100,Arterial Other
T20230008417,2023/4/10,12:38:00,4,Collision with a fixed object,1,Monday,183,OFF LEFT BEND INTO OBJECT/PARKED VEHICLE,1,770945,1,0,0,1,0,1,1,5,Not at intersection,3,60,Arterial Other
T20230008415,2023/4/10,11:30:00,4,Collision with a fixed object,2,Monday,181,OFF RIGHT BEND INTO OBJECT/PARKED VEHICLE,1,767227,1,0,1,1,0,2,1,5,Not at intersection,2,100,Arterial Highway
T20230014237,2023/4/11,16:45:00,6,Vehicle overturned (no collision),2,Tuesday,174,OUT OF CONTROL ON CARRIAGEWAY (ON STRAIGHT),1,776255,1,0,0,1,0,1,2,2,T intersection,3,100,Local Road
T20230008501,2023/4/11,5:30:00,2,Struck Pedestrian,2,Tuesday,103,PED PLAYING/LYING/WORKING/STANDING ON CARRIAGEWAY.,2,776422,1,0,0,1,1,2,2,5,Not at intersection,3,50,Local Road
T20230008655,2023/4/11,8:00:00,1,Collision with vehicle,3,Tuesday,147,VEHICLE STRIKES ANOTHER VEH WHILE EMERGING FROM DRIVEWAY,9,772730,2,0,0,2,1,3,2,5,Not at intersection,3,50,Local Road
T20230008489,2023/4/11,8:35:00,1,Collision with vehicle,2,Tuesday,132,RIGHT REAR.,1,300547,3,0,0,1,2,3,1,2,T intersection,3,80,Arterial Other
T20230008488,2023/4/11,11:11:00,4,Collision with a fixed object,3,Tuesday,171,LEFT OFF CARRIAGEWAY INTO OBJECT/PARKED VEHICLE,1,775609,1,0,1,0,0,1,1,5,Not at intersection,2,60,Arterial Other
T20230011000,2023/4/11,15:14:00,1,Collision with vehicle,3,Tuesday,160,VEHICLE COLLIDES WITH VEHICLE PARKED ON LEFT OF ROAD,1,773983,2,0,0,1,0,1,1,5,Not at intersection,3,50,Local Road
T20230008468,2023/4/11,9:00:00,4,Collision with a fixed object,2,Tuesday,183,OFF LEFT BEND INTO OBJECT/PARKED VEHICLE,1,776399,1,0,0,2,0,2,1,5,Not at intersection,3,100,Local Road
T20230008467,2023/4/11,11:17:00,1,Collision with vehicle,3,Tuesday,130,REAR END(VEHICLES IN SAME LANE),1,36241,2,0,1,0,2,3,1,2,T intersection,2,80,Arterial Highway
T20230008465,2023/4/11,10:25:00,1,Collision with vehicle,2,Tuesday,130,REAR END(VEHICLES IN SAME LANE),1,45157,2,0,1,1,1,3,1,2,T intersection,2,60,Arterial Other
T20230008453,2023/4/11,7:41:00,1,Collision with vehicle,2,Tuesday,159,OTHER OVERTAKING MANOEUVRES NOT INCLUDED IN DCAs 150-154,1,768792,2,0,1,0,1,2,1,5,Not at intersection,2,60,Local Road
T20230008452,2023/4/11,5:45:00,1,Collision with vehicle,3,Tuesday,121,RIGHT THROUGH,3,782845,2,1,0,0,1,2,1,2,T intersection,1,80,Arterial Other
T20230008450,2023/4/11,1:00:00,6,Vehicle overturned (no collision),3,Tuesday,174,OUT OF CONTROL ON CARRIAGEWAY (ON STRAIGHT),5,766897,1,1,0,0,0,1,1,5,Not at intersection,1,50,Local Road
T20230009086,2023/4/11,23:40:00,1,Collision with vehicle,2,Tuesday,123,RIGHT/LEFT. ONE VEH TURNING RIGHT THE OTHER LEFT.,3,340664,2,0,0,1,2,3,1,4,Multiple intersection,3,80,Freeway
T20230009019,2023/4/11,11:30:00,8,No collision and no object struck,2,Tuesday,174,OUT OF CONTROL ON CARRIAGEWAY (ON STRAIGHT),1,788425,1,0,0,1,0,1,2,5,Not at intersection,3,999,Local Road
T20230008665,2023/4/11,19:05:00,2,Struck Pedestrian,2,Tuesday,102,FAR SIDE. PED HIT BY VEHICLE FROM THE LEFT,6,767616,1,0,0,1,1,2,2,2,T intersection,3,999,Local Road
T20230008460,2023/4/11,7:30:00,1,Collision with vehicle,2,Tuesday,147,VEHICLE STRIKES ANOTHER VEH WHILE EMERGING FROM DRIVEWAY,2,769300,2,0,0,1,1,2,2,5,Not at intersection,3,60,Local Road
T20230008497,2023/4/11,14:25:00,1,Collision with vehicle,3,Tuesday,130,REAR END(VEHICLES IN SAME LANE),1,767718,3,0,0,2,2,4,1,5,Not at intersection,3,80,Arterial Other
T20230008496,2023/4/11,14:32:00,4,Collision with a fixed object,2,Tuesday,181,OFF RIGHT BEND INTO OBJECT/PARKED VEHICLE,1,167796,1,0,1,0,0,1,1,5,Not at intersection,2,100,Arterial Other
T20230008490,2023/4/11,13:45:00,2,Struck Pedestrian,3,Tuesday,100,PED NEAR SIDE. PED HIT BY VEHICLE FROM THE RIGHT.,1,767491,1,0,1,1,0,2,1,1,Cross intersection,2,60,Local Road
T20230012885,2023/4/11,13:30:00,4,Collision with a fixed object,2,Tuesday,173,RIGHT OFF CARRIAGEWAY INTO OBJECT/PARKED VEHICLE,1,781583,1,0,0,1,0,1,1,5,Not at intersection,3,80,Local Road
T20230008539,2023/4/11,23:15:00,4,Collision with a fixed object,2,Tuesday,171,LEFT OFF CARRIAGEWAY INTO OBJECT/PARKED VEHICLE,3,70092,1,0,0,1,0,1,1,5,Not at intersection,3,60,Local Road
T20230008588,2023/4/11,10:30:00,1,Collision with vehicle,2,Tuesday,130,REAR END(VEHICLES IN SAME LANE),1,778608,2,0,0,1,1,2,1,5,Not at intersection,3,100,Local Road
T20230008537,2023/4/11,23:57:00,1,Collision with vehicle,2,Tuesday,169,OTHER ON PATH,3,782825,2,0,1,0,0,1,1,5,Not at intersection,2,50,Local Road
T20230008532,2023/4/11,20:24:00,1,Collision with vehicle,3,Tuesday,143,ENTERING PARKING,3,788428,4,0,0,2,1,3,1,5,Not at intersection,3,999,Local Road
T20230008747,2023/4/11,15:00:00,1,Collision with vehicle,2,Tuesday,130,REAR END(VEHICLES IN SAME LANE),1,774100,2,0,0,1,1,2,1,1,Cross intersection,3,50,Local Road