ACCIDENT_NO,ACCIDENT_DATE,ACCIDENT_TIME,ACCIDENT_TYPE,ACCIDENT_TYPE_DESC,DAY_OF_WEEK,DAY_WEEK_DESC,DCA_CODE,DCA_DESC,LIGHT_CONDITION,NODE_ID,NO_OF_VEHICLES,NO_PERSONS_KILLED,NO_PERSONS_INJ_2,NO_PERSONS_INJ_3,NO_PERSONS_NOT_INJ,NO_PERSONS,POLICE_ATTEND,ROAD_GEOMETRY,ROAD_GEOMETRY_DESC,SEVERITY,SPEED_ZONE,RMA
T20230008531,2023/4/11,16:03:00,1,Collision with vehicle,2,Tuesday,111,RIGHT FAR (INTERSECTIONS ONLY),1,784395,3,0,0,2,1,3,1,2,T intersection,3,50,Arterial Highway
T20230010072,2023/4/11,5:30:00,1,Collision with vehicle,2,Tuesday,121,RIGHT THROUGH,3,1135,2,0,0,1,1,2,1,1,Cross intersection,3,999,Arterial Other
T20230008519,2023/4/11,15:50:00,4,Collision with a fixed object,3,Tuesday,181,OFF RIGHT BEND INTO OBJECT/PARKED VEHICLE,1,768057,1,0,0,1,2,3,1,5,Not at intersection,3,100,Arterial Highway
T20230008518,2023/4/11,15:45:00,4,Collision with a fixed object,3,Tuesday,181,OFF RIGHT BEND INTO OBJECT/PARKED VEHICLE,1,784496,1,0,1,0,0,1,1,5,Not at intersection,2,80,Arterial Other
T20230008515,2023/4/11,16:10:00,1,Collision with vehicle,3,Tuesday,135,LANE CHANGE LEFT (NOT OVERTAKING),1,768915,3,0,0,2,1,3,1,5,Not at intersection,3,100,Freeway
T20230008514,2023/4/11,16:28:00,6,Vehicle overturned (no collision),2,Tuesday,170,OFF CARRIAGEWAY TO LEFT,1,783067,1,0,0,1,0,1,1,5,Not at intersection,3,100,Local Road
T20230009118,2023/4/11,11:15:00,1,Collision with vehicle,2,Tuesday,130,REAR END(VEHICLES IN SAME LANE),1,775721,2,0,0,1,1,2,1,5,Not at intersection,3,100,Freeway
T20230008581,2023/4/11,20:30:00,4,Collision with a fixed object,3,Tuesday,183,OFF LEFT BEND INTO OBJECT/PARKED VEHICLE,3,776640,1,0,1,0,0,1,1,5,Not at intersection,2,60,Arterial Other
T20230008500,2023/4/11,15:00:00,1,Collision with vehicle,3,Tuesday,160,VEHICLE COLLIDES WITH VEHICLE PARKED ON LEFT OF ROAD,9,46952,2,0,1,0,0,1,2,2,T intersection,2,60,Arterial Other
T20230011032,2023/4/11,18:00:00,1,Collision with vehicle,2,Tuesday,130,REAR END(VEHICLES IN SAME LANE),3,241846,3,0,0,1,3,4,2,2,T intersection,3,60,Arterial Highway
T20230008513,2023/4/11,17:00:00,4,Collision with a fixed object,2,Tuesday,173,RIGHT OFF CARRIAGEWAY INTO OBJECT/PARKED VEHICLE,1,788426,1,0,0,2,2,4,2,1,Cross intersection,3,60,Arterial Other
T20230008508,2023/4/11,13:58:00,4,Collision with a fixed object,3,Tuesday,175,OFF END OF ROAD/T-INTERSECTION.,1,304839,1,0,1,0,0,1,1,2,T intersection,2,60,Arterial Highway
T20230011415,2023/4/12,7:00:00,1,Collision with vehicle,4,Wednesday,130,REAR END(VEHICLES IN SAME LANE),2,774156,2,0,0,1,1,2,2,5,Not at intersection,3,60,Arterial Other
T20230008568,2023/4/12,0:30:00,1,Collision with vehicle,3,Wednesday,110,CROSS TRAFFIC(INTERSECTIONS ONLY),3,788434,2,0,0,1,1,2,1,1,Cross intersection,3,60,Arterial Other
T20230008573,2023/4/12,14:36:00,2,Struck Pedestrian,3,Wednesday,105,PED WALKING AGAINST TRAFFIC.,1,767487,1,0,0,1,1,2,1,5,Not at intersection,3,60,Arterial Other
T20230022109,2023/4/12,11:15:00,1,Collision with vehicle,3,Wednesday,130,REAR END(VEHICLES IN SAME LANE),1,781872,2,0,0,1,2,3,2,5,Not at intersection,3,50,Local Road
T20230008548,2023/4/12,8:25:00,1,Collision with vehicle,4,Wednesday,130,REAR END(VEHICLES IN SAME LANE),1,768392,2,0,1,0,1,2,1,5,Not at intersection,2,60,Local Road
T20230008541,2023/4/12,5:45:00,8,No collision and no object struck,4,Wednesday,174,OUT OF CONTROL ON CARRIAGEWAY (ON STRAIGHT),3,767379,1,0,1,0,0,1,1,2,T intersection,2,60,Arterial Highway
T20230008543,2023/4/12,6:10:00,1,Collision with vehicle,4,Wednesday,113,RIGHT NEAR (INTERSECTIONS ONLY),2,315580,3,0,0,1,3,4,1,1,Cross intersection,3,80,Freeway
T20230008590,2023/4/12,17:00:00,7,Fall from or in moving vehicle,4,Wednesday,190,FELL IN/FROM VEHICLE,2,767488,1,0,1,0,1,2,1,5,Not at intersection,2,100,Arterial Other
T20230008702,2023/4/12,6:00:00,1,Collision with vehicle,4,Wednesday,130,REAR END(VEHICLES IN SAME LANE),3,776511,2,0,0,1,1,2,2,5,Not at intersection,3,60,Arterial Highway
T20230011112,2023/4/12,10:30:00,4,Collision with a fixed object,4,Wednesday,171,LEFT OFF CARRIAGEWAY INTO OBJECT/PARKED VEHICLE,1,42862,1,0,0,1,1,2,1,1,Cross intersection,3,60,Arterial Other
T20230009294,2023/4/12,9:30:00,1,Collision with vehicle,4,Wednesday,130,REAR END(VEHICLES IN SAME LANE),1,35530,3,0,0,1,2,3,1,2,T intersection,3,60,Arterial Other
T20230008605,2023/4/12,21:00:00,1,Collision with vehicle,4,Wednesday,130,REAR END(VEHICLES IN SAME LANE),3,35537,3,0,0,1,2,3,1,1,Cross intersection,3,80,Arterial Highway
T20230008606,2023/4/12,16:10:00,2,Struck Pedestrian,4,Wednesday,109,ANY MANOEUVRE INVOLVING PED NOT INCLUDED IN DCAs 100-108.,1,62109,1,0,0,1,1,2,1,1,Cross intersection,3,50,Local Road
T20230010689,2023/4/12,13:30:00,1,Collision with vehicle,3,Wednesday,199,UNKNOWN-NO DETAILS ON MANOEUVRES OF ROAD-USERS IN ACCIDENT,1,777275,2,0,0,1,2,3,2,2,T intersection,3,40,Local Road
T20230008614,2023/4/12,22:48:00,1,Collision with vehicle,4,Wednesday,120,HEAD ON (NOT OVERTAKING),5,774282,2,0,1,1,0,2,1,5,Not at intersection,2,80,Local Road
T20230008603,2023/4/12,19:17:00,1,Collision with vehicle,3,Wednesday,136,RIGHT TURN SIDESWIPE,5,55134,2,0,0,1,1,2,1,2,T intersection,3,80,Local Road
T20230008592,2023/4/12,15:40:00,4,Collision with a fixed object,3,Wednesday,181,OFF RIGHT BEND INTO OBJECT/PARKED VEHICLE,1,767612,1,0,0,1,0,1,1,5,Not at intersection,3,100,Local Road
T20230009028,2023/4/12,22:40:00,4,Collision with a fixed object,3,Wednesday,171,LEFT OFF CARRIAGEWAY INTO OBJECT/PARKED VEHICLE,3,62635,1,0,0,1,0,1,1,2,T intersection,3,50,Local Road
T20230008829,2023/4/12,19:30:00,2,Struck Pedestrian,3,Wednesday,102,FAR SIDE. PED HIT BY VEHICLE FROM THE LEFT,6,228,1,0,0,1,1,2,2,1,Cross intersection,3,60,Arterial Highway
T20230008552,2023/4/12,7:26:00,4,Collision with a fixed object,4,Wednesday,171,LEFT OFF CARRIAGEWAY INTO OBJECT/PARKED VEHICLE,1,767489,1,0,1,0,0,1,1,5,Not at intersection,2,60,Local Road
T20230008558,2023/4/12,6:50:00,1,Collision with vehicle,3,Wednesday,130,REAR END(VEHICLES IN SAME LANE),1,769301,2,0,0,1,2,3,1,5,Not at intersection,3,80,Arterial Highway
T20230008806,2023/4/12,12:00:00,1,Collision with vehicle,4,Wednesday,130,REAR END(VEHICLES IN SAME LANE),1,768276,2,0,0,1,1,2,2,1,Cross intersection,3,70,Local Road
T20230008567,2023/4/12,12:02:00,1,Collision with vehicle,3,Wednesday,121,RIGHT THROUGH,1,777996,2,0,0,3,0,3,1,1,Cross intersection,3,80,Local Road
T20230008615,2023/4/13,5:34:00,1,Collision with vehicle,4,Thursday,135,LANE CHANGE LEFT (NOT OVERTAKING),3,769302,2,0,0,1,1,2,1,5,Not at intersection,3,80,Freeway
T20230008645,2023/4/13,9:10:00,1,Collision with vehicle,4,Thursday,148,VEHICLE OFF FOOTPATH STRIKES VEH ON CARRIAGEWAY,1,326348,2,0,0,1,1,2,2,5,Not at intersection,3,40,Local Road
T20230009508,2023/4/13,8:15:00,4,Collision with a fixed object,4,Thursday,173,RIGHT OFF CARRIAGEWAY INTO OBJECT/PARKED VEHICLE,1,772860,1,0,0,1,0,1,2,5,Not at intersection,3,80,Local Road
T20230008642,2023/4/13,12:36:00,9,Other accident,5,Thursday,139,OTHER SAME DIRECTION-MANOUEVRES NOT INCLUDED IN DCAs 130-137,1,768413,2,0,1,0,2,3,1,5,Not at intersection,2,50,Local Road
T20230008637,2023/4/13,9:15:00,1,Collision with vehicle,4,Thursday,121,RIGHT THROUGH,1,20017,2,0,0,1,2,3,1,1,Cross intersection,3,60,Arterial Highway
T20230008635,2023/4/13,7:24:00,4,Collision with a fixed object,5,Thursday,181,OFF RIGHT BEND INTO OBJECT/PARKED VEHICLE,1,777138,1,0,2,1,0,3,1,5,Not at intersection,2,100,Arterial Other
T20230008667,2023/4/13,17:20:00,1,Collision with vehicle,4,Thursday,110,CROSS TRAFFIC(INTERSECTIONS ONLY),2,35957,2,0,0,1,1,2,1,1,Cross intersection,3,60,Local Road
T20230008632,2023/4/13,10:22:00,1,Collision with vehicle,4,Thursday,130,REAR END(VEHICLES IN SAME LANE),1,777632,2,0,0,1,5,6,1,5,Not at intersection,3,70,Arterial Highway
T20230008631,2023/4/13,9:40:00,1,Collision with vehicle,4,Thursday,121,RIGHT THROUGH,1,43824,2,0,0,1,2,3,1,3,Y intersection,3,80,Arterial Other
T20230008629,2023/4/13,9:30:00,1,Collision with vehicle,4,Thursday,110,CROSS TRAFFIC(INTERSECTIONS ONLY),1,768272,2,0,0,1,1,2,1,1,Cross intersection,3,80,Arterial Other
T20230008628,2023/4/13,6:44:00,1,Collision with vehicle,5,Thursday,130,REAR END(VEHICLES IN SAME LANE),2,778338,2,0,0,1,1,2,1,2,T intersection,3,60,Local Road
T20230008640,2023/4/13,7:30:00,1,Collision with vehicle,4,Thursday,111,RIGHT FAR (INTERSECTIONS ONLY),2,223545,2,0,0,1,1,2,2,2,T intersection,3,999,Local Road
T20230008617,2023/4/13,6:25:00,2,Struck Pedestrian,5,Thursday,102,FAR SIDE. PED HIT BY VEHICLE FROM THE LEFT,2,767613,1,0,0,1,1,2,1,5,Not at intersection,3,60,Local Road
T20230008620,2023/4/13,8:56:00,1,Collision with vehicle,4,Thursday,147,VEHICLE STRIKES ANOTHER VEH WHILE EMERGING FROM DRIVEWAY,1,768536,2,0,0,1,1,2,1,5,Not at intersection,3,60,Local Road
T20230009766,2023/4/13,18:50:00,1,Collision with vehicle,5,Thursday,110,CROSS TRAFFIC(INTERSECTIONS ONLY),6,770985,2,0,1,0,1,2,2,1,Cross intersection,2,50,Local Road
T20230008668,2023/4/13,17:49:00,4,Collision with a fixed object,5,Thursday,171,LEFT OFF CARRIAGEWAY INTO OBJECT/PARKED VEHICLE,2,777039,1,0,0,1,0,1,1,5,Not at intersection,3,60,Arterial Highway
T20230009765,2023/4/13,12:30:00,2,Struck Pedestrian,4,Thursday,103,PED PLAYING/LYING/WORKING/STANDING ON CARRIAGEWAY.,1,781210,1,0,1,0,1,2,2,5,Not at intersection,2,50,Local Road
T20230008687,2023/4/13,15:42:00,1,Collision with vehicle,4,Thursday,121,RIGHT THROUGH,1,769997,2,0,0,1,2,3,1,2,T intersection,3,60,Local Road
T20230008651,2023/4/13,14:15:00,1,Collision with vehicle,4,Thursday,110,CROSS TRAFFIC(INTERSECTIONS ONLY),1,35654,2,0,1,0,3,4,1,1,Cross intersection,2,80,Local Road
T20230010411,2023/4/13,9:20:00,1,Collision with vehicle,4,Thursday,137,LEFT TURN SIDESWIPE,1,787881,2,0,0,1,1,2,2,5,Not at intersection,3,999,Arterial Other
T20230010412,2023/4/13,14:00:00,1,Collision with vehicle,5,Thursday,134,LANE CHANGE RIGHT (NOT OVERTAKING),1,35463,2,0,0,1,1,2,2,1,Cross intersection,3,80,Arterial Other
T20230009078,2023/4/13,17:30:00,1,Collision with vehicle,5,Thursday,130,REAR END(VEHICLES IN SAME LANE),1,769561,2,0,0,1,1,2,2,5,Not at intersection,3,100,Freeway
T20230008685,2023/4/13,21:38:00,1,Collision with vehicle,5,Thursday,169,OTHER ON PATH,3,774099,2,0,0,1,0,1,1,5,Not at intersection,3,50,Local Road
T20230008680,2023/4/13,18:40:00,1,Collision with vehicle,5,Thursday,130,REAR END(VEHICLES IN SAME LANE),3,44918,2,0,0,1,1,2,1,1,Cross intersection,3,70,Arterial Other
T20230008619,2023/4/13,7:42:00,1,Collision with vehicle,5,Thursday,116,LEFT NEAR (INTERSECTIONS ONLY),1,768535,2,0,1,0,1,2,1,2,T intersection,2,50,Local Road
T20230008627,2023/4/13,6:50:00,4,Collision with a fixed object,4,Thursday,171,LEFT OFF CARRIAGEWAY INTO OBJECT/PARKED VEHICLE,1,776176,2,0,1,0,1,2,1,5,Not at intersection,2,60,Arterial Other
T20230008713,2023/4/13,12:50:00,1,Collision with vehicle,4,Thursday,140,U TURN,1,787879,2,0,0,1,1,2,1,5,Not at intersection,3,60,Arterial Other
T20230008679,2023/4/13,18:42:00,2,Struck Pedestrian,4,Thursday,101,PED EMERGES FROM IN FRONT OF PARKED OR STATIONARY VEHICLE,3,767846,1,0,0,1,1,2,1,2,T intersection,3,40,Arterial Other
T20230010173,2023/4/13,16:00:00,1,Collision with vehicle,4,Thursday,130,REAR END(VEHICLES IN SAME LANE),1,780507,3,0,0,1,2,3,2,1,Cross intersection,3,60,Arterial Other
T20230009501,2023/4/13,12:36:00,1,Collision with vehicle,5,Thursday,130,REAR END(VEHICLES IN SAME LANE),1,770242,2,0,0,1,1,2,2,1,Cross intersection,3,60,Arterial Highway
T20230008649,2023/4/13,14:20:00,1,Collision with vehicle,5,Thursday,147,VEHICLE STRIKES ANOTHER VEH WHILE EMERGING FROM DRIVEWAY,1,770230,2,0,1,0,2,3,1,5,Not at intersection,2,80,Arterial Other
T20230010348,2023/4/13,19:20:00,1,Collision with vehicle,4,Thursday,130,REAR END(VEHICLES IN SAME LANE),3,251622,2,0,0,1,1,2,2,1,Cross intersection,3,60,Arterial Other
T20230008646,2023/4/13,9:30:00,1,Collision with vehicle,5,Thursday,120,HEAD ON (NOT OVERTAKING),1,773959,3,0,0,2,1,3,1,5,Not at intersection,3,60,Local Road
T20230013347,2023/4/13,14:30:00,1,Collision with vehicle,4,Thursday,133,LANE SIDE SWIPE (VEHICLES IN PARALLEL LANES),9,776373,2,0,0,1,1,2,2,5,Not at intersection,3,80,Freeway
T20230008678,2023/4/13,14:25:00,1,Collision with vehicle,4,Thursday,130,REAR END(VEHICLES IN SAME LANE),1,775402,2,0,0,1,1,2,1,5,Not at intersection,3,50,Local Road
T20230008710,2023/4/13,10:30:00,2,Struck Pedestrian,4,Thursday,100,PED NEAR SIDE. PED HIT BY VEHICLE FROM THE RIGHT.,1,776795,1,0,0,1,1,2,2,5,Not at intersection,3,999,Arterial Highway
T20230008677,2023/4/13,15:08:00,1,Collision with vehicle,5,Thursday,160,VEHICLE COLLIDES WITH VEHICLE PARKED ON LEFT OF ROAD,1,770947,2,0,1,0,1,2,1,5,Not at intersection,2,50,Local Road
T20230008769,2023/4/13,3:20:00,1,Collision with vehicle,4,Thursday,121,RIGHT THROUGH,3,57515,2,0,0,1,1,2,2,1,Cross intersection,3,70,Arterial Highway
T20230008672,2023/4/13,14:30:00,4,Collision with a fixed object,5,Thursday,181,OFF RIGHT BEND INTO OBJECT/PARKED VEHICLE,1,795468,1,1,0,0,0,1,1,5,Not at intersection,1,60,Arterial Other
T20230008671,2023/4/13,16:30:00,1,Collision with vehicle,4,Thursday,121,RIGHT THROUGH,1,42110,2,0,0,1,1,2,1,1,Cross intersection,3,60,Arterial Other
T20230008670,2023/4/13,17:17:00,3,Struck animal,4,Thursday,167,STRUCK ANIMAL,2,780464,1,0,0,1,0,1,1,5,Not at intersection,3,100,Local Road
T20230008650,2023/4/13,9:10:00,1,Collision with vehicle,4,Thursday,119,OTHER ADJACENT (INTERSECTIONS ONLY),1,776118,2,0,0,1,1,2,2,2,T intersection,3,40,Local Road
T20230008647,2023/4/13,13:25:00,1,Collision with vehicle,4,Thursday,148,VEHICLE OFF FOOTPATH STRIKES VEH ON CARRIAGEWAY,1,767843,2,0,0,1,1,2,1,2,T intersection,3,999,Local Road
T20230013079,2023/4/13,9:00:00,2,Struck Pedestrian,5,Thursday,107,PED ON FOOTHPATH STRUCK BY VEHENTERING/LEAVING DRIVEWAY.,9,775655,1,0,1,0,1,2,2,5,Not at intersection,2,60,Local Road
T20230014859,2023/4/13,13:00:00,1,Collision with vehicle,4,Thursday,130,REAR END(VEHICLES IN SAME LANE),1,776946,2,0,0,1,1,2,2,5,Not at intersection,3,60,Local Road
T20230008623,2023/4/13,8:10:00,6,Vehicle overturned (no collision),4,Thursday,174,OUT OF CONTROL ON CARRIAGEWAY (ON STRAIGHT),1,776621,1,0,1,0,0,1,1,5,Not at intersection,2,70,Arterial Highway
T20240001324,2023/4/13,19:15:00,1,Collision with vehicle,4,Thursday,147,VEHICLE STRIKES ANOTHER VEH WHILE EMERGING FROM DRIVEWAY,3,796607,3,0,0,1,2,3,1,5,Not at intersection,3,50,
T20230008694,2023/4/13,22:50:00,8,No collision and no object struck,5,Thursday,174,OUT OF CONTROL ON CARRIAGEWAY (ON STRAIGHT),3,768391,1,0,1,0,0,1,1,5,Not at intersection,2,100,Freeway
T20230008981,2023/4/13,21:30:00,4,Collision with a fixed object,5,Thursday,171,LEFT OFF CARRIAGEWAY INTO OBJECT/PARKED VEHICLE,5,770118,1,0,1,0,0,1,2,5,Not at intersection,2,100,Local Road
T20230008664,2023/4/13,17:05:00,2,Struck Pedestrian,4,Thursday,194,PARKED CAR RUN AWAY,1,767845,1,0,0,1,0,1,1,2,T intersection,3,50,Local Road
T20230008692,2023/4/13,3:20:00,1,Collision with vehicle,5,Thursday,121,RIGHT THROUGH,3,57515,2,0,0,1,1,2,1,1,Cross intersection,3,60,Arterial Highway
T20230008699,2023/4/14,8:50:00,1,Collision with vehicle,5,Friday,121,RIGHT THROUGH,1,231736,2,0,0,1,1,2,1,2,T intersection,3,50,Arterial Highway
T20230008724,2023/4/14,13:25:00,1,Collision with vehicle,6,Friday,147,VEHICLE STRIKES ANOTHER VEH WHILE EMERGING FROM DRIVEWAY,1,775881,2,0,1,0,2,3,1,5,Not at intersection,2,50,Local Road
T20230008745,2023/4/14,17:15:00,2,Struck Pedestrian,5,Friday,109,ANY MANOEUVRE INVOLVING PED NOT INCLUDED IN DCAs 100-108.,2,189435,1,0,0,1,1,2,1,5,Not at intersection,3,40,Local Road
T20230009500,2023/4/14,10:30:00,1,Collision with vehicle,5,Friday,121,RIGHT THROUGH,1,51011,2,0,0,1,2,3,2,1,Cross intersection,3,60,Arterial Other
T20230013229,2023/4/14,11:45:00,1,Collision with vehicle,5,Friday,134,LANE CHANGE RIGHT (NOT OVERTAKING),1,338047,2,0,0,1,1,2,1,2,T intersection,3,70,Arterial Other
T20230008725,2023/4/14,12:44:00,1,Collision with vehicle,5,Friday,160,VEHICLE COLLIDES WITH VEHICLE PARKED ON LEFT OF ROAD,1,780439,2,0,0,1,0,1,1,5,Not at intersection,3,60,Local Road
T20230013203,2023/4/14,21:10:00,1,Collision with vehicle,6,Friday,130,REAR END(VEHICLES IN SAME LANE),3,777678,2,0,0,1,1,2,1,5,Not at intersection,3,70,Arterial Highway
T20230008718,2023/4/14,9:26:00,5,collision with some other object,6,Friday,166,STRUCK OBJECT ON CARRIAGEWAY,1,787995,1,0,0,1,0,1,2,5,Not at intersection,3,100,Freeway
T20230008962,2023/4/14,11:17:00,5,collision with some other object,5,Friday,181,OFF RIGHT BEND INTO OBJECT/PARKED VEHICLE,1,787985,1,0,0,1,0,1,1,5,Not at intersection,3,100,Arterial Other
T20230008720,2023/4/14,12:15:00,6,Vehicle overturned (no collision),5,Friday,184,OUT OF CONTROL ON CARRIAGEWAY (ON BEND),1,621176,1,0,0,1,1,2,2,2,T intersection,3,80,Arterial Other
T20230009066,2023/4/14,17:50:00,1,Collision with vehicle,5,Friday,130,REAR END(VEHICLES IN SAME LANE),2,38979,3,0,0,1,2,3,2,2,T intersection,3,60,Arterial Other
T20230008704,2023/4/14,7:23:00,6,Vehicle overturned (no collision),6,Friday,180,OFF CARRIAGEWAY ON RIGHT BEND,2,779622,1,0,1,0,0,1,1,2,T intersection,2,80,Arterial Other
T20230008791,2023/4/14,15:45:00,7,Fall from or in moving vehicle,5,Friday,190,FELL IN/FROM VEHICLE,1,777698,1,0,0,1,0,1,1,5,Not at intersection,3,100,Local Road
T20230008784,2023/4/14,22:45:00,1,Collision with vehicle,5,Friday,130,REAR END(VEHICLES IN SAME LANE),3,770966,3,0,0,1,3,4,1,5,Not at intersection,3,60,Arterial Highway
T20230009142,2023/4/14,12:18:00,1,Collision with vehicle,5,Friday,130,REAR END(VEHICLES IN SAME LANE),1,770233,2,0,0,1,1,2,1,5,Not at intersection,3,80,Arterial Highway
T20230008708,2023/4/14,10:50:00,1,Collision with vehicle,5,Friday,140,U TURN,1,770965,2,0,0,2,1,3,1,5,Not at intersection,3,60,Local Road
T20230008748,2023/4/14,16:48:00,4,Collision with a fixed object,6,Friday,181,OFF RIGHT BEND INTO OBJECT/PARKED VEHICLE,1,768884,1,0,1,0,0,1,1,5,Not at intersection,2,100,Local Road
T20230008782,2023/4/14,22:56:00,2,Struck Pedestrian,6,Friday,103,PED PLAYING/LYING/WORKING/STANDING ON CARRIAGEWAY.,3,778391,1,0,1,0,1,2,1,5,Not at intersection,2,80,Arterial Other
T20230008752,2023/4/14,14:39:00,4,Collision with a fixed object,5,Friday,173,RIGHT OFF CARRIAGEWAY INTO OBJECT/PARKED VEHICLE,1,773912,1,0,0,1,0,1,1,5,Not at intersection,3,50,Local Road
T20230012087,2023/4/14,16:00:00,1,Collision with vehicle,5,Friday,130,REAR END(VEHICLES IN SAME LANE),1,775594,3,0,0,1,3,4,1,5,Not at intersection,3,60,Arterial Other
T20230008754,2023/4/14,18:00:00,1,Collision with vehicle,5,Friday,110,CROSS TRAFFIC(INTERSECTIONS ONLY),2,768058,2,0,0,1,3,4,1,1,Cross intersection,3,100,Local Road
T20230008781,2023/4/14,3:00:00,4,Collision with a fixed object,5,Friday,171,LEFT OFF CARRIAGEWAY INTO OBJECT/PARKED VEHICLE,3,773560,1,0,0,1,0,1,1,2,T intersection,3,60,Arterial Other
T20230008757,2023/4/14,17:54:00,1,Collision with vehicle,6,Friday,110,CROSS TRAFFIC(INTERSECTIONS ONLY),3,389,2,0,1,0,1,2,1,1,Cross intersection,2,60,Arterial Other
T20230008758,2023/4/14,18:25:00,1,Collision with vehicle,6,Friday,121,RIGHT THROUGH,5,61825,2,0,1,0,1,2,1,2,T intersection,2,60,Local Road
T20230008759,2023/4/14,18:00:00,1,Collision with vehicle,5,Friday,139,OTHER SAME DIRECTION-MANOUEVRES NOT INCLUDED IN DCAs 130-137,2,39980,2,0,0,1,1,2,2,2,T intersection,3,50,Local Road
T20230008763,2023/4/14,15:52:00,1,Collision with vehicle,5,Friday,130,REAR END(VEHICLES IN SAME LANE),1,777690,4,0,0,1,4,5,1,5,Not at intersection,3,70,Arterial Highway
T20230008749,2023/4/14,12:56:00,8,No collision and no object struck,6,Friday,174,OUT OF CONTROL ON CARRIAGEWAY (ON STRAIGHT),1,768414,1,0,1,0,0,1,1,5,Not at intersection,2,100,Local Road
T20230008693,2023/4/14,0:20:00,4,Collision with a fixed object,5,Friday,171,LEFT OFF CARRIAGEWAY INTO OBJECT/PARKED VEHICLE,3,774461,1,0,0,2,0,2,1,5,Not at intersection,3,60,Arterial Highway
T20230008772,2023/4/14,21:30:00,2,Struck Pedestrian,5,Friday,104,PED WALKING WITH TRAFFIC,5,787984,1,0,0,1,1,2,1,5,Not at intersection,3,100,Freeway
T20230008727,2023/4/14,11:33:00,1,Collision with vehicle,5,Friday,121,RIGHT THROUGH,1,40443,2,0,0,1,1,2,1,4,Multiple intersection,3,60,Arterial Other
T20230008774,2023/4/14,17:14:00,4,Collision with a fixed object,6,Friday,171,LEFT OFF CARRIAGEWAY INTO OBJECT/PARKED VEHICLE,1,770592,1,0,1,0,0,1,1,5,Not at intersection,2,60,Freeway
T20230008777,2023/4/14,23:15:00,9,Other accident,6,Friday,103,PED PLAYING/LYING/WORKING/STANDING ON CARRIAGEWAY.,3,768060,1,0,1,0,0,1,1,5,Not at intersection,2,50,Local Road
T20230008737,2023/4/14,14:30:00,1,Collision with vehicle,5,Friday,133,LANE SIDE SWIPE (VEHICLES IN PARALLEL LANES),1,99283,2,0,0,1,1,2,1,5,Not at intersection,3,60,Arterial Other
T20230008734,2023/4/14,6:56:00,1,Collision with vehicle,6,Friday,113,RIGHT NEAR (INTERSECTIONS ONLY),2,11603,2,0,0,1,1,2,1,1,Cross intersection,3,60,Freeway
T20230008751,2023/4/14,17:15:00,1,Collision with vehicle,5,Friday,110,CROSS TRAFFIC(INTERSECTIONS ONLY),1,29806,2,0,0,1,1,2,2,1,Cross intersection,3,50,Local Road
T20230009624,2023/4/14,14:30:00,6,Vehicle overturned (no collision),6,Friday,184,OUT OF CONTROL ON CARRIAGEWAY (ON BEND),9,771455,1,0,1,0,0,1,2,2,T intersection,2,999,Arterial Other
T20230010222,2023/4/14,11:30:00,1,Collision with vehicle,5,Friday,130,REAR END(VEHICLES IN SAME LANE),9,244136,2,0,0,1,1,2,2,1,Cross intersection,3,999,Arterial Highway
T20230008765,2023/4/14,14:56:00,1,Collision with vehicle,5,Friday,130,REAR END(VEHICLES IN SAME LANE),1,768793,3,0,0,1,8,9,1,5,Not at intersection,3,60,Local Road
T20230008819,2023/4/15,12:56:00,8,No collision and no object struck,7,Saturday,184,OUT OF CONTROL ON CARRIAGEWAY (ON BEND),1,769304,1,0,1,0,0,1,1,5,Not at intersection,2,60,Arterial Other
T20230008822,2023/4/15,14:31:00,6,Vehicle overturned (no collision),7,Saturday,170,OFF CARRIAGEWAY TO LEFT,1,769441,1,0,1,0,0,1,1,5,Not at intersection,2,100,Arterial Other
T20230008827,2023/4/15,15:05:00,1,Collision with vehicle,7,Saturday,113,RIGHT NEAR (INTERSECTIONS ONLY),1,57411,2,0,1,2,2,5,1,1,Cross intersection,2,60,Arterial Highway
T20230008953,2023/4/15,19:55:00,1,Collision with vehicle,6,Saturday,121,RIGHT THROUGH,3,224568,2,0,0,1,3,4,1,1,Cross intersection,3,50,Arterial Highway
T20230008830,2023/4/15,15:15:00,1,Collision with vehicle,7,Saturday,135,LANE CHANGE LEFT (NOT OVERTAKING),1,773663,2,0,1,0,1,2,1,5,Not at intersection,2,80,Arterial Other
T20230008832,2023/4/15,16:55:00,1,Collision with vehicle,6,Saturday,134,LANE CHANGE RIGHT (NOT OVERTAKING),1,768540,3,0,0,1,2,3,1,5,Not at intersection,3,60,Arterial Highway
T20230009537,2023/4/15,12:30:00,1,Collision with vehicle,7,Saturday,130,REAR END(VEHICLES IN SAME LANE),1,777629,2,0,0,1,1,2,2,5,Not at intersection,3,70,Local Road
T20230008833,2023/4/15,16:19:00,4,Collision with a fixed object,6,Saturday,181,OFF RIGHT BEND INTO OBJECT/PARKED VEHICLE,1,788035,1,0,0,2,0,2,1,5,Not at intersection,3,80,