ACCIDENT_NO,ACCIDENT_DATE,ACCIDENT_TIME,ACCIDENT_TYPE,ACCIDENT_TYPE_DESC,DAY_OF_WEEK,DAY_WEEK_DESC,DCA_CODE,DCA_DESC,LIGHT_CONDITION,NODE_ID,NO_OF_VEHICLES,NO_PERSONS_KILLED,NO_PERSONS_INJ_2,NO_PERSONS_INJ_3,NO_PERSONS_NOT_INJ,NO_PERSONS,POLICE_ATTEND,ROAD_GEOMETRY,ROAD_GEOMETRY_DESC,SEVERITY,SPEED_ZONE,RMA
T20230008968,2023/4/15,13:45:00,1,Collision with vehicle,6,Saturday,121,RIGHT THROUGH,1,771447,2,0,0,1,2,3,1,5,Not at intersection,3,60,Arterial Other
T20230008857,2023/4/15,22:28:00,1,Collision with vehicle,6,Saturday,121,RIGHT THROUGH,3,45642,2,0,0,1,1,2,1,2,T intersection,3,60,Arterial Other
T20230008844,2023/4/15,19:45:00,2,Struck Pedestrian,7,Saturday,102,FAR SIDE. PED HIT BY VEHICLE FROM THE LEFT,3,57553,1,0,1,0,2,3,1,2,T intersection,2,70,Arterial Highway
T20230008875,2023/4/15,18:30:00,1,Collision with vehicle,6,Saturday,130,REAR END(VEHICLES IN SAME LANE),3,768280,2,0,0,1,2,3,2,5,Not at intersection,3,60,Arterial Highway
T20230009316,2023/4/15,12:10:00,1,Collision with vehicle,6,Saturday,110,CROSS TRAFFIC(INTERSECTIONS ONLY),1,51724,2,0,0,1,2,3,1,1,Cross intersection,3,50,Local Road
T20230008863,2023/4/15,22:25:00,4,Collision with a fixed object,7,Saturday,171,LEFT OFF CARRIAGEWAY INTO OBJECT/PARKED VEHICLE,3,774900,1,0,1,0,0,1,1,5,Not at intersection,2,60,Arterial Other
T20230008860,2023/4/15,23:54:00,4,Collision with a fixed object,6,Saturday,171,LEFT OFF CARRIAGEWAY INTO OBJECT/PARKED VEHICLE,5,768278,1,0,0,1,0,1,1,5,Not at intersection,3,100,Arterial Other
T20230008859,2023/4/15,23:38:00,3,Struck animal,6,Saturday,167,STRUCK ANIMAL,5,773644,1,0,0,2,0,2,1,5,Not at intersection,3,100,Arterial Other
T20230008855,2023/4/15,22:10:00,2,Struck Pedestrian,6,Saturday,102,FAR SIDE. PED HIT BY VEHICLE FROM THE LEFT,6,35319,1,0,0,1,1,2,1,1,Cross intersection,3,999,Arterial Other
T20230008853,2023/4/15,22:42:00,1,Collision with vehicle,7,Saturday,130,REAR END(VEHICLES IN SAME LANE),3,39932,2,0,0,3,1,4,1,1,Cross intersection,3,70,Arterial Other
T20230016866,2023/4/15,8:00:00,1,Collision with vehicle,6,Saturday,130,REAR END(VEHICLES IN SAME LANE),1,327298,2,0,0,1,2,3,2,5,Not at intersection,3,40,Local Road
T20230008851,2023/4/15,20:11:00,1,Collision with vehicle,7,Saturday,169,OTHER ON PATH,3,771446,2,0,1,0,0,1,1,5,Not at intersection,2,50,Local Road
T20230008846,2023/4/15,18:30:00,4,Collision with a fixed object,7,Saturday,173,RIGHT OFF CARRIAGEWAY INTO OBJECT/PARKED VEHICLE,5,308178,1,0,1,0,0,1,1,5,Not at intersection,2,100,Arterial Other
T20230008842,2023/4/15,18:45:00,1,Collision with vehicle,6,Saturday,110,CROSS TRAFFIC(INTERSECTIONS ONLY),3,46872,2,0,0,1,3,4,1,1,Cross intersection,3,50,Local Road
T20230008841,2023/4/15,19:35:00,1,Collision with vehicle,6,Saturday,110,CROSS TRAFFIC(INTERSECTIONS ONLY),3,41182,3,0,0,2,1,3,1,1,Cross intersection,3,50,Arterial Other
T20230008839,2023/4/15,18:13:00,1,Collision with vehicle,6,Saturday,121,RIGHT THROUGH,3,768277,2,0,0,1,2,3,1,2,T intersection,3,80,Local Road
T20230008838,2023/4/15,18:36:00,4,Collision with a fixed object,6,Saturday,171,LEFT OFF CARRIAGEWAY INTO OBJECT/PARKED VEHICLE,3,772856,1,0,0,1,0,1,1,5,Not at intersection,3,70,Local Road
T20230008837,2023/4/15,15:00:00,6,Vehicle overturned (no collision),6,Saturday,175,OFF END OF ROAD/T-INTERSECTION.,1,787998,1,0,0,1,0,1,1,2,T intersection,3,100,Arterial Other
T20230008835,2023/4/15,18:30:00,2,Struck Pedestrian,6,Saturday,103,PED PLAYING/LYING/WORKING/STANDING ON CARRIAGEWAY.,3,770830,1,0,0,1,1,2,1,2,T intersection,3,40,Local Road
T20230009719,2023/4/15,9:50:00,8,No collision and no object struck,7,Saturday,184,OUT OF CONTROL ON CARRIAGEWAY (ON BEND),1,770712,1,0,0,1,0,1,2,5,Not at intersection,3,999,Local Road
T20230009940,2023/4/15,11:21:00,1,Collision with vehicle,7,Saturday,121,RIGHT THROUGH,1,73704,2,0,1,0,1,2,1,2,T intersection,2,50,Local Road
T20230008783,2023/4/15,1:17:00,2,Struck Pedestrian,6,Saturday,100,PED NEAR SIDE. PED HIT BY VEHICLE FROM THE RIGHT.,3,771218,1,0,0,1,3,4,1,5,Not at intersection,3,40,Local Road
T20230012175,2023/4/15,16:00:00,6,Vehicle overturned (no collision),6,Saturday,174,OUT OF CONTROL ON CARRIAGEWAY (ON STRAIGHT),9,43336,1,0,0,1,0,1,2,2,T intersection,3,60,Arterial Other
T20230008787,2023/4/15,0:06:00,1,Collision with vehicle,6,Saturday,121,RIGHT THROUGH,3,36408,2,0,0,1,1,2,1,1,Cross intersection,3,60,Arterial Other
T20230008790,2023/4/15,9:05:00,1,Collision with vehicle,6,Saturday,136,RIGHT TURN SIDESWIPE,1,226619,2,0,0,1,2,3,1,1,Cross intersection,3,60,Arterial Highway
T20230010624,2023/4/15,21:07:00,1,Collision with vehicle,6,Saturday,113,RIGHT NEAR (INTERSECTIONS ONLY),3,43695,2,0,0,1,2,3,1,1,Cross intersection,3,60,Arterial Other
T20230008793,2023/4/15,9:40:00,8,No collision and no object struck,6,Saturday,174,OUT OF CONTROL ON CARRIAGEWAY (ON STRAIGHT),1,768275,1,0,0,1,0,1,1,5,Not at intersection,3,80,Arterial Other
T20230010672,2023/4/15,9:00:00,6,Vehicle overturned (no collision),7,Saturday,184,OUT OF CONTROL ON CARRIAGEWAY (ON BEND),1,773648,1,0,0,1,0,1,2,5,Not at intersection,3,50,Local Road
T20230008794,2023/4/15,9:00:00,1,Collision with vehicle,6,Saturday,130,REAR END(VEHICLES IN SAME LANE),1,768061,3,0,0,1,2,3,1,5,Not at intersection,3,60,Arterial Highway
T20230008799,2023/4/15,10:35:00,6,Vehicle overturned (no collision),6,Saturday,174,OUT OF CONTROL ON CARRIAGEWAY (ON STRAIGHT),1,769042,1,0,0,1,0,1,1,5,Not at intersection,3,100,Arterial Highway
T20230008801,2023/4/15,8:05:00,1,Collision with vehicle,7,Saturday,130,REAR END(VEHICLES IN SAME LANE),1,768794,2,0,0,1,1,2,1,5,Not at intersection,3,110,Freeway
T20230008779,2023/4/15,0:55:00,8,No collision and no object struck,6,Saturday,174,OUT OF CONTROL ON CARRIAGEWAY (ON STRAIGHT),3,66765,1,0,0,1,0,1,1,2,T intersection,3,40,Arterial Other
T20230012252,2023/4/15,22:45:00,1,Collision with vehicle,7,Saturday,135,LANE CHANGE LEFT (NOT OVERTAKING),5,775268,2,0,0,1,1,2,2,5,Not at intersection,3,110,Freeway
T20230008807,2023/4/15,12:50:00,2,Struck Pedestrian,6,Saturday,107,PED ON FOOTHPATH STRUCK BY VEHENTERING/LEAVING DRIVEWAY.,1,787999,1,0,0,1,1,2,1,5,Not at intersection,3,50,Local Road
T20230008808,2023/4/15,13:39:00,1,Collision with vehicle,6,Saturday,137,LEFT TURN SIDESWIPE,1,35315,2,0,0,1,1,2,1,1,Cross intersection,3,60,Arterial Highway
T20230010221,2023/4/15,16:10:00,5,collision with some other object,6,Saturday,166,STRUCK OBJECT ON CARRIAGEWAY,2,775613,1,0,0,1,1,2,2,5,Not at intersection,3,40,Local Road
T20230008814,2023/4/15,13:10:00,1,Collision with vehicle,6,Saturday,116,LEFT NEAR (INTERSECTIONS ONLY),1,49800,2,0,0,1,1,2,1,1,Cross intersection,3,60,Arterial Other
T20230008817,2023/4/15,14:10:00,1,Collision with vehicle,6,Saturday,148,VEHICLE OFF FOOTPATH STRIKES VEH ON CARRIAGEWAY,1,15435,2,0,0,1,1,2,1,1,Cross intersection,3,60,Arterial Highway
T20230009167,2023/4/16,10:20:00,1,Collision with vehicle,0,Sunday,130,REAR END(VEHICLES IN SAME LANE),1,770003,2,0,0,1,1,2,1,5,Not at intersection,3,80,Freeway
T20230009180,2023/4/16,16:30:00,1,Collision with vehicle,0,Sunday,130,REAR END(VEHICLES IN SAME LANE),1,777614,2,0,0,2,1,3,2,5,Not at intersection,3,60,Arterial Other
T20230008864,2023/4/16,3:15:00,2,Struck Pedestrian,0,Sunday,100,PED NEAR SIDE. PED HIT BY VEHICLE FROM THE RIGHT.,3,768279,1,0,0,1,1,2,1,1,Cross intersection,3,40,Local Road
T20230008867,2023/4/16,1:48:00,1,Collision with vehicle,0,Sunday,110,CROSS TRAFFIC(INTERSECTIONS ONLY),3,29542,2,0,0,2,0,2,1,1,Cross intersection,3,60,Arterial Other
T20230008871,2023/4/16,5:27:00,1,Collision with vehicle,0,Sunday,154,PULLING OUT -REAR END,5,788211,2,0,0,1,1,2,1,5,Not at intersection,3,100,Arterial Other
T20230008899,2023/4/16,14:00:00,4,Collision with a fixed object,0,Sunday,181,OFF RIGHT BEND INTO OBJECT/PARKED VEHICLE,1,775841,1,0,0,1,0,1,1,5,Not at intersection,3,80,Arterial Other
T20230010803,2023/4/16,0:40:00,4,Collision with a fixed object,0,Sunday,171,LEFT OFF CARRIAGEWAY INTO OBJECT/PARKED VEHICLE,3,773736,1,0,0,1,1,2,1,5,Not at intersection,3,60,Local Road
T20230008879,2023/4/16,6:30:00,1,Collision with vehicle,0,Sunday,160,VEHICLE COLLIDES WITH VEHICLE PARKED ON LEFT OF ROAD,1,768281,3,0,0,1,0,1,1,5,Not at intersection,3,50,Local Road
T20230008880,2023/4/16,11:37:00,1,Collision with vehicle,0,Sunday,121,RIGHT THROUGH,1,654413,3,0,0,2,1,3,1,1,Cross intersection,3,70,Arterial Other
T20230008885,2023/4/16,11:01:00,1,Collision with vehicle,1,Sunday,120,HEAD ON (NOT OVERTAKING),1,775403,3,0,0,1,4,5,1,5,Not at intersection,3,60,Local Road
T20230008929,2023/4/16,22:00:00,1,Collision with vehicle,1,Sunday,131,LEFT REAR,3,744922,2,0,0,2,2,4,1,2,T intersection,3,80,Arterial Other
T20230008888,2023/4/16,10:45:00,1,Collision with vehicle,1,Sunday,169,OTHER ON PATH,1,775691,2,0,0,1,0,1,1,5,Not at intersection,3,50,Local Road
T20230008889,2023/4/16,13:05:00,1,Collision with vehicle,1,Sunday,121,RIGHT THROUGH,1,324391,2,0,1,0,1,2,1,1,Cross intersection,2,60,Arterial Other
T20230013113,2023/4/16,13:34:00,1,Collision with vehicle,0,Sunday,130,REAR END(VEHICLES IN SAME LANE),9,775661,2,0,0,1,1,2,2,1,Cross intersection,3,50,Local Road
T20230008898,2023/4/16,15:39:00,1,Collision with vehicle,0,Sunday,135,LANE CHANGE LEFT (NOT OVERTAKING),1,788224,2,0,0,2,1,3,1,5,Not at intersection,3,110,
T20230009216,2023/4/16,22:00:00,1,Collision with vehicle,0,Sunday,130,REAR END(VEHICLES IN SAME LANE),3,780430,3,0,0,1,2,3,2,5,Not at intersection,3,70,Arterial Highway
T20230008959,2023/4/16,13:00:00,8,No collision and no object struck,1,Sunday,174,OUT OF CONTROL ON CARRIAGEWAY (ON STRAIGHT),1,768545,1,0,0,1,0,1,2,5,Not at intersection,3,999,Local Road
T20230009366,2023/4/16,12:03:00,1,Collision with vehicle,0,Sunday,130,REAR END(VEHICLES IN SAME LANE),1,773699,2,0,1,0,3,4,2,5,Not at intersection,2,80,Freeway
T20230009140,2023/4/16,3:09:00,4,Collision with a fixed object,0,Sunday,171,LEFT OFF CARRIAGEWAY INTO OBJECT/PARKED VEHICLE,9,771812,1,0,0,1,0,1,1,5,Not at intersection,3,50,Local Road
T20230008935,2023/4/16,23:35:00,1,Collision with vehicle,0,Sunday,121,RIGHT THROUGH,3,218,2,0,0,1,1,2,1,1,Cross intersection,3,80,Arterial Other
T20230008934,2023/4/16,0:10:00,4,Collision with a fixed object,1,Sunday,171,LEFT OFF CARRIAGEWAY INTO OBJECT/PARKED VEHICLE,5,769764,1,0,2,0,0,2,1,5,Not at intersection,2,100,Local Road
T20230008932,2023/4/16,20:40:00,4,Collision with a fixed object,0,Sunday,181,OFF RIGHT BEND INTO OBJECT/PARKED VEHICLE,5,774500,1,0,0,1,0,1,1,5,Not at intersection,3,100,Arterial Other
T20230008930,2023/4/16,20:50:00,4,Collision with a fixed object,1,Sunday,173,RIGHT OFF CARRIAGEWAY INTO OBJECT/PARKED VEHICLE,3,768168,1,1,0,0,0,1,1,2,T intersection,1,60,Arterial Other
T20230008924,2023/4/16,20:36:00,2,Struck Pedestrian,1,Sunday,102,FAR SIDE. PED HIT BY VEHICLE FROM THE LEFT,3,770967,1,0,0,1,1,2,1,2,T intersection,3,60,Local Road
T20230008919,2023/4/16,16:40:00,4,Collision with a fixed object,1,Sunday,173,RIGHT OFF CARRIAGEWAY INTO OBJECT/PARKED VEHICLE,1,781580,1,0,0,1,0,1,1,2,T intersection,3,70,Arterial Other
T20230009486,2023/4/16,12:30:00,1,Collision with vehicle,0,Sunday,110,CROSS TRAFFIC(INTERSECTIONS ONLY),1,770468,2,0,0,1,3,4,1,1,Cross intersection,3,70,Arterial Other
T20230008918,2023/4/16,18:40:00,1,Collision with vehicle,0,Sunday,130,REAR END(VEHICLES IN SAME LANE),3,780054,3,0,0,1,2,3,1,5,Not at intersection,3,70,Arterial Highway
T20230008915,2023/4/16,18:36:00,1,Collision with vehicle,0,Sunday,122,LEFT THROUGH,3,89,2,0,0,1,1,2,1,1,Cross intersection,3,40,Local Road
T20230009911,2023/4/16,21:00:00,2,Struck Pedestrian,1,Sunday,100,PED NEAR SIDE. PED HIT BY VEHICLE FROM THE RIGHT.,3,776115,1,0,1,0,1,2,2,5,Not at intersection,2,60,Local Road
T20230008914,2023/4/16,14:30:00,6,Vehicle overturned (no collision),0,Sunday,180,OFF CARRIAGEWAY ON RIGHT BEND,1,788212,1,0,0,1,0,1,1,5,Not at intersection,3,80,Local Road
T20230008912,2023/4/16,8:54:00,1,Collision with vehicle,1,Sunday,130,REAR END(VEHICLES IN SAME LANE),1,775593,3,0,0,1,2,3,1,5,Not at intersection,3,60,Local Road
T20230013618,2023/4/16,5:30:00,1,Collision with vehicle,1,Sunday,160,VEHICLE COLLIDES WITH VEHICLE PARKED ON LEFT OF ROAD,6,785348,2,0,0,2,0,2,2,5,Not at intersection,3,60,Local Road
T20230008910,2023/4/16,18:23:00,2,Struck Pedestrian,1,Sunday,102,FAR SIDE. PED HIT BY VEHICLE FROM THE LEFT,3,775453,1,0,1,0,2,3,1,1,Cross intersection,2,50,Arterial Other
T20230008900,2023/4/16,3:19:00,4,Collision with a fixed object,0,Sunday,173,RIGHT OFF CARRIAGEWAY INTO OBJECT/PARKED VEHICLE,3,38588,1,0,1,0,0,1,1,2,T intersection,2,80,Arterial Highway
T20230008947,2023/4/17,10:11:00,4,Collision with a fixed object,1,Monday,171,LEFT OFF CARRIAGEWAY INTO OBJECT/PARKED VEHICLE,1,795887,1,0,1,0,0,1,1,5,Not at intersection,2,60,Arterial Highway
T20230008946,2023/4/17,8:39:00,1,Collision with vehicle,2,Monday,120,HEAD ON (NOT OVERTAKING),1,776235,3,0,2,0,1,3,1,5,Not at intersection,2,60,Arterial Other
T20230008943,2023/4/17,7:25:00,2,Struck Pedestrian,2,Monday,100,PED NEAR SIDE. PED HIT BY VEHICLE FROM THE RIGHT.,1,771819,1,0,1,0,1,2,1,5,Not at intersection,2,40,Arterial Other
T20230008942,2023/4/17,7:10:00,1,Collision with vehicle,2,Monday,130,REAR END(VEHICLES IN SAME LANE),1,768544,2,0,1,0,1,2,1,5,Not at intersection,2,110,Freeway
T20230008940,2023/4/17,9:40:00,2,Struck Pedestrian,1,Monday,108,PED STRUCK WALKING TO/FROM OR BOARDING/ALIGHTING VEHICLE.,1,768543,1,0,1,0,1,2,1,1,Cross intersection,2,40,Arterial Other
T20230008938,2023/4/17,6:45:00,1,Collision with vehicle,1,Monday,121,RIGHT THROUGH,1,35514,2,0,0,1,1,2,1,1,Cross intersection,3,60,Arterial Other
T20230009109,2023/4/17,19:45:00,1,Collision with vehicle,1,Monday,110,CROSS TRAFFIC(INTERSECTIONS ONLY),2,769308,2,0,0,1,1,2,2,1,Cross intersection,3,999,Local Road
T20230012304,2023/4/17,8:00:00,4,Collision with a fixed object,1,Monday,171,LEFT OFF CARRIAGEWAY INTO OBJECT/PARKED VEHICLE,1,775614,1,0,0,1,0,1,1,5,Not at intersection,3,100,Arterial Highway
T20230009064,2023/4/17,13:18:00,1,Collision with vehicle,2,Monday,121,RIGHT THROUGH,1,40653,2,0,1,0,1,2,1,1,Cross intersection,2,60,Arterial Other
T20230011582,2023/4/17,16:00:00,1,Collision with vehicle,1,Monday,147,VEHICLE STRIKES ANOTHER VEH WHILE EMERGING FROM DRIVEWAY,1,139642,2,0,0,1,1,2,2,5,Not at intersection,3,80,Local Road
T20230016410,2023/4/17,15:19:00,6,Vehicle overturned (no collision),1,Monday,182,OFF CARRIAGEWAY ON LEFT BEND,1,783814,1,0,0,2,0,2,2,5,Not at intersection,3,100,Local Road
T20230009082,2023/4/17,8:55:00,1,Collision with vehicle,2,Monday,130,REAR END(VEHICLES IN SAME LANE),1,777609,2,0,0,2,2,4,2,5,Not at intersection,3,999,Arterial Other
T20230009268,2023/4/17,8:50:00,1,Collision with vehicle,1,Monday,130,REAR END(VEHICLES IN SAME LANE),1,775455,2,0,0,1,1,2,2,2,T intersection,3,40,Arterial Other
T20230009211,2023/4/17,10:15:00,3,Struck animal,1,Monday,167,STRUCK ANIMAL,1,773564,1,0,0,1,0,1,2,5,Not at intersection,3,888,Local Road
T20230008971,2023/4/17,14:15:00,1,Collision with vehicle,1,Monday,130,REAR END(VEHICLES IN SAME LANE),1,768795,3,0,0,1,2,3,1,5,Not at intersection,3,60,Arterial Other
T20230008972,2023/4/17,15:15:00,2,Struck Pedestrian,1,Monday,109,ANY MANOEUVRE INVOLVING PED NOT INCLUDED IN DCAs 100-108.,1,768797,1,0,1,0,1,2,1,5,Not at intersection,2,40,Local Road
T20230008973,2023/4/17,13:50:00,6,Vehicle overturned (no collision),1,Monday,174,OUT OF CONTROL ON CARRIAGEWAY (ON STRAIGHT),1,768798,1,0,0,1,0,1,2,5,Not at intersection,3,50,Local Road
T20230008978,2023/4/17,16:51:00,1,Collision with vehicle,1,Monday,130,REAR END(VEHICLES IN SAME LANE),1,769045,3,0,0,2,1,3,2,5,Not at intersection,3,100,Freeway
T20230008986,2023/4/17,18:28:00,1,Collision with vehicle,2,Monday,111,RIGHT FAR (INTERSECTIONS ONLY),2,44217,2,0,2,0,6,8,1,1,Cross intersection,2,50,Local Road
T20230008995,2023/4/17,18:35:00,6,Vehicle overturned (no collision),2,Monday,174,OUT OF CONTROL ON CARRIAGEWAY (ON STRAIGHT),5,776509,1,0,1,0,0,1,1,5,Not at intersection,2,60,Local Road
T20230008998,2023/4/17,5:45:00,1,Collision with vehicle,2,Monday,110,CROSS TRAFFIC(INTERSECTIONS ONLY),3,768669,2,0,1,0,1,2,1,1,Cross intersection,2,50,Local Road
T20230009001,2023/4/17,19:26:00,4,Collision with a fixed object,1,Monday,183,OFF LEFT BEND INTO OBJECT/PARKED VEHICLE,2,783813,1,0,0,1,1,2,1,5,Not at intersection,3,999,Local Road
T20230009002,2023/4/17,21:30:00,1,Collision with vehicle,2,Monday,130,REAR END(VEHICLES IN SAME LANE),3,29390,2,0,1,0,1,2,1,2,T intersection,2,999,Local Road
T20230009010,2023/4/17,14:00:00,1,Collision with vehicle,2,Monday,121,RIGHT THROUGH,1,34899,2,0,1,1,0,2,1,2,T intersection,2,80,Arterial Other
T20230009015,2023/4/17,15:55:00,1,Collision with vehicle,1,Monday,140,U TURN,1,788248,2,0,0,2,1,3,1,5,Not at intersection,3,60,
T20230009023,2023/4/17,23:40:00,4,Collision with a fixed object,2,Monday,173,RIGHT OFF CARRIAGEWAY INTO OBJECT/PARKED VEHICLE,5,770113,1,0,1,0,0,1,2,5,Not at intersection,2,100,Local Road
T20230009123,2023/4/17,19:00:00,1,Collision with vehicle,1,Monday,113,RIGHT NEAR (INTERSECTIONS ONLY),3,60785,2,0,0,1,1,2,1,2,T intersection,3,60,Arterial Other
T20230008954,2023/4/17,9:37:00,1,Collision with vehicle,1,Monday,134,LANE CHANGE RIGHT (NOT OVERTAKING),1,769044,2,0,0,1,1,2,1,5,Not at intersection,3,50,Local Road
T20230009024,2023/4/18,6:49:00,6,Vehicle overturned (no collision),2,Tuesday,172,OFF CARRIAGEWAY TO RIGHT,2,777205,1,0,0,2,0,2,1,5,Not at intersection,3,100,Arterial Highway
T20230010109,2023/4/18,8:15:00,1,Collision with vehicle,2,Tuesday,130,REAR END(VEHICLES IN SAME LANE),1,278928,3,0,0,1,2,3,2,5,Not at intersection,3,60,Freeway
T20230009114,2023/4/18,19:39:00,1,Collision with vehicle,3,Tuesday,121,RIGHT THROUGH,5,773914,2,0,0,2,0,2,1,2,T intersection,3,80,Arterial Highway
T20230011271,2023/4/18,15:30:00,1,Collision with vehicle,2,Tuesday,130,REAR END(VEHICLES IN SAME LANE),1,774350,2,0,0,1,1,2,2,5,Not at intersection,3,100,Freeway
T20230009868,2023/4/18,18:45:00,1,Collision with vehicle,3,Tuesday,130,REAR END(VEHICLES IN SAME LANE),3,775591,2,0,0,1,1,2,2,1,Cross intersection,3,80,Arterial Other
T20230009872,2023/4/18,12:30:00,2,Struck Pedestrian,2,Tuesday,107,PED ON FOOTHPATH STRUCK BY VEHENTERING/LEAVING DRIVEWAY.,1,254741,1,0,1,0,1,2,2,5,Not at intersection,2,60,Local Road
T20230009046,2023/4/18,8:10:00,1,Collision with vehicle,2,Tuesday,147,VEHICLE STRIKES ANOTHER VEH WHILE EMERGING FROM DRIVEWAY,1,774151,2,0,0,1,1,2,2,5,Not at intersection,3,50,Local Road
T20230009088,2023/4/18,17:42:00,1,Collision with vehicle,2,Tuesday,110,CROSS TRAFFIC(INTERSECTIONS ONLY),2,37747,2,0,1,0,1,2,1,1,Cross intersection,2,60,Arterial Other
T20230009040,2023/4/18,7:15:00,4,Collision with a fixed object,3,Tuesday,173,RIGHT OFF CARRIAGEWAY INTO OBJECT/PARKED VEHICLE,1,315985,1,0,1,0,0,1,1,1,Cross intersection,2,60,Local Road
T20230010990,2023/4/18,18:36:00,1,Collision with vehicle,2,Tuesday,121,RIGHT THROUGH,3,774430,2,0,0,1,1,2,1,2,T intersection,3,60,Arterial Highway
T20230009038,2023/4/18,11:30:00,1,Collision with vehicle,3,Tuesday,160,VEHICLE COLLIDES WITH VEHICLE PARKED ON LEFT OF ROAD,1,770115,2,0,1,0,0,1,1,5,Not at intersection,2,60,Arterial Other
T20230009068,2023/4/18,16:00:00,6,Vehicle overturned (no collision),2,Tuesday,174,OUT OF CONTROL ON CARRIAGEWAY (ON STRAIGHT),1,91,1,0,1,0,0,1,1,2,T intersection,2,40,Local Road
T20230009093,2023/4/18,21:50:00,4,Collision with a fixed object,2,Tuesday,171,LEFT OFF CARRIAGEWAY INTO OBJECT/PARKED VEHICLE,5,772609,1,0,1,0,0,1,1,5,Not at intersection,2,60,Arterial Other
T20230009033,2023/4/18,9:56:00,1,Collision with vehicle,3,Tuesday,120,HEAD ON (NOT OVERTAKING),1,771449,2,0,0,2,0,2,1,1,Cross intersection,3,60,Arterial Other
T20230009079,2023/4/18,19:10:00,1,Collision with vehicle,3,Tuesday,121,RIGHT THROUGH,3,773839,2,0,1,0,1,2,1,1,Cross intersection,2,50,Local Road
T20230011116,2023/4/18,15:18:00,1,Collision with vehicle,3,Tuesday,130,REAR END(VEHICLES IN SAME LANE),1,783422,2,0,0,1,1,2,2,5,Not at intersection,3,40,Arterial Other
T20230009070,2023/4/18,17:40:00,1,Collision with vehicle,3,Tuesday,111,RIGHT FAR (INTERSECTIONS ONLY),1,53374,2,0,1,0,4,5,1,1,Cross intersection,2,80,Arterial Highway
T20230009004,2023/4/18,0:45:00,2,Struck Pedestrian,3,Tuesday,100,PED NEAR SIDE. PED HIT BY VEHICLE FROM THE RIGHT.,5,768416,1,1,0,1,0,2,1,5,Not at intersection,1,100,Freeway
T20230009073,2023/4/18,15:20:00,4,Collision with a fixed object,3,Tuesday,173,RIGHT OFF CARRIAGEWAY INTO OBJECT/PARKED VEHICLE,1,776779,1,0,0,1,0,1,2,5,Not at intersection,3,100,Local Road
T20230009076,2023/4/18,18:22:00,1,Collision with vehicle,2,Tuesday,121,RIGHT THROUGH,3,29867,2,0,0,1,1,2,1,1,Cross intersection,3,50,Arterial Highway
T20230014873,2023/4/18,16:15:00,1,Collision with vehicle,3,Tuesday,121,RIGHT THROUGH,1,41106,2,0,0,1,2,3,1,1,Cross intersection,3,999,Arterial Other
T20230009095,2023/4/18,20:45:00,1,Collision with vehicle,3,Tuesday,121,RIGHT THROUGH,3,696854,2,1,0,0,1,2,1,2,T intersection,1,80,Arterial Other
T20230009683,2023/4/18,17:25:00,1,Collision with vehicle,2,Tuesday,130,REAR END(VEHICLES IN SAME LANE),2,49318,2,0,0,1,1,2,2,1,Cross intersection,3,60,Arterial Highway
T20230009589,2023/4/18,11:10:00,2,Struck Pedestrian,3,Tuesday,100,PED NEAR SIDE. PED HIT BY VEHICLE FROM THE RIGHT.,1,791517,1,0,0,1,1,2,2,5,Not at intersection,3,50,Local Road
T20230012877,2023/4/18,19:15:00,8,No collision and no object struck,2,Tuesday,170,OFF CARRIAGEWAY TO LEFT,6,238083,2,0,0,1,1,2,2,5,Not at intersection,3,80,Arterial Highway
T20230009011,2023/4/18,6:00:00,1,Collision with vehicle,2,Tuesday,160,VEHICLE COLLIDES WITH VEHICLE PARKED ON LEFT OF ROAD,1,773698,2,0,1,0,0,1,1,5,Not at intersection,2,50,
T20230009111,2023/4/18,14:00:00,1,Collision with vehicle,2,Tuesday,136,RIGHT TURN SIDESWIPE,1,784044,2,0,0,1,1,2,2,5,Not at intersection,3,999,Arterial Other
T20230009098,2023/4/18,21:45:00,5,collision with some other object,2,Tuesday,166,STRUCK OBJECT ON CARRIAGEWAY,3,775615,1,0,0,1,0,1,1,5,Not at intersection,3,999,Local Road
T20230009096,2023/4/18,23:15:00,6,Vehicle overturned (no collision),3,Tuesday,180,OFF CARRIAGEWAY ON RIGHT BEND,5,776384,1,0,1,0,0,1,1,5,Not at intersection,2,80,Arterial Other
T20230009026,2023/4/18,10:45:00,2,Struck Pedestrian,2,Tuesday,108,PED STRUCK WALKING TO/FROM OR BOARDING/ALIGHTING VEHICLE.,1,788418,1,0,0,1,1,2,1,5,Not at intersection,3,60,Arterial Other
T20230009085,2023/4/18,17:02:00,1,Collision with vehicle,3,Tuesday,110,CROSS TRAFFIC(INTERSECTIONS ONLY),1,52490,2,0,0,1,1,2,1,1,Cross intersection,3,60,Local Road
T20230009027,2023/4/18,10:20:00,1,Collision with vehicle,2,Tuesday,137,LEFT TURN SIDESWIPE,1,788414,2,0,1,0,1,2,1,2,T intersection,2,60,Local Road
T20230012493,2023/4/18,11:55:00,1,Collision with vehicle,2,Tuesday,130,REAR END(VEHICLES IN SAME LANE),1,771230,2,0,0,1,2,3,1,5,Not at intersection,3,70,Arterial Other