ACCIDENT_NO,ACCIDENT_DATE,ACCIDENT_TIME,ACCIDENT_TYPE,ACCIDENT_TYPE_DESC,DAY_OF_WEEK,DAY_WEEK_DESC,DCA_CODE,DCA_DESC,LIGHT_CONDITION,NODE_ID,NO_OF_VEHICLES,NO_PERSONS_KILLED,NO_PERSONS_INJ_2,NO_PERSONS_INJ_3,NO_PERSONS_NOT_INJ,NO_PERSONS,POLICE_ATTEND,ROAD_GEOMETRY,ROAD_GEOMETRY_DESC,SEVERITY,SPEED_ZONE,RMA
T20230009497,2023/4/18,17:20:00,1,Collision with vehicle,2,Tuesday,140,U TURN,1,771453,2,0,0,1,1,2,2,5,Not at intersection,3,60,Arterial Highway
T20230009312,2023/4/18,21:00:00,1,Collision with vehicle,2,Tuesday,163,VEHICLE STRIKES DOOR OF PARKED/STATIONARY VEHICLE,3,791240,2,0,0,1,1,2,2,5,Not at intersection,3,999,Local Road
T20230009185,2023/4/18,9:50:00,4,Collision with a fixed object,2,Tuesday,173,RIGHT OFF CARRIAGEWAY INTO OBJECT/PARKED VEHICLE,1,783582,1,0,1,0,0,1,1,5,Not at intersection,2,100,Freeway
T20230009067,2023/4/18,16:50:00,1,Collision with vehicle,2,Tuesday,121,RIGHT THROUGH,1,610319,2,0,0,1,1,2,1,1,Cross intersection,3,40,Local Road
T20230009077,2023/4/18,16:02:00,4,Collision with a fixed object,3,Tuesday,171,LEFT OFF CARRIAGEWAY INTO OBJECT/PARKED VEHICLE,1,776121,1,1,0,0,0,1,1,5,Not at intersection,1,50,Local Road
T20230010259,2023/4/18,6:00:00,1,Collision with vehicle,2,Tuesday,113,RIGHT NEAR (INTERSECTIONS ONLY),2,788493,2,0,0,1,1,2,1,2,T intersection,3,50,Local Road
T20230009034,2023/4/18,10:40:00,6,Vehicle overturned (no collision),2,Tuesday,174,OUT OF CONTROL ON CARRIAGEWAY (ON STRAIGHT),1,782082,1,0,0,1,1,2,1,5,Not at intersection,3,100,Freeway
T20230009062,2023/4/18,16:10:00,4,Collision with a fixed object,3,Tuesday,171,LEFT OFF CARRIAGEWAY INTO OBJECT/PARKED VEHICLE,1,778028,2,0,1,0,2,3,1,5,Not at intersection,2,80,Arterial Highway
T20230009055,2023/4/18,15:05:00,1,Collision with vehicle,2,Tuesday,160,VEHICLE COLLIDES WITH VEHICLE PARKED ON LEFT OF ROAD,1,770232,2,0,0,1,1,2,1,2,T intersection,3,60,Arterial Other
T20230009599,2023/4/19,16:24:00,1,Collision with vehicle,3,Wednesday,130,REAR END(VEHICLES IN SAME LANE),1,783943,2,0,0,1,1,2,2,5,Not at intersection,3,80,Arterial Other
T20230009143,2023/4/19,15:45:00,4,Collision with a fixed object,4,Wednesday,171,LEFT OFF CARRIAGEWAY INTO OBJECT/PARKED VEHICLE,1,775842,1,0,0,1,0,1,1,5,Not at intersection,3,80,Arterial Other
T20230009170,2023/4/19,9:56:00,4,Collision with a fixed object,3,Wednesday,179,OTHER ACCIDENTS-OFF STRAIGHT NOT INCLUDED IN DCAs 170-175,1,788435,1,0,0,1,0,1,1,5,Not at intersection,3,60,Arterial Other
T20230009138,2023/4/19,17:55:00,2,Struck Pedestrian,3,Wednesday,106,VEH STRIKES PED ON FOOTPATH/MEDIAN/TRAFFIC ISLAND.,1,788437,1,0,0,2,0,2,1,5,Not at intersection,3,888,Local Road
T20230009132,2023/4/19,15:10:00,1,Collision with vehicle,3,Wednesday,113,RIGHT NEAR (INTERSECTIONS ONLY),1,783864,2,0,1,0,1,2,1,4,Multiple intersection,2,80,Arterial Highway
T20230009128,2023/4/19,15:22:00,1,Collision with vehicle,4,Wednesday,121,RIGHT THROUGH,1,769312,2,0,0,1,1,2,1,1,Cross intersection,3,40,Arterial Other
T20230009126,2023/4/19,14:40:00,2,Struck Pedestrian,4,Wednesday,100,PED NEAR SIDE. PED HIT BY VEHICLE FROM THE RIGHT.,1,45547,1,0,0,1,1,2,1,1,Cross intersection,3,50,Arterial Other
T20230013916,2023/4/19,9:00:00,1,Collision with vehicle,4,Wednesday,130,REAR END(VEHICLES IN SAME LANE),1,776140,3,0,0,1,2,3,1,5,Not at intersection,3,80,Freeway
T20230009122,2023/4/19,10:20:00,4,Collision with a fixed object,3,Wednesday,183,OFF LEFT BEND INTO OBJECT/PARKED VEHICLE,1,771945,1,0,0,1,0,1,1,5,Not at intersection,3,80,Arterial Other
T20230009698,2023/4/19,14:00:00,1,Collision with vehicle,3,Wednesday,133,LANE SIDE SWIPE (VEHICLES IN PARALLEL LANES),1,788446,2,0,0,1,1,2,2,1,Cross intersection,3,60,Arterial Other
T20230009121,2023/4/19,9:55:00,1,Collision with vehicle,3,Wednesday,160,VEHICLE COLLIDES WITH VEHICLE PARKED ON LEFT OF ROAD,1,769309,2,0,0,1,0,1,1,5,Not at intersection,3,50,Local Road
T20230009119,2023/4/19,5:55:00,1,Collision with vehicle,3,Wednesday,110,CROSS TRAFFIC(INTERSECTIONS ONLY),3,44327,2,0,0,2,1,3,1,1,Cross intersection,3,70,Arterial Other
T20230009213,2023/4/19,6:35:00,1,Collision with vehicle,3,Wednesday,130,REAR END(VEHICLES IN SAME LANE),2,776313,2,0,0,1,1,2,2,1,Cross intersection,3,80,Arterial Highway
T20230009110,2023/4/19,7:55:00,1,Collision with vehicle,4,Wednesday,113,RIGHT NEAR (INTERSECTIONS ONLY),1,775152,2,0,0,1,1,2,1,2,T intersection,3,70,Arterial Other
T20230009113,2023/4/19,10:15:00,4,Collision with a fixed object,4,Wednesday,171,LEFT OFF CARRIAGEWAY INTO OBJECT/PARKED VEHICLE,1,773760,1,0,1,0,0,1,1,5,Not at intersection,2,100,Arterial Highway
T20230010398,2023/4/19,15:45:00,1,Collision with vehicle,3,Wednesday,147,VEHICLE STRIKES ANOTHER VEH WHILE EMERGING FROM DRIVEWAY,1,779898,2,0,0,1,1,2,2,5,Not at intersection,3,30,Arterial Highway
T20230009193,2023/4/19,20:40:00,1,Collision with vehicle,3,Wednesday,121,RIGHT THROUGH,3,769320,2,0,0,1,3,4,1,5,Not at intersection,3,60,Local Road
T20230009192,2023/4/19,6:50:00,1,Collision with vehicle,3,Wednesday,120,HEAD ON (NOT OVERTAKING),1,783865,2,0,1,1,0,2,1,5,Not at intersection,2,60,Local Road
T20230009803,2023/4/19,18:00:00,1,Collision with vehicle,4,Wednesday,130,REAR END(VEHICLES IN SAME LANE),2,780909,3,0,0,2,2,4,2,5,Not at intersection,3,80,Freeway
T20230010302,2023/4/19,16:00:00,1,Collision with vehicle,3,Wednesday,145,REVERSING IN STREAM OF TRAFFIC,1,788436,2,0,0,1,1,2,2,2,T intersection,3,50,Local Road
T20230009158,2023/4/19,22:15:00,2,Struck Pedestrian,3,Wednesday,102,FAR SIDE. PED HIT BY VEHICLE FROM THE LEFT,6,769052,1,0,1,0,1,2,1,5,Not at intersection,2,60,Arterial Other
T20230009159,2023/4/19,21:15:00,4,Collision with a fixed object,3,Wednesday,173,RIGHT OFF CARRIAGEWAY INTO OBJECT/PARKED VEHICLE,5,769564,1,0,1,0,0,1,1,5,Not at intersection,2,100,Arterial Highway
T20230010445,2023/4/19,15:01:00,1,Collision with vehicle,3,Wednesday,145,REVERSING IN STREAM OF TRAFFIC,1,788427,2,0,0,1,1,2,2,5,Not at intersection,3,40,Arterial Other
T20230009157,2023/4/19,22:15:00,1,Collision with vehicle,3,Wednesday,121,RIGHT THROUGH,3,221437,2,0,0,2,0,2,1,2,T intersection,3,70,Arterial Other
T20230009275,2023/4/19,9:00:00,1,Collision with vehicle,3,Wednesday,163,VEHICLE STRIKES DOOR OF PARKED/STATIONARY VEHICLE,1,777733,2,0,0,1,1,2,2,5,Not at intersection,3,40,Local Road
T20230010746,2023/4/19,12:00:00,4,Collision with a fixed object,3,Wednesday,171,LEFT OFF CARRIAGEWAY INTO OBJECT/PARKED VEHICLE,9,791206,1,0,0,1,0,1,2,5,Not at intersection,3,30,Local Road
T20230009155,2023/4/19,21:38:00,4,Collision with a fixed object,4,Wednesday,151,OUT OF CONTROL (OVERTAKING),3,779311,1,0,1,1,0,2,1,5,Not at intersection,2,100,Freeway
T20230009154,2023/4/19,16:25:00,2,Struck Pedestrian,3,Wednesday,102,FAR SIDE. PED HIT BY VEHICLE FROM THE LEFT,1,36509,1,0,0,1,1,2,1,2,T intersection,3,40,Local Road
T20230009150,2023/4/19,16:20:00,4,Collision with a fixed object,4,Wednesday,173,RIGHT OFF CARRIAGEWAY INTO OBJECT/PARKED VEHICLE,1,775782,1,0,1,2,0,3,1,5,Not at intersection,2,100,Local Road
T20230009149,2023/4/19,16:20:00,2,Struck Pedestrian,3,Wednesday,104,PED WALKING WITH TRAFFIC,1,788429,1,0,0,1,1,2,1,5,Not at intersection,3,40,Local Road
T20230009148,2023/4/19,16:13:00,1,Collision with vehicle,4,Wednesday,160,VEHICLE COLLIDES WITH VEHICLE PARKED ON LEFT OF ROAD,1,780446,2,0,0,1,0,1,1,5,Not at intersection,3,50,Local Road
T20230009147,2023/4/19,18:05:00,1,Collision with vehicle,4,Wednesday,130,REAR END(VEHICLES IN SAME LANE),3,773228,4,0,0,1,6,7,1,5,Not at intersection,3,80,Freeway
T20230009145,2023/4/19,16:25:00,1,Collision with vehicle,4,Wednesday,130,REAR END(VEHICLES IN SAME LANE),1,228531,2,0,0,1,1,2,1,2,T intersection,3,60,Local Road
T20230009265,2023/4/20,20:19:00,1,Collision with vehicle,4,Thursday,130,REAR END(VEHICLES IN SAME LANE),5,770971,4,0,0,1,3,4,1,5,Not at intersection,3,100,Freeway
T20230009240,2023/4/20,20:00:00,1,Collision with vehicle,4,Thursday,121,RIGHT THROUGH,3,70726,3,0,0,2,1,3,1,1,Cross intersection,3,80,Arterial Highway
T20230009241,2023/4/20,15:29:00,1,Collision with vehicle,4,Thursday,121,RIGHT THROUGH,1,48321,2,0,0,3,0,3,1,2,T intersection,3,50,Local Road
T20230009243,2023/4/20,19:20:00,1,Collision with vehicle,4,Thursday,135,LANE CHANGE LEFT (NOT OVERTAKING),3,787925,3,0,1,0,4,5,1,1,Cross intersection,2,80,Arterial Highway
T20230009282,2023/4/20,18:50:00,1,Collision with vehicle,5,Thursday,130,REAR END(VEHICLES IN SAME LANE),3,44402,2,0,0,1,1,2,2,1,Cross intersection,3,80,Arterial Other
T20230009246,2023/4/20,22:28:00,4,Collision with a fixed object,4,Thursday,173,RIGHT OFF CARRIAGEWAY INTO OBJECT/PARKED VEHICLE,5,775844,1,0,0,1,2,3,1,5,Not at intersection,3,80,Local Road
T20230009250,2023/4/20,22:30:00,6,Vehicle overturned (no collision),5,Thursday,182,OFF CARRIAGEWAY ON LEFT BEND,5,781283,1,0,0,1,0,1,1,5,Not at intersection,3,999,Local Road
T20230009700,2023/4/20,8:00:00,4,Collision with a fixed object,4,Thursday,171,LEFT OFF CARRIAGEWAY INTO OBJECT/PARKED VEHICLE,1,773566,1,0,0,1,0,1,2,5,Not at intersection,3,80,Local Road
T20230009256,2023/4/20,6:40:00,1,Collision with vehicle,4,Thursday,116,LEFT NEAR (INTERSECTIONS ONLY),9,43915,2,0,0,1,1,2,2,1,Cross intersection,3,80,Arterial Other
T20230009171,2023/4/20,8:53:00,2,Struck Pedestrian,5,Thursday,100,PED NEAR SIDE. PED HIT BY VEHICLE FROM THE RIGHT.,1,71956,1,0,1,0,1,2,1,2,T intersection,2,50,Local Road
T20230009174,2023/4/20,10:10:00,2,Struck Pedestrian,5,Thursday,100,PED NEAR SIDE. PED HIT BY VEHICLE FROM THE RIGHT.,1,43741,1,0,1,0,2,3,1,1,Cross intersection,2,50,Arterial Other
T20230009177,2023/4/20,8:54:00,1,Collision with vehicle,5,Thursday,110,CROSS TRAFFIC(INTERSECTIONS ONLY),1,48029,2,0,1,0,1,2,1,1,Cross intersection,2,50,Local Road
T20230009179,2023/4/20,10:35:00,1,Collision with vehicle,4,Thursday,130,REAR END(VEHICLES IN SAME LANE),1,774117,2,0,0,1,1,2,1,5,Not at intersection,3,80,Arterial Highway
T20230009718,2023/4/20,12:05:00,1,Collision with vehicle,5,Thursday,130,REAR END(VEHICLES IN SAME LANE),1,770984,2,0,0,1,2,3,2,2,T intersection,3,60,Local Road
T20230009417,2023/4/20,23:01:00,1,Collision with vehicle,4,Thursday,116,LEFT NEAR (INTERSECTIONS ONLY),3,67999,2,0,0,2,0,2,1,1,Cross intersection,3,60,Arterial Highway
T20230009186,2023/4/20,11:42:00,1,Collision with vehicle,4,Thursday,130,REAR END(VEHICLES IN SAME LANE),1,63503,2,0,0,1,1,2,1,5,Not at intersection,3,50,Arterial Other
T20230009188,2023/4/20,11:55:00,1,Collision with vehicle,4,Thursday,133,LANE SIDE SWIPE (VEHICLES IN PARALLEL LANES),1,787857,2,0,0,1,2,3,1,5,Not at intersection,3,70,Arterial Other
T20230009183,2023/4/20,7:28:00,1,Collision with vehicle,4,Thursday,112,LEFT FAR (INTERSECTIONS ONLY),1,51263,2,0,0,1,1,2,1,1,Cross intersection,3,100,Arterial Other
T20230009201,2023/4/20,12:25:00,1,Collision with vehicle,5,Thursday,133,LANE SIDE SWIPE (VEHICLES IN PARALLEL LANES),1,769321,3,0,1,1,3,5,1,5,Not at intersection,2,100,Freeway
T20230009204,2023/4/20,12:50:00,1,Collision with vehicle,5,Thursday,130,REAR END(VEHICLES IN SAME LANE),1,20986,2,0,1,1,0,2,1,2,T intersection,2,80,Local Road
T20230009205,2023/4/20,13:30:00,4,Collision with a fixed object,5,Thursday,181,OFF RIGHT BEND INTO OBJECT/PARKED VEHICLE,1,776237,1,0,1,0,0,1,1,5,Not at intersection,2,60,Local Road
T20230009208,2023/4/20,7:30:00,8,No collision and no object struck,4,Thursday,137,LEFT TURN SIDESWIPE,1,769322,2,0,0,1,1,2,2,1,Cross intersection,3,40,Local Road
T20230009209,2023/4/20,13:27:00,1,Collision with vehicle,4,Thursday,147,VEHICLE STRIKES ANOTHER VEH WHILE EMERGING FROM DRIVEWAY,1,771683,2,0,1,0,3,4,1,5,Not at intersection,2,50,Arterial Other
T20230009295,2023/4/20,19:35:00,1,Collision with vehicle,4,Thursday,121,RIGHT THROUGH,3,46855,2,0,0,1,1,2,1,1,Cross intersection,3,40,Arterial Other
T20230011620,2023/4/20,18:30:00,1,Collision with vehicle,4,Thursday,130,REAR END(VEHICLES IN SAME LANE),3,774297,2,0,0,1,1,2,2,5,Not at intersection,3,999,Arterial Other
T20230012604,2023/4/20,13:54:00,6,Vehicle overturned (no collision),5,Thursday,184,OUT OF CONTROL ON CARRIAGEWAY (ON BEND),1,783878,1,0,1,0,0,1,1,5,Not at intersection,2,60,Local Road
T20230010402,2023/4/20,11:56:00,2,Struck Pedestrian,4,Thursday,101,PED EMERGES FROM IN FRONT OF PARKED OR STATIONARY VEHICLE,1,772740,1,0,0,1,1,2,1,5,Not at intersection,3,40,Local Road
T20230009328,2023/4/20,19:48:00,1,Collision with vehicle,4,Thursday,130,REAR END(VEHICLES IN SAME LANE),3,776128,2,0,0,1,1,2,1,5,Not at intersection,3,60,Arterial Other
T20230012051,2023/4/20,17:39:00,1,Collision with vehicle,5,Thursday,142,LEAVING PARKING,2,45071,2,0,0,1,1,2,1,2,T intersection,3,60,Local Road
T20230012663,2023/4/20,15:00:00,4,Collision with a fixed object,4,Thursday,171,LEFT OFF CARRIAGEWAY INTO OBJECT/PARKED VEHICLE,1,775646,1,0,0,1,0,1,2,5,Not at intersection,3,60,Arterial Other
T20230009269,2023/4/20,15:00:00,1,Collision with vehicle,4,Thursday,130,REAR END(VEHICLES IN SAME LANE),1,772341,3,0,0,2,2,4,2,5,Not at intersection,3,80,Freeway
T20230009218,2023/4/20,10:14:00,1,Collision with vehicle,4,Thursday,135,LANE CHANGE LEFT (NOT OVERTAKING),1,783866,2,0,0,1,1,2,1,5,Not at intersection,3,80,Freeway
T20230009220,2023/4/20,17:40:00,6,Vehicle overturned (no collision),5,Thursday,182,OFF CARRIAGEWAY ON LEFT BEND,2,770102,1,0,1,0,0,1,1,5,Not at intersection,2,50,Arterial Other
T20230009224,2023/4/20,15:40:00,1,Collision with vehicle,4,Thursday,110,CROSS TRAFFIC(INTERSECTIONS ONLY),1,50732,2,0,0,1,1,2,1,1,Cross intersection,3,50,Local Road
T20230009225,2023/4/20,17:35:00,5,collision with some other object,5,Thursday,191,LOAD OR MISSILE STRUCK VEHICLE,2,769784,1,0,1,0,0,1,1,5,Not at intersection,2,60,Local Road
T20230009226,2023/4/20,17:10:00,1,Collision with vehicle,5,Thursday,130,REAR END(VEHICLES IN SAME LANE),1,770236,2,0,1,0,1,2,1,5,Not at intersection,2,110,Freeway
T20230011101,2023/4/20,21:00:00,3,Struck animal,4,Thursday,167,STRUCK ANIMAL,5,773955,1,0,0,1,0,1,2,5,Not at intersection,3,100,Arterial Other
T20230009228,2023/4/20,18:00:00,1,Collision with vehicle,4,Thursday,116,LEFT NEAR (INTERSECTIONS ONLY),3,39557,2,0,0,1,1,2,2,1,Cross intersection,3,80,Arterial Highway
T20230011574,2023/4/20,18:30:00,1,Collision with vehicle,5,Thursday,121,RIGHT THROUGH,3,332044,2,0,0,1,1,2,1,1,Cross intersection,3,60,Local Road
T20230009318,2023/4/20,18:48:00,1,Collision with vehicle,5,Thursday,130,REAR END(VEHICLES IN SAME LANE),2,777605,2,0,0,1,1,2,2,5,Not at intersection,3,60,Local Road
T20230009230,2023/4/20,16:50:00,6,Vehicle overturned (no collision),4,Thursday,172,OFF CARRIAGEWAY TO RIGHT,1,783942,1,0,0,1,0,1,1,4,Multiple intersection,3,100,Local Road
T20230009233,2023/4/20,18:24:00,1,Collision with vehicle,5,Thursday,130,REAR END(VEHICLES IN SAME LANE),3,770970,5,0,0,7,3,10,1,5,Not at intersection,3,50,Arterial Other
T20230009235,2023/4/20,14:28:00,1,Collision with vehicle,5,Thursday,110,CROSS TRAFFIC(INTERSECTIONS ONLY),1,50806,3,5,0,1,2,8,1,1,Cross intersection,1,100,Arterial Highway
T20230009237,2023/4/20,19:10:00,1,Collision with vehicle,4,Thursday,163,VEHICLE STRIKES DOOR OF PARKED/STATIONARY VEHICLE,3,783867,2,0,1,0,1,2,1,5,Not at intersection,2,40,Local Road
T20230009238,2023/4/20,17:25:00,4,Collision with a fixed object,4,Thursday,181,OFF RIGHT BEND INTO OBJECT/PARKED VEHICLE,1,775420,1,0,0,4,1,5,1,5,Not at intersection,3,60,Local Road
T20230011472,2023/4/21,1:00:00,4,Collision with a fixed object,6,Friday,171,LEFT OFF CARRIAGEWAY INTO OBJECT/PARKED VEHICLE,6,776969,1,0,1,0,2,3,2,5,Not at intersection,2,999,Arterial Highway
T20230009368,2023/4/21,17:00:00,1,Collision with vehicle,5,Friday,130,REAR END(VEHICLES IN SAME LANE),2,40863,2,0,0,1,1,2,2,1,Cross intersection,3,999,Arterial Other
T20230010537,2023/4/21,8:40:00,1,Collision with vehicle,6,Friday,130,REAR END(VEHICLES IN SAME LANE),1,41012,2,0,0,1,1,2,2,1,Cross intersection,3,60,Arterial Other
T20230009306,2023/4/21,14:55:00,1,Collision with vehicle,5,Friday,121,RIGHT THROUGH,1,8388,2,0,0,1,1,2,1,2,T intersection,3,60,
T20230009416,2023/4/21,17:00:00,5,collision with some other object,6,Friday,183,OFF LEFT BEND INTO OBJECT/PARKED VEHICLE,1,772209,1,0,1,0,0,1,1,5,Not at intersection,2,100,Arterial Other
T20230009345,2023/4/21,21:40:00,1,Collision with vehicle,6,Friday,113,RIGHT NEAR (INTERSECTIONS ONLY),3,41555,2,0,1,0,1,2,1,1,Cross intersection,2,60,Arterial Highway
T20230009286,2023/4/21,5:55:00,2,Struck Pedestrian,5,Friday,100,PED NEAR SIDE. PED HIT BY VEHICLE FROM THE RIGHT.,5,769566,1,0,0,1,1,2,1,2,T intersection,3,60,Local Road
T20230009544,2023/4/21,14:25:00,1,Collision with vehicle,5,Friday,130,REAR END(VEHICLES IN SAME LANE),1,779312,2,0,0,1,1,2,2,5,Not at intersection,3,80,Arterial Other
T20230010919,2023/4/21,15:00:00,4,Collision with a fixed object,6,Friday,171,LEFT OFF CARRIAGEWAY INTO OBJECT/PARKED VEHICLE,1,773859,1,0,1,0,0,1,2,5,Not at intersection,2,50,Local Road
T20230009308,2023/4/21,13:33:00,1,Collision with vehicle,5,Friday,110,CROSS TRAFFIC(INTERSECTIONS ONLY),1,29960,2,0,1,0,5,6,1,1,Cross intersection,2,80,Arterial Other
T20230010035,2023/4/21,17:25:00,1,Collision with vehicle,6,Friday,130,REAR END(VEHICLES IN SAME LANE),1,777583,2,0,0,1,1,2,2,5,Not at intersection,3,100,Freeway
T20230009309,2023/4/21,14:25:00,1,Collision with vehicle,5,Friday,160,VEHICLE COLLIDES WITH VEHICLE PARKED ON LEFT OF ROAD,1,783868,3,0,1,0,0,1,1,5,Not at intersection,2,40,Local Road
T20230009262,2023/4/21,17:30:00,1,Collision with vehicle,5,Friday,113,RIGHT NEAR (INTERSECTIONS ONLY),6,44360,2,0,0,1,1,2,2,2,T intersection,3,999,Local Road
T20230015464,2023/4/21,10:00:00,8,No collision and no object struck,5,Friday,149,OTHER MANOEUVRING NOT INCLUDED IN DCAs 140-148,1,776757,1,0,0,1,0,1,2,5,Not at intersection,3,999,Local Road
T20230024209,2023/4/21,15:00:00,1,Collision with vehicle,5,Friday,116,LEFT NEAR (INTERSECTIONS ONLY),1,786953,2,0,0,1,1,2,2,1,Cross intersection,3,100,Local Road
T20230009337,2023/4/21,18:50:00,1,Collision with vehicle,5,Friday,133,LANE SIDE SWIPE (VEHICLES IN PARALLEL LANES),3,796444,2,0,1,0,1,2,1,1,Cross intersection,2,100,Arterial Other
T20230009323,2023/4/21,15:47:00,1,Collision with vehicle,6,Friday,120,HEAD ON (NOT OVERTAKING),1,770706,3,0,1,2,1,4,1,5,Not at intersection,2,80,Arterial Other
T20230009363,2023/4/21,18:00:00,1,Collision with vehicle,5,Friday,132,RIGHT REAR.,1,788441,2,0,1,0,1,2,2,9,Unknown,2,999,
T20230010231,2023/4/21,23:35:00,1,Collision with vehicle,5,Friday,130,REAR END(VEHICLES IN SAME LANE),3,777187,2,0,0,1,1,2,2,5,Not at intersection,3,60,Arterial Highway
T20230009367,2023/4/21,15:30:00,1,Collision with vehicle,5,Friday,120,HEAD ON (NOT OVERTAKING),1,775500,2,0,0,1,1,2,1,5,Not at intersection,3,60,Arterial Highway
T20230009761,2023/4/21,18:45:00,1,Collision with vehicle,5,Friday,130,REAR END(VEHICLES IN SAME LANE),9,778213,2,0,0,1,1,2,2,5,Not at intersection,3,999,Arterial Other
T20230015524,2023/4/21,14:41:00,1,Collision with vehicle,5,Friday,134,LANE CHANGE RIGHT (NOT OVERTAKING),1,778341,2,0,0,1,2,3,1,5,Not at intersection,3,60,Arterial Other
T20230009285,2023/4/21,11:00:00,1,Collision with vehicle,6,Friday,121,RIGHT THROUGH,1,51716,2,0,1,0,1,2,1,2,T intersection,2,60,Arterial Highway
T20230009317,2023/4/21,15:23:00,1,Collision with vehicle,5,Friday,113,RIGHT NEAR (INTERSECTIONS ONLY),1,34021,2,0,0,1,1,2,1,2,T intersection,3,80,Arterial Highway
T20230009291,2023/4/21,11:34:00,1,Collision with vehicle,5,Friday,110,CROSS TRAFFIC(INTERSECTIONS ONLY),1,769567,2,0,0,1,2,3,1,1,Cross intersection,3,100,Arterial Other
T20240006909,2023/4/21,18:50:00,1,Collision with vehicle,6,Friday,135,LANE CHANGE LEFT (NOT OVERTAKING),1,800357,2,0,0,1,1,2,2,5,Not at intersection,3,80,Freeway
T20230009252,2023/4/21,1:08:00,1,Collision with vehicle,6,Friday,130,REAR END(VEHICLES IN SAME LANE),3,778446,2,0,1,0,1,2,1,5,Not at intersection,2,40,Freeway
T20230014603,2023/4/21,14:33:00,1,Collision with vehicle,5,Friday,110,CROSS TRAFFIC(INTERSECTIONS ONLY),9,35500,2,0,0,1,1,2,2,1,Cross intersection,3,80,Arterial Highway
T20230009346,2023/4/21,22:37:00,1,Collision with vehicle,5,Friday,110,CROSS TRAFFIC(INTERSECTIONS ONLY),3,42240,3,0,0,1,2,3,1,1,Cross intersection,3,70,Arterial Other
T20230009856,2023/4/21,17:00:00,1,Collision with vehicle,5,Friday,121,RIGHT THROUGH,1,1030,2,0,0,1,1,2,1,1,Cross intersection,3,60,Arterial Other
T20230009347,2023/4/21,23:55:00,4,Collision with a fixed object,5,Friday,171,LEFT OFF CARRIAGEWAY INTO OBJECT/PARKED VEHICLE,3,787935,1,0,0,1,0,1,1,5,Not at intersection,3,60,Local Road
T20230019083,2023/4/21,18:58:00,1,Collision with vehicle,5,Friday,135,LANE CHANGE LEFT (NOT OVERTAKING),2,779217,2,0,0,1,1,2,2,1,Cross intersection,3,60,Arterial Other
T20230011128,2023/4/21,16:30:00,1,Collision with vehicle,5,Friday,130,REAR END(VEHICLES IN SAME LANE),9,42952,2,0,0,1,1,2,2,2,T intersection,3,60,Arterial Other
T20230009249,2023/4/21,0:50:00,8,No collision and no object struck,6,Friday,172,OFF CARRIAGEWAY TO RIGHT,3,49684,1,0,1,0,0,1,1,1,Cross intersection,2,60,Arterial Other
T20230009273,2023/4/21,9:05:00,4,Collision with a fixed object,5,Friday,173,RIGHT OFF CARRIAGEWAY INTO OBJECT/PARKED VEHICLE,1,928,1,0,1,0,0,1,1,2,T intersection,2,80,Arterial Highway
T20230009916,2023/4/21,19:00:00,1,Collision with vehicle,5,Friday,121,RIGHT THROUGH,3,40372,2,0,2,0,1,3,1,2,T intersection,2,60,Arterial Other
T20230009692,2023/4/21,5:30:00,5,collision with some other object,6,Friday,191,LOAD OR MISSILE STRUCK VEHICLE,2,770982,1,0,1,0,0,1,2,5,Not at intersection,2,70,Arterial Other
T20230009335,2023/4/21,15:50:00,1,Collision with vehicle,5,Friday,130,REAR END(VEHICLES IN SAME LANE),1,775634,3,0,0,1,3,4,1,5,Not at intersection,3,80,Local Road
T20230009287,2023/4/21,10:00:00,1,Collision with vehicle,6,Friday,130,REAR END(VEHICLES IN SAME LANE),1,37710,2,0,0,1,1,2,1,2,T intersection,3,60,Arterial Other
T20230009980,2023/4/21,8:15:00,1,Collision with vehicle,5,Friday,133,LANE SIDE SWIPE (VEHICLES IN PARALLEL LANES),1,787946,2,0,1,0,1,2,2,2,T intersection,2,80,Arterial Other
T20230009361,2023/4/21,23:40:00,4,Collision with a fixed object,5,Friday,173,RIGHT OFF CARRIAGEWAY INTO OBJECT/PARKED VEHICLE,3,776003,1,0,1,0,0,1,1,5,Not at intersection,2,50,Local Road
T20230009313,2023/4/21,12:44:00,2,Struck Pedestrian,6,Friday,100,PED NEAR SIDE. PED HIT BY VEHICLE FROM THE RIGHT.,1,778291,1,0,2,0,1,3,1,5,Not at intersection,2,70,Arterial Other
T20230009331,2023/4/21,14:30:00,1,Collision with vehicle,5,Friday,121,RIGHT THROUGH,1,38588,2,0,0,2,0,2,1,2,T intersection,3,80,Arterial Highway
T20230009522,2023/4/21,17:02:00,1,Collision with vehicle,6,Friday,130,REAR END(VEHICLES IN SAME LANE),1,770973,3,0,0,2,2,4,1,5,Not at intersection,3,60,Arterial Highway
T20230012209,2023/4/21,11:17:00,1,Collision with vehicle,5,Friday,130,REAR END(VEHICLES IN SAME LANE),1,774908,2,0,0,1,2,3,1,5,Not at intersection,3,50,Arterial Highway
T20230018996,2023/4/21,16:40:00,1,Collision with vehicle,5,Friday,111,RIGHT FAR (INTERSECTIONS ONLY),1,343771,2,0,0,1,1,2,1,1,Cross intersection,3,60,Arterial Highway