ACCIDENT_NO,ACCIDENT_DATE,ACCIDENT_TIME,ACCIDENT_TYPE,ACCIDENT_TYPE_DESC,DAY_OF_WEEK,DAY_WEEK_DESC,DCA_CODE,DCA_DESC,LIGHT_CONDITION,NODE_ID,NO_OF_VEHICLES,NO_PERSONS_KILLED,NO_PERSONS_INJ_2,NO_PERSONS_INJ_3,NO_PERSONS_NOT_INJ,NO_PERSONS,POLICE_ATTEND,ROAD_GEOMETRY,ROAD_GEOMETRY_DESC,SEVERITY,SPEED_ZONE,RMA
T20230010391,2023/4/21,15:50:00,1,Collision with vehicle,5,Friday,110,CROSS TRAFFIC(INTERSECTIONS ONLY),1,57530,6,0,0,1,6,7,1,1,Cross intersection,3,50,Arterial Highway
T20230013139,2023/4/22,14:48:00,1,Collision with vehicle,6,Saturday,110,CROSS TRAFFIC(INTERSECTIONS ONLY),1,38760,2,0,0,1,1,2,1,1,Cross intersection,3,50,Arterial Highway
T20230009370,2023/4/22,9:13:00,1,Collision with vehicle,6,Saturday,121,RIGHT THROUGH,1,42027,2,0,0,1,1,2,1,2,T intersection,3,60,Arterial Other
T20230009502,2023/4/22,10:00:00,6,Vehicle overturned (no collision),7,Saturday,180,OFF CARRIAGEWAY ON RIGHT BEND,1,770243,1,0,1,0,0,1,2,5,Not at intersection,2,999,Local Road
T20230009365,2023/4/22,3:34:00,4,Collision with a fixed object,7,Saturday,171,LEFT OFF CARRIAGEWAY INTO OBJECT/PARKED VEHICLE,3,44317,3,1,0,0,0,1,1,2,T intersection,1,60,Arterial Other
T20230010684,2023/4/22,17:00:00,1,Collision with vehicle,6,Saturday,130,REAR END(VEHICLES IN SAME LANE),1,777681,2,0,0,1,1,2,2,5,Not at intersection,3,999,Freeway
T20230009762,2023/4/22,8:00:00,1,Collision with vehicle,6,Saturday,140,U TURN,1,770836,2,0,0,1,1,2,1,5,Not at intersection,3,60,Local Road
T20230009702,2023/4/22,3:45:00,2,Struck Pedestrian,6,Saturday,109,ANY MANOEUVRE INVOLVING PED NOT INCLUDED IN DCAs 100-108.,6,350687,1,0,1,0,1,2,2,5,Not at intersection,2,60,Arterial Other
T20230010948,2023/4/22,13:00:00,1,Collision with vehicle,6,Saturday,121,RIGHT THROUGH,1,355572,2,0,0,1,2,3,1,2,T intersection,3,80,Arterial Highway
T20230012638,2023/4/22,9:30:00,1,Collision with vehicle,7,Saturday,121,RIGHT THROUGH,1,47977,2,0,0,3,1,4,2,2,T intersection,3,50,Local Road
T20230009459,2023/4/22,19:23:00,1,Collision with vehicle,6,Saturday,121,RIGHT THROUGH,3,56532,3,0,0,1,2,3,1,1,Cross intersection,3,40,Arterial Highway
T20230009354,2023/4/22,2:50:00,8,No collision and no object struck,6,Saturday,174,OUT OF CONTROL ON CARRIAGEWAY (ON STRAIGHT),3,36983,1,0,1,0,0,1,1,2,T intersection,2,40,Arterial Other
T20230009358,2023/4/22,3:30:00,1,Collision with vehicle,7,Saturday,130,REAR END(VEHICLES IN SAME LANE),4,1671,2,0,1,1,1,3,1,5,Not at intersection,2,80,Arterial Other
T20230009400,2023/4/22,16:43:00,4,Collision with a fixed object,6,Saturday,171,LEFT OFF CARRIAGEWAY INTO OBJECT/PARKED VEHICLE,2,783870,1,0,1,0,0,1,1,5,Not at intersection,2,40,Local Road
T20230009447,2023/4/22,18:50:00,1,Collision with vehicle,6,Saturday,181,OFF RIGHT BEND INTO OBJECT/PARKED VEHICLE,5,787896,2,0,0,4,0,4,1,5,Not at intersection,3,80,Arterial Highway
T20230009402,2023/4/22,9:15:00,2,Struck Pedestrian,6,Saturday,100,PED NEAR SIDE. PED HIT BY VEHICLE FROM THE RIGHT.,1,37645,1,0,0,1,1,2,2,2,T intersection,3,50,Local Road
T20230009438,2023/4/22,15:40:00,1,Collision with vehicle,7,Saturday,120,HEAD ON (NOT OVERTAKING),1,775693,2,0,2,1,0,3,1,5,Not at intersection,2,100,Arterial Highway
T20230009436,2023/4/22,15:30:00,1,Collision with vehicle,7,Saturday,130,REAR END(VEHICLES IN SAME LANE),9,57515,2,0,1,0,1,2,2,1,Cross intersection,2,70,Arterial Highway
T20230009395,2023/4/22,14:15:00,1,Collision with vehicle,7,Saturday,130,REAR END(VEHICLES IN SAME LANE),1,775129,2,0,0,1,2,3,1,5,Not at intersection,3,80,Arterial Highway
T20230009414,2023/4/22,19:37:00,1,Collision with vehicle,7,Saturday,130,REAR END(VEHICLES IN SAME LANE),2,778008,2,0,0,1,1,2,1,5,Not at intersection,3,70,Arterial Highway
T20230009413,2023/4/22,20:30:00,1,Collision with vehicle,6,Saturday,120,HEAD ON (NOT OVERTAKING),5,772021,2,0,0,1,1,2,1,5,Not at intersection,3,60,Arterial Other
T20230009389,2023/4/22,15:21:00,6,Vehicle overturned (no collision),6,Saturday,174,OUT OF CONTROL ON CARRIAGEWAY (ON STRAIGHT),1,771451,1,0,0,1,0,1,1,5,Not at intersection,3,50,Local Road
T20230009412,2023/4/22,14:23:00,1,Collision with vehicle,6,Saturday,140,U TURN,1,770005,2,0,1,0,1,2,1,5,Not at intersection,2,60,Local Road
T20230009614,2023/4/22,16:30:00,6,Vehicle overturned (no collision),6,Saturday,174,OUT OF CONTROL ON CARRIAGEWAY (ON STRAIGHT),1,770475,1,0,0,1,0,1,2,5,Not at intersection,3,40,Local Road
T20230009397,2023/4/22,14:40:00,1,Collision with vehicle,6,Saturday,116,LEFT NEAR (INTERSECTIONS ONLY),1,770004,2,0,1,4,3,8,1,2,T intersection,2,60,Local Road
T20230009406,2023/4/22,16:30:00,4,Collision with a fixed object,7,Saturday,175,OFF END OF ROAD/T-INTERSECTION.,1,62348,1,0,1,0,0,1,1,2,T intersection,2,40,Local Road
T20230009405,2023/4/22,18:15:00,1,Collision with vehicle,7,Saturday,160,VEHICLE COLLIDES WITH VEHICLE PARKED ON LEFT OF ROAD,3,775679,2,0,1,0,0,1,1,5,Not at intersection,2,60,Local Road
T20230014074,2023/4/22,13:00:00,8,No collision and no object struck,7,Saturday,174,OUT OF CONTROL ON CARRIAGEWAY (ON STRAIGHT),1,776446,1,0,0,1,0,1,2,5,Not at intersection,3,60,Arterial Other
T20230009531,2023/4/22,22:20:00,1,Collision with vehicle,6,Saturday,130,REAR END(VEHICLES IN SAME LANE),3,783941,2,0,0,1,1,2,2,1,Cross intersection,3,60,Arterial Highway
T20230009364,2023/4/22,6:10:00,4,Collision with a fixed object,7,Saturday,181,OFF RIGHT BEND INTO OBJECT/PARKED VEHICLE,2,775845,2,0,0,2,0,2,1,5,Not at intersection,3,70,Arterial Other
T20230009404,2023/4/22,16:45:00,1,Collision with vehicle,6,Saturday,160,VEHICLE COLLIDES WITH VEHICLE PARKED ON LEFT OF ROAD,1,778131,3,0,1,0,0,1,1,5,Not at intersection,2,60,Arterial Other
T20230010298,2023/4/22,11:00:00,1,Collision with vehicle,7,Saturday,130,REAR END(VEHICLES IN SAME LANE),1,772224,2,0,1,1,0,2,1,2,T intersection,2,80,Arterial Highway
T20230009391,2023/4/22,14:55:00,3,Struck animal,6,Saturday,167,STRUCK ANIMAL,1,774471,1,0,1,0,0,1,2,5,Not at intersection,2,100,Arterial Highway
T20230009403,2023/4/22,17:25:00,1,Collision with vehicle,7,Saturday,140,U TURN,1,769890,2,0,0,1,1,2,1,2,T intersection,3,50,Local Road
T20230015625,2023/4/22,6:40:00,1,Collision with vehicle,6,Saturday,135,LANE CHANGE LEFT (NOT OVERTAKING),2,311878,2,0,0,1,1,2,1,5,Not at intersection,3,80,Freeway
T20230009749,2023/4/22,13:15:00,1,Collision with vehicle,7,Saturday,130,REAR END(VEHICLES IN SAME LANE),1,772213,2,0,0,1,1,2,2,5,Not at intersection,3,60,Local Road
T20230009384,2023/4/22,11:15:00,4,Collision with a fixed object,6,Saturday,183,OFF LEFT BEND INTO OBJECT/PARKED VEHICLE,1,787870,1,0,0,1,0,1,1,5,Not at intersection,3,60,Arterial Other
T20230009383,2023/4/22,12:25:00,1,Collision with vehicle,7,Saturday,121,RIGHT THROUGH,1,645336,2,0,1,2,3,6,1,2,T intersection,2,60,Arterial Other
T20230009379,2023/4/22,11:40:00,1,Collision with vehicle,6,Saturday,171,LEFT OFF CARRIAGEWAY INTO OBJECT/PARKED VEHICLE,1,787888,3,0,0,1,1,2,1,5,Not at intersection,3,50,
T20230009375,2023/4/22,11:15:00,1,Collision with vehicle,7,Saturday,113,RIGHT NEAR (INTERSECTIONS ONLY),1,52121,2,0,0,1,1,2,2,2,T intersection,3,50,Arterial Other
T20230009408,2023/4/22,13:00:00,6,Vehicle overturned (no collision),7,Saturday,174,OUT OF CONTROL ON CARRIAGEWAY (ON STRAIGHT),1,770117,1,0,0,1,0,1,1,5,Not at intersection,3,100,Local Road
T20230009372,2023/4/22,9:31:00,1,Collision with vehicle,6,Saturday,110,CROSS TRAFFIC(INTERSECTIONS ONLY),1,61054,2,0,0,1,1,2,1,1,Cross intersection,3,60,Local Road
T20230018138,2023/4/22,22:20:00,7,Fall from or in moving vehicle,7,Saturday,190,FELL IN/FROM VEHICLE,4,781136,1,0,0,1,1,2,1,1,Cross intersection,3,50,Local Road
T20230009371,2023/4/22,9:40:00,1,Collision with vehicle,6,Saturday,110,CROSS TRAFFIC(INTERSECTIONS ONLY),1,52967,2,0,0,1,2,3,1,1,Cross intersection,3,50,Local Road
T20230009785,2023/4/23,10:30:00,6,Vehicle overturned (no collision),1,Sunday,184,OUT OF CONTROL ON CARRIAGEWAY (ON BEND),1,771226,1,0,1,0,0,1,2,5,Not at intersection,2,888,Local Road
T20230009467,2023/4/23,15:45:00,4,Collision with a fixed object,0,Sunday,181,OFF RIGHT BEND INTO OBJECT/PARKED VEHICLE,1,779011,1,0,1,0,0,1,1,5,Not at intersection,2,80,Arterial Highway
T20230009466,2023/4/23,19:50:00,8,No collision and no object struck,0,Sunday,174,OUT OF CONTROL ON CARRIAGEWAY (ON STRAIGHT),3,770238,1,0,1,0,0,1,1,5,Not at intersection,2,50,Local Road
T20230009465,2023/4/23,18:26:00,1,Collision with vehicle,1,Sunday,110,CROSS TRAFFIC(INTERSECTIONS ONLY),3,846,2,0,1,0,5,6,1,1,Cross intersection,2,60,Arterial Other
T20230009464,2023/4/23,17:53:00,4,Collision with a fixed object,1,Sunday,171,LEFT OFF CARRIAGEWAY INTO OBJECT/PARKED VEHICLE,5,771817,2,0,2,0,4,6,1,5,Not at intersection,2,100,Local Road
T20230009463,2023/4/23,12:55:00,1,Collision with vehicle,1,Sunday,169,OTHER ON PATH,1,776045,2,0,1,1,0,2,1,5,Not at intersection,2,60,Local Road
T20230009460,2023/4/23,16:59:00,1,Collision with vehicle,1,Sunday,132,RIGHT REAR.,2,36764,3,0,2,0,1,3,1,1,Cross intersection,2,80,Arterial Other
T20230009455,2023/4/23,10:24:00,1,Collision with vehicle,1,Sunday,113,RIGHT NEAR (INTERSECTIONS ONLY),1,44103,2,0,1,0,2,3,1,1,Cross intersection,2,60,Arterial Other
T20230009453,2023/4/23,16:30:00,1,Collision with vehicle,0,Sunday,110,CROSS TRAFFIC(INTERSECTIONS ONLY),1,51540,2,0,0,2,0,2,1,1,Cross intersection,3,60,Local Road
T20230009452,2023/4/23,15:00:00,1,Collision with vehicle,0,Sunday,113,RIGHT NEAR (INTERSECTIONS ONLY),1,44903,2,0,1,0,1,2,1,2,T intersection,2,70,Arterial Other
T20230009444,2023/4/23,12:00:00,6,Vehicle overturned (no collision),1,Sunday,184,OUT OF CONTROL ON CARRIAGEWAY (ON BEND),1,770707,1,0,1,0,0,1,1,5,Not at intersection,2,100,Arterial Other
T20230009435,2023/4/23,7:50:00,1,Collision with vehicle,0,Sunday,110,CROSS TRAFFIC(INTERSECTIONS ONLY),2,40936,2,0,0,1,1,2,2,1,Cross intersection,3,999,Local Road
T20230013096,2023/4/23,10:10:00,1,Collision with vehicle,0,Sunday,142,LEAVING PARKING,1,775657,2,0,0,1,2,3,2,5,Not at intersection,3,999,Local Road
T20230009433,2023/4/23,9:49:00,1,Collision with vehicle,0,Sunday,130,REAR END(VEHICLES IN SAME LANE),1,777677,2,0,0,1,1,2,1,5,Not at intersection,3,40,Arterial Other
T20230009430,2023/4/23,9:00:00,1,Collision with vehicle,0,Sunday,130,REAR END(VEHICLES IN SAME LANE),1,770006,2,0,0,1,1,2,2,5,Not at intersection,3,80,Local Road
T20230009619,2023/4/23,15:10:00,7,Fall from or in moving vehicle,0,Sunday,190,FELL IN/FROM VEHICLE,1,770476,1,0,0,1,0,1,2,5,Not at intersection,3,999,Local Road
T20230009446,2023/4/23,8:56:00,4,Collision with a fixed object,1,Sunday,171,LEFT OFF CARRIAGEWAY INTO OBJECT/PARKED VEHICLE,1,776247,1,0,1,0,0,1,1,5,Not at intersection,2,60,Local Road
T20230009472,2023/4/23,16:40:00,6,Vehicle overturned (no collision),1,Sunday,174,OUT OF CONTROL ON CARRIAGEWAY (ON STRAIGHT),1,775068,1,0,1,0,0,1,1,2,T intersection,2,40,Local Road
T20230009488,2023/4/23,5:08:00,4,Collision with a fixed object,0,Sunday,173,RIGHT OFF CARRIAGEWAY INTO OBJECT/PARKED VEHICLE,2,778900,1,0,0,1,0,1,1,5,Not at intersection,3,50,Local Road
T20230009528,2023/4/23,13:00:00,1,Collision with vehicle,0,Sunday,111,RIGHT FAR (INTERSECTIONS ONLY),1,783066,2,0,0,1,2,3,2,2,T intersection,3,60,Arterial Other
T20230009469,2023/4/23,18:51:00,4,Collision with a fixed object,1,Sunday,171,LEFT OFF CARRIAGEWAY INTO OBJECT/PARKED VEHICLE,5,787917,1,0,1,0,0,1,1,5,Not at intersection,2,888,
T20230009914,2023/4/23,16:45:00,1,Collision with vehicle,0,Sunday,132,RIGHT REAR.,1,783875,3,0,0,1,4,5,2,1,Cross intersection,3,60,Local Road
T20230018467,2023/4/23,17:00:00,4,Collision with a fixed object,0,Sunday,179,OTHER ACCIDENTS-OFF STRAIGHT NOT INCLUDED IN DCAs 170-175,2,778622,1,0,0,1,0,1,2,2,T intersection,3,999,Local Road
T20230009428,2023/4/23,4:20:00,4,Collision with a fixed object,0,Sunday,173,RIGHT OFF CARRIAGEWAY INTO OBJECT/PARKED VEHICLE,2,773565,1,0,0,1,0,1,1,5,Not at intersection,3,70,Arterial Other
T20230009548,2023/4/23,12:00:00,1,Collision with vehicle,0,Sunday,120,HEAD ON (NOT OVERTAKING),1,777251,2,0,1,0,1,2,2,5,Not at intersection,2,100,Arterial Other
T20230009695,2023/4/23,20:30:00,1,Collision with vehicle,1,Sunday,121,RIGHT THROUGH,9,780519,2,0,0,2,1,3,2,2,T intersection,3,50,Local Road
T20230009834,2023/4/23,9:20:00,1,Collision with vehicle,1,Sunday,130,REAR END(VEHICLES IN SAME LANE),1,345453,2,0,0,2,1,3,1,1,Cross intersection,3,60,Arterial Other
T20230009422,2023/4/23,4:05:00,4,Collision with a fixed object,0,Sunday,173,RIGHT OFF CARRIAGEWAY INTO OBJECT/PARKED VEHICLE,3,41291,1,0,1,0,0,1,1,2,T intersection,2,60,Local Road
T20230025642,2023/4/23,17:33:00,1,Collision with vehicle,1,Sunday,148,VEHICLE OFF FOOTPATH STRIKES VEH ON CARRIAGEWAY,1,798590,2,0,0,1,1,2,1,5,Not at intersection,3,30,Local Road
T20230013168,2023/4/23,12:30:00,6,Vehicle overturned (no collision),0,Sunday,184,OUT OF CONTROL ON CARRIAGEWAY (ON BEND),1,127230,1,0,1,0,0,1,2,5,Not at intersection,2,60,Local Road
T20230009425,2023/4/23,4:24:00,4,Collision with a fixed object,1,Sunday,171,LEFT OFF CARRIAGEWAY INTO OBJECT/PARKED VEHICLE,3,781208,1,0,2,0,0,2,1,5,Not at intersection,2,60,Arterial Other
T20230010327,2023/4/23,12:11:00,1,Collision with vehicle,1,Sunday,139,OTHER SAME DIRECTION-MANOUEVRES NOT INCLUDED IN DCAs 130-137,1,656450,2,0,0,2,0,2,1,5,Not at intersection,3,80,Freeway
T20230009999,2023/4/23,16:50:00,1,Collision with vehicle,0,Sunday,121,RIGHT THROUGH,1,771696,2,0,0,2,1,3,2,2,T intersection,3,50,Local Road
T20230009475,2023/4/23,18:36:00,2,Struck Pedestrian,0,Sunday,100,PED NEAR SIDE. PED HIT BY VEHICLE FROM THE RIGHT.,3,787921,1,0,0,1,1,2,1,5,Not at intersection,3,60,
T20230009921,2023/4/23,11:00:00,2,Struck Pedestrian,0,Sunday,104,PED WALKING WITH TRAFFIC,1,773569,1,0,0,1,1,2,2,5,Not at intersection,3,50,Local Road
T20230009684,2023/4/24,13:20:00,1,Collision with vehicle,1,Monday,110,CROSS TRAFFIC(INTERSECTIONS ONLY),1,695373,2,0,0,1,1,2,2,1,Cross intersection,3,60,Local Road
T20230010583,2023/4/24,6:30:00,3,Struck animal,1,Monday,167,STRUCK ANIMAL,2,778148,1,0,0,1,0,1,2,5,Not at intersection,3,100,Arterial Other
T20240006923,2023/4/24,0:01:00,1,Collision with vehicle,1,Monday,121,RIGHT THROUGH,9,800042,2,0,0,1,1,2,2,5,Not at intersection,3,999,
T20230009753,2023/4/24,22:50:00,1,Collision with vehicle,1,Monday,134,LANE CHANGE RIGHT (NOT OVERTAKING),3,783874,2,0,0,1,1,2,2,1,Cross intersection,3,40,Local Road
T20230009611,2023/4/24,14:15:00,1,Collision with vehicle,1,Monday,130,REAR END(VEHICLES IN SAME LANE),1,780511,3,0,0,2,3,5,1,5,Not at intersection,3,80,Arterial Other
T20230009606,2023/4/24,11:20:00,1,Collision with vehicle,1,Monday,130,REAR END(VEHICLES IN SAME LANE),1,770474,2,0,0,2,0,2,2,5,Not at intersection,3,60,Arterial Other
T20230009483,2023/4/24,1:43:00,4,Collision with a fixed object,2,Monday,171,LEFT OFF CARRIAGEWAY INTO OBJECT/PARKED VEHICLE,3,774732,1,0,1,0,0,1,1,2,T intersection,2,80,Arterial Other
T20230009884,2023/4/24,11:00:00,7,Fall from or in moving vehicle,1,Monday,190,FELL IN/FROM VEHICLE,1,771231,2,0,0,1,1,2,2,5,Not at intersection,3,80,Local Road
T20230009860,2023/4/24,14:00:00,1,Collision with vehicle,1,Monday,131,LEFT REAR,1,777817,2,0,0,1,1,2,2,5,Not at intersection,3,999,Arterial Highway
T20230010265,2023/4/24,14:00:00,8,No collision and no object struck,1,Monday,149,OTHER MANOEUVRING NOT INCLUDED IN DCAs 140-148,1,772223,1,0,0,1,0,1,2,5,Not at intersection,3,80,Local Road
T20230009585,2023/4/24,22:00:00,1,Collision with vehicle,2,Monday,110,CROSS TRAFFIC(INTERSECTIONS ONLY),4,43874,2,0,0,1,2,3,1,1,Cross intersection,3,80,Arterial Highway
T20230009581,2023/4/24,16:40:00,2,Struck Pedestrian,1,Monday,101,PED EMERGES FROM IN FRONT OF PARKED OR STATIONARY VEHICLE,1,773840,1,0,1,0,1,2,1,5,Not at intersection,2,50,Local Road
T20230009580,2023/4/24,5:30:00,1,Collision with vehicle,1,Monday,169,OTHER ON PATH,5,774905,2,0,0,1,0,1,1,2,T intersection,3,50,Local Road
T20230010316,2023/4/24,14:48:00,1,Collision with vehicle,2,Monday,152,PULLING OUT (OVERTAKING),1,783877,2,0,0,1,1,2,1,5,Not at intersection,3,50,Local Road
T20230009579,2023/4/24,17:25:00,4,Collision with a fixed object,2,Monday,171,LEFT OFF CARRIAGEWAY INTO OBJECT/PARKED VEHICLE,1,45403,2,1,0,0,1,2,1,5,Not at intersection,1,60,Arterial Other
T20230009578,2023/4/24,19:15:00,1,Collision with vehicle,2,Monday,130,REAR END(VEHICLES IN SAME LANE),2,778070,19,0,2,12,10,24,1,5,Not at intersection,2,100,Freeway
T20230009577,2023/4/24,19:07:00,1,Collision with vehicle,1,Monday,116,LEFT NEAR (INTERSECTIONS ONLY),6,43712,2,0,0,1,1,2,1,2,T intersection,3,60,Arterial Other
T20230009576,2023/4/24,16:52:00,8,No collision and no object struck,2,Monday,170,OFF CARRIAGEWAY TO LEFT,2,771949,1,0,1,0,1,2,1,5,Not at intersection,2,60,Arterial Other
T20230009538,2023/4/24,17:00:00,1,Collision with vehicle,2,Monday,121,RIGHT THROUGH,1,233759,2,0,1,0,1,2,1,1,Cross intersection,2,70,Arterial Highway
T20230009498,2023/4/24,8:15:00,1,Collision with vehicle,2,Monday,130,REAR END(VEHICLES IN SAME LANE),1,770241,2,0,1,0,1,2,1,5,Not at intersection,2,60,Local Road
T20230009532,2023/4/24,15:15:00,1,Collision with vehicle,2,Monday,110,CROSS TRAFFIC(INTERSECTIONS ONLY),1,771687,2,0,1,1,1,3,1,1,Cross intersection,2,80,Arterial Other
T20230009540,2023/4/24,12:00:00,1,Collision with vehicle,1,Monday,135,LANE CHANGE LEFT (NOT OVERTAKING),1,35571,2,0,0,1,1,2,2,2,T intersection,3,999,Arterial Other
T20230009541,2023/4/24,17:19:00,1,Collision with vehicle,1,Monday,130,REAR END(VEHICLES IN SAME LANE),2,778142,3,0,1,0,3,4,1,5,Not at intersection,2,70,Arterial Highway
T20230009542,2023/4/24,15:55:00,1,Collision with vehicle,1,Monday,113,RIGHT NEAR (INTERSECTIONS ONLY),1,787922,2,0,0,2,1,3,1,2,T intersection,3,80,Arterial Other
T20230009546,2023/4/24,18:16:00,6,Vehicle overturned (no collision),2,Monday,174,OUT OF CONTROL ON CARRIAGEWAY (ON STRAIGHT),3,40965,1,0,1,0,0,1,1,2,T intersection,2,60,Arterial Other
T20230009547,2023/4/24,14:40:00,4,Collision with a fixed object,2,Monday,181,OFF RIGHT BEND INTO OBJECT/PARKED VEHICLE,1,777038,1,0,1,1,0,2,1,5,Not at intersection,2,80,Local Road
T20230009550,2023/4/24,17:05:00,1,Collision with vehicle,1,Monday,121,RIGHT THROUGH,1,38990,2,0,0,1,1,2,1,2,T intersection,3,60,Arterial Other
T20230009552,2023/4/24,13:45:00,1,Collision with vehicle,2,Monday,130,REAR END(VEHICLES IN SAME LANE),1,775165,7,0,4,2,4,10,1,5,Not at intersection,2,80,Freeway
T20230009554,2023/4/24,17:00:00,1,Collision with vehicle,2,Monday,121,RIGHT THROUGH,1,225009,2,0,0,1,4,5,1,1,Cross intersection,3,80,Arterial Other
T20230009555,2023/4/24,8:24:00,1,Collision with vehicle,1,Monday,110,CROSS TRAFFIC(INTERSECTIONS ONLY),1,36798,2,0,0,1,1,2,2,1,Cross intersection,3,40,Arterial Other
T20230009557,2023/4/24,19:00:00,1,Collision with vehicle,1,Monday,130,REAR END(VEHICLES IN SAME LANE),3,770248,3,0,0,1,7,8,1,5,Not at intersection,3,70,Arterial Other
T20230009558,2023/4/24,18:28:00,1,Collision with vehicle,2,Monday,130,REAR END(VEHICLES IN SAME LANE),3,770975,2,0,1,0,1,2,1,5,Not at intersection,2,80,Arterial Highway
T20230009560,2023/4/24,15:20:00,1,Collision with vehicle,1,Monday,130,REAR END(VEHICLES IN SAME LANE),1,775216,4,0,1,1,4,6,1,5,Not at intersection,2,80,Arterial Highway
T20230009562,2023/4/24,18:57:00,2,Struck Pedestrian,1,Monday,100,PED NEAR SIDE. PED HIT BY VEHICLE FROM THE RIGHT.,3,774382,1,0,0,1,1,2,1,5,Not at intersection,3,50,Local Road
T20230009566,2023/4/24,21:19:00,1,Collision with vehicle,2,Monday,116,LEFT NEAR (INTERSECTIONS ONLY),3,51615,2,0,1,0,1,2,1,2,T intersection,2,60,Arterial Highway
T20230009570,2023/4/24,18:30:00,1,Collision with vehicle,2,Monday,163,VEHICLE STRIKES DOOR OF PARKED/STATIONARY VEHICLE,3,141845,2,0,1,0,1,2,1,5,Not at intersection,2,40,Local Road
T20230009571,2023/4/24,17:20:00,4,Collision with a fixed object,1,Monday,171,LEFT OFF CARRIAGEWAY INTO OBJECT/PARKED VEHICLE,2,787980,1,0,1,2,0,3,1,5,Not at intersection,2,60,Local Road
T20230009814,2023/4/24,15:47:00,1,Collision with vehicle,2,Monday,130,REAR END(VEHICLES IN SAME LANE),1,775825,3,0,0,1,2,3,2,2,T intersection,3,100,Freeway
T20230009505,2023/4/24,10:30:00,2,Struck Pedestrian,2,Monday,100,PED NEAR SIDE. PED HIT BY VEHICLE FROM THE RIGHT.,1,770244,1,0,1,0,1,2,1,2,T intersection,2,999,Local Road
T20230009509,2023/4/24,7:50:00,3,Struck animal,2,Monday,167,STRUCK ANIMAL,1,771686,1,0,1,0,0,1,1,5,Not at intersection,2,100,Arterial Other
T20230009572,2023/4/24,21:50:00,1,Collision with vehicle,2,Monday,121,RIGHT THROUGH,3,770844,2,0,0,2,0,2,1,1,Cross intersection,3,60,Arterial Other
T20230009573,2023/4/24,19:42:00,1,Collision with vehicle,1,Monday,130,REAR END(VEHICLES IN SAME LANE),3,715941,3,0,0,1,2,3,1,5,Not at intersection,3,60,Arterial Other
T20230010469,2023/4/24,16:15:00,6,Vehicle overturned (no collision),1,Monday,182,OFF CARRIAGEWAY ON LEFT BEND,1,772864,1,0,0,1,0,1,2,5,Not at intersection,3,60,Arterial Other
T20230009521,2023/4/24,12:15:00,1,Collision with vehicle,2,Monday,140,U TURN,1,770247,2,0,2,0,1,3,1,2,T intersection,2,100,Local Road
T20230009527,2023/4/24,12:15:00,1,Collision with vehicle,1,Monday,110,CROSS TRAFFIC(INTERSECTIONS ONLY),1,718203,2,0,0,2,1,3,1,1,Cross intersection,3,100,Local Road
T20230009513,2023/4/24,9:40:00,1,Collision with vehicle,2,Monday,120,HEAD ON (NOT OVERTAKING),1,770842,3,0,0,1,2,3,1,5,Not at intersection,3,60,Local Road
T20230009511,2023/4/24,9:45:00,1,Collision with vehicle,2,Monday,130,REAR END(VEHICLES IN SAME LANE),1,777412,2,0,0,1,1,2,1,5,Not at intersection,3,80,Arterial Highway
T20230009510,2023/4/24,9:20:00,1,Collision with vehicle,2,Monday,131,LEFT REAR,1,770246,2,0,1,1,1,3,1,5,Not at intersection,2,100,Arterial Other
T20230009701,2023/4/24,15:30:00,3,Struck animal,1,Monday,167,STRUCK ANIMAL,1,783873,1,0,0,1,0,1,2,5,Not at intersection,3,70,Local Road
T20230009629,2023/4/24,17:00:00,1,Collision with vehicle,1,Monday,130,REAR END(VEHICLES IN SAME LANE),9,770843,2,0,0,1,1,2,2,1,Cross intersection,3,50,Local Road
T20230009735,2023/4/25,12:00:00,8,No collision and no object struck,3,Tuesday,184,OUT OF CONTROL ON CARRIAGEWAY (ON BEND),1,770837,1,0,0,1,0,1,2,5,Not at intersection,3,999,Local Road
T20230009647,2023/4/25,16:10:00,2,Struck Pedestrian,2,Tuesday,100,PED NEAR SIDE. PED HIT BY VEHICLE FROM THE RIGHT.,1,40004,1,0,0,1,2,3,2,1,Cross intersection,3,60,Arterial Other
T20230019227,2023/4/25,17:20:00,1,Collision with vehicle,3,Tuesday,130,REAR END(VEHICLES IN SAME LANE),2,35470,2,0,0,1,1,2,2,1,Cross intersection,3,50,Freeway
T20230009620,2023/4/25,5:50:00,1,Collision with vehicle,2,Tuesday,116,LEFT NEAR (INTERSECTIONS ONLY),3,244028,2,0,0,1,1,2,2,2,T intersection,3,60,Local Road
T20230009646,2023/4/25,12:54:00,1,Collision with vehicle,3,Tuesday,113,RIGHT NEAR (INTERSECTIONS ONLY),1,765535,2,0,1,1,0,2,1,2,T intersection,2,60,Arterial Highway
T20230009592,2023/4/25,5:50:00,1,Collision with vehicle,2,Tuesday,135,LANE CHANGE LEFT (NOT OVERTAKING),2,787994,2,0,0,1,4,5,2,5,Not at intersection,3,50,Local Road