ACCIDENT_NO,ACCIDENT_DATE,ACCIDENT_TIME,ACCIDENT_TYPE,ACCIDENT_TYPE_DESC,DAY_OF_WEEK,DAY_WEEK_DESC,DCA_CODE,DCA_DESC,LIGHT_CONDITION,NODE_ID,NO_OF_VEHICLES,NO_PERSONS_KILLED,NO_PERSONS_INJ_2,NO_PERSONS_INJ_3,NO_PERSONS_NOT_INJ,NO_PERSONS,POLICE_ATTEND,ROAD_GEOMETRY,ROAD_GEOMETRY_DESC,SEVERITY,SPEED_ZONE,RMA
T20230009643,2023/4/25,17:16:00,4,Collision with a fixed object,3,Tuesday,171,LEFT OFF CARRIAGEWAY INTO OBJECT/PARKED VEHICLE,2,775602,1,0,1,0,0,1,1,5,Not at intersection,2,100,Arterial Other
T20230009881,2023/4/25,13:20:00,1,Collision with vehicle,2,Tuesday,111,RIGHT FAR (INTERSECTIONS ONLY),1,773568,3,0,0,1,2,3,1,2,T intersection,3,80,Arterial Other
T20230009610,2023/4/25,11:00:00,1,Collision with vehicle,3,Tuesday,148,VEHICLE OFF FOOTPATH STRIKES VEH ON CARRIAGEWAY,1,40967,2,0,1,0,1,2,1,2,T intersection,2,60,Arterial Other
T20230009604,2023/4/25,8:20:00,1,Collision with vehicle,2,Tuesday,192,STRUCK TRAIN,1,788000,2,0,0,1,1,2,1,5,Not at intersection,3,60,Local Road
T20230015047,2023/4/25,19:30:00,8,No collision and no object struck,3,Tuesday,179,OTHER ACCIDENTS-OFF STRAIGHT NOT INCLUDED IN DCAs 170-175,2,776999,1,0,0,1,1,2,2,5,Not at intersection,3,60,Arterial Other
T20230009641,2023/4/25,16:36:00,4,Collision with a fixed object,3,Tuesday,181,OFF RIGHT BEND INTO OBJECT/PARKED VEHICLE,1,771103,1,0,0,1,0,1,1,5,Not at intersection,3,50,Local Road
T20230009598,2023/4/25,9:20:00,1,Collision with vehicle,2,Tuesday,110,CROSS TRAFFIC(INTERSECTIONS ONLY),1,43597,2,0,0,1,2,3,1,1,Cross intersection,3,80,Arterial Other
T20230009595,2023/4/25,9:40:00,4,Collision with a fixed object,2,Tuesday,173,RIGHT OFF CARRIAGEWAY INTO OBJECT/PARKED VEHICLE,1,770976,1,0,0,1,0,1,1,5,Not at intersection,3,50,Local Road
T20230009639,2023/4/25,12:45:00,4,Collision with a fixed object,2,Tuesday,173,RIGHT OFF CARRIAGEWAY INTO OBJECT/PARKED VEHICLE,1,780010,1,0,1,0,0,1,1,5,Not at intersection,2,100,Arterial Highway
T20230009597,2023/4/25,8:00:00,3,Struck animal,2,Tuesday,167,STRUCK ANIMAL,1,774468,1,0,1,0,0,1,1,5,Not at intersection,2,100,Arterial Other
T20230009678,2023/4/25,14:15:00,1,Collision with vehicle,2,Tuesday,136,RIGHT TURN SIDESWIPE,1,1240,2,0,1,0,1,2,1,3,Y intersection,2,999,Local Road
T20230009601,2023/4/25,9:35:00,3,Struck animal,2,Tuesday,167,STRUCK ANIMAL,1,780509,1,0,0,1,0,1,1,5,Not at intersection,3,110,Freeway
T20240003231,2023/4/25,13:00:00,1,Collision with vehicle,2,Tuesday,132,RIGHT REAR.,1,56764,2,0,0,1,4,5,1,2,T intersection,3,999,Local Road
T20230009775,2023/4/25,12:20:00,1,Collision with vehicle,2,Tuesday,171,LEFT OFF CARRIAGEWAY INTO OBJECT/PARKED VEHICLE,1,771225,2,0,1,0,0,1,1,5,Not at intersection,2,50,Local Road
T20230009634,2023/4/25,15:15:00,1,Collision with vehicle,3,Tuesday,113,RIGHT NEAR (INTERSECTIONS ONLY),1,609054,2,0,1,2,2,5,1,2,T intersection,2,80,Arterial Other
T20230010210,2023/4/25,17:55:00,9,Other accident,2,Tuesday,179,OTHER ACCIDENTS-OFF STRAIGHT NOT INCLUDED IN DCAs 170-175,9,777049,2,0,1,0,1,2,2,5,Not at intersection,2,40,Local Road
T20230009668,2023/4/25,22:45:00,1,Collision with vehicle,3,Tuesday,120,HEAD ON (NOT OVERTAKING),5,775106,2,0,1,0,1,2,1,5,Not at intersection,2,100,Arterial Highway
T20230009586,2023/4/25,1:11:00,4,Collision with a fixed object,2,Tuesday,171,LEFT OFF CARRIAGEWAY INTO OBJECT/PARKED VEHICLE,3,292841,1,1,0,0,0,1,1,5,Not at intersection,1,80,Freeway
T20230009632,2023/4/25,15:30:00,1,Collision with vehicle,3,Tuesday,134,LANE CHANGE RIGHT (NOT OVERTAKING),1,770477,2,0,0,1,1,2,1,5,Not at intersection,3,80,Arterial Highway
T20230009627,2023/4/25,14:00:00,1,Collision with vehicle,2,Tuesday,110,CROSS TRAFFIC(INTERSECTIONS ONLY),1,36448,2,0,0,2,2,4,2,1,Cross intersection,3,80,Arterial Highway
T20230009989,2023/4/25,17:40:00,7,Fall from or in moving vehicle,3,Tuesday,190,FELL IN/FROM VEHICLE,9,37951,1,0,0,1,1,2,2,2,T intersection,3,40,Local Road
T20230009660,2023/4/25,20:45:00,4,Collision with a fixed object,2,Tuesday,171,LEFT OFF CARRIAGEWAY INTO OBJECT/PARKED VEHICLE,3,776374,1,0,0,1,2,3,1,5,Not at intersection,3,60,Arterial Other
T20230009588,2023/4/25,0:15:00,1,Collision with vehicle,3,Tuesday,160,VEHICLE COLLIDES WITH VEHICLE PARKED ON LEFT OF ROAD,5,784527,2,0,0,1,1,2,1,5,Not at intersection,3,50,Local Road
T20230009626,2023/4/25,12:31:00,1,Collision with vehicle,2,Tuesday,121,RIGHT THROUGH,1,43626,2,0,0,4,3,7,1,1,Cross intersection,3,60,Arterial Other
T20230009609,2023/4/25,11:05:00,6,Vehicle overturned (no collision),2,Tuesday,170,OFF CARRIAGEWAY TO LEFT,1,787996,1,0,1,0,0,1,1,5,Not at intersection,2,70,Local Road
T20230011575,2023/4/25,14:00:00,8,No collision and no object struck,3,Tuesday,184,OUT OF CONTROL ON CARRIAGEWAY (ON BEND),1,783012,1,0,1,0,0,1,2,5,Not at intersection,2,80,Local Road
T20230009659,2023/4/25,17:48:00,1,Collision with vehicle,3,Tuesday,130,REAR END(VEHICLES IN SAME LANE),3,771689,2,0,1,1,0,2,1,5,Not at intersection,2,80,Arterial Other
T20230009625,2023/4/25,12:50:00,1,Collision with vehicle,3,Tuesday,121,RIGHT THROUGH,1,44336,2,0,0,3,1,4,1,1,Cross intersection,3,60,Arterial Other
T20230009657,2023/4/25,4:59:00,1,Collision with vehicle,2,Tuesday,147,VEHICLE STRIKES ANOTHER VEH WHILE EMERGING FROM DRIVEWAY,5,788443,2,0,1,0,1,2,1,5,Not at intersection,2,80,Arterial Highway
T20230009654,2023/4/25,19:36:00,1,Collision with vehicle,3,Tuesday,112,LEFT FAR (INTERSECTIONS ONLY),3,1288,2,0,0,1,2,3,1,2,T intersection,3,60,Arterial Other
T20230012749,2023/4/25,17:40:00,1,Collision with vehicle,2,Tuesday,111,RIGHT FAR (INTERSECTIONS ONLY),1,243933,2,0,0,1,1,2,1,2,T intersection,3,60,Arterial Highway
T20230009653,2023/4/25,19:12:00,1,Collision with vehicle,3,Tuesday,130,REAR END(VEHICLES IN SAME LANE),2,778540,2,0,1,0,1,2,1,2,T intersection,2,50,Local Road
T20230009652,2023/4/25,14:50:00,4,Collision with a fixed object,2,Tuesday,171,LEFT OFF CARRIAGEWAY INTO OBJECT/PARKED VEHICLE,1,771688,1,0,0,1,0,1,1,1,Cross intersection,3,60,Arterial Other
T20230023598,2023/4/25,9:00:00,1,Collision with vehicle,2,Tuesday,130,REAR END(VEHICLES IN SAME LANE),9,29765,2,0,0,1,1,2,2,1,Cross intersection,3,999,Arterial Other
T20230009612,2023/4/25,11:30:00,6,Vehicle overturned (no collision),3,Tuesday,174,OUT OF CONTROL ON CARRIAGEWAY (ON STRAIGHT),1,45226,1,0,0,1,0,1,1,1,Cross intersection,3,60,Arterial Other
T20230009651,2023/4/25,14:50:00,2,Struck Pedestrian,2,Tuesday,100,PED NEAR SIDE. PED HIT BY VEHICLE FROM THE RIGHT.,1,787982,1,0,0,1,1,2,1,5,Not at intersection,3,60,Arterial Other
T20230009650,2023/4/25,15:00:00,1,Collision with vehicle,2,Tuesday,116,LEFT NEAR (INTERSECTIONS ONLY),1,46350,2,0,1,0,1,2,1,2,T intersection,2,80,Arterial Highway
T20230009649,2023/4/25,18:27:00,1,Collision with vehicle,2,Tuesday,173,RIGHT OFF CARRIAGEWAY INTO OBJECT/PARKED VEHICLE,3,771223,2,0,1,0,0,1,1,5,Not at intersection,2,50,Local Road
T20230013142,2023/4/25,16:38:00,1,Collision with vehicle,2,Tuesday,130,REAR END(VEHICLES IN SAME LANE),1,38679,3,0,0,1,2,3,1,2,T intersection,3,60,Arterial Other
T20230009648,2023/4/25,17:00:00,6,Vehicle overturned (no collision),3,Tuesday,182,OFF CARRIAGEWAY ON LEFT BEND,1,775840,1,0,1,0,0,1,1,5,Not at intersection,2,60,Local Road
T20230009716,2023/4/25,23:07:00,4,Collision with a fixed object,2,Tuesday,141,U TURN INTO FIXED OBJECT/PARKED VEHICLE,3,770983,1,0,1,0,0,1,1,1,Cross intersection,2,80,Local Road
T20230009623,2023/4/25,12:00:00,1,Collision with vehicle,3,Tuesday,121,RIGHT THROUGH,1,31286,2,0,0,1,2,3,1,2,T intersection,3,60,Local Road
T20230009750,2023/4/26,17:10:00,4,Collision with a fixed object,3,Wednesday,171,LEFT OFF CARRIAGEWAY INTO OBJECT/PARKED VEHICLE,2,787997,1,0,1,0,0,1,1,5,Not at intersection,2,50,Arterial Other
T20230009878,2023/4/26,15:30:00,1,Collision with vehicle,3,Wednesday,130,REAR END(VEHICLES IN SAME LANE),1,353375,2,0,0,1,1,2,2,1,Cross intersection,3,80,Arterial Other
T20230009747,2023/4/26,19:55:00,1,Collision with vehicle,3,Wednesday,121,RIGHT THROUGH,3,39539,2,0,0,2,0,2,1,2,T intersection,3,60,Arterial Other
T20230009846,2023/4/26,19:15:00,1,Collision with vehicle,4,Wednesday,132,RIGHT REAR.,9,45632,2,0,1,0,1,2,2,2,T intersection,2,40,Arterial Other
T20230009746,2023/4/26,18:50:00,6,Vehicle overturned (no collision),4,Wednesday,180,OFF CARRIAGEWAY ON RIGHT BEND,5,783009,1,0,1,0,0,1,1,3,Y intersection,2,100,Local Road
T20230009705,2023/4/26,10:28:00,1,Collision with vehicle,4,Wednesday,111,RIGHT FAR (INTERSECTIONS ONLY),1,52412,2,0,0,1,1,2,1,1,Cross intersection,3,50,Local Road
T20230009727,2023/4/26,18:18:00,2,Struck Pedestrian,4,Wednesday,100,PED NEAR SIDE. PED HIT BY VEHICLE FROM THE RIGHT.,3,19417,1,0,1,0,1,2,1,1,Cross intersection,2,60,Arterial Other
T20230009682,2023/4/26,8:50:00,2,Struck Pedestrian,3,Wednesday,100,PED NEAR SIDE. PED HIT BY VEHICLE FROM THE RIGHT.,1,771690,1,0,1,0,1,2,1,1,Cross intersection,2,60,Arterial Other
T20230009681,2023/4/26,8:30:00,1,Collision with vehicle,3,Wednesday,110,CROSS TRAFFIC(INTERSECTIONS ONLY),1,47573,2,0,0,1,1,2,1,1,Cross intersection,3,60,Arterial Other
T20230009680,2023/4/26,9:30:00,1,Collision with vehicle,3,Wednesday,130,REAR END(VEHICLES IN SAME LANE),1,325,3,0,0,1,2,3,1,5,Not at intersection,3,60,Arterial Other
T20230009677,2023/4/26,7:34:00,1,Collision with vehicle,3,Wednesday,140,U TURN,1,771950,4,0,1,2,5,8,1,5,Not at intersection,2,50,Local Road
T20230009676,2023/4/26,8:01:00,2,Struck Pedestrian,3,Wednesday,100,PED NEAR SIDE. PED HIT BY VEHICLE FROM THE RIGHT.,1,38153,1,0,0,1,1,2,1,1,Cross intersection,3,60,Arterial Other
T20230009674,2023/4/26,7:15:00,8,No collision and no object struck,4,Wednesday,179,OTHER ACCIDENTS-OFF STRAIGHT NOT INCLUDED IN DCAs 170-175,1,770709,2,0,1,0,1,2,1,5,Not at intersection,2,80,Arterial Highway
T20230009672,2023/4/26,6:27:00,1,Collision with vehicle,4,Wednesday,130,REAR END(VEHICLES IN SAME LANE),2,776692,4,0,1,0,3,4,1,5,Not at intersection,2,80,Arterial Other
T20230009669,2023/4/26,5:50:00,1,Collision with vehicle,4,Wednesday,121,RIGHT THROUGH,3,64054,2,0,1,0,1,2,1,2,T intersection,2,40,Local Road
T20230015579,2023/4/26,8:55:00,2,Struck Pedestrian,3,Wednesday,100,PED NEAR SIDE. PED HIT BY VEHICLE FROM THE RIGHT.,9,33879,1,0,1,0,1,2,2,1,Cross intersection,2,999,Arterial Highway
T20230009725,2023/4/26,16:52:00,1,Collision with vehicle,4,Wednesday,121,RIGHT THROUGH,2,250878,2,0,1,0,1,2,1,2,T intersection,2,60,Arterial Other
T20230009666,2023/4/26,3:40:00,4,Collision with a fixed object,4,Wednesday,171,LEFT OFF CARRIAGEWAY INTO OBJECT/PARKED VEHICLE,5,776638,1,0,1,1,0,2,1,5,Not at intersection,2,110,Freeway
T20230010176,2023/4/26,9:40:00,2,Struck Pedestrian,3,Wednesday,107,PED ON FOOTHPATH STRUCK BY VEHENTERING/LEAVING DRIVEWAY.,1,786667,1,0,0,1,1,2,1,5,Not at intersection,3,999,Local Road
T20230009732,2023/4/26,17:17:00,1,Collision with vehicle,3,Wednesday,130,REAR END(VEHICLES IN SAME LANE),2,784881,3,0,0,1,2,3,1,5,Not at intersection,3,80,Arterial Highway
T20230009759,2023/4/26,22:40:00,1,Collision with vehicle,3,Wednesday,130,REAR END(VEHICLES IN SAME LANE),3,771224,2,0,0,1,1,2,1,2,T intersection,3,80,Arterial Other
T20230012262,2023/4/26,10:40:00,1,Collision with vehicle,4,Wednesday,130,REAR END(VEHICLES IN SAME LANE),1,777041,2,0,0,1,1,2,1,5,Not at intersection,3,100,Arterial Highway
T20230009712,2023/4/26,14:47:00,1,Collision with vehicle,4,Wednesday,110,CROSS TRAFFIC(INTERSECTIONS ONLY),1,52682,2,0,0,1,1,2,1,1,Cross intersection,3,60,Arterial Highway
T20230009798,2023/4/26,14:10:00,4,Collision with a fixed object,3,Wednesday,179,OTHER ACCIDENTS-OFF STRAIGHT NOT INCLUDED IN DCAs 170-175,1,788240,1,0,0,1,1,2,1,5,Not at intersection,3,40,
T20230009713,2023/4/26,15:03:00,1,Collision with vehicle,3,Wednesday,135,LANE CHANGE LEFT (NOT OVERTAKING),1,784880,2,0,1,0,3,4,1,5,Not at intersection,2,60,Arterial Highway
T20230009751,2023/4/26,19:10:00,1,Collision with vehicle,4,Wednesday,110,CROSS TRAFFIC(INTERSECTIONS ONLY),2,299955,2,0,0,1,1,2,1,1,Cross intersection,3,50,Local Road
T20230009696,2023/4/26,12:25:00,1,Collision with vehicle,3,Wednesday,121,RIGHT THROUGH,1,46265,2,0,0,2,0,2,1,2,T intersection,3,60,Local Road
T20230009738,2023/4/26,13:00:00,2,Struck Pedestrian,3,Wednesday,102,FAR SIDE. PED HIT BY VEHICLE FROM THE LEFT,1,773567,1,0,0,1,1,2,2,5,Not at intersection,3,40,Local Road
T20230009697,2023/4/26,12:01:00,1,Collision with vehicle,4,Wednesday,120,HEAD ON (NOT OVERTAKING),1,774494,2,0,1,0,1,2,1,5,Not at intersection,2,40,Local Road
T20230009734,2023/4/26,15:55:00,4,Collision with a fixed object,4,Wednesday,181,OFF RIGHT BEND INTO OBJECT/PARKED VEHICLE,1,770845,1,1,0,0,0,1,1,5,Not at intersection,1,100,Local Road
T20230009664,2023/4/26,1:10:00,1,Collision with vehicle,4,Wednesday,160,VEHICLE COLLIDES WITH VEHICLE PARKED ON LEFT OF ROAD,3,68032,3,0,1,0,1,2,1,1,Cross intersection,2,50,Local Road
T20230009733,2023/4/26,16:40:00,1,Collision with vehicle,4,Wednesday,110,CROSS TRAFFIC(INTERSECTIONS ONLY),1,54679,2,0,0,1,2,3,1,1,Cross intersection,3,70,Arterial Highway
T20230009722,2023/4/26,15:55:00,1,Collision with vehicle,3,Wednesday,134,LANE CHANGE RIGHT (NOT OVERTAKING),1,928,2,0,1,0,1,2,1,2,T intersection,2,80,Arterial Highway
T20230010204,2023/4/26,9:10:00,1,Collision with vehicle,4,Wednesday,130,REAR END(VEHICLES IN SAME LANE),1,278703,2,0,1,0,1,2,2,4,Multiple intersection,2,60,Freeway
T20230009745,2023/4/26,19:30:00,4,Collision with a fixed object,3,Wednesday,171,LEFT OFF CARRIAGEWAY INTO OBJECT/PARKED VEHICLE,5,787987,1,0,0,1,0,1,1,5,Not at intersection,3,60,Local Road
T20230009744,2023/4/26,17:40:00,1,Collision with vehicle,3,Wednesday,129,OTHER OPPOSING MANOEUVRES NOT INCLUDED IN DCAs 120-125.,2,73359,2,0,0,1,1,2,1,1,Cross intersection,3,50,Local Road
T20230009685,2023/4/26,10:15:00,1,Collision with vehicle,4,Wednesday,140,U TURN,1,37058,2,0,1,0,1,2,1,2,T intersection,2,70,Arterial Highway
T20230011611,2023/4/26,10:45:00,1,Collision with vehicle,3,Wednesday,139,OTHER SAME DIRECTION-MANOUEVRES NOT INCLUDED IN DCAs 130-137,1,784890,2,0,0,1,1,2,2,5,Not at intersection,3,40,Arterial Other
T20230009686,2023/4/26,5:50:00,1,Collision with vehicle,4,Wednesday,111,RIGHT FAR (INTERSECTIONS ONLY),2,38534,2,0,1,1,0,2,1,1,Cross intersection,2,60,Arterial Other
T20230010363,2023/4/26,14:28:00,1,Collision with vehicle,4,Wednesday,140,U TURN,1,776963,2,0,0,1,1,2,2,5,Not at intersection,3,60,Local Road
T20230009754,2023/4/26,17:10:00,2,Struck Pedestrian,4,Wednesday,101,PED EMERGES FROM IN FRONT OF PARKED OR STATIONARY VEHICLE,1,771691,1,0,1,0,1,2,1,5,Not at intersection,2,50,Local Road
T20230010563,2023/4/26,16:45:00,1,Collision with vehicle,4,Wednesday,130,REAR END(VEHICLES IN SAME LANE),1,773919,3,0,0,1,2,3,2,5,Not at intersection,3,100,Freeway
T20230009758,2023/4/26,18:15:00,2,Struck Pedestrian,4,Wednesday,106,VEH STRIKES PED ON FOOTPATH/MEDIAN/TRAFFIC ISLAND.,2,36826,1,0,0,1,1,2,2,1,Cross intersection,3,40,Arterial Other
T20230015148,2023/4/26,11:16:00,1,Collision with vehicle,3,Wednesday,135,LANE CHANGE LEFT (NOT OVERTAKING),1,776590,2,0,0,1,1,2,1,5,Not at intersection,3,110,Freeway
T20230010444,2023/4/26,16:15:00,1,Collision with vehicle,3,Wednesday,130,REAR END(VEHICLES IN SAME LANE),1,774031,2,0,0,2,1,3,2,5,Not at intersection,3,80,Freeway
T20230021246,2023/4/26,10:45:00,1,Collision with vehicle,3,Wednesday,110,CROSS TRAFFIC(INTERSECTIONS ONLY),1,780950,2,0,0,1,1,2,2,1,Cross intersection,3,50,Local Road
T20230012883,2023/4/26,8:20:00,1,Collision with vehicle,3,Wednesday,130,REAR END(VEHICLES IN SAME LANE),1,775927,5,0,0,1,4,5,1,5,Not at intersection,3,100,Freeway
T20230009892,2023/4/26,15:15:00,2,Struck Pedestrian,3,Wednesday,100,PED NEAR SIDE. PED HIT BY VEHICLE FROM THE RIGHT.,1,771463,1,0,0,1,1,2,2,5,Not at intersection,3,40,Local Road
T20230010005,2023/4/26,20:30:00,1,Collision with vehicle,3,Wednesday,133,LANE SIDE SWIPE (VEHICLES IN PARALLEL LANES),5,776120,2,0,0,1,1,2,1,5,Not at intersection,3,100,Local Road
T20230009688,2023/4/26,8:37:00,1,Collision with vehicle,3,Wednesday,112,LEFT FAR (INTERSECTIONS ONLY),2,65712,2,0,0,1,1,2,1,2,T intersection,3,50,Arterial Other
T20230009737,2023/4/26,16:56:00,4,Collision with a fixed object,3,Wednesday,173,RIGHT OFF CARRIAGEWAY INTO OBJECT/PARKED VEHICLE,2,778541,1,0,0,1,0,1,1,5,Not at intersection,3,60,Local Road
T20230009752,2023/4/26,0:10:00,6,Vehicle overturned (no collision),3,Wednesday,174,OUT OF CONTROL ON CARRIAGEWAY (ON STRAIGHT),3,41201,1,0,1,0,0,1,1,1,Cross intersection,2,60,Arterial Other
T20230009810,2023/4/27,10:11:00,1,Collision with vehicle,5,Thursday,113,RIGHT NEAR (INTERSECTIONS ONLY),1,772607,3,0,3,0,1,4,1,1,Cross intersection,2,70,Arterial Other
T20230009816,2023/4/27,15:55:00,1,Collision with vehicle,4,Thursday,113,RIGHT NEAR (INTERSECTIONS ONLY),1,40418,2,0,0,1,1,2,1,2,T intersection,3,60,Arterial Other
T20230009818,2023/4/27,10:40:00,1,Collision with vehicle,4,Thursday,130,REAR END(VEHICLES IN SAME LANE),1,777699,2,0,0,1,1,2,1,5,Not at intersection,3,60,Local Road
T20230009820,2023/4/27,7:50:00,1,Collision with vehicle,5,Thursday,140,U TURN,1,779730,2,0,0,1,1,2,2,1,Cross intersection,3,60,Arterial Highway
T20230009822,2023/4/27,16:25:00,1,Collision with vehicle,5,Thursday,136,RIGHT TURN SIDESWIPE,1,47363,2,0,0,1,1,2,1,1,Cross intersection,3,80,Local Road
T20230009824,2023/4/27,18:15:00,2,Struck Pedestrian,4,Thursday,105,PED WALKING AGAINST TRAFFIC.,5,774280,1,0,0,1,1,2,2,5,Not at intersection,3,999,Local Road
T20230009828,2023/4/27,15:05:00,4,Collision with a fixed object,5,Thursday,173,RIGHT OFF CARRIAGEWAY INTO OBJECT/PARKED VEHICLE,1,775554,1,0,2,0,0,2,1,2,T intersection,2,100,Local Road
T20230009829,2023/4/27,17:05:00,2,Struck Pedestrian,5,Thursday,100,PED NEAR SIDE. PED HIT BY VEHICLE FROM THE RIGHT.,2,41563,1,0,0,1,1,2,1,1,Cross intersection,3,40,Local Road
T20230011704,2023/4/27,18:30:00,1,Collision with vehicle,4,Thursday,130,REAR END(VEHICLES IN SAME LANE),3,774328,2,0,0,1,1,2,2,5,Not at intersection,3,50,Arterial Other
T20230009830,2023/4/27,15:38:00,2,Struck Pedestrian,4,Thursday,103,PED PLAYING/LYING/WORKING/STANDING ON CARRIAGEWAY.,1,778603,1,0,0,1,2,3,1,5,Not at intersection,3,40,Arterial Other
T20230009833,2023/4/27,18:38:00,2,Struck Pedestrian,5,Thursday,101,PED EMERGES FROM IN FRONT OF PARKED OR STATIONARY VEHICLE,3,770989,1,0,1,0,1,2,1,5,Not at intersection,2,50,Local Road
T20230009835,2023/4/27,17:00:00,1,Collision with vehicle,4,Thursday,110,CROSS TRAFFIC(INTERSECTIONS ONLY),1,770120,2,0,0,1,2,3,1,1,Cross intersection,3,80,Arterial Other
T20230009836,2023/4/27,19:20:00,1,Collision with vehicle,4,Thursday,113,RIGHT NEAR (INTERSECTIONS ONLY),3,29445,2,0,0,1,1,2,1,2,T intersection,3,70,Local Road
T20230009837,2023/4/27,17:30:00,1,Collision with vehicle,5,Thursday,113,RIGHT NEAR (INTERSECTIONS ONLY),2,774101,2,0,1,2,1,4,1,2,T intersection,2,70,Arterial Highway
T20230009839,2023/4/27,18:28:00,1,Collision with vehicle,4,Thursday,120,HEAD ON (NOT OVERTAKING),3,29732,2,0,1,0,1,2,1,2,T intersection,2,60,Arterial Other
T20230009840,2023/4/27,19:39:00,1,Collision with vehicle,5,Thursday,113,RIGHT NEAR (INTERSECTIONS ONLY),3,291065,2,0,1,2,0,3,1,4,Multiple intersection,2,80,Freeway
T20230009859,2023/4/27,9:00:00,2,Struck Pedestrian,4,Thursday,106,VEH STRIKES PED ON FOOTPATH/MEDIAN/TRAFFIC ISLAND.,1,49321,1,0,0,1,1,2,2,1,Cross intersection,3,60,Arterial Other
T20230009862,2023/4/27,15:30:00,1,Collision with vehicle,4,Thursday,121,RIGHT THROUGH,1,40906,2,0,0,1,1,2,1,1,Cross intersection,3,80,Arterial Other
T20230009876,2023/4/27,15:39:00,1,Collision with vehicle,5,Thursday,130,REAR END(VEHICLES IN SAME LANE),1,780534,3,0,0,1,2,3,1,2,T intersection,3,60,Arterial Other
T20230009879,2023/4/27,8:40:00,1,Collision with vehicle,4,Thursday,130,REAR END(VEHICLES IN SAME LANE),1,772484,2,0,0,1,1,2,2,2,T intersection,3,80,Arterial Other
T20230009850,2023/4/27,18:00:00,1,Collision with vehicle,4,Thursday,130,REAR END(VEHICLES IN SAME LANE),2,777457,2,0,0,1,1,2,1,5,Not at intersection,3,40,Arterial Other
T20230010156,2023/4/27,13:30:00,1,Collision with vehicle,5,Thursday,147,VEHICLE STRIKES ANOTHER VEH WHILE EMERGING FROM DRIVEWAY,1,782880,2,0,0,1,1,2,2,5,Not at intersection,3,50,
T20230009844,2023/4/27,16:25:00,2,Struck Pedestrian,4,Thursday,101,PED EMERGES FROM IN FRONT OF PARKED OR STATIONARY VEHICLE,1,771105,2,0,1,0,2,3,1,5,Not at intersection,2,50,Local Road
T20230010804,2023/4/27,12:15:00,1,Collision with vehicle,5,Thursday,130,REAR END(VEHICLES IN SAME LANE),1,781134,2,0,0,1,1,2,2,5,Not at intersection,3,80,Freeway
T20230010083,2023/4/27,12:52:00,1,Collision with vehicle,5,Thursday,135,LANE CHANGE LEFT (NOT OVERTAKING),1,774007,2,0,1,1,0,2,2,5,Not at intersection,2,60,Arterial Highway
T20230009848,2023/4/27,15:15:00,1,Collision with vehicle,4,Thursday,147,VEHICLE STRIKES ANOTHER VEH WHILE EMERGING FROM DRIVEWAY,1,790529,2,0,0,1,1,2,2,5,Not at intersection,3,999,Local Road
T20230009763,2023/4/27,6:31:00,1,Collision with vehicle,5,Thursday,130,REAR END(VEHICLES IN SAME LANE),2,780023,2,0,0,1,1,2,1,5,Not at intersection,3,100,Freeway
T20230020202,2023/4/27,14:30:00,1,Collision with vehicle,4,Thursday,130,REAR END(VEHICLES IN SAME LANE),1,57918,2,0,0,1,1,2,2,1,Cross intersection,3,80,Arterial Highway
T20230010430,2023/4/27,22:45:00,1,Collision with vehicle,4,Thursday,136,RIGHT TURN SIDESWIPE,3,61467,2,0,0,1,1,2,2,2,T intersection,3,50,Local Road
T20230009769,2023/4/27,8:50:00,1,Collision with vehicle,5,Thursday,110,CROSS TRAFFIC(INTERSECTIONS ONLY),1,356393,2,0,0,1,1,2,1,1,Cross intersection,3,80,Arterial Other
T20230009773,2023/4/27,8:15:00,1,Collision with vehicle,5,Thursday,110,CROSS TRAFFIC(INTERSECTIONS ONLY),1,358851,2,0,1,2,1,4,1,1,Cross intersection,2,100,Arterial Highway
T20230010046,2023/4/27,7:30:00,1,Collision with vehicle,4,Thursday,130,REAR END(VEHICLES IN SAME LANE),1,777427,2,0,0,1,2,3,2,5,Not at intersection,3,100,Freeway
T20230012091,2023/4/27,11:00:00,6,Vehicle overturned (no collision),4,Thursday,174,OUT OF CONTROL ON CARRIAGEWAY (ON STRAIGHT),1,398,1,0,0,1,0,1,2,1,Cross intersection,3,60,Arterial Other
T20230009849,2023/4/27,18:54:00,1,Collision with vehicle,5,Thursday,121,RIGHT THROUGH,3,774102,2,0,0,1,1,2,1,5,Not at intersection,3,40,Arterial Other
T20230010079,2023/4/27,8:31:00,1,Collision with vehicle,4,Thursday,130,REAR END(VEHICLES IN SAME LANE),1,784886,3,0,0,4,4,8,2,5,Not at intersection,3,60,Arterial Other
T20230012067,2023/4/27,21:20:00,1,Collision with vehicle,5,Thursday,121,RIGHT THROUGH,3,349924,2,0,0,1,2,3,1,1,Cross intersection,3,70,Arterial Highway
T20230015181,2023/4/27,12:00:00,1,Collision with vehicle,5,Thursday,130,REAR END(VEHICLES IN SAME LANE),1,357087,2,0,0,1,1,2,2,2,T intersection,3,80,Arterial Other
T20230009795,2023/4/27,12:11:00,1,Collision with vehicle,5,Thursday,130,REAR END(VEHICLES IN SAME LANE),1,773659,2,0,1,0,1,2,1,5,Not at intersection,2,40,Arterial Other