ACCIDENT_NO,ACCIDENT_DATE,ACCIDENT_TIME,ACCIDENT_TYPE,ACCIDENT_TYPE_DESC,DAY_OF_WEEK,DAY_WEEK_DESC,DCA_CODE,DCA_DESC,LIGHT_CONDITION,NODE_ID,NO_OF_VEHICLES,NO_PERSONS_KILLED,NO_PERSONS_INJ_2,NO_PERSONS_INJ_3,NO_PERSONS_NOT_INJ,NO_PERSONS,POLICE_ATTEND,ROAD_GEOMETRY,ROAD_GEOMETRY_DESC,SEVERITY,SPEED_ZONE,RMA
T20230009790,2023/4/27,12:37:00,8,No collision and no object struck,5,Thursday,174,OUT OF CONTROL ON CARRIAGEWAY (ON STRAIGHT),1,770986,1,0,1,0,0,1,1,2,T intersection,2,40,Local Road
T20230009789,2023/4/27,10:00:00,1,Collision with vehicle,4,Thursday,120,HEAD ON (NOT OVERTAKING),1,784882,2,0,0,2,1,3,1,5,Not at intersection,3,100,Arterial Highway
T20230009787,2023/4/27,12:12:00,1,Collision with vehicle,5,Thursday,110,CROSS TRAFFIC(INTERSECTIONS ONLY),1,277609,2,0,1,1,0,2,1,1,Cross intersection,2,100,Arterial Highway
T20230009797,2023/4/27,8:37:00,1,Collision with vehicle,4,Thursday,111,RIGHT FAR (INTERSECTIONS ONLY),1,42875,3,0,1,2,1,4,1,2,T intersection,2,80,Arterial Highway
T20230009806,2023/4/27,12:05:00,8,No collision and no object struck,5,Thursday,180,OFF CARRIAGEWAY ON RIGHT BEND,1,771106,1,0,1,0,0,1,1,5,Not at intersection,2,100,Arterial Other
T20230009782,2023/4/27,9:45:00,1,Collision with vehicle,5,Thursday,130,REAR END(VEHICLES IN SAME LANE),1,43259,2,0,1,0,1,2,2,1,Cross intersection,2,80,Arterial Other
T20230009809,2023/4/27,15:05:00,1,Collision with vehicle,5,Thursday,110,CROSS TRAFFIC(INTERSECTIONS ONLY),1,45185,2,0,0,1,1,2,1,1,Cross intersection,3,50,Local Road
T20230009851,2023/4/27,18:30:00,1,Collision with vehicle,4,Thursday,110,CROSS TRAFFIC(INTERSECTIONS ONLY),3,36364,2,0,0,1,2,3,1,1,Cross intersection,3,60,Arterial Other
T20230010908,2023/4/28,16:30:00,1,Collision with vehicle,5,Friday,130,REAR END(VEHICLES IN SAME LANE),9,63944,3,0,0,1,2,3,2,2,T intersection,3,999,Local Road
T20230011912,2023/4/28,17:33:00,4,Collision with a fixed object,5,Friday,181,OFF RIGHT BEND INTO OBJECT/PARKED VEHICLE,2,786022,1,0,0,1,1,2,1,5,Not at intersection,3,80,Freeway
T20230009874,2023/4/28,10:21:00,1,Collision with vehicle,5,Friday,130,REAR END(VEHICLES IN SAME LANE),1,707318,2,0,0,1,3,4,1,1,Cross intersection,3,60,Arterial Other
T20230009888,2023/4/28,7:50:00,1,Collision with vehicle,6,Friday,132,RIGHT REAR.,2,61114,2,0,1,1,0,2,1,2,T intersection,2,40,Arterial Other
T20230009890,2023/4/28,12:00:00,1,Collision with vehicle,6,Friday,160,VEHICLE COLLIDES WITH VEHICLE PARKED ON LEFT OF ROAD,1,771461,2,0,0,1,2,3,2,5,Not at intersection,3,999,Local Road
T20230009875,2023/4/28,11:05:00,1,Collision with vehicle,5,Friday,132,RIGHT REAR.,1,42747,2,0,0,1,1,2,1,1,Cross intersection,3,40,Local Road
T20230010432,2023/4/28,14:45:00,1,Collision with vehicle,6,Friday,130,REAR END(VEHICLES IN SAME LANE),1,773854,2,0,0,1,1,2,2,5,Not at intersection,3,80,Arterial Other
T20230009891,2023/4/28,13:00:00,1,Collision with vehicle,5,Friday,121,RIGHT THROUGH,1,29803,2,0,0,1,1,2,1,2,T intersection,3,60,Arterial Other
T20230009965,2023/4/28,13:40:00,1,Collision with vehicle,5,Friday,130,REAR END(VEHICLES IN SAME LANE),1,771693,2,0,0,1,1,2,1,5,Not at intersection,3,80,Arterial Highway
T20230011993,2023/4/28,15:50:00,1,Collision with vehicle,5,Friday,121,RIGHT THROUGH,1,714,2,0,0,1,1,2,2,1,Cross intersection,3,60,Arterial Other
T20230009894,2023/4/28,12:00:00,6,Vehicle overturned (no collision),5,Friday,184,OUT OF CONTROL ON CARRIAGEWAY (ON BEND),1,799920,1,0,1,0,0,1,2,5,Not at intersection,2,100,
T20230010319,2023/4/28,14:00:00,1,Collision with vehicle,5,Friday,110,CROSS TRAFFIC(INTERSECTIONS ONLY),1,51724,2,0,0,1,1,2,2,1,Cross intersection,3,60,Local Road
T20230009897,2023/4/28,7:10:00,1,Collision with vehicle,5,Friday,114,TWO RIGHT TURNING (INTERSECTIONS ONLY),1,67699,2,0,0,1,1,2,2,2,T intersection,3,999,Arterial Other
T20230012081,2023/4/28,12:30:00,1,Collision with vehicle,6,Friday,113,RIGHT NEAR (INTERSECTIONS ONLY),1,775838,2,0,0,1,1,2,2,1,Cross intersection,3,70,Local Road
T20230009899,2023/4/28,10:20:00,1,Collision with vehicle,6,Friday,148,VEHICLE OFF FOOTPATH STRIKES VEH ON CARRIAGEWAY,1,772214,2,0,1,0,1,2,1,2,T intersection,2,50,Local Road
T20230010022,2023/4/28,18:15:00,1,Collision with vehicle,6,Friday,120,HEAD ON (NOT OVERTAKING),2,772477,3,0,2,0,2,4,1,5,Not at intersection,2,80,Arterial Other
T20230012819,2023/4/28,20:35:00,1,Collision with vehicle,5,Friday,132,RIGHT REAR.,6,278455,2,0,0,1,1,2,2,2,T intersection,3,70,Local Road
T20230009900,2023/4/28,11:20:00,1,Collision with vehicle,5,Friday,137,LEFT TURN SIDESWIPE,1,36,2,0,0,1,2,3,1,1,Cross intersection,3,60,Arterial Other
T20230009934,2023/4/28,20:00:00,1,Collision with vehicle,5,Friday,110,CROSS TRAFFIC(INTERSECTIONS ONLY),3,29775,2,0,0,2,1,3,1,1,Cross intersection,3,80,Arterial Other
T20230009907,2023/4/28,16:53:00,1,Collision with vehicle,5,Friday,140,U TURN,1,689119,4,0,0,1,5,6,1,5,Not at intersection,3,50,Arterial Other
T20230009933,2023/4/28,19:09:00,6,Vehicle overturned (no collision),5,Friday,172,OFF CARRIAGEWAY TO RIGHT,3,781207,1,0,1,1,0,2,1,5,Not at intersection,2,60,Local Road
T20230009908,2023/4/28,17:00:00,1,Collision with vehicle,6,Friday,130,REAR END(VEHICLES IN SAME LANE),1,775406,2,0,1,0,1,2,1,5,Not at intersection,2,40,Local Road
T20230010447,2023/4/28,18:40:00,4,Collision with a fixed object,5,Friday,171,LEFT OFF CARRIAGEWAY INTO OBJECT/PARKED VEHICLE,9,784302,1,0,0,1,0,1,2,5,Not at intersection,3,80,Arterial Highway
T20230011020,2023/4/28,8:13:00,1,Collision with vehicle,6,Friday,130,REAR END(VEHICLES IN SAME LANE),1,776114,2,0,0,1,1,2,1,5,Not at intersection,3,60,Arterial Other
T20230009995,2023/4/28,18:40:00,1,Collision with vehicle,6,Friday,116,LEFT NEAR (INTERSECTIONS ONLY),3,38501,2,0,1,0,1,2,1,1,Cross intersection,2,999,Local Road
T20230009922,2023/4/28,18:15:00,1,Collision with vehicle,6,Friday,110,CROSS TRAFFIC(INTERSECTIONS ONLY),3,53464,3,0,2,0,3,5,1,1,Cross intersection,2,80,Arterial Highway
T20230009925,2023/4/28,19:00:00,2,Struck Pedestrian,5,Friday,109,ANY MANOEUVRE INVOLVING PED NOT INCLUDED IN DCAs 100-108.,9,777858,1,0,1,0,1,2,2,5,Not at intersection,2,999,Local Road
T20230009902,2023/4/28,15:30:00,1,Collision with vehicle,6,Friday,130,REAR END(VEHICLES IN SAME LANE),1,774148,3,0,1,0,2,3,1,2,T intersection,2,100,Freeway
T20230009928,2023/4/28,19:08:00,1,Collision with vehicle,5,Friday,110,CROSS TRAFFIC(INTERSECTIONS ONLY),3,50190,2,0,0,1,1,2,1,1,Cross intersection,3,80,Arterial Highway
T20230009929,2023/4/28,20:05:00,1,Collision with vehicle,6,Friday,121,RIGHT THROUGH,1,17631,2,0,0,5,0,5,1,2,T intersection,3,60,Arterial Other
T20230009956,2023/4/28,23:04:00,1,Collision with vehicle,6,Friday,113,RIGHT NEAR (INTERSECTIONS ONLY),3,47131,2,0,1,3,6,10,1,2,T intersection,2,80,Arterial Other
T20230009968,2023/4/28,18:30:00,4,Collision with a fixed object,6,Friday,173,RIGHT OFF CARRIAGEWAY INTO OBJECT/PARKED VEHICLE,5,773617,1,0,1,0,0,1,1,5,Not at intersection,2,100,Local Road
T20230016044,2023/4/28,15:30:00,5,collision with some other object,5,Friday,179,OTHER ACCIDENTS-OFF STRAIGHT NOT INCLUDED IN DCAs 170-175,1,784895,1,0,0,1,0,1,1,5,Not at intersection,3,80,Arterial Highway
T20230009935,2023/4/28,17:33:00,2,Struck Pedestrian,6,Friday,102,FAR SIDE. PED HIT BY VEHICLE FROM THE LEFT,3,771233,1,0,1,0,1,2,1,2,T intersection,2,60,Arterial Other
T20230009936,2023/4/28,20:35:00,1,Collision with vehicle,6,Friday,121,RIGHT THROUGH,3,29738,2,0,0,1,1,2,1,1,Cross intersection,3,60,Arterial Other
T20230009937,2023/4/28,15:03:00,1,Collision with vehicle,5,Friday,129,OTHER OPPOSING MANOEUVRES NOT INCLUDED IN DCAs 120-125.,1,71470,3,0,0,1,1,2,1,1,Cross intersection,3,50,Local Road
T20230009941,2023/4/28,21:10:00,1,Collision with vehicle,6,Friday,121,RIGHT THROUGH,3,38405,2,0,0,2,3,5,1,3,Y intersection,3,60,Arterial Other
T20230009943,2023/4/28,19:00:00,1,Collision with vehicle,5,Friday,139,OTHER SAME DIRECTION-MANOUEVRES NOT INCLUDED IN DCAs 130-137,3,785233,3,0,0,1,2,3,1,5,Not at intersection,3,60,Arterial Other
T20230009948,2023/4/28,21:00:00,1,Collision with vehicle,5,Friday,116,LEFT NEAR (INTERSECTIONS ONLY),3,44996,2,0,0,1,2,3,2,2,T intersection,3,60,Arterial Other
T20230022536,2023/4/28,2:45:00,2,Struck Pedestrian,5,Friday,108,PED STRUCK WALKING TO/FROM OR BOARDING/ALIGHTING VEHICLE.,3,782366,1,0,0,1,1,2,2,5,Not at intersection,3,50,Local Road
T20230014979,2023/4/28,18:30:00,1,Collision with vehicle,5,Friday,121,RIGHT THROUGH,2,239572,2,0,0,1,4,5,1,5,Not at intersection,3,60,Local Road
T20230010338,2023/4/28,17:00:00,1,Collision with vehicle,5,Friday,130,REAR END(VEHICLES IN SAME LANE),2,779888,2,0,1,1,0,2,2,5,Not at intersection,2,50,Local Road
T20230009861,2023/4/28,6:15:00,1,Collision with vehicle,6,Friday,135,LANE CHANGE LEFT (NOT OVERTAKING),1,777730,2,0,1,0,1,2,1,5,Not at intersection,2,80,Freeway
T20230009970,2023/4/28,13:10:00,1,Collision with vehicle,5,Friday,120,HEAD ON (NOT OVERTAKING),1,786733,2,0,1,0,1,2,1,5,Not at intersection,2,80,Arterial Other
T20230010768,2023/4/28,18:30:00,1,Collision with vehicle,5,Friday,130,REAR END(VEHICLES IN SAME LANE),1,627,2,0,0,1,1,2,2,1,Cross intersection,3,70,Arterial Highway
T20230009930,2023/4/28,15:16:00,2,Struck Pedestrian,6,Friday,100,PED NEAR SIDE. PED HIT BY VEHICLE FROM THE RIGHT.,1,35712,1,0,1,0,1,2,1,1,Cross intersection,2,40,Arterial Other
T20230009932,2023/4/28,18:45:00,4,Collision with a fixed object,5,Friday,183,OFF LEFT BEND INTO OBJECT/PARKED VEHICLE,5,773884,1,0,1,0,0,1,1,5,Not at intersection,2,60,Local Road
T20230013175,2023/4/28,18:00:00,1,Collision with vehicle,6,Friday,163,VEHICLE STRIKES DOOR OF PARKED/STATIONARY VEHICLE,3,776134,2,0,0,1,1,2,2,5,Not at intersection,3,999,Arterial Other
T20230009863,2023/4/28,9:00:00,1,Collision with vehicle,6,Friday,130,REAR END(VEHICLES IN SAME LANE),1,777744,4,0,0,3,3,6,1,5,Not at intersection,3,60,Local Road
T20230009864,2023/4/28,7:40:00,4,Collision with a fixed object,6,Friday,164,PERMANENT OBSTRUCTION ON CARRIAGEWAY,2,50729,1,0,1,0,0,1,1,1,Cross intersection,2,50,Local Road
T20230010025,2023/4/29,18:52:00,1,Collision with vehicle,7,Saturday,120,HEAD ON (NOT OVERTAKING),5,783340,2,0,2,0,0,2,1,5,Not at intersection,2,70,Local Road
T20230009987,2023/4/29,8:45:00,1,Collision with vehicle,7,Saturday,121,RIGHT THROUGH,1,35718,2,0,0,1,1,2,1,2,T intersection,3,60,Arterial Other
T20230012268,2023/4/29,10:11:00,1,Collision with vehicle,6,Saturday,135,LANE CHANGE LEFT (NOT OVERTAKING),1,775252,2,0,0,1,1,2,2,5,Not at intersection,3,999,Arterial Other
T20230010026,2023/4/29,22:08:00,1,Collision with vehicle,6,Saturday,130,REAR END(VEHICLES IN SAME LANE),3,784883,2,0,0,2,5,7,1,5,Not at intersection,3,60,Local Road
T20230009986,2023/4/29,12:56:00,1,Collision with vehicle,6,Saturday,130,REAR END(VEHICLES IN SAME LANE),1,771695,3,0,0,2,2,4,1,5,Not at intersection,3,80,Local Road
T20230010004,2023/4/29,18:01:00,1,Collision with vehicle,6,Saturday,132,RIGHT REAR.,2,792735,2,0,0,1,2,3,1,5,Not at intersection,3,80,
T20230016272,2023/4/29,12:30:00,1,Collision with vehicle,7,Saturday,130,REAR END(VEHICLES IN SAME LANE),1,61041,2,0,0,1,3,4,2,1,Cross intersection,3,80,Arterial Other
T20230010064,2023/4/29,21:45:00,2,Struck Pedestrian,7,Saturday,102,FAR SIDE. PED HIT BY VEHICLE FROM THE LEFT,3,35387,1,0,1,0,1,2,1,1,Cross intersection,2,60,Arterial Other
T20230011781,2023/4/29,14:16:00,2,Struck Pedestrian,7,Saturday,100,PED NEAR SIDE. PED HIT BY VEHICLE FROM THE RIGHT.,1,788484,1,0,0,1,1,2,2,5,Not at intersection,3,50,Arterial Other
T20230010137,2023/4/29,9:30:00,4,Collision with a fixed object,6,Saturday,151,OUT OF CONTROL (OVERTAKING),1,52186,1,0,0,1,0,1,2,1,Cross intersection,3,999,Local Road
T20230009994,2023/4/29,13:50:00,1,Collision with vehicle,7,Saturday,120,HEAD ON (NOT OVERTAKING),1,773851,2,0,0,1,1,2,1,5,Not at intersection,3,100,Arterial Other
T20230009973,2023/4/29,7:10:00,1,Collision with vehicle,6,Saturday,110,CROSS TRAFFIC(INTERSECTIONS ONLY),2,66019,2,0,0,1,1,2,1,1,Cross intersection,3,60,Arterial Other
T20230010052,2023/4/29,13:00:00,1,Collision with vehicle,6,Saturday,111,RIGHT FAR (INTERSECTIONS ONLY),1,42998,2,0,0,1,1,2,2,2,T intersection,3,999,Local Road
T20230018371,2023/4/29,12:00:00,5,collision with some other object,6,Saturday,166,STRUCK OBJECT ON CARRIAGEWAY,1,778620,1,0,0,1,0,1,2,5,Not at intersection,3,100,Local Road
T20230009967,2023/4/29,6:50:00,4,Collision with a fixed object,6,Saturday,179,OTHER ACCIDENTS-OFF STRAIGHT NOT INCLUDED IN DCAs 170-175,2,782075,1,0,0,1,0,1,1,5,Not at intersection,3,999,Local Road
T20230012502,2023/4/29,5:50:00,1,Collision with vehicle,6,Saturday,160,VEHICLE COLLIDES WITH VEHICLE PARKED ON LEFT OF ROAD,5,775181,2,0,0,1,0,1,2,5,Not at intersection,3,50,Local Road
T20230010014,2023/4/29,19:10:00,2,Struck Pedestrian,7,Saturday,102,FAR SIDE. PED HIT BY VEHICLE FROM THE LEFT,3,775408,1,0,1,0,1,2,1,5,Not at intersection,2,40,Arterial Other
T20230010015,2023/4/29,16:23:00,1,Collision with vehicle,6,Saturday,110,CROSS TRAFFIC(INTERSECTIONS ONLY),1,353204,2,0,0,1,1,2,1,1,Cross intersection,3,60,Arterial Other
T20230010021,2023/4/29,22:30:00,2,Struck Pedestrian,6,Saturday,102,FAR SIDE. PED HIT BY VEHICLE FROM THE LEFT,3,771465,1,0,1,0,1,2,1,5,Not at intersection,2,40,Local Road
T20230010183,2023/4/29,12:29:00,1,Collision with vehicle,7,Saturday,113,RIGHT NEAR (INTERSECTIONS ONLY),1,29882,2,0,1,0,1,2,1,2,T intersection,2,60,Local Road
T20230010552,2023/4/29,10:30:00,1,Collision with vehicle,6,Saturday,121,RIGHT THROUGH,1,773855,2,0,0,1,1,2,2,1,Cross intersection,3,40,Local Road
T20230010008,2023/4/29,13:25:00,1,Collision with vehicle,6,Saturday,135,LANE CHANGE LEFT (NOT OVERTAKING),1,773755,2,0,0,1,1,2,2,5,Not at intersection,3,60,Arterial Other
T20230014772,2023/4/29,13:30:00,6,Vehicle overturned (no collision),6,Saturday,184,OUT OF CONTROL ON CARRIAGEWAY (ON BEND),1,778611,1,0,1,0,0,1,2,5,Not at intersection,2,100,Local Road
T20230009960,2023/4/29,2:30:00,4,Collision with a fixed object,7,Saturday,171,LEFT OFF CARRIAGEWAY INTO OBJECT/PARKED VEHICLE,3,775860,1,0,0,1,0,1,1,5,Not at intersection,3,60,Arterial Other
T20230009958,2023/4/29,2:20:00,4,Collision with a fixed object,6,Saturday,173,RIGHT OFF CARRIAGEWAY INTO OBJECT/PARKED VEHICLE,5,771692,2,0,0,1,0,1,1,5,Not at intersection,3,50,Local Road
T20230010787,2023/4/29,16:30:00,1,Collision with vehicle,6,Saturday,130,REAR END(VEHICLES IN SAME LANE),1,221411,2,0,0,1,1,2,2,1,Cross intersection,3,999,Arterial Other
T20230010450,2023/4/29,18:30:00,1,Collision with vehicle,7,Saturday,130,REAR END(VEHICLES IN SAME LANE),3,774501,2,0,0,1,1,2,2,5,Not at intersection,3,60,Arterial Other
T20230010531,2023/4/29,18:39:00,1,Collision with vehicle,6,Saturday,130,REAR END(VEHICLES IN SAME LANE),2,784888,2,0,0,1,3,4,1,5,Not at intersection,3,60,Arterial Other
T20230010039,2023/4/29,16:45:00,1,Collision with vehicle,6,Saturday,110,CROSS TRAFFIC(INTERSECTIONS ONLY),1,50801,2,0,0,1,1,2,1,1,Cross intersection,3,50,Local Road
T20230009954,2023/4/29,0:30:00,1,Collision with vehicle,6,Saturday,139,OTHER SAME DIRECTION-MANOUEVRES NOT INCLUDED IN DCAs 130-137,3,778284,2,0,0,1,0,1,1,5,Not at intersection,3,40,Local Road
T20230009977,2023/4/29,9:20:00,1,Collision with vehicle,6,Saturday,110,CROSS TRAFFIC(INTERSECTIONS ONLY),1,55021,2,0,0,1,2,3,1,1,Cross intersection,3,50,Local Road
T20230010788,2023/4/29,16:00:00,1,Collision with vehicle,7,Saturday,110,CROSS TRAFFIC(INTERSECTIONS ONLY),1,63921,2,0,0,1,2,3,2,1,Cross intersection,3,50,Local Road
T20230010429,2023/4/29,15:45:00,4,Collision with a fixed object,7,Saturday,175,OFF END OF ROAD/T-INTERSECTION.,1,776662,1,0,1,0,0,1,2,2,T intersection,2,100,Local Road
T20230011349,2023/4/29,22:45:00,1,Collision with vehicle,7,Saturday,130,REAR END(VEHICLES IN SAME LANE),3,138375,2,0,1,0,1,2,2,5,Not at intersection,2,60,Arterial Other
T20230010010,2023/4/29,18:45:00,1,Collision with vehicle,6,Saturday,113,RIGHT NEAR (INTERSECTIONS ONLY),3,42875,2,0,0,1,1,2,1,2,T intersection,3,80,Arterial Highway
T20230009991,2023/4/29,14:00:00,4,Collision with a fixed object,6,Saturday,171,LEFT OFF CARRIAGEWAY INTO OBJECT/PARKED VEHICLE,1,786051,1,0,0,1,0,1,1,2,T intersection,3,50,Local Road
T20230010331,2023/4/29,14:40:00,1,Collision with vehicle,6,Saturday,130,REAR END(VEHICLES IN SAME LANE),1,772601,2,0,0,1,1,2,2,5,Not at intersection,3,80,Freeway
T20230010012,2023/4/29,18:27:00,1,Collision with vehicle,7,Saturday,130,REAR END(VEHICLES IN SAME LANE),2,777917,2,0,2,0,0,2,1,2,T intersection,2,60,Arterial Other
T20230010203,2023/4/30,18:39:00,1,Collision with vehicle,1,Sunday,140,U TURN,3,772481,2,0,0,1,1,2,1,5,Not at intersection,3,60,Arterial Other
T20230010066,2023/4/30,9:59:00,1,Collision with vehicle,1,Sunday,120,HEAD ON (NOT OVERTAKING),1,776673,2,0,4,0,0,4,1,5,Not at intersection,2,100,Arterial Other
T20230010709,2023/4/30,8:45:00,1,Collision with vehicle,1,Sunday,120,HEAD ON (NOT OVERTAKING),1,773650,2,0,0,1,0,1,1,5,Not at intersection,3,50,Local Road
T20230010388,2023/4/30,11:30:00,1,Collision with vehicle,0,Sunday,130,REAR END(VEHICLES IN SAME LANE),9,776315,2,0,0,1,1,2,2,2,T intersection,3,80,Arterial Highway
T20230010400,2023/4/30,16:38:00,1,Collision with vehicle,0,Sunday,150,HEAD ON(OVERTAKING),1,772603,4,0,0,1,3,4,1,5,Not at intersection,3,60,Arterial Highway
T20230011174,2023/4/30,21:30:00,1,Collision with vehicle,1,Sunday,134,LANE CHANGE RIGHT (NOT OVERTAKING),5,792204,2,0,0,1,1,2,2,5,Not at intersection,3,50,Local Road
T20230011420,2023/4/30,14:30:00,4,Collision with a fixed object,1,Sunday,164,PERMANENT OBSTRUCTION ON CARRIAGEWAY,1,774112,1,0,0,1,0,1,2,5,Not at intersection,3,100,Local Road
T20230010619,2023/4/30,13:00:00,4,Collision with a fixed object,1,Sunday,181,OFF RIGHT BEND INTO OBJECT/PARKED VEHICLE,1,773696,1,0,1,0,0,1,2,5,Not at intersection,2,100,Local Road
T20230010504,2023/4/30,15:15:00,6,Vehicle overturned (no collision),0,Sunday,174,OUT OF CONTROL ON CARRIAGEWAY (ON STRAIGHT),1,43642,1,0,0,1,0,1,2,2,T intersection,3,888,Local Road
T20230010029,2023/4/30,1:33:00,4,Collision with a fixed object,0,Sunday,173,RIGHT OFF CARRIAGEWAY INTO OBJECT/PARKED VEHICLE,3,784884,1,0,0,1,0,1,1,5,Not at intersection,3,50,Local Road
T20230010032,2023/4/30,4:42:00,1,Collision with vehicle,1,Sunday,130,REAR END(VEHICLES IN SAME LANE),3,777736,2,0,0,1,1,2,1,1,Cross intersection,3,80,Arterial Highway
T20230010145,2023/4/30,15:20:00,5,collision with some other object,0,Sunday,183,OFF LEFT BEND INTO OBJECT/PARKED VEHICLE,1,772345,1,0,1,0,0,1,2,5,Not at intersection,2,80,Local Road
T20230010069,2023/4/30,15:00:00,6,Vehicle overturned (no collision),0,Sunday,180,OFF CARRIAGEWAY ON RIGHT BEND,1,772088,1,0,0,1,0,1,1,5,Not at intersection,3,80,Arterial Other
T20230010148,2023/4/30,20:03:00,1,Collision with vehicle,0,Sunday,110,CROSS TRAFFIC(INTERSECTIONS ONLY),3,43873,2,0,1,0,1,2,1,1,Cross intersection,2,80,Arterial Highway
T20230010070,2023/4/30,15:15:00,1,Collision with vehicle,0,Sunday,130,REAR END(VEHICLES IN SAME LANE),1,771700,2,0,0,1,1,2,2,5,Not at intersection,3,50,Local Road
T20230010074,2023/4/30,13:40:00,8,No collision and no object struck,1,Sunday,174,OUT OF CONTROL ON CARRIAGEWAY (ON STRAIGHT),1,774075,1,0,1,0,0,1,1,5,Not at intersection,2,100,Local Road
T20230010076,2023/4/30,15:40:00,1,Collision with vehicle,1,Sunday,139,OTHER SAME DIRECTION-MANOUEVRES NOT INCLUDED IN DCAs 130-137,1,776401,2,0,1,0,1,2,1,5,Not at intersection,2,100,Freeway
T20230010080,2023/4/30,10:00:00,7,Fall from or in moving vehicle,1,Sunday,184,OUT OF CONTROL ON CARRIAGEWAY (ON BEND),1,253495,1,0,0,1,0,1,2,2,T intersection,3,999,Local Road
T20230012537,2023/4/30,18:35:00,1,Collision with vehicle,0,Sunday,130,REAR END(VEHICLES IN SAME LANE),1,142342,2,0,0,2,0,2,2,5,Not at intersection,3,80,Arterial Highway
T20230010084,2023/4/30,17:10:00,6,Vehicle overturned (no collision),0,Sunday,174,OUT OF CONTROL ON CARRIAGEWAY (ON STRAIGHT),2,788038,1,0,0,1,0,1,1,5,Not at intersection,3,80,Local Road
T20230010086,2023/4/30,12:15:00,2,Struck Pedestrian,0,Sunday,103,PED PLAYING/LYING/WORKING/STANDING ON CARRIAGEWAY.,1,771955,1,0,0,1,1,2,2,5,Not at intersection,3,50,Local Road
T20230010087,2023/4/30,14:00:00,1,Collision with vehicle,0,Sunday,147,VEHICLE STRIKES ANOTHER VEH WHILE EMERGING FROM DRIVEWAY,1,776166,2,0,0,1,1,2,2,5,Not at intersection,3,888,Local Road
T20230010088,2023/4/30,18:15:00,1,Collision with vehicle,0,Sunday,121,RIGHT THROUGH,3,771956,2,0,0,1,1,2,1,1,Cross intersection,3,60,Arterial Other
T20230010094,2023/4/30,16:39:00,4,Collision with a fixed object,0,Sunday,151,OUT OF CONTROL (OVERTAKING),1,771701,1,0,0,1,0,1,1,5,Not at intersection,3,70,Arterial Other
T20230010095,2023/4/30,13:50:00,1,Collision with vehicle,1,Sunday,120,HEAD ON (NOT OVERTAKING),1,775970,2,0,0,1,1,2,1,5,Not at intersection,3,60,Local Road
T20230010103,2023/4/30,21:35:00,1,Collision with vehicle,1,Sunday,169,OTHER ON PATH,6,773790,2,0,1,0,0,1,1,5,Not at intersection,2,50,Local Road
T20230010111,2023/4/30,23:10:00,4,Collision with a fixed object,1,Sunday,173,RIGHT OFF CARRIAGEWAY INTO OBJECT/PARKED VEHICLE,3,774383,1,0,1,1,0,2,1,5,Not at intersection,2,100,Freeway
T20230010033,2023/4/30,1:25:00,1,Collision with vehicle,0,Sunday,130,REAR END(VEHICLES IN SAME LANE),9,785503,3,0,0,1,4,5,1,5,Not at intersection,3,999,Arterial Other
T20230010034,2023/4/30,4:46:00,4,Collision with a fixed object,1,Sunday,173,RIGHT OFF CARRIAGEWAY INTO OBJECT/PARKED VEHICLE,3,796742,1,0,1,0,0,1,1,2,T intersection,2,60,Arterial Other
T20230010038,2023/4/30,6:10:00,1,Collision with vehicle,1,Sunday,130,REAR END(VEHICLES IN SAME LANE),1,351331,2,0,1,0,1,2,1,2,T intersection,2,80,Arterial Other
T20230010042,2023/4/30,8:35:00,3,Struck animal,0,Sunday,167,STRUCK ANIMAL,1,771698,1,0,1,0,0,1,1,5,Not at intersection,2,80,Arterial Other
T20230010045,2023/4/30,10:20:00,7,Fall from or in moving vehicle,0,Sunday,190,FELL IN/FROM VEHICLE,1,788023,1,0,0,1,1,2,1,5,Not at intersection,3,40,Local Road
T20230010047,2023/4/30,9:22:00,4,Collision with a fixed object,0,Sunday,171,LEFT OFF CARRIAGEWAY INTO OBJECT/PARKED VEHICLE,1,775879,1,0,0,1,0,1,1,5,Not at intersection,3,100,Freeway
T20230010048,2023/4/30,11:00:00,1,Collision with vehicle,0,Sunday,130,REAR END(VEHICLES IN SAME LANE),1,784885,3,0,0,1,4,5,1,5,Not at intersection,3,100,Freeway
T20230010049,2023/4/30,9:50:00,4,Collision with a fixed object,0,Sunday,171,LEFT OFF CARRIAGEWAY INTO OBJECT/PARKED VEHICLE,1,783538,1,0,0,1,0,1,1,5,Not at intersection,3,100,Arterial Other
T20230010051,2023/4/30,12:50:00,1,Collision with vehicle,1,Sunday,113,RIGHT NEAR (INTERSECTIONS ONLY),1,771953,2,0,1,0,2,3,1,1,Cross intersection,2,70,Arterial Other
T20230010055,2023/4/30,13:11:00,1,Collision with vehicle,1,Sunday,130,REAR END(VEHICLES IN SAME LANE),1,774495,2,0,0,1,0,1,1,2,T intersection,3,50,Local Road
T20230010057,2023/4/30,12:45:00,7,Fall from or in moving vehicle,0,Sunday,190,FELL IN/FROM VEHICLE,1,772478,1,0,0,1,1,2,1,1,Cross intersection,3,100,Arterial Highway