ACCIDENT_NO,ACCIDENT_DATE,ACCIDENT_TIME,ACCIDENT_TYPE,ACCIDENT_TYPE_DESC,DAY_OF_WEEK,DAY_WEEK_DESC,DCA_CODE,DCA_DESC,LIGHT_CONDITION,NODE_ID,NO_OF_VEHICLES,NO_PERSONS_KILLED,NO_PERSONS_INJ_2,NO_PERSONS_INJ_3,NO_PERSONS_NOT_INJ,NO_PERSONS,POLICE_ATTEND,ROAD_GEOMETRY,ROAD_GEOMETRY_DESC,SEVERITY,SPEED_ZONE,RMA
T20230010059,2023/4/30,12:35:00,4,Collision with a fixed object,0,Sunday,141,U TURN INTO FIXED OBJECT/PARKED VEHICLE,1,254436,1,0,0,1,2,3,1,1,Cross intersection,3,50,Local Road
T20230010060,2023/4/30,13:35:00,1,Collision with vehicle,1,Sunday,110,CROSS TRAFFIC(INTERSECTIONS ONLY),1,788489,2,0,0,1,2,3,1,1,Cross intersection,3,70,Arterial Other
T20230010061,2023/4/30,13:20:00,1,Collision with vehicle,0,Sunday,130,REAR END(VEHICLES IN SAME LANE),1,771954,3,0,0,1,2,3,1,5,Not at intersection,3,60,Arterial Other
T20230010062,2023/4/30,13:45:00,1,Collision with vehicle,1,Sunday,120,HEAD ON (NOT OVERTAKING),1,779625,2,0,0,2,0,2,1,5,Not at intersection,3,60,Local Road
T20230010063,2023/4/30,11:15:00,1,Collision with vehicle,1,Sunday,130,REAR END(VEHICLES IN SAME LANE),1,778942,2,0,2,2,0,4,1,2,T intersection,2,100,Arterial Highway
T20230010248,2023/4/30,7:30:00,1,Collision with vehicle,0,Sunday,116,LEFT NEAR (INTERSECTIONS ONLY),2,772222,2,0,0,1,1,2,1,2,T intersection,3,80,Local Road
T20230010065,2023/4/30,11:40:00,1,Collision with vehicle,0,Sunday,130,REAR END(VEHICLES IN SAME LANE),1,777473,2,0,0,1,2,3,2,5,Not at intersection,3,60,Arterial Other
T20230010898,2023/4/30,15:30:00,1,Collision with vehicle,0,Sunday,130,REAR END(VEHICLES IN SAME LANE),1,773925,2,0,0,1,1,2,2,5,Not at intersection,3,60,Arterial Other
T20230011489,2023/4/30,12:13:00,8,No collision and no object struck,1,Sunday,170,OFF CARRIAGEWAY TO LEFT,1,774351,1,0,1,0,0,1,2,5,Not at intersection,2,50,Local Road
T20230011334,2023/4/30,10:45:00,8,No collision and no object struck,0,Sunday,184,OUT OF CONTROL ON CARRIAGEWAY (ON BEND),1,776122,1,0,0,1,0,1,2,5,Not at intersection,3,999,Local Road
T20230010150,2023/5/1,14:02:00,1,Collision with vehicle,1,Monday,110,CROSS TRAFFIC(INTERSECTIONS ONLY),1,60364,2,0,0,1,5,6,1,1,Cross intersection,3,50,Local Road
T20230010153,2023/5/1,12:03:00,1,Collision with vehicle,2,Monday,110,CROSS TRAFFIC(INTERSECTIONS ONLY),1,51308,2,0,0,2,1,3,1,1,Cross intersection,3,100,Arterial Other
T20230011995,2023/5/1,9:15:00,1,Collision with vehicle,1,Monday,135,LANE CHANGE LEFT (NOT OVERTAKING),1,780504,2,0,0,2,0,2,9,5,Not at intersection,3,80,Arterial Highway
T20230010157,2023/5/1,10:28:00,4,Collision with a fixed object,1,Monday,173,RIGHT OFF CARRIAGEWAY INTO OBJECT/PARKED VEHICLE,1,774467,1,0,1,0,0,1,1,5,Not at intersection,2,60,Local Road
T20230010186,2023/5/1,22:54:00,1,Collision with vehicle,2,Monday,121,RIGHT THROUGH,3,580839,2,0,1,0,1,2,1,1,Cross intersection,2,80,Arterial Highway
T20230010174,2023/5/1,17:58:00,1,Collision with vehicle,1,Monday,111,RIGHT FAR (INTERSECTIONS ONLY),2,266784,2,0,0,2,1,3,1,2,T intersection,3,60,Local Road
T20230011979,2023/5/1,14:34:00,1,Collision with vehicle,2,Monday,111,RIGHT FAR (INTERSECTIONS ONLY),1,53001,2,0,0,1,1,2,1,1,Cross intersection,3,60,Arterial Highway
T20230010158,2023/5/1,16:00:00,1,Collision with vehicle,2,Monday,130,REAR END(VEHICLES IN SAME LANE),1,772218,3,0,0,2,1,3,1,5,Not at intersection,3,60,Arterial Other
T20230010256,2023/5/1,12:00:00,1,Collision with vehicle,2,Monday,130,REAR END(VEHICLES IN SAME LANE),1,531,2,0,0,1,1,2,2,3,Y intersection,3,60,Arterial Other
T20230010119,2023/5/1,1:10:00,1,Collision with vehicle,2,Monday,130,REAR END(VEHICLES IN SAME LANE),3,771957,2,0,0,1,1,2,2,5,Not at intersection,3,70,Arterial Other
T20230010166,2023/5/1,16:15:00,1,Collision with vehicle,2,Monday,130,REAR END(VEHICLES IN SAME LANE),1,772479,2,0,0,2,1,3,2,5,Not at intersection,3,80,Arterial Other
T20230010865,2023/5/1,7:45:00,1,Collision with vehicle,1,Monday,130,REAR END(VEHICLES IN SAME LANE),1,776798,2,0,0,1,1,2,2,5,Not at intersection,3,50,Arterial Other
T20230010121,2023/5/1,9:21:00,1,Collision with vehicle,2,Monday,130,REAR END(VEHICLES IN SAME LANE),1,773615,2,0,1,1,0,2,1,5,Not at intersection,2,100,Freeway
T20230010202,2023/5/1,13:00:00,4,Collision with a fixed object,1,Monday,171,LEFT OFF CARRIAGEWAY INTO OBJECT/PARKED VEHICLE,1,775324,1,0,0,1,0,1,1,5,Not at intersection,3,60,Arterial Other
T20230010340,2023/5/1,15:50:00,1,Collision with vehicle,1,Monday,130,REAR END(VEHICLES IN SAME LANE),1,777726,2,0,0,1,2,3,2,1,Cross intersection,3,80,Arterial Highway
T20230010136,2023/5/1,7:00:00,1,Collision with vehicle,2,Monday,120,HEAD ON (NOT OVERTAKING),1,41884,2,0,1,0,1,2,1,2,T intersection,2,60,Arterial Other
T20230010191,2023/5/1,20:45:00,4,Collision with a fixed object,1,Monday,173,RIGHT OFF CARRIAGEWAY INTO OBJECT/PARKED VEHICLE,3,786952,1,0,0,1,1,2,1,5,Not at intersection,3,70,Arterial Other
T20230010193,2023/5/1,17:55:00,2,Struck Pedestrian,2,Monday,100,PED NEAR SIDE. PED HIT BY VEHICLE FROM THE RIGHT.,3,775835,1,0,1,0,1,2,1,1,Cross intersection,2,60,Arterial Other
T20230011598,2023/5/1,17:45:00,1,Collision with vehicle,1,Monday,132,RIGHT REAR.,6,776476,2,0,0,2,1,3,2,2,T intersection,3,50,Local Road
T20230010133,2023/5/1,11:55:00,4,Collision with a fixed object,1,Monday,181,OFF RIGHT BEND INTO OBJECT/PARKED VEHICLE,1,772217,1,0,1,0,0,1,1,5,Not at intersection,2,50,Local Road
T20230013371,2023/5/1,13:30:00,1,Collision with vehicle,1,Monday,121,RIGHT THROUGH,1,674735,2,0,0,1,1,2,2,2,T intersection,3,60,Arterial Highway
T20230010132,2023/5/1,10:03:00,1,Collision with vehicle,1,Monday,140,U TURN,1,771961,2,0,0,1,1,2,1,2,T intersection,3,40,Local Road
T20230010147,2023/5/1,13:53:00,4,Collision with a fixed object,2,Monday,171,LEFT OFF CARRIAGEWAY INTO OBJECT/PARKED VEHICLE,1,774070,1,0,1,0,0,1,1,5,Not at intersection,2,100,Arterial Highway
T20230010115,2023/5/1,8:50:00,1,Collision with vehicle,1,Monday,147,VEHICLE STRIKES ANOTHER VEH WHILE EMERGING FROM DRIVEWAY,1,772216,2,0,0,1,1,2,1,2,T intersection,3,50,Local Road
T20230010270,2023/5/1,6:20:00,1,Collision with vehicle,1,Monday,130,REAR END(VEHICLES IN SAME LANE),9,44249,2,0,0,1,1,2,2,2,T intersection,3,999,Arterial Other
T20230010171,2023/5/1,17:41:00,1,Collision with vehicle,2,Monday,160,VEHICLE COLLIDES WITH VEHICLE PARKED ON LEFT OF ROAD,2,779705,3,0,0,1,0,1,1,5,Not at intersection,3,50,Local Road
T20230010185,2023/5/1,23:00:00,1,Collision with vehicle,1,Monday,142,LEAVING PARKING,3,787347,2,0,1,0,1,2,1,5,Not at intersection,2,40,Local Road
T20230010122,2023/5/1,9:15:00,1,Collision with vehicle,1,Monday,147,VEHICLE STRIKES ANOTHER VEH WHILE EMERGING FROM DRIVEWAY,1,791205,2,0,0,2,1,3,1,5,Not at intersection,3,999,Arterial Other
T20230010187,2023/5/1,21:20:00,1,Collision with vehicle,2,Monday,150,HEAD ON(OVERTAKING),5,777048,2,0,0,2,0,2,1,5,Not at intersection,3,100,Local Road
T20230010786,2023/5/1,7:55:00,1,Collision with vehicle,1,Monday,130,REAR END(VEHICLES IN SAME LANE),9,773657,2,0,0,1,1,2,2,5,Not at intersection,3,80,Arterial Other
T20230010116,2023/5/1,9:05:00,4,Collision with a fixed object,1,Monday,173,RIGHT OFF CARRIAGEWAY INTO OBJECT/PARKED VEHICLE,1,787304,1,0,1,0,0,1,1,1,Cross intersection,2,50,Local Road
T20230010178,2023/5/1,20:27:00,1,Collision with vehicle,2,Monday,121,RIGHT THROUGH,3,771963,2,0,0,3,0,3,1,1,Cross intersection,3,70,Arterial Other
T20230010179,2023/5/1,17:02:00,1,Collision with vehicle,1,Monday,110,CROSS TRAFFIC(INTERSECTIONS ONLY),1,51309,2,0,1,0,1,2,1,1,Cross intersection,2,100,Local Road
T20230010124,2023/5/1,11:15:00,2,Struck Pedestrian,1,Monday,102,FAR SIDE. PED HIT BY VEHICLE FROM THE LEFT,1,771960,1,0,0,1,1,2,1,1,Cross intersection,3,40,Local Road
T20230010142,2023/5/1,10:15:00,1,Collision with vehicle,2,Monday,113,RIGHT NEAR (INTERSECTIONS ONLY),1,36789,2,0,0,3,1,4,1,2,T intersection,3,60,Arterial Other
T20230012710,2023/5/1,15:45:00,1,Collision with vehicle,1,Monday,130,REAR END(VEHICLES IN SAME LANE),1,780510,2,0,0,1,1,2,2,5,Not at intersection,3,50,Local Road
T20230010140,2023/5/1,6:50:00,1,Collision with vehicle,1,Monday,121,RIGHT THROUGH,1,328764,2,0,0,1,1,2,1,4,Multiple intersection,3,100,Freeway
T20230010457,2023/5/1,19:45:00,4,Collision with a fixed object,2,Monday,173,RIGHT OFF CARRIAGEWAY INTO OBJECT/PARKED VEHICLE,3,302814,1,0,0,1,0,1,1,1,Cross intersection,3,70,Arterial Other
T20230010631,2023/5/1,12:15:00,4,Collision with a fixed object,2,Monday,171,LEFT OFF CARRIAGEWAY INTO OBJECT/PARKED VEHICLE,1,773611,1,1,0,0,0,1,1,5,Not at intersection,1,60,Arterial Other
T20230011098,2023/5/2,8:30:00,1,Collision with vehicle,2,Tuesday,130,REAR END(VEHICLES IN SAME LANE),1,351029,2,0,0,1,1,2,2,2,T intersection,3,50,Arterial Other
T20230010232,2023/5/2,10:37:00,1,Collision with vehicle,2,Tuesday,140,U TURN,1,775815,2,0,1,0,1,2,1,5,Not at intersection,2,999,Local Road
T20230010289,2023/5/2,17:39:00,1,Collision with vehicle,2,Tuesday,147,VEHICLE STRIKES ANOTHER VEH WHILE EMERGING FROM DRIVEWAY,2,777701,2,0,0,1,1,2,1,5,Not at intersection,3,50,Local Road
T20230010234,2023/5/2,13:02:00,4,Collision with a fixed object,2,Tuesday,173,RIGHT OFF CARRIAGEWAY INTO OBJECT/PARKED VEHICLE,1,786949,1,0,0,1,1,2,1,5,Not at intersection,3,100,Arterial Other
T20230010294,2023/5/2,16:55:00,1,Collision with vehicle,3,Tuesday,121,RIGHT THROUGH,1,43935,2,0,1,1,0,2,1,2,T intersection,2,80,Arterial Highway
T20230010286,2023/5/2,15:30:00,2,Struck Pedestrian,3,Tuesday,102,FAR SIDE. PED HIT BY VEHICLE FROM THE LEFT,1,779569,1,0,0,1,3,4,1,2,T intersection,3,70,Arterial Other
T20230010285,2023/5/2,16:25:00,1,Collision with vehicle,2,Tuesday,110,CROSS TRAFFIC(INTERSECTIONS ONLY),2,322281,2,0,0,1,1,2,1,1,Cross intersection,3,60,Local Road
T20230010279,2023/5/2,17:43:00,1,Collision with vehicle,3,Tuesday,121,RIGHT THROUGH,5,775187,2,0,0,2,2,4,1,2,T intersection,3,100,Arterial Highway
T20230010283,2023/5/2,19:42:00,1,Collision with vehicle,3,Tuesday,147,VEHICLE STRIKES ANOTHER VEH WHILE EMERGING FROM DRIVEWAY,3,774436,2,0,0,2,1,3,1,5,Not at intersection,3,60,Local Road
T20230010282,2023/5/2,18:41:00,8,No collision and no object struck,2,Tuesday,179,OTHER ACCIDENTS-OFF STRAIGHT NOT INCLUDED IN DCAs 170-175,3,36131,1,0,0,1,1,2,1,2,T intersection,3,50,Local Road
T20240002923,2023/5/2,18:00:00,1,Collision with vehicle,2,Tuesday,130,REAR END(VEHICLES IN SAME LANE),3,201140,4,0,0,1,3,4,2,5,Not at intersection,3,60,Arterial Other
T20230030758,2023/5/2,17:45:00,1,Collision with vehicle,3,Tuesday,130,REAR END(VEHICLES IN SAME LANE),2,794347,2,0,0,1,1,2,1,5,Not at intersection,3,80,Arterial Highway
T20230010275,2023/5/2,15:55:00,1,Collision with vehicle,3,Tuesday,130,REAR END(VEHICLES IN SAME LANE),1,780520,3,0,1,0,2,3,1,1,Cross intersection,2,999,Local Road
T20230010273,2023/5/2,16:40:00,6,Vehicle overturned (no collision),3,Tuesday,182,OFF CARRIAGEWAY ON LEFT BEND,1,787357,1,0,0,1,0,1,2,5,Not at intersection,3,110,Freeway
T20230010281,2023/5/2,18:24:00,1,Collision with vehicle,2,Tuesday,130,REAR END(VEHICLES IN SAME LANE),3,774030,4,0,0,2,2,4,2,5,Not at intersection,3,60,Arterial Other
T20230010272,2023/5/2,16:45:00,3,Struck animal,2,Tuesday,167,STRUCK ANIMAL,2,786732,1,0,1,0,0,1,1,5,Not at intersection,2,100,Arterial Other
T20230010269,2023/5/2,18:20:00,1,Collision with vehicle,3,Tuesday,135,LANE CHANGE LEFT (NOT OVERTAKING),3,68570,2,0,0,1,1,2,1,2,T intersection,3,60,Arterial Other
T20230010268,2023/5/2,16:30:00,1,Collision with vehicle,3,Tuesday,120,HEAD ON (NOT OVERTAKING),2,774434,2,1,0,0,1,2,1,2,T intersection,1,100,Local Road
T20230010264,2023/5/2,15:05:00,1,Collision with vehicle,3,Tuesday,130,REAR END(VEHICLES IN SAME LANE),1,776424,2,0,1,0,1,2,1,5,Not at intersection,2,80,Arterial Other
T20230010263,2023/5/2,6:26:00,1,Collision with vehicle,3,Tuesday,120,HEAD ON (NOT OVERTAKING),2,776674,2,1,0,1,0,2,1,5,Not at intersection,1,100,Arterial Other
T20230010262,2023/5/2,14:45:00,1,Collision with vehicle,3,Tuesday,113,RIGHT NEAR (INTERSECTIONS ONLY),1,301086,2,0,0,1,1,2,1,2,T intersection,3,60,Arterial Other
T20230010261,2023/5/2,13:50:00,4,Collision with a fixed object,3,Tuesday,181,OFF RIGHT BEND INTO OBJECT/PARKED VEHICLE,1,781847,1,0,2,0,0,2,1,5,Not at intersection,2,100,Local Road
T20230010260,2023/5/2,16:25:00,1,Collision with vehicle,2,Tuesday,130,REAR END(VEHICLES IN SAME LANE),1,777446,2,0,0,1,4,5,1,5,Not at intersection,3,80,Arterial Highway
T20230010290,2023/5/2,19:30:00,4,Collision with a fixed object,2,Tuesday,183,OFF LEFT BEND INTO OBJECT/PARKED VEHICLE,5,787360,1,0,0,1,1,2,1,5,Not at intersection,3,100,Arterial Other
T20230010854,2023/5/2,19:00:00,1,Collision with vehicle,2,Tuesday,130,REAR END(VEHICLES IN SAME LANE),3,773741,3,0,0,1,2,3,2,2,T intersection,3,60,Arterial Other
T20230010436,2023/5/2,16:00:00,1,Collision with vehicle,2,Tuesday,130,REAR END(VEHICLES IN SAME LANE),1,773573,2,0,0,1,1,2,1,5,Not at intersection,3,100,Arterial Highway
T20230010417,2023/5/2,15:00:00,1,Collision with vehicle,2,Tuesday,132,RIGHT REAR.,1,29926,2,0,0,1,1,2,2,5,Not at intersection,3,999,Arterial Other
T20230010235,2023/5/2,9:05:00,1,Collision with vehicle,2,Tuesday,147,VEHICLE STRIKES ANOTHER VEH WHILE EMERGING FROM DRIVEWAY,1,787361,2,0,0,1,1,2,2,5,Not at intersection,3,888,Local Road
T20230010520,2023/5/2,14:15:00,1,Collision with vehicle,2,Tuesday,130,REAR END(VEHICLES IN SAME LANE),1,786950,2,0,0,1,1,2,1,5,Not at intersection,3,110,Freeway
T20230010507,2023/5/2,20:43:00,1,Collision with vehicle,2,Tuesday,147,VEHICLE STRIKES ANOTHER VEH WHILE EMERGING FROM DRIVEWAY,3,43984,2,0,0,1,1,2,2,2,T intersection,3,60,Arterial Other
T20230010274,2023/5/2,17:00:00,1,Collision with vehicle,2,Tuesday,137,LEFT TURN SIDESWIPE,1,777496,2,0,0,1,1,2,2,5,Not at intersection,3,50,Local Road
T20230011365,2023/5/2,16:30:00,3,Struck animal,3,Tuesday,167,STRUCK ANIMAL,1,774126,1,0,0,1,0,1,2,5,Not at intersection,3,60,Local Road
T20230010291,2023/5/2,17:50:00,2,Struck Pedestrian,2,Tuesday,100,PED NEAR SIDE. PED HIT BY VEHICLE FROM THE RIGHT.,3,775457,1,0,1,0,2,3,1,5,Not at intersection,2,60,Arterial Other
T20230022040,2023/5/2,15:30:00,1,Collision with vehicle,2,Tuesday,130,REAR END(VEHICLES IN SAME LANE),9,781263,2,0,0,1,1,2,2,5,Not at intersection,3,80,Arterial Other
T20230010351,2023/5/2,22:21:00,4,Collision with a fixed object,2,Tuesday,179,OTHER ACCIDENTS-OFF STRAIGHT NOT INCLUDED IN DCAs 170-175,3,63322,1,0,0,1,0,1,1,1,Cross intersection,3,50,Arterial Other
T20230010352,2023/5/2,18:45:00,1,Collision with vehicle,2,Tuesday,121,RIGHT THROUGH,3,45433,3,0,0,1,4,5,1,1,Cross intersection,3,999,Arterial Other
T20230010197,2023/5/2,1:00:00,4,Collision with a fixed object,3,Tuesday,171,LEFT OFF CARRIAGEWAY INTO OBJECT/PARKED VEHICLE,5,781117,1,0,1,0,0,1,1,5,Not at intersection,2,80,Arterial Highway
T20230010216,2023/5/2,11:15:00,1,Collision with vehicle,3,Tuesday,129,OTHER OPPOSING MANOEUVRES NOT INCLUDED IN DCAs 120-125.,1,29626,3,0,0,1,2,3,1,1,Cross intersection,3,80,Arterial Highway
T20230010243,2023/5/2,8:05:00,1,Collision with vehicle,2,Tuesday,130,REAR END(VEHICLES IN SAME LANE),1,777393,2,0,0,1,1,2,1,2,T intersection,3,80,Arterial Other
T20230010297,2023/5/2,18:00:00,1,Collision with vehicle,3,Tuesday,130,REAR END(VEHICLES IN SAME LANE),2,772469,2,0,1,1,0,2,1,5,Not at intersection,2,60,Arterial Other
T20230010218,2023/5/2,8:50:00,4,Collision with a fixed object,2,Tuesday,181,OFF RIGHT BEND INTO OBJECT/PARKED VEHICLE,1,786948,1,0,0,1,0,1,1,5,Not at intersection,3,80,Arterial Other
T20230013555,2023/5/2,18:15:00,1,Collision with vehicle,2,Tuesday,111,RIGHT FAR (INTERSECTIONS ONLY),2,778074,2,0,0,1,2,3,2,2,T intersection,3,50,Local Road
T20230010224,2023/5/2,11:11:00,8,No collision and no object struck,3,Tuesday,179,OTHER ACCIDENTS-OFF STRAIGHT NOT INCLUDED IN DCAs 170-175,1,787362,1,0,0,1,1,2,1,5,Not at intersection,3,40,Local Road
T20230010225,2023/5/2,9:45:00,1,Collision with vehicle,3,Tuesday,134,LANE CHANGE RIGHT (NOT OVERTAKING),1,773917,3,0,0,1,3,4,1,5,Not at intersection,3,80,Arterial Other
T20230010227,2023/5/2,11:00:00,1,Collision with vehicle,2,Tuesday,110,CROSS TRAFFIC(INTERSECTIONS ONLY),1,675825,2,0,1,0,1,2,1,1,Cross intersection,2,50,Local Road
T20230010335,2023/5/3,10:00:00,4,Collision with a fixed object,4,Wednesday,171,LEFT OFF CARRIAGEWAY INTO OBJECT/PARKED VEHICLE,1,776678,1,0,0,1,0,1,1,5,Not at intersection,3,100,Arterial Highway
T20230010390,2023/5/3,21:05:00,2,Struck Pedestrian,4,Wednesday,100,PED NEAR SIDE. PED HIT BY VEHICLE FROM THE RIGHT.,3,773614,1,0,1,0,1,2,1,5,Not at intersection,2,70,Arterial Other
T20230010498,2023/5/3,12:30:00,5,collision with some other object,4,Wednesday,166,STRUCK OBJECT ON CARRIAGEWAY,9,775312,1,0,1,0,0,1,1,5,Not at intersection,2,40,Arterial Other
T20230010500,2023/5/3,6:00:00,4,Collision with a fixed object,3,Wednesday,171,LEFT OFF CARRIAGEWAY INTO OBJECT/PARKED VEHICLE,2,229963,1,0,0,1,0,1,1,1,Cross intersection,3,60,Arterial Other
T20230010389,2023/5/3,20:10:00,1,Collision with vehicle,3,Wednesday,110,CROSS TRAFFIC(INTERSECTIONS ONLY),3,787784,2,0,0,1,1,2,1,1,Cross intersection,3,50,Local Road
T20230010313,2023/5/3,9:50:00,1,Collision with vehicle,3,Wednesday,137,LEFT TURN SIDESWIPE,1,787714,2,0,1,0,2,3,1,2,T intersection,2,40,Arterial Other
T20230010910,2023/5/3,12:47:00,1,Collision with vehicle,4,Wednesday,130,REAR END(VEHICLES IN SAME LANE),9,773797,2,0,1,0,3,4,1,5,Not at intersection,2,60,Arterial Other
T20230011090,2023/5/3,8:00:00,1,Collision with vehicle,4,Wednesday,130,REAR END(VEHICLES IN SAME LANE),1,775217,5,0,0,1,4,5,1,5,Not at intersection,3,80,Arterial Highway
T20230011050,2023/5/3,5:50:00,1,Collision with vehicle,4,Wednesday,116,LEFT NEAR (INTERSECTIONS ONLY),3,42956,2,0,0,1,1,2,1,2,T intersection,3,60,Arterial Other
T20230010384,2023/5/3,19:23:00,1,Collision with vehicle,4,Wednesday,130,REAR END(VEHICLES IN SAME LANE),3,780544,3,0,1,1,1,3,1,5,Not at intersection,2,80,Freeway
T20230010464,2023/5/3,18:00:00,4,Collision with a fixed object,3,Wednesday,181,OFF RIGHT BEND INTO OBJECT/PARKED VEHICLE,3,772742,1,0,0,1,0,1,2,5,Not at intersection,3,80,Freeway
T20230010543,2023/5/3,15:20:00,1,Collision with vehicle,3,Wednesday,121,RIGHT THROUGH,1,773580,2,0,0,1,1,2,2,2,T intersection,3,40,Arterial Other
T20230010383,2023/5/3,17:00:00,2,Struck Pedestrian,3,Wednesday,100,PED NEAR SIDE. PED HIT BY VEHICLE FROM THE RIGHT.,1,786726,1,0,1,0,1,2,1,2,T intersection,2,70,Arterial Other
T20230010404,2023/5/3,6:45:00,1,Collision with vehicle,3,Wednesday,121,RIGHT THROUGH,1,341350,2,0,0,1,1,2,1,1,Cross intersection,3,60,Non Arterial
T20230010392,2023/5/3,17:49:00,1,Collision with vehicle,4,Wednesday,120,HEAD ON (NOT OVERTAKING),2,772351,2,1,0,0,1,2,1,5,Not at intersection,1,100,Arterial Highway
T20230010906,2023/5/3,18:00:00,3,Struck animal,3,Wednesday,167,STRUCK ANIMAL,1,773857,1,0,0,1,0,1,2,5,Not at intersection,3,50,Local Road
T20230010323,2023/5/3,11:20:00,1,Collision with vehicle,4,Wednesday,110,CROSS TRAFFIC(INTERSECTIONS ONLY),1,52530,2,0,1,0,1,2,1,1,Cross intersection,2,60,Local Road
T20230010361,2023/5/3,15:17:00,1,Collision with vehicle,4,Wednesday,150,HEAD ON(OVERTAKING),1,777702,2,0,0,1,1,2,1,5,Not at intersection,3,60,Arterial Highway
T20230010333,2023/5/3,11:25:00,1,Collision with vehicle,3,Wednesday,110,CROSS TRAFFIC(INTERSECTIONS ONLY),1,35754,2,0,0,1,1,2,1,1,Cross intersection,3,60,Arterial Other
T20230010325,2023/5/3,10:30:00,1,Collision with vehicle,4,Wednesday,111,RIGHT FAR (INTERSECTIONS ONLY),1,782447,2,0,1,0,1,2,1,1,Cross intersection,2,50,Local Road
T20230028074,2023/5/3,21:50:00,1,Collision with vehicle,4,Wednesday,139,OTHER SAME DIRECTION-MANOUEVRES NOT INCLUDED IN DCAs 130-137,9,789842,2,0,0,1,1,2,2,5,Not at intersection,3,60,Arterial Other
T20230010321,2023/5/3,10:10:00,1,Collision with vehicle,3,Wednesday,160,VEHICLE COLLIDES WITH VEHICLE PARKED ON LEFT OF ROAD,1,780541,3,0,0,1,1,2,1,5,Not at intersection,3,50,Local Road
T20230011121,2023/5/3,17:30:00,1,Collision with vehicle,3,Wednesday,113,RIGHT NEAR (INTERSECTIONS ONLY),2,277083,2,0,0,1,1,2,2,3,Y intersection,3,80,Arterial Other
T20230010324,2023/5/3,6:00:00,1,Collision with vehicle,3,Wednesday,116,LEFT NEAR (INTERSECTIONS ONLY),3,655398,2,0,0,1,1,2,1,2,T intersection,3,60,Arterial Other
T20230010318,2023/5/3,10:46:00,1,Collision with vehicle,3,Wednesday,147,VEHICLE STRIKES ANOTHER VEH WHILE EMERGING FROM DRIVEWAY,1,786947,2,0,0,1,1,2,1,5,Not at intersection,3,888,Local Road
T20230010344,2023/5/3,10:26:00,4,Collision with a fixed object,4,Wednesday,173,RIGHT OFF CARRIAGEWAY INTO OBJECT/PARKED VEHICLE,1,777749,2,1,0,0,1,2,1,5,Not at intersection,1,80,Arterial Highway
T20230010311,2023/5/3,8:33:00,1,Collision with vehicle,3,Wednesday,140,U TURN,1,772735,2,0,0,1,1,2,1,5,Not at intersection,3,60,Arterial Other
T20230010364,2023/5/3,15:20:00,4,Collision with a fixed object,3,Wednesday,173,RIGHT OFF CARRIAGEWAY INTO OBJECT/PARKED VEHICLE,1,773728,1,0,0,1,0,1,1,5,Not at intersection,3,80,Arterial Other
T20230010366,2023/5/3,17:09:00,1,Collision with vehicle,3,Wednesday,113,RIGHT NEAR (INTERSECTIONS ONLY),1,43992,2,0,1,1,1,3,1,1,Cross intersection,2,80,Arterial Other
T20230010368,2023/5/3,18:20:00,1,Collision with vehicle,4,Wednesday,121,RIGHT THROUGH,3,772602,2,0,0,1,1,2,1,5,Not at intersection,3,60,Local Road
T20230010372,2023/5/3,14:00:00,2,Struck Pedestrian,3,Wednesday,102,FAR SIDE. PED HIT BY VEHICLE FROM THE LEFT,1,42258,1,0,0,1,1,2,1,2,T intersection,3,50,Local Road
T20230010373,2023/5/3,18:10:00,1,Collision with vehicle,3,Wednesday,137,LEFT TURN SIDESWIPE,3,42746,2,0,1,0,1,2,1,4,Multiple intersection,2,60,Arterial Highway
T20230010374,2023/5/3,19:20:00,2,Struck Pedestrian,3,Wednesday,102,FAR SIDE. PED HIT BY VEHICLE FROM THE LEFT,3,773572,1,0,0,1,1,2,1,5,Not at intersection,3,40,Local Road
T20230010378,2023/5/3,19:05:00,1,Collision with vehicle,3,Wednesday,130,REAR END(VEHICLES IN SAME LANE),3,785933,3,0,0,1,3,4,1,5,Not at intersection,3,60,Arterial Other
T20230010483,2023/5/3,8:15:00,1,Collision with vehicle,4,Wednesday,130,REAR END(VEHICLES IN SAME LANE),1,34899,2,0,1,0,2,3,2,2,T intersection,2,80,Arterial Other
T20230010395,2023/5/3,18:54:00,1,Collision with vehicle,4,Wednesday,140,U TURN,3,776474,2,0,1,0,1,2,1,5,Not at intersection,2,70,Arterial Other
T20230010304,2023/5/3,6:45:00,4,Collision with a fixed object,3,Wednesday,181,OFF RIGHT BEND INTO OBJECT/PARKED VEHICLE,2,776405,1,0,0,1,1,2,1,5,Not at intersection,3,40,Local Road
T20230010337,2023/5/3,9:35:00,1,Collision with vehicle,3,Wednesday,150,HEAD ON(OVERTAKING),1,787140,2,0,0,1,1,2,1,5,Not at intersection,3,100,
T20230010741,2023/5/3,14:50:00,1,Collision with vehicle,3,Wednesday,147,VEHICLE STRIKES ANOTHER VEH WHILE EMERGING FROM DRIVEWAY,1,773731,2,0,0,1,1,2,1,2,T intersection,3,60,Local Road
T20230010635,2023/5/3,18:33:00,1,Collision with vehicle,3,Wednesday,163,VEHICLE STRIKES DOOR OF PARKED/STATIONARY VEHICLE,6,786946,2,0,0,1,1,2,2,2,T intersection,3,60,Local Road
T20230010454,2023/5/3,16:50:00,1,Collision with vehicle,3,Wednesday,112,LEFT FAR (INTERSECTIONS ONLY),2,782436,2,0,0,1,1,2,2,9,Unknown,3,999,Arterial Highway