ACCIDENT_NO,ACCIDENT_DATE,ACCIDENT_TIME,ACCIDENT_TYPE,ACCIDENT_TYPE_DESC,DAY_OF_WEEK,DAY_WEEK_DESC,DCA_CODE,DCA_DESC,LIGHT_CONDITION,NODE_ID,NO_OF_VEHICLES,NO_PERSONS_KILLED,NO_PERSONS_INJ_2,NO_PERSONS_INJ_3,NO_PERSONS_NOT_INJ,NO_PERSONS,POLICE_ATTEND,ROAD_GEOMETRY,ROAD_GEOMETRY_DESC,SEVERITY,SPEED_ZONE,RMA
T20230010317,2023/5/3,10:45:00,1,Collision with vehicle,3,Wednesday,147,VEHICLE STRIKES ANOTHER VEH WHILE EMERGING FROM DRIVEWAY,1,787836,2,0,0,1,1,2,1,5,Not at intersection,3,50,Local Road
T20230010458,2023/5/3,8:30:00,1,Collision with vehicle,4,Wednesday,130,REAR END(VEHICLES IN SAME LANE),1,776537,3,0,0,1,2,3,2,5,Not at intersection,3,60,Local Road
T20230011094,2023/5/3,13:55:00,1,Collision with vehicle,3,Wednesday,110,CROSS TRAFFIC(INTERSECTIONS ONLY),1,286770,2,0,0,3,1,4,1,1,Cross intersection,3,80,Arterial Other
T20230010357,2023/5/3,14:15:00,6,Vehicle overturned (no collision),3,Wednesday,174,OUT OF CONTROL ON CARRIAGEWAY (ON STRAIGHT),1,776285,1,0,0,2,0,2,1,5,Not at intersection,3,100,Local Road
T20230010502,2023/5/3,15:30:00,1,Collision with vehicle,4,Wednesday,147,VEHICLE STRIKES ANOTHER VEH WHILE EMERGING FROM DRIVEWAY,1,774041,2,0,0,3,1,4,1,5,Not at intersection,3,50,Local Road
T20230011263,2023/5/3,9:30:00,6,Vehicle overturned (no collision),4,Wednesday,174,OUT OF CONTROL ON CARRIAGEWAY (ON STRAIGHT),1,773991,1,0,1,0,0,1,2,5,Not at intersection,2,100,Local Road
T20230010382,2023/5/3,15:44:00,1,Collision with vehicle,4,Wednesday,121,RIGHT THROUGH,1,42680,2,0,0,5,0,5,1,3,Y intersection,3,80,Arterial Other
T20230010403,2023/5/3,12:00:00,1,Collision with vehicle,3,Wednesday,130,REAR END(VEHICLES IN SAME LANE),1,785934,2,0,2,1,0,3,1,5,Not at intersection,2,80,Arterial Highway
T20230010347,2023/5/3,10:00:00,1,Collision with vehicle,4,Wednesday,121,RIGHT THROUGH,1,772472,2,0,1,0,1,2,1,2,T intersection,2,60,Arterial Other
T20230011432,2023/5/3,10:30:00,1,Collision with vehicle,4,Wednesday,134,LANE CHANGE RIGHT (NOT OVERTAKING),9,775421,2,0,0,1,1,2,2,5,Not at intersection,3,70,Arterial Other
T20230010393,2023/5/3,21:10:00,1,Collision with vehicle,3,Wednesday,160,VEHICLE COLLIDES WITH VEHICLE PARKED ON LEFT OF ROAD,3,783065,2,0,0,1,0,1,1,5,Not at intersection,3,60,Arterial Other
T20230010334,2023/5/3,12:25:00,1,Collision with vehicle,4,Wednesday,121,RIGHT THROUGH,1,775996,2,0,1,0,2,3,1,4,Multiple intersection,2,70,Arterial Other
T20230010353,2023/5/3,14:01:00,4,Collision with a fixed object,4,Wednesday,171,LEFT OFF CARRIAGEWAY INTO OBJECT/PARKED VEHICLE,1,773692,1,0,0,1,0,1,1,5,Not at intersection,3,80,Arterial Highway
T20230010387,2023/5/3,19:15:00,1,Collision with vehicle,4,Wednesday,169,OTHER ON PATH,3,778071,3,0,1,0,0,1,1,5,Not at intersection,2,50,Local Road
T20230010472,2023/5/4,16:32:00,1,Collision with vehicle,4,Thursday,130,REAR END(VEHICLES IN SAME LANE),1,774708,3,0,1,0,4,5,1,5,Not at intersection,2,100,Freeway
T20230010473,2023/5/4,17:00:00,1,Collision with vehicle,5,Thursday,135,LANE CHANGE LEFT (NOT OVERTAKING),1,773574,2,0,0,2,0,2,1,5,Not at intersection,3,999,Freeway
T20230010474,2023/5/4,18:30:00,1,Collision with vehicle,4,Thursday,130,REAR END(VEHICLES IN SAME LANE),3,777732,4,0,0,1,4,5,1,5,Not at intersection,3,80,Freeway
T20230010476,2023/5/4,17:45:00,1,Collision with vehicle,4,Thursday,120,HEAD ON (NOT OVERTAKING),3,776997,2,0,0,1,2,3,1,5,Not at intersection,3,50,Local Road
T20230010477,2023/5/4,9:30:00,2,Struck Pedestrian,4,Thursday,100,PED NEAR SIDE. PED HIT BY VEHICLE FROM THE RIGHT.,1,791640,1,0,0,1,1,2,2,1,Cross intersection,3,40,Arterial Other
T20230010481,2023/5/4,18:15:00,1,Collision with vehicle,4,Thursday,163,VEHICLE STRIKES DOOR OF PARKED/STATIONARY VEHICLE,2,790573,2,0,0,1,1,2,2,5,Not at intersection,3,40,Local Road
T20230010482,2023/5/4,17:30:00,1,Collision with vehicle,4,Thursday,148,VEHICLE OFF FOOTPATH STRIKES VEH ON CARRIAGEWAY,2,65645,2,0,0,1,1,2,1,2,T intersection,3,40,Arterial Other
T20230010905,2023/5/4,14:29:00,1,Collision with vehicle,5,Thursday,130,REAR END(VEHICLES IN SAME LANE),1,779194,2,0,0,2,1,3,2,5,Not at intersection,3,60,Local Road
T20230010733,2023/5/4,19:05:00,3,Struck animal,4,Thursday,167,STRUCK ANIMAL,5,787146,2,0,0,2,1,3,1,5,Not at intersection,3,100,
T20230012812,2023/5/4,8:00:00,1,Collision with vehicle,4,Thursday,130,REAR END(VEHICLES IN SAME LANE),1,775443,2,0,0,1,2,3,2,5,Not at intersection,3,60,Local Road
T20230010489,2023/5/4,20:15:00,1,Collision with vehicle,5,Thursday,130,REAR END(VEHICLES IN SAME LANE),3,777394,2,0,1,0,2,3,1,5,Not at intersection,2,40,Local Road
T20230010998,2023/5/4,9:10:00,1,Collision with vehicle,4,Thursday,135,LANE CHANGE LEFT (NOT OVERTAKING),1,773862,2,0,0,1,1,2,2,5,Not at intersection,3,60,Arterial Other
T20230014740,2023/5/4,14:45:00,1,Collision with vehicle,4,Thursday,119,OTHER ADJACENT (INTERSECTIONS ONLY),1,62454,2,0,0,1,2,3,1,2,T intersection,3,999,Local Road
T20230014404,2023/5/4,19:10:00,1,Collision with vehicle,4,Thursday,116,LEFT NEAR (INTERSECTIONS ONLY),6,785943,2,0,0,1,1,2,1,2,T intersection,3,80,Arterial Highway
T20230010418,2023/5/4,8:03:00,1,Collision with vehicle,4,Thursday,121,RIGHT THROUGH,1,42505,2,0,1,1,0,2,1,1,Cross intersection,2,40,Local Road
T20230010407,2023/5/4,6:19:00,1,Collision with vehicle,5,Thursday,130,REAR END(VEHICLES IN SAME LANE),1,582838,2,0,0,2,0,2,1,1,Cross intersection,3,80,Arterial Highway
T20230012501,2023/5/4,17:15:00,1,Collision with vehicle,5,Thursday,110,CROSS TRAFFIC(INTERSECTIONS ONLY),2,29359,2,0,0,1,1,2,2,1,Cross intersection,3,40,Local Road
T20230010413,2023/5/4,8:37:00,1,Collision with vehicle,4,Thursday,121,RIGHT THROUGH,1,29680,3,0,0,2,2,4,1,2,T intersection,3,60,Arterial Other
T20230010414,2023/5/4,6:40:00,1,Collision with vehicle,5,Thursday,111,RIGHT FAR (INTERSECTIONS ONLY),2,39267,2,0,0,2,0,2,1,2,T intersection,3,60,Arterial Other
T20230010419,2023/5/4,7:00:00,1,Collision with vehicle,5,Thursday,121,RIGHT THROUGH,2,778648,2,0,0,2,0,2,1,1,Cross intersection,3,60,Arterial Other
T20230010421,2023/5/4,10:00:00,1,Collision with vehicle,4,Thursday,130,REAR END(VEHICLES IN SAME LANE),1,785935,2,0,1,0,1,2,1,5,Not at intersection,2,70,Arterial Highway
T20230010422,2023/5/4,6:40:00,1,Collision with vehicle,4,Thursday,119,OTHER ADJACENT (INTERSECTIONS ONLY),3,787148,2,0,0,1,1,2,1,2,T intersection,3,60,
T20230010423,2023/5/4,9:00:00,2,Struck Pedestrian,4,Thursday,101,PED EMERGES FROM IN FRONT OF PARKED OR STATIONARY VEHICLE,1,772863,1,0,1,0,1,2,1,2,T intersection,2,40,Local Road
T20230010427,2023/5/4,7:50:00,1,Collision with vehicle,5,Thursday,130,REAR END(VEHICLES IN SAME LANE),2,782054,2,0,0,1,1,2,2,9,Unknown,3,40,Arterial Highway
T20230010431,2023/5/4,8:50:00,1,Collision with vehicle,4,Thursday,130,REAR END(VEHICLES IN SAME LANE),1,774040,2,0,0,1,2,3,2,5,Not at intersection,3,80,Local Road
T20230010434,2023/5/4,6:15:00,1,Collision with vehicle,4,Thursday,116,LEFT NEAR (INTERSECTIONS ONLY),6,69035,2,0,0,2,0,2,2,2,T intersection,3,70,Arterial Highway
T20230010435,2023/5/4,12:30:00,1,Collision with vehicle,5,Thursday,147,VEHICLE STRIKES ANOTHER VEH WHILE EMERGING FROM DRIVEWAY,1,773918,2,0,1,0,1,2,1,5,Not at intersection,2,40,Local Road
T20230010439,2023/5/4,7:26:00,1,Collision with vehicle,5,Thursday,130,REAR END(VEHICLES IN SAME LANE),2,780331,2,0,0,1,1,2,2,5,Not at intersection,3,70,Arterial Other
T20230011568,2023/5/4,6:55:00,1,Collision with vehicle,5,Thursday,130,REAR END(VEHICLES IN SAME LANE),9,45556,2,0,0,1,1,2,2,2,T intersection,3,60,Arterial Other
T20230010484,2023/5/4,20:33:00,1,Collision with vehicle,4,Thursday,140,U TURN,3,239172,2,0,0,0,1,1,1,2,T intersection,3,60,Arterial Highway
T20230010446,2023/5/4,10:30:00,1,Collision with vehicle,5,Thursday,130,REAR END(VEHICLES IN SAME LANE),1,774106,2,0,0,1,1,2,2,5,Not at intersection,3,999,Local Road
T20230010448,2023/5/4,14:50:00,1,Collision with vehicle,5,Thursday,130,REAR END(VEHICLES IN SAME LANE),1,775676,2,0,0,1,0,1,1,5,Not at intersection,3,60,
T20230010452,2023/5/4,15:40:00,4,Collision with a fixed object,4,Thursday,181,OFF RIGHT BEND INTO OBJECT/PARKED VEHICLE,1,786721,1,0,1,0,0,1,1,5,Not at intersection,2,100,Local Road
T20230010490,2023/5/4,21:37:00,1,Collision with vehicle,4,Thursday,130,REAR END(VEHICLES IN SAME LANE),3,773576,2,0,0,1,1,2,1,5,Not at intersection,3,90,Arterial Highway
T20230010492,2023/5/4,16:00:00,1,Collision with vehicle,5,Thursday,130,REAR END(VEHICLES IN SAME LANE),1,29623,2,0,0,1,1,2,1,1,Cross intersection,3,80,Arterial Highway
T20230010493,2023/5/4,4:40:00,1,Collision with vehicle,5,Thursday,120,HEAD ON (NOT OVERTAKING),3,775638,2,0,1,1,0,2,1,5,Not at intersection,2,60,Arterial Other
T20230010460,2023/5/4,12:24:00,1,Collision with vehicle,5,Thursday,113,RIGHT NEAR (INTERSECTIONS ONLY),1,237316,2,0,2,1,0,3,1,2,T intersection,2,70,Arterial Other
T20230010494,2023/5/4,16:57:00,1,Collision with vehicle,5,Thursday,120,HEAD ON (NOT OVERTAKING),1,776119,2,1,0,1,0,2,1,5,Not at intersection,1,100,Arterial Other
T20230010495,2023/5/4,4:50:00,4,Collision with a fixed object,4,Thursday,173,RIGHT OFF CARRIAGEWAY INTO OBJECT/PARKED VEHICLE,3,786910,1,0,1,0,0,1,1,5,Not at intersection,2,60,
T20230010497,2023/5/4,22:39:00,4,Collision with a fixed object,5,Thursday,171,LEFT OFF CARRIAGEWAY INTO OBJECT/PARKED VEHICLE,3,46392,1,0,1,0,0,1,1,2,T intersection,2,80,Arterial Highway
T20230010485,2023/5/4,20:43:00,4,Collision with a fixed object,5,Thursday,171,LEFT OFF CARRIAGEWAY INTO OBJECT/PARKED VEHICLE,3,775799,2,0,1,0,0,1,1,5,Not at intersection,2,999,Local Road
T20230012949,2023/5/4,17:10:00,1,Collision with vehicle,4,Thursday,130,REAR END(VEHICLES IN SAME LANE),1,776512,2,0,0,1,1,2,2,5,Not at intersection,3,70,Arterial Highway
T20230010841,2023/5/4,15:00:00,1,Collision with vehicle,4,Thursday,130,REAR END(VEHICLES IN SAME LANE),1,358547,2,0,0,1,1,2,2,1,Cross intersection,3,70,Arterial Other
T20240000535,2023/5/4,12:15:00,1,Collision with vehicle,4,Thursday,160,VEHICLE COLLIDES WITH VEHICLE PARKED ON LEFT OF ROAD,1,795679,2,0,0,1,0,1,2,5,Not at intersection,3,50,Local Road
T20230010576,2023/5/4,9:00:00,1,Collision with vehicle,5,Thursday,130,REAR END(VEHICLES IN SAME LANE),9,773583,2,0,0,2,1,3,2,5,Not at intersection,3,999,Freeway
T20230010486,2023/5/4,17:55:00,1,Collision with vehicle,5,Thursday,130,REAR END(VEHICLES IN SAME LANE),3,776078,2,0,2,0,1,3,1,5,Not at intersection,2,80,Arterial Other
T20230011523,2023/5/4,10:40:00,1,Collision with vehicle,4,Thursday,130,REAR END(VEHICLES IN SAME LANE),1,775099,2,0,0,1,1,2,2,5,Not at intersection,3,60,Arterial Other
T20230010461,2023/5/4,12:23:00,1,Collision with vehicle,5,Thursday,150,HEAD ON(OVERTAKING),1,775905,2,0,1,1,0,2,1,5,Not at intersection,2,100,Arterial Other
T20230010487,2023/5/4,14:53:00,1,Collision with vehicle,4,Thursday,130,REAR END(VEHICLES IN SAME LANE),1,693079,2,0,1,0,1,2,1,5,Not at intersection,2,100,Freeway
T20230010462,2023/5/4,15:50:00,2,Struck Pedestrian,4,Thursday,102,FAR SIDE. PED HIT BY VEHICLE FROM THE LEFT,1,779088,1,0,1,0,1,2,2,5,Not at intersection,2,40,Arterial Other
T20230010470,2023/5/4,13:00:00,2,Struck Pedestrian,4,Thursday,103,PED PLAYING/LYING/WORKING/STANDING ON CARRIAGEWAY.,1,787854,1,0,0,1,1,2,1,5,Not at intersection,3,888,Arterial Other
T20230010471,2023/5/4,17:41:00,1,Collision with vehicle,4,Thursday,130,REAR END(VEHICLES IN SAME LANE),3,785936,2,0,0,1,3,4,1,5,Not at intersection,3,60,Arterial Other
T20230010761,2023/5/5,13:30:00,2,Struck Pedestrian,6,Friday,100,PED NEAR SIDE. PED HIT BY VEHICLE FROM THE RIGHT.,9,782334,1,0,1,0,1,2,2,5,Not at intersection,2,999,Arterial Other
T20230010569,2023/5/5,16:30:00,1,Collision with vehicle,6,Friday,130,REAR END(VEHICLES IN SAME LANE),1,775639,3,0,0,2,1,3,2,5,Not at intersection,3,100,Freeway
T20230011542,2023/5/5,18:00:00,1,Collision with vehicle,6,Friday,130,REAR END(VEHICLES IN SAME LANE),3,774167,3,0,0,2,2,4,1,5,Not at intersection,3,60,Local Road
T20230011682,2023/5/5,6:25:00,1,Collision with vehicle,6,Friday,130,REAR END(VEHICLES IN SAME LANE),3,692861,2,0,2,0,0,2,1,5,Not at intersection,2,100,Freeway
T20230010568,2023/5/5,17:42:00,1,Collision with vehicle,6,Friday,111,RIGHT FAR (INTERSECTIONS ONLY),3,47156,3,0,1,3,1,5,1,2,T intersection,2,999,Arterial Other
T20230010774,2023/5/5,18:00:00,1,Collision with vehicle,6,Friday,130,REAR END(VEHICLES IN SAME LANE),5,773656,3,0,0,4,1,5,1,5,Not at intersection,3,100,Freeway
T20230010618,2023/5/5,16:45:00,1,Collision with vehicle,5,Friday,130,REAR END(VEHICLES IN SAME LANE),2,260999,3,0,0,1,3,4,1,5,Not at intersection,3,100,Freeway
T20230011679,2023/5/5,15:30:00,8,No collision and no object struck,6,Friday,174,OUT OF CONTROL ON CARRIAGEWAY (ON STRAIGHT),1,774412,1,0,0,1,0,1,2,5,Not at intersection,3,50,Local Road
T20230010544,2023/5/5,13:25:00,1,Collision with vehicle,5,Friday,135,LANE CHANGE LEFT (NOT OVERTAKING),1,785937,2,0,0,1,1,2,1,5,Not at intersection,3,100,Arterial Highway
T20230010545,2023/5/5,14:30:00,1,Collision with vehicle,6,Friday,110,CROSS TRAFFIC(INTERSECTIONS ONLY),1,67681,2,0,0,1,2,3,1,1,Cross intersection,3,50,Local Road
T20230010567,2023/5/5,15:36:00,1,Collision with vehicle,5,Friday,120,HEAD ON (NOT OVERTAKING),1,786943,2,0,0,1,1,2,1,5,Not at intersection,3,60,Arterial Other
T20230010614,2023/5/5,10:15:00,1,Collision with vehicle,5,Friday,113,RIGHT NEAR (INTERSECTIONS ONLY),1,773585,2,0,1,0,1,2,1,2,T intersection,2,999,Local Road
T20230010554,2023/5/5,15:35:00,1,Collision with vehicle,5,Friday,113,RIGHT NEAR (INTERSECTIONS ONLY),1,47504,2,0,0,1,3,4,1,2,T intersection,3,60,Freeway
T20230010513,2023/5/5,9:30:00,8,No collision and no object struck,5,Friday,174,OUT OF CONTROL ON CARRIAGEWAY (ON STRAIGHT),1,279272,1,0,0,1,0,1,1,2,T intersection,3,80,Freeway
T20230010556,2023/5/5,17:54:00,1,Collision with vehicle,5,Friday,130,REAR END(VEHICLES IN SAME LANE),2,92,2,0,0,1,1,2,1,1,Cross intersection,3,60,Arterial Highway
T20230010557,2023/5/5,16:00:00,1,Collision with vehicle,5,Friday,113,RIGHT NEAR (INTERSECTIONS ONLY),1,43823,2,0,0,1,1,2,1,2,T intersection,3,80,Arterial Other
T20230010560,2023/5/5,18:15:00,1,Collision with vehicle,5,Friday,160,VEHICLE COLLIDES WITH VEHICLE PARKED ON LEFT OF ROAD,3,777364,2,0,0,1,0,1,1,5,Not at intersection,3,60,Local Road
T20230011028,2023/5/5,22:00:00,1,Collision with vehicle,6,Friday,130,REAR END(VEHICLES IN SAME LANE),6,40589,2,0,0,1,1,2,2,2,T intersection,3,50,Arterial Highway
T20230010566,2023/5/5,18:09:00,1,Collision with vehicle,5,Friday,113,RIGHT NEAR (INTERSECTIONS ONLY),3,39149,2,0,0,1,1,2,1,2,T intersection,3,60,Arterial Other
T20230010713,2023/5/5,19:25:00,6,Vehicle overturned (no collision),5,Friday,174,OUT OF CONTROL ON CARRIAGEWAY (ON STRAIGHT),3,25256,1,0,0,1,0,1,2,1,Cross intersection,3,80,Arterial Other
T20230010626,2023/5/5,15:30:00,1,Collision with vehicle,6,Friday,137,LEFT TURN SIDESWIPE,1,29431,2,0,0,1,1,2,2,2,T intersection,3,60,Arterial Other
T20230010586,2023/5/5,21:47:00,1,Collision with vehicle,6,Friday,130,REAR END(VEHICLES IN SAME LANE),3,775580,2,0,1,0,1,2,1,5,Not at intersection,2,80,Arterial Highway
T20230010581,2023/5/5,17:50:00,1,Collision with vehicle,5,Friday,130,REAR END(VEHICLES IN SAME LANE),5,773646,3,0,0,1,2,3,1,2,T intersection,3,100,Arterial Highway
T20230010579,2023/5/5,19:55:00,4,Collision with a fixed object,5,Friday,181,OFF RIGHT BEND INTO OBJECT/PARKED VEHICLE,5,774385,1,0,1,0,0,1,1,5,Not at intersection,2,80,Local Road
T20230010510,2023/5/5,8:20:00,2,Struck Pedestrian,5,Friday,102,FAR SIDE. PED HIT BY VEHICLE FROM THE LEFT,1,773577,1,0,0,1,2,3,1,5,Not at intersection,3,60,Arterial Other
T20230010511,2023/5/5,8:30:00,8,No collision and no object struck,6,Friday,174,OUT OF CONTROL ON CARRIAGEWAY (ON STRAIGHT),1,773613,1,0,1,0,0,1,1,5,Not at intersection,2,60,Local Road
T20230010564,2023/5/5,18:10:00,1,Collision with vehicle,6,Friday,121,RIGHT THROUGH,3,50001,2,0,2,0,0,2,1,1,Cross intersection,2,60,Arterial Highway
T20230010578,2023/5/5,18:38:00,8,No collision and no object struck,6,Friday,122,LEFT THROUGH,2,776797,2,0,0,1,1,2,2,5,Not at intersection,3,999,Local Road
T20230010521,2023/5/5,8:20:00,1,Collision with vehicle,6,Friday,150,HEAD ON(OVERTAKING),1,776939,2,0,1,0,1,2,1,5,Not at intersection,2,60,Local Road
T20230010522,2023/5/5,9:12:00,1,Collision with vehicle,6,Friday,130,REAR END(VEHICLES IN SAME LANE),1,775446,3,0,1,0,2,3,1,5,Not at intersection,2,100,Freeway
T20230010573,2023/5/5,14:25:00,1,Collision with vehicle,5,Friday,110,CROSS TRAFFIC(INTERSECTIONS ONLY),1,6,2,0,0,1,1,2,2,1,Cross intersection,3,60,Local Road
T20230010541,2023/5/5,11:29:00,1,Collision with vehicle,6,Friday,120,HEAD ON (NOT OVERTAKING),1,342065,2,0,1,1,0,2,1,3,Y intersection,2,100,Arterial Highway
T20230012225,2023/5/5,8:15:00,1,Collision with vehicle,5,Friday,110,CROSS TRAFFIC(INTERSECTIONS ONLY),2,861,2,0,0,1,1,2,2,1,Cross intersection,3,50,Local Road
T20230011356,2023/5/5,13:15:00,1,Collision with vehicle,5,Friday,110,CROSS TRAFFIC(INTERSECTIONS ONLY),1,341350,4,0,0,1,3,4,1,1,Cross intersection,3,60,Non Arterial
T20230010651,2023/5/6,19:00:00,2,Struck Pedestrian,6,Saturday,100,PED NEAR SIDE. PED HIT BY VEHICLE FROM THE RIGHT.,3,779087,1,0,1,0,1,2,1,1,Cross intersection,2,40,Arterial Other
T20230010621,2023/5/6,10:20:00,1,Collision with vehicle,7,Saturday,130,REAR END(VEHICLES IN SAME LANE),1,80828,3,0,1,1,2,4,1,5,Not at intersection,2,60,Arterial Highway
T20230011865,2023/5/6,12:00:00,8,No collision and no object struck,7,Saturday,174,OUT OF CONTROL ON CARRIAGEWAY (ON STRAIGHT),1,775425,1,0,0,1,0,1,2,5,Not at intersection,3,80,Arterial Highway
T20230010616,2023/5/6,9:20:00,1,Collision with vehicle,7,Saturday,132,RIGHT REAR.,1,66124,3,0,0,1,2,3,1,2,T intersection,3,60,Local Road
T20230010650,2023/5/6,20:19:00,1,Collision with vehicle,7,Saturday,121,RIGHT THROUGH,3,235245,2,0,2,0,2,4,1,3,Y intersection,2,70,Arterial Other
T20230010613,2023/5/6,10:00:00,4,Collision with a fixed object,6,Saturday,171,LEFT OFF CARRIAGEWAY INTO OBJECT/PARKED VEHICLE,1,796277,1,0,0,1,0,1,1,5,Not at intersection,3,100,
T20230010610,2023/5/6,6:20:00,1,Collision with vehicle,6,Saturday,116,LEFT NEAR (INTERSECTIONS ONLY),3,346758,2,0,0,1,1,2,2,2,T intersection,3,70,Arterial Other
T20230010607,2023/5/6,6:50:00,1,Collision with vehicle,6,Saturday,110,CROSS TRAFFIC(INTERSECTIONS ONLY),1,29420,2,0,1,0,1,2,1,1,Cross intersection,2,40,Local Road
T20230010605,2023/5/6,7:30:00,8,No collision and no object struck,7,Saturday,174,OUT OF CONTROL ON CARRIAGEWAY (ON STRAIGHT),1,774340,1,0,1,0,0,1,1,5,Not at intersection,2,70,Arterial Highway
T20230010601,2023/5/6,0:23:00,4,Collision with a fixed object,7,Saturday,175,OFF END OF ROAD/T-INTERSECTION.,5,45296,1,0,0,1,1,2,1,2,T intersection,3,80,Local Road
T20230010598,2023/5/6,1:05:00,1,Collision with vehicle,7,Saturday,121,RIGHT THROUGH,3,773584,2,0,0,4,0,4,1,2,T intersection,3,80,Arterial Highway
T20230010597,2023/5/6,0:13:00,1,Collision with vehicle,6,Saturday,160,VEHICLE COLLIDES WITH VEHICLE PARKED ON LEFT OF ROAD,3,777685,2,0,0,1,1,2,1,5,Not at intersection,3,60,Arterial Other
T20230010596,2023/5/6,1:07:00,2,Struck Pedestrian,6,Saturday,100,PED NEAR SIDE. PED HIT BY VEHICLE FROM THE RIGHT.,3,48492,1,0,1,0,2,3,1,1,Cross intersection,2,50,Local Road
T20230010612,2023/5/6,8:56:00,4,Collision with a fixed object,7,Saturday,171,LEFT OFF CARRIAGEWAY INTO OBJECT/PARKED VEHICLE,1,774131,1,0,0,1,0,1,1,5,Not at intersection,3,50,Arterial Other
T20230010648,2023/5/6,18:53:00,4,Collision with a fixed object,7,Saturday,171,LEFT OFF CARRIAGEWAY INTO OBJECT/PARKED VEHICLE,3,44107,1,0,1,0,0,1,1,1,Cross intersection,2,60,Arterial Other
T20230010646,2023/5/6,15:10:00,4,Collision with a fixed object,7,Saturday,173,RIGHT OFF CARRIAGEWAY INTO OBJECT/PARKED VEHICLE,1,773647,1,0,0,1,0,1,1,5,Not at intersection,3,60,Local Road
T20230010640,2023/5/6,14:25:00,1,Collision with vehicle,7,Saturday,121,RIGHT THROUGH,1,773982,3,0,1,2,1,4,1,5,Not at intersection,2,100,Arterial Highway
T20230010638,2023/5/6,15:55:00,2,Struck Pedestrian,6,Saturday,102,FAR SIDE. PED HIT BY VEHICLE FROM THE LEFT,1,774428,1,0,0,1,1,2,1,5,Not at intersection,3,50,Local Road
T20230010653,2023/5/6,21:35:00,2,Struck Pedestrian,7,Saturday,109,ANY MANOEUVRE INVOLVING PED NOT INCLUDED IN DCAs 100-108.,3,776168,1,0,0,1,2,3,1,5,Not at intersection,3,999,Local Road
T20230010654,2023/5/6,18:42:00,2,Struck Pedestrian,6,Saturday,100,PED NEAR SIDE. PED HIT BY VEHICLE FROM THE RIGHT.,3,36987,1,0,0,2,1,3,1,2,T intersection,3,40,Local Road
T20230010655,2023/5/6,21:40:00,2,Struck Pedestrian,6,Saturday,106,VEH STRIKES PED ON FOOTPATH/MEDIAN/TRAFFIC ISLAND.,3,83,1,0,0,1,1,2,1,1,Cross intersection,3,999,Arterial Other
T20230010850,2023/5/6,17:00:00,5,collision with some other object,7,Saturday,166,STRUCK OBJECT ON CARRIAGEWAY,2,773950,1,0,0,1,0,1,2,5,Not at intersection,3,100,Local Road
T20230010632,2023/5/6,13:45:00,1,Collision with vehicle,7,Saturday,121,RIGHT THROUGH,1,773587,2,0,1,0,1,2,1,5,Not at intersection,2,50,Local Road
T20230010656,2023/5/6,23:10:00,1,Collision with vehicle,6,Saturday,121,RIGHT THROUGH,3,29648,2,0,0,2,1,3,1,1,Cross intersection,3,60,Arterial Other
T20230010630,2023/5/6,13:40:00,1,Collision with vehicle,6,Saturday,121,RIGHT THROUGH,1,669051,2,0,0,1,2,3,1,2,T intersection,3,80,Arterial Highway
T20230010685,2023/5/6,18:00:00,1,Collision with vehicle,7,Saturday,135,LANE CHANGE LEFT (NOT OVERTAKING),9,280430,2,0,0,1,1,2,2,2,T intersection,3,999,Local Road
T20230010663,2023/5/6,23:05:00,1,Collision with vehicle,6,Saturday,121,RIGHT THROUGH,3,235676,2,0,0,1,3,4,1,2,T intersection,3,60,Local Road
T20230015966,2023/5/6,14:00:00,1,Collision with vehicle,7,Saturday,130,REAR END(VEHICLES IN SAME LANE),1,777591,2,0,0,1,1,2,2,5,Not at intersection,3,70,Arterial Other
T20230010623,2023/5/6,11:25:00,1,Collision with vehicle,6,Saturday,110,CROSS TRAFFIC(INTERSECTIONS ONLY),1,43598,2,0,0,1,4,5,1,1,Cross intersection,3,60,Arterial Other
T20230010665,2023/5/6,23:00:00,4,Collision with a fixed object,7,Saturday,181,OFF RIGHT BEND INTO OBJECT/PARKED VEHICLE,3,783801,1,0,1,0,0,1,1,5,Not at intersection,2,100,Arterial Highway
T20230010669,2023/5/6,23:39:00,3,Struck animal,6,Saturday,167,STRUCK ANIMAL,5,773729,1,0,0,2,0,2,1,5,Not at intersection,3,110,Freeway
T20230010628,2023/5/6,12:05:00,1,Collision with vehicle,6,Saturday,110,CROSS TRAFFIC(INTERSECTIONS ONLY),1,41460,2,0,0,1,2,3,1,1,Cross intersection,3,60,Arterial Other
T20230010946,2023/5/6,10:40:00,1,Collision with vehicle,7,Saturday,121,RIGHT THROUGH,1,785940,2,0,0,2,1,3,1,2,T intersection,3,60,Local Road
T20230010629,2023/5/6,10:25:00,4,Collision with a fixed object,7,Saturday,183,OFF LEFT BEND INTO OBJECT/PARKED VEHICLE,1,774411,1,0,1,0,0,1,1,5,Not at intersection,2,100,Arterial Highway
T20230010675,2023/5/6,16:14:00,1,Collision with vehicle,7,Saturday,113,RIGHT NEAR (INTERSECTIONS ONLY),1,50376,2,0,1,1,1,3,1,1,Cross intersection,2,100,Arterial Highway