ACCIDENT_NO,ACCIDENT_DATE,ACCIDENT_TIME,ACCIDENT_TYPE,ACCIDENT_TYPE_DESC,DAY_OF_WEEK,DAY_WEEK_DESC,DCA_CODE,DCA_DESC,LIGHT_CONDITION,NODE_ID,NO_OF_VEHICLES,NO_PERSONS_KILLED,NO_PERSONS_INJ_2,NO_PERSONS_INJ_3,NO_PERSONS_NOT_INJ,NO_PERSONS,POLICE_ATTEND,ROAD_GEOMETRY,ROAD_GEOMETRY_DESC,SEVERITY,SPEED_ZONE,RMA
T20230010677,2023/5/6,13:45:00,1,Collision with vehicle,6,Saturday,159,OTHER OVERTAKING MANOEUVRES NOT INCLUDED IN DCAs 150-154,1,45517,2,0,0,1,1,2,2,1,Cross intersection,3,70,Arterial Other
T20230010699,2023/5/6,11:40:00,1,Collision with vehicle,6,Saturday,121,RIGHT THROUGH,1,773589,2,0,0,1,1,2,2,5,Not at intersection,3,60,Arterial Other
T20230010681,2023/5/6,13:15:00,1,Collision with vehicle,7,Saturday,120,HEAD ON (NOT OVERTAKING),1,774082,2,0,1,0,1,2,1,5,Not at intersection,2,80,Local Road
T20230011438,2023/5/6,10:43:00,1,Collision with vehicle,7,Saturday,121,RIGHT THROUGH,1,278823,2,0,0,1,1,2,1,1,Cross intersection,3,60,Arterial Other
T20230010652,2023/5/6,19:25:00,1,Collision with vehicle,6,Saturday,130,REAR END(VEHICLES IN SAME LANE),3,773588,2,0,0,2,2,4,1,5,Not at intersection,3,999,Local Road
T20230012478,2023/5/6,21:00:00,1,Collision with vehicle,7,Saturday,121,RIGHT THROUGH,3,793316,2,0,0,1,1,2,2,2,T intersection,3,60,Local Road
T20230010762,2023/5/6,9:30:00,8,No collision and no object struck,7,Saturday,174,OUT OF CONTROL ON CARRIAGEWAY (ON STRAIGHT),1,773655,1,0,0,1,0,1,2,5,Not at intersection,3,60,Local Road
T20230010704,2023/5/7,14:45:00,6,Vehicle overturned (no collision),1,Sunday,189,OTHER ACCIDENTS ON CURVE NOT INCLUDED IN DCAs 180-184,1,773882,1,0,1,0,1,2,1,5,Not at intersection,2,100,Arterial Highway
T20230010698,2023/5/7,15:09:00,4,Collision with a fixed object,0,Sunday,171,LEFT OFF CARRIAGEWAY INTO OBJECT/PARKED VEHICLE,1,773649,1,0,0,1,0,1,1,5,Not at intersection,3,100,Local Road
T20230010697,2023/5/7,15:30:00,1,Collision with vehicle,0,Sunday,110,CROSS TRAFFIC(INTERSECTIONS ONLY),1,37972,2,0,1,0,1,2,1,1,Cross intersection,2,50,Local Road
T20230010695,2023/5/7,14:30:00,1,Collision with vehicle,0,Sunday,130,REAR END(VEHICLES IN SAME LANE),1,41013,2,0,0,1,1,2,1,2,T intersection,3,80,Arterial Other
T20230010863,2023/5/7,10:30:00,8,No collision and no object struck,0,Sunday,184,OUT OF CONTROL ON CARRIAGEWAY (ON BEND),1,775134,1,0,0,1,0,1,2,5,Not at intersection,3,80,Local Road
T20230010706,2023/5/7,18:15:00,6,Vehicle overturned (no collision),0,Sunday,174,OUT OF CONTROL ON CARRIAGEWAY (ON STRAIGHT),3,775800,1,0,0,1,0,1,1,5,Not at intersection,3,999,Local Road
T20230010670,2023/5/7,8:16:00,1,Collision with vehicle,0,Sunday,139,OTHER SAME DIRECTION-MANOUEVRES NOT INCLUDED IN DCAs 130-137,2,226603,3,0,0,1,2,3,1,1,Cross intersection,3,80,Arterial Other
T20230010673,2023/5/7,8:40:00,1,Collision with vehicle,1,Sunday,110,CROSS TRAFFIC(INTERSECTIONS ONLY),1,36422,2,0,1,0,1,2,1,1,Cross intersection,2,60,Arterial Other
T20230012714,2023/5/7,15:00:00,8,No collision and no object struck,0,Sunday,174,OUT OF CONTROL ON CARRIAGEWAY (ON STRAIGHT),1,776212,1,0,0,1,0,1,2,5,Not at intersection,3,80,Local Road
T20230011665,2023/5/7,17:30:00,3,Struck animal,1,Sunday,167,STRUCK ANIMAL,2,774388,1,0,0,1,0,1,2,5,Not at intersection,3,100,Arterial Other
T20230010707,2023/5/7,17:37:00,4,Collision with a fixed object,0,Sunday,171,LEFT OFF CARRIAGEWAY INTO OBJECT/PARKED VEHICLE,3,70083,1,0,0,2,0,2,1,2,T intersection,3,80,Arterial Other
T20230010834,2023/5/7,14:00:00,6,Vehicle overturned (no collision),0,Sunday,184,OUT OF CONTROL ON CARRIAGEWAY (ON BEND),1,773740,1,0,0,1,0,1,2,2,T intersection,3,999,Local Road
T20230010819,2023/5/7,22:06:00,4,Collision with a fixed object,1,Sunday,183,OFF LEFT BEND INTO OBJECT/PARKED VEHICLE,5,774429,2,0,0,1,1,2,1,5,Not at intersection,3,110,Freeway
T20230021031,2023/5/7,5:07:00,4,Collision with a fixed object,0,Sunday,171,LEFT OFF CARRIAGEWAY INTO OBJECT/PARKED VEHICLE,2,281738,1,0,0,1,0,1,2,5,Not at intersection,3,100,Freeway
T20230010676,2023/5/7,7:59:00,4,Collision with a fixed object,0,Sunday,171,LEFT OFF CARRIAGEWAY INTO OBJECT/PARKED VEHICLE,1,775882,1,0,0,1,0,1,1,5,Not at intersection,3,100,Arterial Other
T20230010789,2023/5/7,18:25:00,2,Struck Pedestrian,0,Sunday,100,PED NEAR SIDE. PED HIT BY VEHICLE FROM THE RIGHT.,3,775862,1,0,1,0,1,2,1,2,T intersection,2,50,Local Road
T20230012261,2023/5/7,11:00:00,1,Collision with vehicle,0,Sunday,139,OTHER SAME DIRECTION-MANOUEVRES NOT INCLUDED IN DCAs 130-137,9,775115,2,0,0,1,1,2,2,5,Not at intersection,3,70,Arterial Highway
T20230010694,2023/5/7,13:53:00,4,Collision with a fixed object,1,Sunday,175,OFF END OF ROAD/T-INTERSECTION.,1,313810,1,0,1,0,0,1,1,2,T intersection,2,100,Arterial Other
T20230011013,2023/5/7,11:30:00,1,Collision with vehicle,1,Sunday,112,LEFT FAR (INTERSECTIONS ONLY),1,40857,2,0,0,1,1,2,1,2,T intersection,3,60,Arterial Other
T20230010680,2023/5/7,10:30:00,6,Vehicle overturned (no collision),1,Sunday,170,OFF CARRIAGEWAY TO LEFT,1,779507,1,0,2,0,0,2,1,5,Not at intersection,2,100,Arterial Other
T20230011070,2023/5/7,22:07:00,1,Collision with vehicle,0,Sunday,121,RIGHT THROUGH,3,774437,2,0,0,1,3,4,1,4,Multiple intersection,3,80,Arterial Other
T20230011785,2023/5/7,11:00:00,1,Collision with vehicle,1,Sunday,110,CROSS TRAFFIC(INTERSECTIONS ONLY),1,60726,2,0,0,1,1,2,2,1,Cross intersection,3,50,Local Road
T20230010715,2023/5/7,21:05:00,9,Other accident,1,Sunday,179,OTHER ACCIDENTS-OFF STRAIGHT NOT INCLUDED IN DCAs 170-175,5,49529,1,0,1,0,0,1,1,1,Cross intersection,2,80,Arterial Other
T20230010716,2023/5/7,20:30:00,2,Struck Pedestrian,1,Sunday,100,PED NEAR SIDE. PED HIT BY VEHICLE FROM THE RIGHT.,5,775133,1,0,0,1,1,2,1,2,T intersection,3,60,Arterial Other
T20230010702,2023/5/7,16:40:00,4,Collision with a fixed object,0,Sunday,183,OFF LEFT BEND INTO OBJECT/PARKED VEHICLE,2,778604,1,0,0,1,0,1,1,5,Not at intersection,3,80,Local Road
T20230010920,2023/5/7,14:15:00,1,Collision with vehicle,1,Sunday,163,VEHICLE STRIKES DOOR OF PARKED/STATIONARY VEHICLE,1,775837,3,0,0,1,1,2,2,5,Not at intersection,3,40,Local Road
T20230011477,2023/5/7,19:27:00,1,Collision with vehicle,0,Sunday,130,REAR END(VEHICLES IN SAME LANE),5,356627,2,0,0,1,5,6,1,2,T intersection,3,80,Freeway
T20230010721,2023/5/7,23:35:00,4,Collision with a fixed object,1,Sunday,181,OFF RIGHT BEND INTO OBJECT/PARKED VEHICLE,3,780276,1,1,0,0,0,1,1,5,Not at intersection,1,70,Arterial Highway
T20230010862,2023/5/7,19:00:00,1,Collision with vehicle,0,Sunday,147,VEHICLE STRIKES ANOTHER VEH WHILE EMERGING FROM DRIVEWAY,3,306171,2,0,1,0,1,2,2,5,Not at intersection,2,999,Local Road
T20230012601,2023/5/7,14:15:00,1,Collision with vehicle,1,Sunday,130,REAR END(VEHICLES IN SAME LANE),1,775239,2,0,0,1,1,2,2,5,Not at intersection,3,80,Arterial Highway
T20230012248,2023/5/7,15:40:00,1,Collision with vehicle,0,Sunday,130,REAR END(VEHICLES IN SAME LANE),1,794132,2,0,0,1,3,4,2,5,Not at intersection,3,60,Local Road
T20230010679,2023/5/7,9:40:00,6,Vehicle overturned (no collision),1,Sunday,174,OUT OF CONTROL ON CARRIAGEWAY (ON STRAIGHT),1,775578,1,0,1,0,0,1,2,2,T intersection,2,50,Local Road
T20230023392,2023/5/8,12:30:00,1,Collision with vehicle,1,Monday,130,REAR END(VEHICLES IN SAME LANE),1,782731,2,0,0,1,1,2,2,5,Not at intersection,3,999,Local Road
T20230023716,2023/5/8,13:13:00,1,Collision with vehicle,1,Monday,113,RIGHT NEAR (INTERSECTIONS ONLY),9,46898,2,0,0,1,1,2,2,2,T intersection,3,60,Arterial Other
T20230023771,2023/5/8,18:17:00,1,Collision with vehicle,1,Monday,130,REAR END(VEHICLES IN SAME LANE),2,347544,3,0,0,1,2,3,1,5,Not at intersection,3,40,Arterial Other
T20230011434,2023/5/8,16:54:00,1,Collision with vehicle,2,Monday,110,CROSS TRAFFIC(INTERSECTIONS ONLY),1,54370,2,0,0,4,0,4,1,1,Cross intersection,3,60,Local Road
T20230010845,2023/5/8,19:20:00,1,Collision with vehicle,2,Monday,130,REAR END(VEHICLES IN SAME LANE),3,776047,2,0,0,1,3,4,1,5,Not at intersection,3,60,Arterial Other
T20230010813,2023/5/8,21:45:00,1,Collision with vehicle,2,Monday,130,REAR END(VEHICLES IN SAME LANE),5,775458,2,0,0,1,1,2,1,5,Not at intersection,3,50,Local Road
T20230010812,2023/5/8,19:49:00,4,Collision with a fixed object,2,Monday,181,OFF RIGHT BEND INTO OBJECT/PARKED VEHICLE,5,773792,1,1,2,0,0,3,1,5,Not at intersection,1,100,Local Road
T20230010808,2023/5/8,19:30:00,8,No collision and no object struck,1,Monday,174,OUT OF CONTROL ON CARRIAGEWAY (ON STRAIGHT),3,715605,1,0,0,1,0,1,1,5,Not at intersection,3,60,Arterial Other
T20230010806,2023/5/8,15:54:00,1,Collision with vehicle,1,Monday,130,REAR END(VEHICLES IN SAME LANE),1,773920,2,0,0,1,1,2,1,5,Not at intersection,3,80,Arterial Highway
T20230010729,2023/5/8,7:15:00,4,Collision with a fixed object,1,Monday,183,OFF LEFT BEND INTO OBJECT/PARKED VEHICLE,2,776173,1,0,0,1,0,1,1,5,Not at intersection,3,100,Local Road
T20230010730,2023/5/8,6:30:00,4,Collision with a fixed object,1,Monday,199,UNKNOWN-NO DETAILS ON MANOEUVRES OF ROAD-USERS IN ACCIDENT,2,776913,1,0,0,1,0,1,1,5,Not at intersection,3,999,Local Road
T20230010731,2023/5/8,7:00:00,2,Struck Pedestrian,2,Monday,100,PED NEAR SIDE. PED HIT BY VEHICLE FROM THE RIGHT.,2,777023,1,0,0,1,1,2,1,2,T intersection,3,50,Local Road
T20230010737,2023/5/8,9:10:00,1,Collision with vehicle,2,Monday,140,U TURN,1,239464,2,0,1,0,1,2,1,2,T intersection,2,80,Arterial Other
T20230010740,2023/5/8,9:44:00,1,Collision with vehicle,1,Monday,132,RIGHT REAR.,1,773730,2,0,0,1,1,2,1,1,Cross intersection,3,100,Arterial Highway
T20230010743,2023/5/8,8:25:00,1,Collision with vehicle,2,Monday,120,HEAD ON (NOT OVERTAKING),1,773732,2,0,2,1,0,3,1,5,Not at intersection,2,60,Local Road
T20230010744,2023/5/8,8:50:00,1,Collision with vehicle,2,Monday,130,REAR END(VEHICLES IN SAME LANE),1,773733,2,0,2,0,0,2,1,5,Not at intersection,2,40,Local Road
T20230011319,2023/5/8,18:20:00,2,Struck Pedestrian,1,Monday,100,PED NEAR SIDE. PED HIT BY VEHICLE FROM THE RIGHT.,3,774050,1,0,0,1,1,2,1,5,Not at intersection,3,50,Arterial Other
T20230013288,2023/5/8,0:40:00,4,Collision with a fixed object,1,Monday,171,LEFT OFF CARRIAGEWAY INTO OBJECT/PARKED VEHICLE,3,39733,1,0,0,1,0,1,1,2,T intersection,3,70,Arterial Other
T20240006070,2023/5/8,10:00:00,1,Collision with vehicle,1,Monday,130,REAR END(VEHICLES IN SAME LANE),1,800697,2,0,0,1,1,2,2,5,Not at intersection,3,60,Freeway
T20230010748,2023/5/8,7:26:00,1,Collision with vehicle,2,Monday,135,LANE CHANGE LEFT (NOT OVERTAKING),1,786147,3,0,1,1,2,4,1,5,Not at intersection,2,100,Freeway
T20230010749,2023/5/8,11:40:00,1,Collision with vehicle,2,Monday,130,REAR END(VEHICLES IN SAME LANE),1,780553,3,0,1,0,2,3,1,2,T intersection,2,60,Arterial Highway
T20230010750,2023/5/8,10:10:00,1,Collision with vehicle,1,Monday,110,CROSS TRAFFIC(INTERSECTIONS ONLY),1,63411,2,0,0,3,1,4,1,1,Cross intersection,3,60,Local Road
T20230010751,2023/5/8,11:35:00,1,Collision with vehicle,1,Monday,121,RIGHT THROUGH,1,788258,2,0,0,1,1,2,1,5,Not at intersection,3,60,Local Road
T20230010752,2023/5/8,13:00:00,2,Struck Pedestrian,1,Monday,101,PED EMERGES FROM IN FRONT OF PARKED OR STATIONARY VEHICLE,1,773734,2,0,0,1,1,2,1,5,Not at intersection,3,999,Arterial Other
T20230010754,2023/5/8,10:40:00,1,Collision with vehicle,2,Monday,113,RIGHT NEAR (INTERSECTIONS ONLY),1,72150,2,0,1,0,2,3,1,2,T intersection,2,80,Arterial Highway
T20230010757,2023/5/8,13:12:00,2,Struck Pedestrian,2,Monday,102,FAR SIDE. PED HIT BY VEHICLE FROM THE LEFT,1,773654,1,0,1,0,1,2,1,5,Not at intersection,2,40,Local Road
T20230010766,2023/5/8,13:08:00,1,Collision with vehicle,2,Monday,160,VEHICLE COLLIDES WITH VEHICLE PARKED ON LEFT OF ROAD,1,776475,2,0,1,0,0,1,1,5,Not at intersection,2,60,Local Road
T20230010776,2023/5/8,16:38:00,1,Collision with vehicle,1,Monday,130,REAR END(VEHICLES IN SAME LANE),1,786148,2,0,0,4,1,5,1,5,Not at intersection,3,80,Arterial Highway
T20230010779,2023/5/8,15:30:00,4,Collision with a fixed object,1,Monday,173,RIGHT OFF CARRIAGEWAY INTO OBJECT/PARKED VEHICLE,1,786693,1,0,1,0,0,1,2,2,T intersection,2,60,Arterial Other
T20230010781,2023/5/8,17:15:00,1,Collision with vehicle,1,Monday,130,REAR END(VEHICLES IN SAME LANE),1,773735,2,0,0,1,1,2,2,5,Not at intersection,3,50,Arterial Other
T20230010782,2023/5/8,16:10:00,1,Collision with vehicle,2,Monday,130,REAR END(VEHICLES IN SAME LANE),1,780554,4,0,1,1,3,5,1,5,Not at intersection,2,100,Freeway
T20230010785,2023/5/8,18:50:00,1,Collision with vehicle,1,Monday,120,HEAD ON (NOT OVERTAKING),3,786149,2,0,0,1,1,2,1,5,Not at intersection,3,60,Arterial Other
T20230010790,2023/5/8,18:35:00,2,Struck Pedestrian,1,Monday,100,PED NEAR SIDE. PED HIT BY VEHICLE FROM THE RIGHT.,3,9255,1,0,0,1,2,3,1,2,T intersection,3,50,
T20230010792,2023/5/8,18:55:00,2,Struck Pedestrian,1,Monday,100,PED NEAR SIDE. PED HIT BY VEHICLE FROM THE RIGHT.,3,35506,1,0,1,0,1,2,1,1,Cross intersection,2,50,Local Road
T20230010797,2023/5/8,16:54:00,1,Collision with vehicle,2,Monday,132,RIGHT REAR.,1,776172,2,0,1,0,1,2,1,2,T intersection,2,60,Local Road
T20230010800,2023/5/8,18:45:00,1,Collision with vehicle,2,Monday,163,VEHICLE STRIKES DOOR OF PARKED/STATIONARY VEHICLE,3,776145,2,0,1,0,1,2,2,5,Not at intersection,2,999,Local Road
T20230010801,2023/5/8,18:05:00,4,Collision with a fixed object,2,Monday,181,OFF RIGHT BEND INTO OBJECT/PARKED VEHICLE,5,775890,1,0,1,0,0,1,1,5,Not at intersection,2,60,Arterial Other
T20230013889,2023/5/8,6:35:00,1,Collision with vehicle,1,Monday,130,REAR END(VEHICLES IN SAME LANE),2,783650,2,0,0,1,1,2,1,5,Not at intersection,3,60,Non Arterial
T20230011973,2023/5/8,9:10:00,1,Collision with vehicle,1,Monday,137,LEFT TURN SIDESWIPE,1,775887,2,0,0,1,1,2,1,5,Not at intersection,3,60,Arterial Highway
T20230010738,2023/5/8,9:50:00,1,Collision with vehicle,1,Monday,113,RIGHT NEAR (INTERSECTIONS ONLY),1,29803,2,0,1,0,1,2,1,2,T intersection,2,60,Arterial Other
T20230010960,2023/5/8,13:45:00,1,Collision with vehicle,1,Monday,130,REAR END(VEHICLES IN SAME LANE),1,778870,2,0,0,1,1,2,2,5,Not at intersection,3,999,Arterial Other
T20230010878,2023/5/8,10:00:00,1,Collision with vehicle,1,Monday,130,REAR END(VEHICLES IN SAME LANE),1,786915,2,0,0,1,1,2,2,5,Not at intersection,3,100,Freeway
T20230012973,2023/5/8,16:40:00,1,Collision with vehicle,2,Monday,147,VEHICLE STRIKES ANOTHER VEH WHILE EMERGING FROM DRIVEWAY,1,775530,2,0,0,1,1,2,2,5,Not at intersection,3,60,Arterial Highway
T20230010871,2023/5/9,15:05:00,1,Collision with vehicle,2,Tuesday,130,REAR END(VEHICLES IN SAME LANE),1,786914,2,0,0,1,1,2,2,2,T intersection,3,50,
T20230010879,2023/5/9,18:20:00,1,Collision with vehicle,2,Tuesday,163,VEHICLE STRIKES DOOR OF PARKED/STATIONARY VEHICLE,3,775891,2,0,0,1,1,2,1,5,Not at intersection,3,50,Local Road
T20230010856,2023/5/9,9:30:00,2,Struck Pedestrian,3,Tuesday,102,FAR SIDE. PED HIT BY VEHICLE FROM THE LEFT,1,35315,1,0,1,0,1,2,1,1,Cross intersection,2,40,Arterial Highway
T20230010929,2023/5/9,17:20:00,1,Collision with vehicle,2,Tuesday,130,REAR END(VEHICLES IN SAME LANE),2,773798,2,0,0,1,1,2,1,5,Not at intersection,3,80,Local Road
T20230010887,2023/5/9,20:55:00,1,Collision with vehicle,3,Tuesday,121,RIGHT THROUGH,4,773951,2,0,0,1,1,2,1,5,Not at intersection,3,80,Arterial Highway
T20230011581,2023/5/9,19:10:00,1,Collision with vehicle,2,Tuesday,113,RIGHT NEAR (INTERSECTIONS ONLY),2,44857,2,0,0,1,1,2,2,2,T intersection,3,60,Arterial Other
T20230010855,2023/5/9,9:59:00,1,Collision with vehicle,2,Tuesday,121,RIGHT THROUGH,1,39833,2,0,0,1,1,2,1,2,T intersection,3,70,Local Road
T20230010868,2023/5/9,14:48:00,2,Struck Pedestrian,3,Tuesday,102,FAR SIDE. PED HIT BY VEHICLE FROM THE LEFT,1,776317,1,0,0,1,1,2,2,5,Not at intersection,3,50,Local Road
T20230010866,2023/5/9,16:16:00,1,Collision with vehicle,2,Tuesday,113,RIGHT NEAR (INTERSECTIONS ONLY),1,773924,2,0,0,1,1,2,1,2,T intersection,3,80,Local Road
T20230015409,2023/5/9,9:20:00,1,Collision with vehicle,2,Tuesday,133,LANE SIDE SWIPE (VEHICLES IN PARALLEL LANES),1,777789,2,0,0,1,1,2,2,1,Cross intersection,3,60,Arterial Other
T20230010883,2023/5/9,21:38:00,1,Collision with vehicle,2,Tuesday,119,OTHER ADJACENT (INTERSECTIONS ONLY),3,15140,2,0,0,1,2,3,1,1,Cross intersection,3,60,Local Road
T20230010815,2023/5/9,3:45:00,1,Collision with vehicle,3,Tuesday,110,CROSS TRAFFIC(INTERSECTIONS ONLY),3,36666,2,0,1,0,1,2,1,1,Cross intersection,2,70,Arterial Highway
T20230010816,2023/5/9,2:50:00,4,Collision with a fixed object,2,Tuesday,173,RIGHT OFF CARRIAGEWAY INTO OBJECT/PARKED VEHICLE,3,778233,1,0,0,1,0,1,1,5,Not at intersection,3,100,Arterial Highway
T20230010817,2023/5/9,4:59:00,3,Struck animal,2,Tuesday,167,STRUCK ANIMAL,5,778059,1,0,0,1,0,1,1,5,Not at intersection,3,100,Local Road
T20230010843,2023/5/9,11:20:00,1,Collision with vehicle,2,Tuesday,121,RIGHT THROUGH,1,282480,2,0,0,1,1,2,1,1,Cross intersection,3,80,Arterial Highway
T20230010873,2023/5/9,16:30:00,1,Collision with vehicle,2,Tuesday,130,REAR END(VEHICLES IN SAME LANE),1,42814,3,0,0,3,0,3,1,1,Cross intersection,3,80,Arterial Highway
T20230010818,2023/5/9,5:10:00,4,Collision with a fixed object,2,Tuesday,181,OFF RIGHT BEND INTO OBJECT/PARKED VEHICLE,5,786754,1,0,0,1,0,1,1,5,Not at intersection,3,100,Arterial Highway
T20230010824,2023/5/9,6:08:00,2,Struck Pedestrian,2,Tuesday,100,PED NEAR SIDE. PED HIT BY VEHICLE FROM THE RIGHT.,3,788399,1,0,1,0,1,2,1,1,Cross intersection,2,60,Arterial Highway
T20230010872,2023/5/9,16:30:00,1,Collision with vehicle,3,Tuesday,130,REAR END(VEHICLES IN SAME LANE),2,775733,3,0,1,0,2,3,1,5,Not at intersection,2,80,Arterial Other
T20230010826,2023/5/9,7:30:00,1,Collision with vehicle,3,Tuesday,121,RIGHT THROUGH,1,38080,2,0,1,0,1,2,1,1,Cross intersection,2,60,Arterial Other
T20230010828,2023/5/9,9:15:00,1,Collision with vehicle,2,Tuesday,130,REAR END(VEHICLES IN SAME LANE),1,773738,2,0,0,1,1,2,1,5,Not at intersection,3,60,Arterial Other
T20230010829,2023/5/9,8:42:00,2,Struck Pedestrian,2,Tuesday,102,FAR SIDE. PED HIT BY VEHICLE FROM THE LEFT,1,788337,1,0,1,0,1,2,1,1,Cross intersection,2,60,Arterial Other
T20230010833,2023/5/9,6:47:00,4,Collision with a fixed object,2,Tuesday,173,RIGHT OFF CARRIAGEWAY INTO OBJECT/PARKED VEHICLE,5,773739,1,0,0,1,0,1,1,2,T intersection,3,80,Local Road
T20230010867,2023/5/9,17:00:00,1,Collision with vehicle,3,Tuesday,130,REAR END(VEHICLES IN SAME LANE),1,773795,2,0,0,1,1,2,1,5,Not at intersection,3,60,Local Road
T20230010975,2023/5/9,16:58:00,1,Collision with vehicle,2,Tuesday,130,REAR END(VEHICLES IN SAME LANE),1,777724,2,0,0,1,1,2,2,5,Not at intersection,3,100,Freeway
T20230011014,2023/5/9,8:40:00,4,Collision with a fixed object,3,Tuesday,173,RIGHT OFF CARRIAGEWAY INTO OBJECT/PARKED VEHICLE,1,677856,1,0,0,1,0,1,2,5,Not at intersection,3,999,Freeway
T20230010911,2023/5/9,20:32:00,4,Collision with a fixed object,3,Tuesday,164,PERMANENT OBSTRUCTION ON CARRIAGEWAY,5,776697,1,0,1,0,0,1,1,5,Not at intersection,2,80,Freeway
T20230010876,2023/5/9,18:46:00,1,Collision with vehicle,3,Tuesday,121,RIGHT THROUGH,3,41326,2,0,1,0,2,3,1,2,T intersection,2,60,Local Road
T20230016608,2023/5/9,16:40:00,1,Collision with vehicle,2,Tuesday,111,RIGHT FAR (INTERSECTIONS ONLY),2,779777,2,0,0,1,1,2,2,2,T intersection,3,70,Arterial Highway
T20230010877,2023/5/9,18:25:00,1,Collision with vehicle,2,Tuesday,130,REAR END(VEHICLES IN SAME LANE),5,358701,2,0,0,1,1,2,1,4,Multiple intersection,3,80,Freeway
T20230010999,2023/5/9,18:50:00,1,Collision with vehicle,2,Tuesday,130,REAR END(VEHICLES IN SAME LANE),3,786912,2,0,0,1,2,3,1,1,Cross intersection,3,90,Arterial Other
T20230010858,2023/5/9,13:56:00,2,Struck Pedestrian,2,Tuesday,100,PED NEAR SIDE. PED HIT BY VEHICLE FROM THE RIGHT.,1,40161,3,0,1,1,4,6,1,1,Cross intersection,2,40,Arterial Other
T20230010844,2023/5/9,10:36:00,1,Collision with vehicle,3,Tuesday,130,REAR END(VEHICLES IN SAME LANE),1,780568,2,0,1,0,1,2,1,5,Not at intersection,2,80,Freeway
T20230010835,2023/5/9,7:30:00,4,Collision with a fixed object,2,Tuesday,181,OFF RIGHT BEND INTO OBJECT/PARKED VEHICLE,2,791241,6,0,1,0,4,5,2,5,Not at intersection,2,110,Freeway
T20230011357,2023/5/9,12:05:00,1,Collision with vehicle,3,Tuesday,147,VEHICLE STRIKES ANOTHER VEH WHILE EMERGING FROM DRIVEWAY,1,775892,2,0,0,1,1,2,2,5,Not at intersection,3,999,Arterial Other
T20230010839,2023/5/9,7:14:00,1,Collision with vehicle,3,Tuesday,121,RIGHT THROUGH,1,42547,2,0,0,1,1,2,1,1,Cross intersection,3,40,Arterial Other
T20230010896,2023/5/9,23:37:00,1,Collision with vehicle,2,Tuesday,113,RIGHT NEAR (INTERSECTIONS ONLY),3,39516,2,0,0,1,1,2,1,2,T intersection,3,70,Arterial Other
T20230010859,2023/5/9,12:55:00,1,Collision with vehicle,3,Tuesday,121,RIGHT THROUGH,1,721467,2,0,1,0,2,3,1,2,T intersection,2,60,Local Road
T20230010895,2023/5/9,4:20:00,4,Collision with a fixed object,2,Tuesday,171,LEFT OFF CARRIAGEWAY INTO OBJECT/PARKED VEHICLE,5,786338,1,0,0,1,1,2,1,5,Not at intersection,3,60,Arterial Other
T20230010892,2023/5/9,18:11:00,1,Collision with vehicle,3,Tuesday,121,RIGHT THROUGH,3,36499,2,0,0,1,1,2,1,1,Cross intersection,3,40,Local Road
T20230010861,2023/5/9,5:30:00,2,Struck Pedestrian,2,Tuesday,100,PED NEAR SIDE. PED HIT BY VEHICLE FROM THE RIGHT.,2,776612,1,0,0,1,1,2,2,2,T intersection,3,999,Arterial Highway
T20230011278,2023/5/9,13:00:00,1,Collision with vehicle,3,Tuesday,130,REAR END(VEHICLES IN SAME LANE),1,773992,2,0,0,1,1,2,2,5,Not at intersection,3,60,Arterial Other
T20230010956,2023/5/10,17:35:00,1,Collision with vehicle,4,Wednesday,133,LANE SIDE SWIPE (VEHICLES IN PARALLEL LANES),3,263,2,0,0,1,1,2,1,1,Cross intersection,3,60,Arterial Highway
T20230010957,2023/5/10,17:47:00,1,Collision with vehicle,3,Wednesday,148,VEHICLE OFF FOOTPATH STRIKES VEH ON CARRIAGEWAY,5,773799,2,0,0,1,2,3,1,2,T intersection,3,60,Local Road
T20230010917,2023/5/10,7:30:00,1,Collision with vehicle,4,Wednesday,110,CROSS TRAFFIC(INTERSECTIONS ONLY),1,36813,2,0,0,1,1,2,1,1,Cross intersection,3,60,Arterial Other
T20230015695,2023/5/10,12:00:00,4,Collision with a fixed object,3,Wednesday,171,LEFT OFF CARRIAGEWAY INTO OBJECT/PARKED VEHICLE,1,782211,1,0,0,1,0,1,1,5,Not at intersection,3,60,Arterial Other
T20230011767,2023/5/10,19:30:00,2,Struck Pedestrian,4,Wednesday,100,PED NEAR SIDE. PED HIT BY VEHICLE FROM THE RIGHT.,5,774466,1,0,0,1,1,2,2,5,Not at intersection,3,50,Arterial Other
T20230012764,2023/5/10,15:05:00,6,Vehicle overturned (no collision),3,Wednesday,180,OFF CARRIAGEWAY ON RIGHT BEND,1,775440,1,0,0,1,0,1,1,5,Not at intersection,3,60,Local Road
T20230010961,2023/5/10,15:45:00,4,Collision with a fixed object,4,Wednesday,171,LEFT OFF CARRIAGEWAY INTO OBJECT/PARKED VEHICLE,1,788417,1,0,0,1,0,1,1,5,Not at intersection,3,70,
T20230013494,2023/5/10,15:30:00,1,Collision with vehicle,3,Wednesday,130,REAR END(VEHICLES IN SAME LANE),1,775951,3,0,0,1,4,5,1,5,Not at intersection,3,100,Freeway
T20230012002,2023/5/10,19:05:00,1,Collision with vehicle,3,Wednesday,134,LANE CHANGE RIGHT (NOT OVERTAKING),3,776411,2,0,0,1,1,2,1,5,Not at intersection,3,70,Arterial Highway