ACCIDENT_NO,ACCIDENT_DATE,ACCIDENT_TIME,ACCIDENT_TYPE,ACCIDENT_TYPE_DESC,DAY_OF_WEEK,DAY_WEEK_DESC,DCA_CODE,DCA_DESC,LIGHT_CONDITION,NODE_ID,NO_OF_VEHICLES,NO_PERSONS_KILLED,NO_PERSONS_INJ_2,NO_PERSONS_INJ_3,NO_PERSONS_NOT_INJ,NO_PERSONS,POLICE_ATTEND,ROAD_GEOMETRY,ROAD_GEOMETRY_DESC,SEVERITY,SPEED_ZONE,RMA
T20230010965,2023/5/10,14:41:00,1,Collision with vehicle,4,Wednesday,123,RIGHT/LEFT. ONE VEH TURNING RIGHT THE OTHER LEFT.,1,36173,2,0,0,1,2,3,1,1,Cross intersection,3,60,Arterial Other
T20230010909,2023/5/10,9:25:00,1,Collision with vehicle,4,Wednesday,135,LANE CHANGE LEFT (NOT OVERTAKING),1,776131,3,0,0,1,2,3,1,5,Not at intersection,3,100,Freeway
T20230010904,2023/5/10,8:54:00,1,Collision with vehicle,3,Wednesday,113,RIGHT NEAR (INTERSECTIONS ONLY),1,40945,2,0,0,1,3,4,1,1,Cross intersection,3,60,Arterial Other
T20230010969,2023/5/10,18:10:00,1,Collision with vehicle,3,Wednesday,152,PULLING OUT (OVERTAKING),3,773860,2,0,0,1,1,2,1,2,T intersection,3,70,Arterial Other
T20230010974,2023/5/10,18:30:00,1,Collision with vehicle,4,Wednesday,113,RIGHT NEAR (INTERSECTIONS ONLY),2,799811,2,0,1,0,1,2,1,1,Cross intersection,2,70,Arterial Other
T20230010913,2023/5/10,9:00:00,1,Collision with vehicle,3,Wednesday,121,RIGHT THROUGH,1,45008,2,0,0,1,2,3,1,2,T intersection,3,60,Arterial Other
T20230010901,2023/5/10,7:20:00,2,Struck Pedestrian,3,Wednesday,100,PED NEAR SIDE. PED HIT BY VEHICLE FROM THE RIGHT.,2,787189,1,0,0,1,1,2,1,5,Not at intersection,3,50,Arterial Other
T20230010976,2023/5/10,20:05:00,1,Collision with vehicle,3,Wednesday,142,LEAVING PARKING,3,773815,2,0,0,1,1,2,1,5,Not at intersection,3,40,Arterial Other
T20230010900,2023/5/10,6:05:00,1,Collision with vehicle,4,Wednesday,121,RIGHT THROUGH,2,773952,2,0,2,0,0,2,1,2,T intersection,2,80,Arterial Other
T20230011613,2023/5/10,1:00:00,2,Struck Pedestrian,3,Wednesday,107,PED ON FOOTHPATH STRUCK BY VEHENTERING/LEAVING DRIVEWAY.,6,783143,1,0,0,1,0,1,1,5,Not at intersection,3,999,Local Road
T20230010984,2023/5/10,2:45:00,4,Collision with a fixed object,4,Wednesday,181,OFF RIGHT BEND INTO OBJECT/PARKED VEHICLE,3,775641,1,0,0,2,0,2,1,5,Not at intersection,3,40,Local Road
T20230013068,2023/5/10,6:10:00,1,Collision with vehicle,4,Wednesday,130,REAR END(VEHICLES IN SAME LANE),3,775652,3,0,0,1,2,3,1,5,Not at intersection,3,80,Arterial Other
T20230010915,2023/5/10,9:50:00,1,Collision with vehicle,3,Wednesday,130,REAR END(VEHICLES IN SAME LANE),1,773858,2,0,0,1,2,3,1,5,Not at intersection,3,60,Local Road
T20230024118,2023/5/10,18:44:00,1,Collision with vehicle,3,Wednesday,150,HEAD ON(OVERTAKING),2,783211,2,0,0,1,2,3,1,5,Not at intersection,3,60,Arterial Other
T20230010977,2023/5/10,16:08:00,1,Collision with vehicle,3,Wednesday,163,VEHICLE STRIKES DOOR OF PARKED/STATIONARY VEHICLE,1,143744,3,0,0,1,2,3,1,5,Not at intersection,3,40,Local Road
T20230012709,2023/5/10,10:30:00,1,Collision with vehicle,4,Wednesday,116,LEFT NEAR (INTERSECTIONS ONLY),1,1135,2,0,0,2,1,3,1,1,Cross intersection,3,80,Arterial Other
T20230010980,2023/5/10,20:30:00,1,Collision with vehicle,4,Wednesday,130,REAR END(VEHICLES IN SAME LANE),3,43861,2,0,1,0,1,2,1,1,Cross intersection,2,60,Arterial Other
T20230010983,2023/5/10,19:38:00,1,Collision with vehicle,4,Wednesday,121,RIGHT THROUGH,5,38883,2,0,1,0,1,2,1,1,Cross intersection,2,60,Arterial Other
T20230010981,2023/5/10,20:33:00,4,Collision with a fixed object,3,Wednesday,183,OFF LEFT BEND INTO OBJECT/PARKED VEHICLE,5,787314,1,0,0,1,0,1,1,5,Not at intersection,3,100,Arterial Highway
T20230010924,2023/5/10,8:20:00,1,Collision with vehicle,4,Wednesday,121,RIGHT THROUGH,1,774034,2,0,1,2,1,4,1,2,T intersection,2,80,Local Road
T20230011021,2023/5/10,9:55:00,2,Struck Pedestrian,3,Wednesday,100,PED NEAR SIDE. PED HIT BY VEHICLE FROM THE RIGHT.,1,41746,1,0,0,1,1,2,2,2,T intersection,3,50,Arterial Other
T20230010925,2023/5/10,6:22:00,1,Collision with vehicle,4,Wednesday,121,RIGHT THROUGH,5,40965,2,0,0,3,0,3,1,2,T intersection,3,60,Arterial Other
T20230010926,2023/5/10,11:00:00,1,Collision with vehicle,4,Wednesday,110,CROSS TRAFFIC(INTERSECTIONS ONLY),1,50812,2,0,1,1,0,2,1,1,Cross intersection,2,100,Local Road
T20230011030,2023/5/10,20:30:00,1,Collision with vehicle,3,Wednesday,163,VEHICLE STRIKES DOOR OF PARKED/STATIONARY VEHICLE,3,782428,2,0,0,1,1,2,2,5,Not at intersection,3,50,Local Road
T20230010932,2023/5/10,10:20:00,2,Struck Pedestrian,4,Wednesday,100,PED NEAR SIDE. PED HIT BY VEHICLE FROM THE RIGHT.,1,775202,1,1,0,0,1,2,1,1,Cross intersection,1,50,Arterial Highway
T20230010933,2023/5/10,14:45:00,1,Collision with vehicle,3,Wednesday,110,CROSS TRAFFIC(INTERSECTIONS ONLY),1,48758,2,0,1,0,1,2,1,1,Cross intersection,2,60,Local Road
T20230010942,2023/5/10,14:25:00,2,Struck Pedestrian,3,Wednesday,102,FAR SIDE. PED HIT BY VEHICLE FROM THE LEFT,1,35352,1,0,0,1,1,2,2,1,Cross intersection,3,40,Arterial Other
T20230011099,2023/5/10,15:51:00,1,Collision with vehicle,3,Wednesday,130,REAR END(VEHICLES IN SAME LANE),1,779224,2,0,0,1,2,3,1,5,Not at intersection,3,80,Local Road
T20230010945,2023/5/10,15:59:00,1,Collision with vehicle,4,Wednesday,121,RIGHT THROUGH,1,35515,2,0,1,1,0,2,1,4,Multiple intersection,2,50,Freeway
T20230011091,2023/5/10,15:00:00,1,Collision with vehicle,3,Wednesday,160,VEHICLE COLLIDES WITH VEHICLE PARKED ON LEFT OF ROAD,1,777783,2,0,0,2,0,2,1,5,Not at intersection,3,50,Local Road
T20230011046,2023/5/10,8:55:00,1,Collision with vehicle,3,Wednesday,114,TWO RIGHT TURNING (INTERSECTIONS ONLY),1,39671,2,0,0,1,2,3,2,2,T intersection,3,999,Local Road
T20230015443,2023/5/10,8:25:00,1,Collision with vehicle,3,Wednesday,111,RIGHT FAR (INTERSECTIONS ONLY),2,321820,2,0,0,1,1,2,1,2,T intersection,3,60,Local Road
T20230010986,2023/5/10,21:30:00,1,Collision with vehicle,4,Wednesday,121,RIGHT THROUGH,3,43620,2,0,1,0,2,3,1,2,T intersection,2,80,Arterial Highway
T20230010953,2023/5/10,15:10:00,1,Collision with vehicle,4,Wednesday,147,VEHICLE STRIKES ANOTHER VEH WHILE EMERGING FROM DRIVEWAY,1,774076,2,0,0,2,0,2,1,5,Not at intersection,3,50,Local Road
T20230010955,2023/5/10,16:05:00,4,Collision with a fixed object,3,Wednesday,171,LEFT OFF CARRIAGEWAY INTO OBJECT/PARKED VEHICLE,2,37754,1,0,0,1,0,1,1,1,Cross intersection,3,60,Arterial Other
T20230011111,2023/5/11,12:30:00,2,Struck Pedestrian,4,Thursday,100,PED NEAR SIDE. PED HIT BY VEHICLE FROM THE RIGHT.,1,38042,1,0,0,1,2,3,2,1,Cross intersection,3,40,Local Road
T20230011010,2023/5/11,8:45:00,1,Collision with vehicle,5,Thursday,163,VEHICLE STRIKES DOOR OF PARKED/STATIONARY VEHICLE,1,776181,2,0,0,1,1,2,2,5,Not at intersection,3,999,Arterial Other
T20230011040,2023/5/11,11:30:00,1,Collision with vehicle,5,Thursday,111,RIGHT FAR (INTERSECTIONS ONLY),1,42408,2,0,0,2,1,3,2,2,T intersection,3,60,Arterial Other
T20230011011,2023/5/11,12:35:00,1,Collision with vehicle,5,Thursday,110,CROSS TRAFFIC(INTERSECTIONS ONLY),1,35654,2,0,1,0,1,2,1,1,Cross intersection,2,80,Local Road
T20230011039,2023/5/11,15:00:00,1,Collision with vehicle,4,Thursday,152,PULLING OUT (OVERTAKING),1,779508,2,0,1,0,1,2,1,5,Not at intersection,2,100,Arterial Other
T20230011038,2023/5/11,15:45:00,1,Collision with vehicle,4,Thursday,110,CROSS TRAFFIC(INTERSECTIONS ONLY),1,45504,2,0,1,2,1,4,1,1,Cross intersection,2,50,Local Road
T20230011202,2023/5/11,20:30:00,1,Collision with vehicle,5,Thursday,111,RIGHT FAR (INTERSECTIONS ONLY),3,7989,2,0,0,1,1,2,1,2,T intersection,3,60,
T20230011037,2023/5/11,14:00:00,2,Struck Pedestrian,5,Thursday,100,PED NEAR SIDE. PED HIT BY VEHICLE FROM THE RIGHT.,1,44585,1,0,1,0,1,2,1,1,Cross intersection,2,60,Arterial Other
T20230011066,2023/5/11,17:45:00,1,Collision with vehicle,5,Thursday,120,HEAD ON (NOT OVERTAKING),3,774045,2,0,0,1,1,2,1,5,Not at intersection,3,50,Local Road
T20230012547,2023/5/11,9:15:00,1,Collision with vehicle,5,Thursday,130,REAR END(VEHICLES IN SAME LANE),2,779769,2,0,1,0,1,2,1,5,Not at intersection,2,60,Arterial Highway
T20230011036,2023/5/11,17:00:00,1,Collision with vehicle,4,Thursday,133,LANE SIDE SWIPE (VEHICLES IN PARALLEL LANES),1,270441,2,0,0,1,1,2,2,2,T intersection,3,40,Local Road
T20230014049,2023/5/11,18:09:00,1,Collision with vehicle,4,Thursday,139,OTHER SAME DIRECTION-MANOUEVRES NOT INCLUDED IN DCAs 130-137,3,39173,3,0,0,2,1,3,2,2,T intersection,3,60,Arterial Other
T20230013969,2023/5/11,9:45:00,1,Collision with vehicle,5,Thursday,110,CROSS TRAFFIC(INTERSECTIONS ONLY),1,52473,2,0,0,1,1,2,1,1,Cross intersection,3,999,Local Road
T20230011170,2023/5/11,19:54:00,2,Struck Pedestrian,5,Thursday,102,FAR SIDE. PED HIT BY VEHICLE FROM THE LEFT,3,776699,1,0,0,1,1,2,1,2,T intersection,3,60,Arterial Other
T20230010993,2023/5/11,8:37:00,1,Collision with vehicle,5,Thursday,121,RIGHT THROUGH,1,774,2,0,0,1,1,2,1,1,Cross intersection,3,80,Arterial Highway
T20230012660,2023/5/11,13:40:00,1,Collision with vehicle,4,Thursday,130,REAR END(VEHICLES IN SAME LANE),1,778898,2,0,0,1,1,2,2,5,Not at intersection,3,80,Arterial Highway
T20230012014,2023/5/11,15:40:00,1,Collision with vehicle,4,Thursday,130,REAR END(VEHICLES IN SAME LANE),1,778080,2,0,0,1,1,2,2,5,Not at intersection,3,80,Arterial Highway
T20230011035,2023/5/11,14:22:00,1,Collision with vehicle,4,Thursday,130,REAR END(VEHICLES IN SAME LANE),1,773985,2,0,0,1,1,2,1,5,Not at intersection,3,80,Arterial Highway
T20230011031,2023/5/11,16:07:00,1,Collision with vehicle,5,Thursday,130,REAR END(VEHICLES IN SAME LANE),1,776040,2,0,0,1,2,3,2,5,Not at intersection,3,80,Freeway
T20230011026,2023/5/11,11:16:00,2,Struck Pedestrian,5,Thursday,103,PED PLAYING/LYING/WORKING/STANDING ON CARRIAGEWAY.,1,788430,1,0,0,1,1,2,1,5,Not at intersection,3,50,Arterial Other
T20230012256,2023/5/11,17:15:00,4,Collision with a fixed object,5,Thursday,171,LEFT OFF CARRIAGEWAY INTO OBJECT/PARKED VEHICLE,1,775430,1,0,1,0,0,1,2,5,Not at intersection,2,100,Local Road
T20230012178,2023/5/11,6:35:00,1,Collision with vehicle,5,Thursday,111,RIGHT FAR (INTERSECTIONS ONLY),2,776412,2,0,0,2,0,2,1,1,Cross intersection,3,80,Arterial Other
T20230010995,2023/5/11,8:25:00,1,Collision with vehicle,5,Thursday,113,RIGHT NEAR (INTERSECTIONS ONLY),2,780347,2,0,1,0,1,2,1,2,T intersection,2,80,Arterial Other
T20230011002,2023/5/11,10:03:00,1,Collision with vehicle,4,Thursday,121,RIGHT THROUGH,1,36317,2,0,0,1,1,2,1,1,Cross intersection,3,40,Local Road
T20230011003,2023/5/11,11:54:00,2,Struck Pedestrian,4,Thursday,100,PED NEAR SIDE. PED HIT BY VEHICLE FROM THE RIGHT.,1,39409,1,0,1,0,1,2,1,2,T intersection,2,60,Local Road
T20230011115,2023/5/11,16:15:00,8,No collision and no object struck,4,Thursday,174,OUT OF CONTROL ON CARRIAGEWAY (ON STRAIGHT),9,791639,1,0,1,0,0,1,2,2,T intersection,2,50,Local Road
T20230011150,2023/5/11,14:30:00,1,Collision with vehicle,5,Thursday,121,RIGHT THROUGH,1,42397,2,0,0,1,2,3,1,2,T intersection,3,60,Arterial Other
T20230011018,2023/5/11,13:03:00,1,Collision with vehicle,4,Thursday,130,REAR END(VEHICLES IN SAME LANE),1,42413,2,0,0,1,1,2,1,2,T intersection,3,60,Arterial Other
T20230011009,2023/5/11,12:30:00,1,Collision with vehicle,4,Thursday,131,LEFT REAR,1,35718,2,0,0,1,1,2,1,1,Cross intersection,3,60,Arterial Other
T20230011279,2023/5/11,18:00:00,1,Collision with vehicle,4,Thursday,142,LEAVING PARKING,9,774012,2,0,0,1,1,2,2,5,Not at intersection,3,999,Local Road
T20230011110,2023/5/11,18:15:00,1,Collision with vehicle,4,Thursday,137,LEFT TURN SIDESWIPE,3,8211,3,0,0,2,1,3,2,2,T intersection,3,60,
T20230023691,2023/5/11,12:00:00,8,No collision and no object struck,4,Thursday,189,OTHER ACCIDENTS ON CURVE NOT INCLUDED IN DCAs 180-184,1,783142,1,0,0,1,0,1,2,5,Not at intersection,3,100,Arterial Other
T20230011414,2023/5/11,16:30:00,1,Collision with vehicle,5,Thursday,130,REAR END(VEHICLES IN SAME LANE),1,774116,2,0,0,1,1,2,2,5,Not at intersection,3,60,Arterial Highway
T20230011087,2023/5/11,11:40:00,1,Collision with vehicle,4,Thursday,110,CROSS TRAFFIC(INTERSECTIONS ONLY),1,29745,2,0,0,1,1,2,1,1,Cross intersection,3,80,Arterial Other
T20230011004,2023/5/11,8:40:00,1,Collision with vehicle,4,Thursday,130,REAR END(VEHICLES IN SAME LANE),1,777737,3,0,0,1,2,3,2,5,Not at intersection,3,100,Freeway
T20230011315,2023/5/11,10:25:00,1,Collision with vehicle,5,Thursday,113,RIGHT NEAR (INTERSECTIONS ONLY),1,41895,2,0,2,0,1,3,1,2,T intersection,2,80,Arterial Other
T20230011623,2023/5/11,20:30:00,8,No collision and no object struck,4,Thursday,174,OUT OF CONTROL ON CARRIAGEWAY (ON STRAIGHT),3,264026,1,0,0,1,0,1,2,2,T intersection,3,70,Arterial Other
T20230011083,2023/5/11,9:22:00,1,Collision with vehicle,4,Thursday,121,RIGHT THROUGH,1,774132,2,0,0,1,1,2,1,5,Not at intersection,3,60,Arterial Highway
T20230011308,2023/5/11,17:30:00,1,Collision with vehicle,4,Thursday,163,VEHICLE STRIKES DOOR OF PARKED/STATIONARY VEHICLE,2,774013,2,0,0,1,2,3,2,5,Not at intersection,3,40,Local Road
T20230011919,2023/5/11,15:30:00,1,Collision with vehicle,5,Thursday,130,REAR END(VEHICLES IN SAME LANE),9,787322,2,0,0,1,1,2,2,1,Cross intersection,3,80,Local Road
T20230011064,2023/5/11,20:38:00,1,Collision with vehicle,5,Thursday,121,RIGHT THROUGH,3,773864,2,0,0,2,1,3,1,1,Cross intersection,3,50,Arterial Other
T20230011063,2023/5/11,15:15:00,1,Collision with vehicle,5,Thursday,160,VEHICLE COLLIDES WITH VEHICLE PARKED ON LEFT OF ROAD,1,776179,3,0,1,0,4,5,1,5,Not at intersection,2,50,Local Road
T20230011061,2023/5/11,15:43:00,2,Struck Pedestrian,5,Thursday,102,FAR SIDE. PED HIT BY VEHICLE FROM THE LEFT,1,37287,1,0,1,0,1,2,1,2,T intersection,2,999,Local Road
T20230011260,2023/5/11,16:26:00,6,Vehicle overturned (no collision),5,Thursday,174,OUT OF CONTROL ON CARRIAGEWAY (ON STRAIGHT),1,774008,1,0,0,1,0,1,1,5,Not at intersection,3,100,Arterial Highway
T20230012065,2023/5/11,11:15:00,1,Collision with vehicle,4,Thursday,121,RIGHT THROUGH,1,150,2,0,0,1,1,2,2,2,T intersection,3,40,Local Road
T20230011069,2023/5/11,22:00:00,1,Collision with vehicle,5,Thursday,111,RIGHT FAR (INTERSECTIONS ONLY),3,54234,2,0,0,1,1,2,1,2,T intersection,3,60,Arterial Other
T20230011023,2023/5/11,13:42:00,1,Collision with vehicle,5,Thursday,121,RIGHT THROUGH,1,65831,2,0,1,1,1,3,1,1,Cross intersection,2,40,Arterial Other
T20230011060,2023/5/11,17:30:00,8,No collision and no object struck,5,Thursday,170,OFF CARRIAGEWAY TO LEFT,2,774107,1,0,0,1,0,1,2,5,Not at intersection,3,50,Local Road
T20230011056,2023/5/11,18:02:00,1,Collision with vehicle,4,Thursday,121,RIGHT THROUGH,3,773931,2,0,0,2,0,2,1,1,Cross intersection,3,60,Arterial Other
T20230011049,2023/5/11,15:00:00,1,Collision with vehicle,5,Thursday,120,HEAD ON (NOT OVERTAKING),1,776180,2,0,2,0,1,3,1,5,Not at intersection,2,100,Arterial Other
T20230011048,2023/5/11,16:45:00,1,Collision with vehicle,5,Thursday,130,REAR END(VEHICLES IN SAME LANE),9,774011,2,0,0,3,1,4,2,5,Not at intersection,3,999,Freeway
T20230011007,2023/5/11,11:32:00,2,Struck Pedestrian,5,Thursday,107,PED ON FOOTHPATH STRUCK BY VEHENTERING/LEAVING DRIVEWAY.,1,782867,1,0,0,1,1,2,1,5,Not at intersection,3,999,Arterial Highway
T20230011044,2023/5/11,16:05:00,1,Collision with vehicle,4,Thursday,110,CROSS TRAFFIC(INTERSECTIONS ONLY),1,38000,2,0,1,0,2,3,1,1,Cross intersection,2,50,Local Road
T20230011017,2023/5/11,1:00:00,4,Collision with a fixed object,5,Thursday,183,OFF LEFT BEND INTO OBJECT/PARKED VEHICLE,5,786685,1,0,1,0,0,1,1,5,Not at intersection,2,110,Arterial Highway
T20230016366,2023/5/11,7:50:00,1,Collision with vehicle,5,Thursday,121,RIGHT THROUGH,1,609610,2,0,0,1,1,2,2,2,T intersection,3,80,Arterial Highway
T20230011042,2023/5/11,16:23:00,1,Collision with vehicle,5,Thursday,110,CROSS TRAFFIC(INTERSECTIONS ONLY),1,286830,2,0,1,2,0,3,1,4,Multiple intersection,2,60,Freeway
T20230011125,2023/5/12,14:18:00,1,Collision with vehicle,6,Friday,140,U TURN,1,774386,2,0,1,0,1,2,1,5,Not at intersection,2,40,Local Road
T20230011159,2023/5/12,20:49:00,2,Struck Pedestrian,6,Friday,100,PED NEAR SIDE. PED HIT BY VEHICLE FROM THE RIGHT.,3,341828,1,0,1,0,1,2,1,2,T intersection,2,80,Arterial Other
T20230011158,2023/5/12,14:46:00,1,Collision with vehicle,6,Friday,147,VEHICLE STRIKES ANOTHER VEH WHILE EMERGING FROM DRIVEWAY,1,774927,2,0,1,1,0,2,1,5,Not at intersection,2,999,Local Road
T20230011197,2023/5/12,8:50:00,1,Collision with vehicle,6,Friday,137,LEFT TURN SIDESWIPE,1,57492,2,0,1,0,1,2,2,1,Cross intersection,2,60,Arterial Other
T20230011127,2023/5/12,12:17:00,1,Collision with vehicle,6,Friday,120,HEAD ON (NOT OVERTAKING),1,797651,2,0,1,2,1,4,1,5,Not at intersection,2,100,Arterial Other
T20230011351,2023/5/12,12:35:00,1,Collision with vehicle,6,Friday,152,PULLING OUT (OVERTAKING),1,38768,2,0,0,1,1,2,1,2,T intersection,3,50,Local Road
T20230011132,2023/5/12,15:30:00,1,Collision with vehicle,6,Friday,130,REAR END(VEHICLES IN SAME LANE),1,775111,2,0,0,1,2,3,1,5,Not at intersection,3,60,Local Road
T20230011135,2023/5/12,16:00:00,1,Collision with vehicle,5,Friday,110,CROSS TRAFFIC(INTERSECTIONS ONLY),1,60381,2,0,0,1,1,2,1,1,Cross intersection,3,50,Local Road
T20230014245,2023/5/12,6:40:00,1,Collision with vehicle,6,Friday,113,RIGHT NEAR (INTERSECTIONS ONLY),2,42027,2,0,0,1,1,2,2,3,Y intersection,3,60,Arterial Other
T20230011137,2023/5/12,14:15:00,1,Collision with vehicle,5,Friday,113,RIGHT NEAR (INTERSECTIONS ONLY),1,38583,2,0,0,1,1,2,1,2,T intersection,3,60,Arterial Other
T20230011144,2023/5/12,14:55:00,1,Collision with vehicle,5,Friday,113,RIGHT NEAR (INTERSECTIONS ONLY),1,730361,2,0,0,1,3,4,1,4,Multiple intersection,3,80,Freeway
T20230012170,2023/5/12,16:00:00,1,Collision with vehicle,5,Friday,130,REAR END(VEHICLES IN SAME LANE),2,47716,2,0,0,2,1,3,2,2,T intersection,3,50,Arterial Highway
T20230012598,2023/5/12,13:50:00,1,Collision with vehicle,5,Friday,130,REAR END(VEHICLES IN SAME LANE),1,775238,3,0,0,1,2,3,1,5,Not at intersection,3,60,Arterial Highway
T20230012253,2023/5/12,6:00:00,1,Collision with vehicle,5,Friday,163,VEHICLE STRIKES DOOR OF PARKED/STATIONARY VEHICLE,9,775114,2,0,0,1,1,2,2,5,Not at intersection,3,999,Arterial Other
T20230011149,2023/5/12,18:20:00,1,Collision with vehicle,6,Friday,121,RIGHT THROUGH,3,35829,2,0,0,1,1,2,2,1,Cross intersection,3,50,Arterial Highway
T20230011187,2023/5/12,16:20:00,1,Collision with vehicle,5,Friday,139,OTHER SAME DIRECTION-MANOUEVRES NOT INCLUDED IN DCAs 130-137,1,787194,2,0,0,1,2,3,1,5,Not at intersection,3,100,Arterial Other
T20230013367,2023/5/12,15:34:00,1,Collision with vehicle,6,Friday,130,REAR END(VEHICLES IN SAME LANE),1,781533,3,0,0,1,2,3,2,5,Not at intersection,3,60,Local Road
T20230011124,2023/5/12,8:30:00,1,Collision with vehicle,5,Friday,113,RIGHT NEAR (INTERSECTIONS ONLY),1,791244,2,0,0,1,1,2,2,2,T intersection,3,50,Local Road
T20230011122,2023/5/12,12:45:00,6,Vehicle overturned (no collision),6,Friday,174,OUT OF CONTROL ON CARRIAGEWAY (ON STRAIGHT),1,774710,1,0,1,0,0,1,1,5,Not at intersection,2,999,Local Road
T20230011119,2023/5/12,12:51:00,1,Collision with vehicle,5,Friday,120,HEAD ON (NOT OVERTAKING),1,782485,2,0,0,1,1,2,1,2,T intersection,3,50,Local Road
T20230011151,2023/5/12,15:28:00,1,Collision with vehicle,6,Friday,121,RIGHT THROUGH,1,38792,2,0,0,1,1,2,1,1,Cross intersection,3,60,Arterial Other
T20230011114,2023/5/12,9:52:00,1,Collision with vehicle,5,Friday,137,LEFT TURN SIDESWIPE,1,38684,2,0,0,1,1,2,1,2,T intersection,3,60,Local Road
T20230012942,2023/5/12,14:50:00,1,Collision with vehicle,6,Friday,139,OTHER SAME DIRECTION-MANOUEVRES NOT INCLUDED IN DCAs 130-137,1,782284,2,0,0,1,1,2,1,5,Not at intersection,3,80,Arterial Highway
T20230011108,2023/5/12,6:45:00,1,Collision with vehicle,6,Friday,135,LANE CHANGE LEFT (NOT OVERTAKING),1,776182,2,0,0,1,1,2,1,5,Not at intersection,3,100,Freeway
T20230011092,2023/5/12,8:15:00,1,Collision with vehicle,6,Friday,116,LEFT NEAR (INTERSECTIONS ONLY),1,591782,2,0,0,1,1,2,1,1,Cross intersection,3,80,Arterial Highway
T20230011084,2023/5/12,7:15:00,2,Struck Pedestrian,5,Friday,100,PED NEAR SIDE. PED HIT BY VEHICLE FROM THE RIGHT.,1,774177,1,0,0,1,1,2,1,1,Cross intersection,3,70,Local Road
T20230011153,2023/5/12,16:00:00,1,Collision with vehicle,5,Friday,130,REAR END(VEHICLES IN SAME LANE),1,774502,2,0,0,1,2,3,1,5,Not at intersection,3,70,Arterial Other
T20230011154,2023/5/12,18:24:00,1,Collision with vehicle,6,Friday,113,RIGHT NEAR (INTERSECTIONS ONLY),2,774154,2,0,1,0,1,2,1,2,T intersection,2,50,Local Road
T20230011082,2023/5/12,5:10:00,1,Collision with vehicle,5,Friday,160,VEHICLE COLLIDES WITH VEHICLE PARKED ON LEFT OF ROAD,3,782857,2,0,1,0,0,1,1,5,Not at intersection,2,80,Arterial Highway
T20230011155,2023/5/12,19:05:00,4,Collision with a fixed object,5,Friday,171,LEFT OFF CARRIAGEWAY INTO OBJECT/PARKED VEHICLE,3,778897,1,0,1,0,0,1,1,5,Not at intersection,2,100,Local Road
T20230011157,2023/5/12,14:09:00,4,Collision with a fixed object,6,Friday,181,OFF RIGHT BEND INTO OBJECT/PARKED VEHICLE,1,774014,1,0,1,0,0,1,1,5,Not at intersection,2,100,Arterial Other
T20230011081,2023/5/12,4:55:00,4,Collision with a fixed object,6,Friday,173,RIGHT OFF CARRIAGEWAY INTO OBJECT/PARKED VEHICLE,5,788863,1,0,1,1,0,2,1,5,Not at intersection,2,70,Arterial Highway
T20230011079,2023/5/12,2:00:00,6,Vehicle overturned (no collision),6,Friday,172,OFF CARRIAGEWAY TO RIGHT,5,782208,1,0,0,1,0,1,1,5,Not at intersection,3,100,Arterial Other
T20230011126,2023/5/12,13:00:00,1,Collision with vehicle,6,Friday,147,VEHICLE STRIKES ANOTHER VEH WHILE EMERGING FROM DRIVEWAY,1,774047,2,0,1,0,2,3,1,5,Not at intersection,2,60,Local Road
T20230011131,2023/5/12,15:21:00,1,Collision with vehicle,6,Friday,121,RIGHT THROUGH,1,774069,3,0,1,0,2,3,1,2,T intersection,2,80,Local Road
T20230011178,2023/5/12,7:30:00,1,Collision with vehicle,6,Friday,160,VEHICLE COLLIDES WITH VEHICLE PARKED ON LEFT OF ROAD,2,779212,2,0,0,1,0,1,1,5,Not at intersection,3,50,Local Road
T20230011173,2023/5/12,21:00:00,2,Struck Pedestrian,6,Friday,100,PED NEAR SIDE. PED HIT BY VEHICLE FROM THE RIGHT.,3,934,1,0,2,1,1,4,1,1,Cross intersection,2,40,Arterial Highway
T20230013117,2023/5/12,15:40:00,1,Collision with vehicle,6,Friday,130,REAR END(VEHICLES IN SAME LANE),9,775922,2,0,0,1,1,2,2,5,Not at intersection,3,60,Arterial Highway
T20230011386,2023/5/12,21:00:00,1,Collision with vehicle,5,Friday,110,CROSS TRAFFIC(INTERSECTIONS ONLY),3,679860,2,0,0,2,0,2,2,1,Cross intersection,3,60,Local Road
T20230012074,2023/5/12,10:15:00,1,Collision with vehicle,5,Friday,110,CROSS TRAFFIC(INTERSECTIONS ONLY),1,313172,2,0,0,1,1,2,2,1,Cross intersection,3,60,Local Road
T20230011369,2023/5/12,13:30:00,6,Vehicle overturned (no collision),6,Friday,184,OUT OF CONTROL ON CARRIAGEWAY (ON BEND),1,774054,1,0,1,0,0,1,2,5,Not at intersection,2,100,Local Road
T20230011256,2023/5/12,15:14:00,1,Collision with vehicle,5,Friday,152,PULLING OUT (OVERTAKING),1,775816,2,0,0,1,1,2,1,5,Not at intersection,3,40,Local Road
T20230011257,2023/5/12,15:50:00,1,Collision with vehicle,6,Friday,113,RIGHT NEAR (INTERSECTIONS ONLY),1,750715,2,0,0,1,1,2,1,2,T intersection,3,70,Local Road
T20230011520,2023/5/12,7:30:00,1,Collision with vehicle,5,Friday,116,LEFT NEAR (INTERSECTIONS ONLY),1,41246,2,0,0,1,1,2,1,2,T intersection,3,40,Local Road