ACCIDENT_NO,ACCIDENT_DATE,ACCIDENT_TIME,ACCIDENT_TYPE,ACCIDENT_TYPE_DESC,DAY_OF_WEEK,DAY_WEEK_DESC,DCA_CODE,DCA_DESC,LIGHT_CONDITION,NODE_ID,NO_OF_VEHICLES,NO_PERSONS_KILLED,NO_PERSONS_INJ_2,NO_PERSONS_INJ_3,NO_PERSONS_NOT_INJ,NO_PERSONS,POLICE_ATTEND,ROAD_GEOMETRY,ROAD_GEOMETRY_DESC,SEVERITY,SPEED_ZONE,RMA
T20230013081,2023/5/12,23:15:00,2,Struck Pedestrian,5,Friday,100,PED NEAR SIDE. PED HIT BY VEHICLE FROM THE RIGHT.,3,782339,1,0,0,1,1,2,2,5,Not at intersection,3,40,Local Road
T20230011928,2023/5/12,23:15:00,2,Struck Pedestrian,5,Friday,102,FAR SIDE. PED HIT BY VEHICLE FROM THE LEFT,9,45555,1,0,0,1,1,2,2,2,T intersection,3,50,Arterial Other
T20230011301,2023/5/12,8:20:00,1,Collision with vehicle,6,Friday,148,VEHICLE OFF FOOTPATH STRIKES VEH ON CARRIAGEWAY,9,354743,2,0,0,1,1,2,2,1,Cross intersection,3,80,Arterial Highway
T20230011109,2023/5/12,8:00:00,2,Struck Pedestrian,6,Friday,101,PED EMERGES FROM IN FRONT OF PARKED OR STATIONARY VEHICLE,1,775228,1,0,0,1,1,2,1,5,Not at intersection,3,60,Arterial Other
T20230011328,2023/5/12,16:15:00,1,Collision with vehicle,5,Friday,163,VEHICLE STRIKES DOOR OF PARKED/STATIONARY VEHICLE,1,775611,2,0,1,0,1,2,2,5,Not at intersection,2,60,Local Road
T20230011556,2023/5/12,12:00:00,1,Collision with vehicle,6,Friday,123,RIGHT/LEFT. ONE VEH TURNING RIGHT THE OTHER LEFT.,9,778645,2,0,0,1,1,2,2,5,Not at intersection,3,100,Freeway
T20230011673,2023/5/12,23:00:00,4,Collision with a fixed object,5,Friday,171,LEFT OFF CARRIAGEWAY INTO OBJECT/PARKED VEHICLE,5,787331,1,0,0,1,1,2,2,5,Not at intersection,3,100,Local Road
T20230012770,2023/5/12,16:30:00,1,Collision with vehicle,5,Friday,130,REAR END(VEHICLES IN SAME LANE),2,777421,2,0,0,1,1,2,1,5,Not at intersection,3,100,Freeway
T20230011166,2023/5/12,21:15:00,1,Collision with vehicle,6,Friday,120,HEAD ON (NOT OVERTAKING),5,776781,2,0,1,0,1,2,1,5,Not at intersection,2,100,Arterial Other
T20230011160,2023/5/12,19:30:00,1,Collision with vehicle,5,Friday,130,REAR END(VEHICLES IN SAME LANE),2,774920,3,0,0,1,2,3,2,5,Not at intersection,3,70,Arterial Other
T20230011208,2023/5/13,16:19:00,1,Collision with vehicle,7,Saturday,110,CROSS TRAFFIC(INTERSECTIONS ONLY),1,49189,2,0,1,0,3,4,1,1,Cross intersection,2,60,Arterial Other
T20230011246,2023/5/13,23:28:00,4,Collision with a fixed object,7,Saturday,173,RIGHT OFF CARRIAGEWAY INTO OBJECT/PARKED VEHICLE,3,777206,1,0,1,0,0,1,1,5,Not at intersection,2,110,Freeway
T20230011244,2023/5/13,23:52:00,4,Collision with a fixed object,6,Saturday,171,LEFT OFF CARRIAGEWAY INTO OBJECT/PARKED VEHICLE,3,781107,1,0,1,0,0,1,1,5,Not at intersection,2,70,Arterial Highway
T20230011274,2023/5/13,13:40:00,1,Collision with vehicle,7,Saturday,134,LANE CHANGE RIGHT (NOT OVERTAKING),1,347223,2,0,1,0,1,2,1,1,Cross intersection,2,80,Arterial Other
T20230011239,2023/5/13,19:27:00,1,Collision with vehicle,7,Saturday,121,RIGHT THROUGH,3,775747,2,0,2,3,0,5,1,5,Not at intersection,2,70,Arterial Highway
T20230011595,2023/5/13,7:15:00,8,No collision and no object struck,6,Saturday,149,OTHER MANOEUVRING NOT INCLUDED IN DCAs 140-148,2,782228,1,0,0,1,0,1,2,5,Not at intersection,3,60,Arterial Other
T20230028720,2023/5/13,10:30:00,7,Fall from or in moving vehicle,7,Saturday,190,FELL IN/FROM VEHICLE,1,791842,1,0,0,1,0,1,2,5,Not at intersection,3,999,Local Road
T20230011228,2023/5/13,18:45:00,1,Collision with vehicle,7,Saturday,130,REAR END(VEHICLES IN SAME LANE),3,774438,3,0,0,4,3,7,1,5,Not at intersection,3,80,Arterial Highway
T20230011226,2023/5/13,19:30:00,1,Collision with vehicle,7,Saturday,160,VEHICLE COLLIDES WITH VEHICLE PARKED ON LEFT OF ROAD,3,56442,2,0,0,1,0,1,1,1,Cross intersection,3,50,Local Road
T20230011224,2023/5/13,16:48:00,1,Collision with vehicle,6,Saturday,121,RIGHT THROUGH,1,726803,2,0,0,1,1,2,1,1,Cross intersection,3,60,Arterial Other
T20230011222,2023/5/13,17:57:00,8,No collision and no object struck,6,Saturday,180,OFF CARRIAGEWAY ON RIGHT BEND,5,787338,1,0,0,1,0,1,1,5,Not at intersection,3,100,Local Road
T20230011220,2023/5/13,18:15:00,1,Collision with vehicle,7,Saturday,121,RIGHT THROUGH,3,56550,2,0,0,1,1,2,1,2,T intersection,3,60,Arterial Other
T20230011219,2023/5/13,18:00:00,1,Collision with vehicle,7,Saturday,130,REAR END(VEHICLES IN SAME LANE),3,773970,2,0,0,1,1,2,1,5,Not at intersection,3,50,Local Road
T20230011217,2023/5/13,16:40:00,1,Collision with vehicle,6,Saturday,113,RIGHT NEAR (INTERSECTIONS ONLY),2,264505,2,0,0,1,1,2,1,1,Cross intersection,3,100,Local Road
T20230011216,2023/5/13,13:50:00,6,Vehicle overturned (no collision),7,Saturday,184,OUT OF CONTROL ON CARRIAGEWAY (ON BEND),1,776677,1,0,1,0,0,1,1,5,Not at intersection,2,80,Arterial Highway
T20230011212,2023/5/13,17:30:00,1,Collision with vehicle,7,Saturday,160,VEHICLE COLLIDES WITH VEHICLE PARKED ON LEFT OF ROAD,2,776250,2,0,0,1,0,1,1,5,Not at intersection,3,999,Local Road
T20230011534,2023/5/13,19:03:00,1,Collision with vehicle,7,Saturday,130,REAR END(VEHICLES IN SAME LANE),3,774505,2,0,0,2,0,2,1,5,Not at intersection,3,80,Freeway
T20230011206,2023/5/13,14:30:00,4,Collision with a fixed object,7,Saturday,171,LEFT OFF CARRIAGEWAY INTO OBJECT/PARKED VEHICLE,1,782212,1,0,1,0,0,1,1,5,Not at intersection,2,100,Local Road
T20230011238,2023/5/13,21:50:00,1,Collision with vehicle,6,Saturday,130,REAR END(VEHICLES IN SAME LANE),3,787195,2,0,0,1,2,3,1,5,Not at intersection,3,80,Arterial Highway
T20230011171,2023/5/13,1:27:00,4,Collision with a fixed object,7,Saturday,179,OTHER ACCIDENTS-OFF STRAIGHT NOT INCLUDED IN DCAs 170-175,3,775089,1,0,1,0,0,1,1,5,Not at intersection,2,50,Local Road
T20230011182,2023/5/13,7:00:00,1,Collision with vehicle,7,Saturday,121,RIGHT THROUGH,2,775680,2,0,0,1,1,2,1,2,T intersection,3,60,Local Road
T20230011237,2023/5/13,20:15:00,4,Collision with a fixed object,6,Saturday,181,OFF RIGHT BEND INTO OBJECT/PARKED VEHICLE,5,787353,1,0,1,0,0,1,1,5,Not at intersection,2,60,Arterial Other
T20230011188,2023/5/13,12:03:00,1,Collision with vehicle,7,Saturday,140,U TURN,1,774043,2,0,2,0,3,5,1,5,Not at intersection,2,70,Arterial Other
T20230011189,2023/5/13,11:45:00,2,Struck Pedestrian,6,Saturday,102,FAR SIDE. PED HIT BY VEHICLE FROM THE LEFT,1,773986,1,0,0,1,1,2,1,2,T intersection,3,50,Local Road
T20230011235,2023/5/13,5:15:00,1,Collision with vehicle,6,Saturday,121,RIGHT THROUGH,3,615,2,0,0,2,1,3,1,2,T intersection,3,60,Arterial Other
T20230011194,2023/5/13,12:45:00,1,Collision with vehicle,7,Saturday,121,RIGHT THROUGH,1,773987,2,0,0,1,2,3,1,2,T intersection,3,70,Arterial Other
T20230011234,2023/5/13,18:10:00,1,Collision with vehicle,6,Saturday,121,RIGHT THROUGH,3,774046,2,0,1,0,1,2,1,5,Not at intersection,2,60,Arterial Highway
T20230011199,2023/5/13,14:00:00,1,Collision with vehicle,7,Saturday,130,REAR END(VEHICLES IN SAME LANE),1,773961,3,0,0,1,2,3,1,5,Not at intersection,3,70,Freeway
T20230011232,2023/5/13,18:34:00,4,Collision with a fixed object,6,Saturday,171,LEFT OFF CARRIAGEWAY INTO OBJECT/PARKED VEHICLE,2,782213,1,0,0,1,0,1,1,5,Not at intersection,3,80,Freeway
T20230011827,2023/5/13,20:00:00,1,Collision with vehicle,6,Saturday,130,REAR END(VEHICLES IN SAME LANE),6,774393,2,0,0,1,1,2,2,5,Not at intersection,3,40,Local Road
T20230011330,2023/5/13,12:00:00,1,Collision with vehicle,7,Saturday,111,RIGHT FAR (INTERSECTIONS ONLY),1,45224,2,0,0,1,1,2,2,2,T intersection,3,50,Arterial Other
T20230012077,2023/5/13,15:00:00,1,Collision with vehicle,6,Saturday,147,VEHICLE STRIKES ANOTHER VEH WHILE EMERGING FROM DRIVEWAY,1,778199,2,0,0,1,1,2,2,5,Not at intersection,3,999,Local Road
T20230011201,2023/5/13,15:50:00,1,Collision with vehicle,6,Saturday,147,VEHICLE STRIKES ANOTHER VEH WHILE EMERGING FROM DRIVEWAY,1,773988,2,0,0,1,1,2,2,5,Not at intersection,3,40,Local Road
T20230011196,2023/5/13,13:28:00,2,Struck Pedestrian,6,Saturday,107,PED ON FOOTHPATH STRUCK BY VEHENTERING/LEAVING DRIVEWAY.,1,778165,1,0,1,0,1,2,1,5,Not at intersection,2,60,Local Road
T20230013241,2023/5/13,19:58:00,7,Fall from or in moving vehicle,6,Saturday,190,FELL IN/FROM VEHICLE,3,777553,1,0,0,1,1,2,1,5,Not at intersection,3,60,Arterial Other
T20230011177,2023/5/13,1:25:00,1,Collision with vehicle,6,Saturday,160,VEHICLE COLLIDES WITH VEHICLE PARKED ON LEFT OF ROAD,3,787339,4,0,0,1,2,3,1,2,T intersection,3,50,Local Road
T20230012916,2023/5/13,6:09:00,1,Collision with vehicle,7,Saturday,160,VEHICLE COLLIDES WITH VEHICLE PARKED ON LEFT OF ROAD,2,775492,3,0,1,0,0,1,1,5,Not at intersection,2,50,Local Road
T20230011676,2023/5/13,12:00:00,6,Vehicle overturned (no collision),7,Saturday,151,OUT OF CONTROL (OVERTAKING),9,774327,1,0,0,1,0,1,2,5,Not at intersection,3,999,Local Road
T20230011856,2023/5/13,15:00:00,7,Fall from or in moving vehicle,7,Saturday,190,FELL IN/FROM VEHICLE,1,774397,1,0,0,1,0,1,2,5,Not at intersection,3,999,Local Road
T20230011179,2023/5/13,1:30:00,4,Collision with a fixed object,6,Saturday,181,OFF RIGHT BEND INTO OBJECT/PARKED VEHICLE,5,787193,1,0,1,0,0,1,1,5,Not at intersection,2,100,Freeway
T20230011180,2023/5/13,7:35:00,1,Collision with vehicle,7,Saturday,130,REAR END(VEHICLES IN SAME LANE),1,777029,2,0,1,0,1,2,1,5,Not at intersection,2,60,Arterial Other
T20230011181,2023/5/13,6:20:00,1,Collision with vehicle,7,Saturday,133,LANE SIDE SWIPE (VEHICLES IN PARALLEL LANES),3,774039,3,0,1,0,1,2,1,5,Not at intersection,2,60,Arterial Highway
T20230011917,2023/5/13,9:00:00,8,No collision and no object struck,6,Saturday,149,OTHER MANOEUVRING NOT INCLUDED IN DCAs 140-148,2,774446,1,0,0,1,0,1,2,5,Not at intersection,3,60,Local Road
T20230011302,2023/5/13,20:30:00,1,Collision with vehicle,6,Saturday,130,REAR END(VEHICLES IN SAME LANE),5,775517,2,0,0,1,1,2,1,5,Not at intersection,3,100,Freeway
T20230012480,2023/5/13,16:50:00,1,Collision with vehicle,6,Saturday,113,RIGHT NEAR (INTERSECTIONS ONLY),1,787198,2,0,0,1,1,2,1,2,T intersection,3,50,Local Road
T20230011233,2023/5/13,19:30:00,4,Collision with a fixed object,6,Saturday,171,LEFT OFF CARRIAGEWAY INTO OBJECT/PARKED VEHICLE,5,776113,1,0,1,0,0,1,1,5,Not at intersection,2,100,Arterial Highway
T20230011359,2023/5/13,13:00:00,8,No collision and no object struck,7,Saturday,174,OUT OF CONTROL ON CARRIAGEWAY (ON STRAIGHT),1,774053,1,0,0,1,0,1,2,2,T intersection,3,30,Local Road
T20230011504,2023/5/13,14:00:00,2,Struck Pedestrian,7,Saturday,109,ANY MANOEUVRE INVOLVING PED NOT INCLUDED IN DCAs 100-108.,1,774325,1,0,0,1,1,2,2,5,Not at intersection,3,50,Local Road
T20230011251,2023/5/13,11:46:00,1,Collision with vehicle,6,Saturday,137,LEFT TURN SIDESWIPE,1,67543,2,0,0,1,1,2,2,2,T intersection,3,60,Arterial Other
T20230011276,2023/5/14,13:49:00,1,Collision with vehicle,1,Sunday,160,VEHICLE COLLIDES WITH VEHICLE PARKED ON LEFT OF ROAD,1,774182,2,0,1,0,0,1,1,5,Not at intersection,2,60,Arterial Other
T20230011275,2023/5/14,14:30:00,3,Struck animal,0,Sunday,167,STRUCK ANIMAL,1,776701,1,0,0,1,0,1,2,5,Not at intersection,3,100,Local Road
T20230011273,2023/5/14,13:08:00,8,No collision and no object struck,1,Sunday,184,OUT OF CONTROL ON CARRIAGEWAY (ON BEND),1,774015,1,0,0,1,0,1,1,5,Not at intersection,3,60,Arterial Other
T20230025902,2023/5/14,14:45:00,1,Collision with vehicle,0,Sunday,137,LEFT TURN SIDESWIPE,1,35492,2,0,0,1,1,2,2,2,T intersection,3,50,Local Road
T20230011265,2023/5/14,10:53:00,1,Collision with vehicle,1,Sunday,130,REAR END(VEHICLES IN SAME LANE),1,275184,2,0,1,0,0,1,1,5,Not at intersection,2,60,Arterial Other
T20230011788,2023/5/14,11:38:00,5,collision with some other object,1,Sunday,166,STRUCK OBJECT ON CARRIAGEWAY,1,774369,1,0,1,0,0,1,2,5,Not at intersection,2,999,Local Road
T20230011304,2023/5/14,20:18:00,1,Collision with vehicle,0,Sunday,130,REAR END(VEHICLES IN SAME LANE),1,774108,2,0,0,2,4,6,2,2,T intersection,3,999,Freeway
T20230011289,2023/5/14,16:28:00,2,Struck Pedestrian,1,Sunday,101,PED EMERGES FROM IN FRONT OF PARKED OR STATIONARY VEHICLE,1,42168,1,0,1,0,1,2,1,2,T intersection,2,60,Arterial Other
T20230019263,2023/5/14,16:30:00,6,Vehicle overturned (no collision),0,Sunday,174,OUT OF CONTROL ON CARRIAGEWAY (ON STRAIGHT),1,779862,1,0,1,0,0,1,2,2,T intersection,2,40,Local Road
T20230011255,2023/5/14,4:14:00,4,Collision with a fixed object,1,Sunday,171,LEFT OFF CARRIAGEWAY INTO OBJECT/PARKED VEHICLE,5,774049,1,0,0,2,0,2,1,5,Not at intersection,3,60,Arterial Other
T20230011261,2023/5/14,8:26:00,6,Vehicle overturned (no collision),1,Sunday,182,OFF CARRIAGEWAY ON LEFT BEND,1,774285,1,0,1,0,0,1,1,5,Not at intersection,2,100,Local Road
T20230011264,2023/5/14,10:20:00,1,Collision with vehicle,0,Sunday,113,RIGHT NEAR (INTERSECTIONS ONLY),1,41762,2,0,0,1,1,2,1,2,T intersection,3,50,Arterial Highway
T20230011335,2023/5/14,16:00:00,3,Struck animal,1,Sunday,167,STRUCK ANIMAL,1,774109,1,0,0,1,0,1,2,5,Not at intersection,3,999,Local Road
T20230011296,2023/5/14,17:30:00,1,Collision with vehicle,0,Sunday,121,RIGHT THROUGH,2,323521,2,0,0,1,1,2,1,2,T intersection,3,70,Arterial Other
T20230011298,2023/5/14,19:30:00,2,Struck Pedestrian,1,Sunday,102,FAR SIDE. PED HIT BY VEHICLE FROM THE LEFT,3,774077,1,0,1,0,2,3,1,5,Not at intersection,2,70,Arterial Other
T20230011326,2023/5/14,18:20:00,3,Struck animal,1,Sunday,167,STRUCK ANIMAL,5,774324,1,0,1,0,1,2,1,5,Not at intersection,2,100,Local Road
T20230011299,2023/5/14,18:24:00,1,Collision with vehicle,1,Sunday,130,REAR END(VEHICLES IN SAME LANE),3,776513,2,0,1,0,1,2,1,5,Not at intersection,2,80,Arterial Highway
T20230011300,2023/5/14,20:10:00,2,Struck Pedestrian,1,Sunday,100,PED NEAR SIDE. PED HIT BY VEHICLE FROM THE RIGHT.,3,36835,1,0,1,0,1,2,1,1,Cross intersection,2,40,Arterial Other
T20230011280,2023/5/14,8:45:00,2,Struck Pedestrian,0,Sunday,100,PED NEAR SIDE. PED HIT BY VEHICLE FROM THE RIGHT.,1,777309,1,0,0,1,1,2,1,5,Not at intersection,3,40,Arterial Other
T20230011254,2023/5/14,1:54:00,4,Collision with a fixed object,1,Sunday,175,OFF END OF ROAD/T-INTERSECTION.,3,45464,1,0,1,0,0,1,1,2,T intersection,2,50,Arterial Other
T20230011266,2023/5/14,10:56:00,1,Collision with vehicle,1,Sunday,121,RIGHT THROUGH,1,327263,2,0,1,1,0,2,1,1,Cross intersection,2,80,Arterial Highway
T20230011283,2023/5/14,16:20:00,1,Collision with vehicle,1,Sunday,110,CROSS TRAFFIC(INTERSECTIONS ONLY),1,225511,2,0,1,0,1,2,1,1,Cross intersection,2,60,Arterial Highway
T20230011887,2023/5/14,16:20:00,1,Collision with vehicle,0,Sunday,152,PULLING OUT (OVERTAKING),2,774510,2,0,0,1,1,2,1,5,Not at intersection,3,50,Local Road
T20230011292,2023/5/14,18:13:00,1,Collision with vehicle,1,Sunday,130,REAR END(VEHICLES IN SAME LANE),3,775917,2,0,1,1,4,6,1,5,Not at intersection,2,100,Freeway
T20230025206,2023/5/14,14:00:00,8,No collision and no object struck,1,Sunday,184,OUT OF CONTROL ON CARRIAGEWAY (ON BEND),1,29935,1,0,0,1,0,1,2,2,T intersection,3,100,Arterial Other
T20230011293,2023/5/14,15:20:00,1,Collision with vehicle,1,Sunday,130,REAR END(VEHICLES IN SAME LANE),1,775071,2,0,1,0,1,2,1,5,Not at intersection,2,80,Freeway
T20230011295,2023/5/14,18:10:00,1,Collision with vehicle,0,Sunday,121,RIGHT THROUGH,3,39159,2,0,0,4,0,4,1,2,T intersection,3,60,Arterial Other
T20230011439,2023/5/14,22:30:00,7,Fall from or in moving vehicle,1,Sunday,190,FELL IN/FROM VEHICLE,6,774179,1,0,0,1,1,2,2,5,Not at intersection,3,50,Local Road
T20230012807,2023/5/15,12:30:00,1,Collision with vehicle,1,Monday,113,RIGHT NEAR (INTERSECTIONS ONLY),1,684739,2,0,0,1,1,2,1,2,T intersection,3,80,Arterial Highway
T20230011367,2023/5/15,17:18:00,1,Collision with vehicle,1,Monday,147,VEHICLE STRIKES ANOTHER VEH WHILE EMERGING FROM DRIVEWAY,1,774091,2,0,0,1,1,2,1,5,Not at intersection,3,50,Local Road
T20230011354,2023/5/15,4:00:00,4,Collision with a fixed object,1,Monday,181,OFF RIGHT BEND INTO OBJECT/PARKED VEHICLE,5,781360,1,0,1,0,0,1,1,5,Not at intersection,2,80,Arterial Highway
T20230011382,2023/5/15,14:40:00,2,Struck Pedestrian,2,Monday,100,PED NEAR SIDE. PED HIT BY VEHICLE FROM THE RIGHT.,1,774127,1,0,1,0,1,2,1,5,Not at intersection,2,40,Local Road
T20230011378,2023/5/15,15:00:00,6,Vehicle overturned (no collision),2,Monday,180,OFF CARRIAGEWAY ON RIGHT BEND,1,776144,1,0,1,0,0,1,1,5,Not at intersection,2,100,Local Road
T20230011427,2023/5/15,14:30:00,1,Collision with vehicle,1,Monday,130,REAR END(VEHICLES IN SAME LANE),1,355695,2,0,0,1,1,2,2,5,Not at intersection,3,60,Arterial Highway
T20230011897,2023/5/15,19:32:00,1,Collision with vehicle,1,Monday,110,CROSS TRAFFIC(INTERSECTIONS ONLY),9,43685,2,0,0,2,1,3,1,1,Cross intersection,3,60,Arterial Other
T20230011895,2023/5/15,18:00:00,1,Collision with vehicle,1,Monday,137,LEFT TURN SIDESWIPE,2,774445,2,0,0,2,0,2,1,5,Not at intersection,3,60,Arterial Other
T20230011311,2023/5/15,0:55:00,6,Vehicle overturned (no collision),2,Monday,180,OFF CARRIAGEWAY ON RIGHT BEND,5,781603,1,0,1,0,0,1,1,5,Not at intersection,2,60,Arterial Other
T20230011361,2023/5/15,16:15:00,1,Collision with vehicle,2,Monday,152,PULLING OUT (OVERTAKING),1,796961,2,0,1,0,1,2,1,5,Not at intersection,2,50,Local Road
T20230011393,2023/5/15,19:50:00,2,Struck Pedestrian,1,Monday,101,PED EMERGES FROM IN FRONT OF PARKED OR STATIONARY VEHICLE,3,798990,2,0,0,1,1,2,1,5,Not at intersection,3,50,Local Road
T20230011997,2023/5/15,19:00:00,8,No collision and no object struck,1,Monday,172,OFF CARRIAGEWAY TO RIGHT,5,782209,1,0,0,1,0,1,2,5,Not at intersection,3,100,Local Road
T20230011323,2023/5/15,7:40:00,1,Collision with vehicle,1,Monday,130,REAR END(VEHICLES IN SAME LANE),1,774068,2,0,0,1,1,2,1,5,Not at intersection,3,70,Arterial Highway
T20230011352,2023/5/15,15:33:00,1,Collision with vehicle,2,Monday,137,LEFT TURN SIDESWIPE,1,37759,2,0,0,1,1,2,1,2,T intersection,3,40,Arterial Other
T20230011324,2023/5/15,9:10:00,1,Collision with vehicle,2,Monday,160,VEHICLE COLLIDES WITH VEHICLE PARKED ON LEFT OF ROAD,1,774080,2,0,0,1,2,3,1,5,Not at intersection,3,60,Arterial Other
T20230011325,2023/5/15,9:30:00,1,Collision with vehicle,2,Monday,160,VEHICLE COLLIDES WITH VEHICLE PARKED ON LEFT OF ROAD,1,776506,2,0,0,1,0,1,1,5,Not at intersection,3,60,Local Road
T20230011379,2023/5/15,21:00:00,1,Collision with vehicle,1,Monday,121,RIGHT THROUGH,6,787408,2,0,0,1,1,2,1,4,Multiple intersection,3,60,Freeway
T20230011397,2023/5/15,22:40:00,1,Collision with vehicle,2,Monday,110,CROSS TRAFFIC(INTERSECTIONS ONLY),3,359280,2,2,2,0,0,4,1,1,Cross intersection,1,70,Arterial Highway
T20230011399,2023/5/15,23:25:00,1,Collision with vehicle,2,Monday,160,VEHICLE COLLIDES WITH VEHICLE PARKED ON LEFT OF ROAD,3,776426,3,0,2,0,0,2,1,5,Not at intersection,2,70,Arterial Highway
T20230011931,2023/5/15,16:15:00,1,Collision with vehicle,1,Monday,120,HEAD ON (NOT OVERTAKING),1,775100,2,0,1,0,1,2,2,1,Cross intersection,2,40,Local Road
T20230011404,2023/5/15,13:45:00,1,Collision with vehicle,2,Monday,147,VEHICLE STRIKES ANOTHER VEH WHILE EMERGING FROM DRIVEWAY,1,774111,2,0,0,1,1,2,2,5,Not at intersection,3,60,Local Road
T20230011385,2023/5/15,19:22:00,1,Collision with vehicle,2,Monday,130,REAR END(VEHICLES IN SAME LANE),3,774055,3,0,0,1,2,3,1,2,T intersection,3,60,Local Road
T20230011348,2023/5/15,13:42:00,1,Collision with vehicle,1,Monday,121,RIGHT THROUGH,1,347776,2,0,0,3,0,3,1,2,T intersection,3,70,Arterial Other
T20230011342,2023/5/15,8:30:00,1,Collision with vehicle,1,Monday,110,CROSS TRAFFIC(INTERSECTIONS ONLY),1,37914,2,0,0,1,1,2,1,1,Cross intersection,3,50,Arterial Other
T20230011387,2023/5/15,17:37:00,2,Struck Pedestrian,2,Monday,102,FAR SIDE. PED HIT BY VEHICLE FROM THE LEFT,3,612138,1,0,1,0,1,2,1,2,T intersection,2,80,Arterial Highway
T20230011341,2023/5/15,10:41:00,4,Collision with a fixed object,1,Monday,164,PERMANENT OBSTRUCTION ON CARRIAGEWAY,1,774439,1,0,0,1,0,1,1,5,Not at intersection,3,777,Local Road
T20230011366,2023/5/15,16:30:00,1,Collision with vehicle,1,Monday,110,CROSS TRAFFIC(INTERSECTIONS ONLY),2,64023,2,0,0,1,1,2,2,1,Cross intersection,3,50,Local Road
T20230011340,2023/5/15,8:50:00,1,Collision with vehicle,1,Monday,130,REAR END(VEHICLES IN SAME LANE),1,774081,2,0,0,1,3,4,1,5,Not at intersection,3,80,Arterial Other
T20230011364,2023/5/15,14:30:00,1,Collision with vehicle,1,Monday,147,VEHICLE STRIKES ANOTHER VEH WHILE EMERGING FROM DRIVEWAY,1,782437,2,0,0,2,5,7,1,5,Not at intersection,3,60,Local Road
T20230011410,2023/5/15,7:30:00,1,Collision with vehicle,1,Monday,113,RIGHT NEAR (INTERSECTIONS ONLY),1,40379,2,0,0,1,1,2,2,1,Cross intersection,3,60,Arterial Other
T20230011383,2023/5/15,17:43:00,1,Collision with vehicle,2,Monday,130,REAR END(VEHICLES IN SAME LANE),2,709224,3,0,0,1,2,3,1,2,T intersection,3,80,Arterial Other
T20230015864,2023/5/15,13:06:00,1,Collision with vehicle,1,Monday,148,VEHICLE OFF FOOTPATH STRIKES VEH ON CARRIAGEWAY,1,782104,2,0,0,1,1,2,1,1,Cross intersection,3,80,Arterial Highway
T20230011371,2023/5/15,17:00:00,1,Collision with vehicle,2,Monday,113,RIGHT NEAR (INTERSECTIONS ONLY),2,37008,2,0,1,0,1,2,1,2,T intersection,2,40,Arterial Other
T20230011372,2023/5/15,18:30:00,1,Collision with vehicle,2,Monday,121,RIGHT THROUGH,3,51661,2,0,1,0,1,2,1,1,Cross intersection,2,60,Arterial Other
T20230011338,2023/5/15,12:05:00,1,Collision with vehicle,2,Monday,110,CROSS TRAFFIC(INTERSECTIONS ONLY),1,44609,2,0,1,0,1,2,1,1,Cross intersection,2,60,Arterial Other
T20230011384,2023/5/15,15:55:00,1,Collision with vehicle,2,Monday,130,REAR END(VEHICLES IN SAME LANE),1,774155,2,0,1,1,4,6,1,2,T intersection,2,80,Arterial Other
T20230011373,2023/5/15,18:58:00,1,Collision with vehicle,1,Monday,121,RIGHT THROUGH,9,233917,2,0,0,1,1,2,2,1,Cross intersection,3,999,Local Road
T20230011327,2023/5/15,9:10:00,8,No collision and no object struck,2,Monday,174,OUT OF CONTROL ON CARRIAGEWAY (ON STRAIGHT),1,774078,5,0,0,3,2,5,1,5,Not at intersection,3,100,Local Road
T20230014972,2023/5/15,16:55:00,1,Collision with vehicle,2,Monday,133,LANE SIDE SWIPE (VEHICLES IN PARALLEL LANES),2,776500,2,0,1,0,1,2,1,2,T intersection,2,60,Local Road
T20230011368,2023/5/15,15:00:00,1,Collision with vehicle,2,Monday,130,REAR END(VEHICLES IN SAME LANE),9,787407,2,0,0,1,1,2,2,5,Not at intersection,3,50,Local Road
T20230011513,2023/5/15,16:45:00,1,Collision with vehicle,2,Monday,130,REAR END(VEHICLES IN SAME LANE),1,278656,2,0,0,2,1,3,2,1,Cross intersection,3,60,Arterial Other
T20230011377,2023/5/15,16:45:00,1,Collision with vehicle,2,Monday,130,REAR END(VEHICLES IN SAME LANE),1,775200,3,0,1,0,1,2,1,5,Not at intersection,2,60,Arterial Other
T20230011333,2023/5/15,10:22:00,1,Collision with vehicle,1,Monday,130,REAR END(VEHICLES IN SAME LANE),1,774367,2,0,0,1,1,2,1,5,Not at intersection,3,80,Arterial Other
T20230011355,2023/5/15,15:15:00,6,Vehicle overturned (no collision),2,Monday,170,OFF CARRIAGEWAY TO LEFT,1,774286,1,0,1,0,0,1,1,5,Not at intersection,2,80,Arterial Highway
T20230012025,2023/5/15,17:30:00,1,Collision with vehicle,1,Monday,130,REAR END(VEHICLES IN SAME LANE),2,774519,2,0,0,1,1,2,2,5,Not at intersection,3,70,Local Road