ACCIDENT_NO,ACCIDENT_DATE,ACCIDENT_TIME,ACCIDENT_TYPE,ACCIDENT_TYPE_DESC,DAY_OF_WEEK,DAY_WEEK_DESC,DCA_CODE,DCA_DESC,LIGHT_CONDITION,NODE_ID,NO_OF_VEHICLES,NO_PERSONS_KILLED,NO_PERSONS_INJ_2,NO_PERSONS_INJ_3,NO_PERSONS_NOT_INJ,NO_PERSONS,POLICE_ATTEND,ROAD_GEOMETRY,ROAD_GEOMETRY_DESC,SEVERITY,SPEED_ZONE,RMA
T20230011360,2023/5/15,15:49:00,1,Collision with vehicle,1,Monday,154,PULLING OUT -REAR END,1,782214,2,0,0,1,8,9,1,5,Not at intersection,3,40,Arterial Other
T20230011457,2023/5/15,17:52:00,1,Collision with vehicle,1,Monday,130,REAR END(VEHICLES IN SAME LANE),3,788001,2,0,0,1,1,2,1,5,Not at intersection,3,60,Arterial Other
T20230011798,2023/5/15,14:25:00,1,Collision with vehicle,2,Monday,113,RIGHT NEAR (INTERSECTIONS ONLY),1,52497,2,0,1,0,1,2,1,1,Cross intersection,2,60,Local Road
T20230011501,2023/5/15,6:40:00,1,Collision with vehicle,2,Monday,130,REAR END(VEHICLES IN SAME LANE),9,350177,2,0,0,1,1,2,2,1,Cross intersection,3,70,Arterial Other
T20230013937,2023/5/15,15:00:00,1,Collision with vehicle,1,Monday,110,CROSS TRAFFIC(INTERSECTIONS ONLY),1,50629,2,0,0,1,1,2,2,1,Cross intersection,3,40,Local Road
T20230012642,2023/5/15,21:00:00,1,Collision with vehicle,1,Monday,121,RIGHT THROUGH,6,35417,2,0,0,1,1,2,2,2,T intersection,3,60,Arterial Other
T20230011318,2023/5/15,1:00:00,6,Vehicle overturned (no collision),2,Monday,184,OUT OF CONTROL ON CARRIAGEWAY (ON BEND),5,777796,1,0,0,1,0,1,1,5,Not at intersection,3,80,Arterial Highway
T20230011408,2023/5/16,8:00:00,1,Collision with vehicle,3,Tuesday,130,REAR END(VEHICLES IN SAME LANE),1,776227,4,0,0,2,2,4,1,5,Not at intersection,3,100,Freeway
T20230011407,2023/5/16,7:45:00,1,Collision with vehicle,3,Tuesday,130,REAR END(VEHICLES IN SAME LANE),1,360335,3,0,0,1,2,3,1,5,Not at intersection,3,100,Freeway
T20230011398,2023/5/16,0:29:00,4,Collision with a fixed object,3,Tuesday,183,OFF LEFT BEND INTO OBJECT/PARKED VEHICLE,3,781101,1,0,3,2,0,5,1,5,Not at intersection,2,777,Local Road
T20230011632,2023/5/16,17:12:00,1,Collision with vehicle,3,Tuesday,121,RIGHT THROUGH,2,774352,2,0,1,0,1,2,1,5,Not at intersection,2,80,Arterial Highway
T20230011770,2023/5/16,14:15:00,1,Collision with vehicle,3,Tuesday,113,RIGHT NEAR (INTERSECTIONS ONLY),1,774368,3,0,0,2,1,3,1,2,T intersection,3,60,Arterial Other
T20230012264,2023/5/16,11:10:00,1,Collision with vehicle,2,Tuesday,113,RIGHT NEAR (INTERSECTIONS ONLY),1,37917,2,0,0,1,1,2,1,2,T intersection,3,60,Arterial Other
T20230011644,2023/5/16,9:15:00,1,Collision with vehicle,3,Tuesday,132,RIGHT REAR.,9,774387,2,0,1,0,2,3,2,5,Not at intersection,2,60,Arterial Other
T20230022500,2023/5/16,16:00:00,1,Collision with vehicle,2,Tuesday,130,REAR END(VEHICLES IN SAME LANE),2,782496,2,0,0,1,1,2,2,5,Not at intersection,3,50,Arterial Highway
T20230016167,2023/5/16,7:59:00,1,Collision with vehicle,2,Tuesday,121,RIGHT THROUGH,1,296062,2,0,0,1,1,2,1,2,T intersection,3,60,Arterial Highway
T20230011668,2023/5/16,14:10:00,1,Collision with vehicle,3,Tuesday,130,REAR END(VEHICLES IN SAME LANE),1,230504,2,0,0,1,2,3,2,2,T intersection,3,50,Local Road
T20230011690,2023/5/16,9:29:00,1,Collision with vehicle,2,Tuesday,120,HEAD ON (NOT OVERTAKING),1,787534,2,0,0,1,1,2,1,5,Not at intersection,3,70,Local Road
T20230012612,2023/5/16,8:30:00,1,Collision with vehicle,3,Tuesday,132,RIGHT REAR.,1,775748,2,0,0,2,1,3,2,2,T intersection,3,999,Arterial Other
T20230016689,2023/5/16,8:20:00,1,Collision with vehicle,3,Tuesday,134,LANE CHANGE RIGHT (NOT OVERTAKING),2,780963,2,0,0,4,1,5,2,5,Not at intersection,3,60,Arterial Other
T20230011739,2023/5/16,15:52:00,2,Struck Pedestrian,3,Tuesday,100,PED NEAR SIDE. PED HIT BY VEHICLE FROM THE RIGHT.,1,774354,1,0,0,1,1,2,1,5,Not at intersection,3,50,Local Road
T20230016550,2023/5/16,20:30:00,1,Collision with vehicle,3,Tuesday,135,LANE CHANGE LEFT (NOT OVERTAKING),5,280482,2,0,0,1,1,2,1,5,Not at intersection,3,100,Freeway
T20230011943,2023/5/16,18:10:00,1,Collision with vehicle,3,Tuesday,130,REAR END(VEHICLES IN SAME LANE),3,29792,2,0,0,2,1,3,2,1,Cross intersection,3,60,Arterial Other
T20230011511,2023/5/16,15:00:00,1,Collision with vehicle,2,Tuesday,160,VEHICLE COLLIDES WITH VEHICLE PARKED ON LEFT OF ROAD,1,774289,2,0,0,1,1,2,1,5,Not at intersection,3,50,Local Road
T20230012886,2023/5/16,9:30:00,1,Collision with vehicle,2,Tuesday,131,LEFT REAR,9,39963,2,0,0,1,0,1,2,5,Not at intersection,3,999,Arterial Other
T20230011490,2023/5/16,14:00:00,6,Vehicle overturned (no collision),3,Tuesday,174,OUT OF CONTROL ON CARRIAGEWAY (ON STRAIGHT),1,774288,1,0,1,0,0,1,2,5,Not at intersection,2,999,Local Road
T20230012671,2023/5/16,16:00:00,1,Collision with vehicle,3,Tuesday,130,REAR END(VEHICLES IN SAME LANE),1,776910,2,0,0,2,1,3,2,2,T intersection,3,80,Arterial Other
T20230011469,2023/5/16,21:17:00,1,Collision with vehicle,3,Tuesday,111,RIGHT FAR (INTERSECTIONS ONLY),3,719529,2,0,1,0,1,2,1,1,Cross intersection,2,80,Arterial Highway
T20230011670,2023/5/16,8:00:00,1,Collision with vehicle,2,Tuesday,130,REAR END(VEHICLES IN SAME LANE),2,840,2,0,0,1,1,2,2,2,T intersection,3,60,Arterial Other
T20230011467,2023/5/16,4:48:00,4,Collision with a fixed object,2,Tuesday,171,LEFT OFF CARRIAGEWAY INTO OBJECT/PARKED VEHICLE,3,237965,1,0,0,1,0,1,2,1,Cross intersection,3,60,Arterial Other
T20230011465,2023/5/16,15:03:00,1,Collision with vehicle,3,Tuesday,120,HEAD ON (NOT OVERTAKING),1,774084,2,1,1,0,0,2,1,5,Not at intersection,1,80,Local Road
T20230011464,2023/5/16,15:10:00,1,Collision with vehicle,3,Tuesday,113,RIGHT NEAR (INTERSECTIONS ONLY),1,44275,2,0,1,0,2,3,1,2,T intersection,2,80,Arterial Other
T20230016242,2023/5/16,10:10:00,1,Collision with vehicle,2,Tuesday,110,CROSS TRAFFIC(INTERSECTIONS ONLY),1,50388,2,0,0,1,1,2,2,1,Cross intersection,3,50,Arterial Highway
T20230011463,2023/5/16,13:50:00,1,Collision with vehicle,2,Tuesday,135,LANE CHANGE LEFT (NOT OVERTAKING),1,36278,2,0,0,1,1,2,2,1,Cross intersection,3,60,Local Road
T20230011461,2023/5/16,5:14:00,4,Collision with a fixed object,2,Tuesday,171,LEFT OFF CARRIAGEWAY INTO OBJECT/PARKED VEHICLE,5,787533,1,0,1,0,0,1,1,5,Not at intersection,2,60,Arterial Other
T20230011460,2023/5/16,18:13:00,1,Collision with vehicle,3,Tuesday,110,CROSS TRAFFIC(INTERSECTIONS ONLY),5,52552,2,0,3,1,1,5,1,1,Cross intersection,2,100,Local Road
T20230011456,2023/5/16,16:20:00,2,Struck Pedestrian,2,Tuesday,101,PED EMERGES FROM IN FRONT OF PARKED OR STATIONARY VEHICLE,2,775227,1,0,0,1,1,2,1,5,Not at intersection,3,40,Local Road
T20230011453,2023/5/16,15:44:00,1,Collision with vehicle,3,Tuesday,132,RIGHT REAR.,1,55564,2,0,8,38,1,47,1,2,T intersection,2,80,Local Road
T20230011452,2023/5/16,18:00:00,1,Collision with vehicle,2,Tuesday,110,CROSS TRAFFIC(INTERSECTIONS ONLY),3,787990,2,0,0,2,1,3,1,1,Cross intersection,3,50,
T20230011451,2023/5/16,18:45:00,1,Collision with vehicle,2,Tuesday,137,LEFT TURN SIDESWIPE,2,249179,2,0,0,1,1,2,2,1,Cross intersection,3,60,Arterial Other
T20230011450,2023/5/16,16:11:00,1,Collision with vehicle,2,Tuesday,130,REAR END(VEHICLES IN SAME LANE),1,794603,2,0,0,1,1,2,2,5,Not at intersection,3,999,Freeway
T20230011449,2023/5/16,14:45:00,1,Collision with vehicle,2,Tuesday,147,VEHICLE STRIKES ANOTHER VEH WHILE EMERGING FROM DRIVEWAY,1,775149,2,0,0,1,1,2,2,5,Not at intersection,3,60,Local Road
T20230011447,2023/5/16,15:40:00,4,Collision with a fixed object,3,Tuesday,183,OFF LEFT BEND INTO OBJECT/PARKED VEHICLE,1,781099,1,0,1,0,0,1,1,5,Not at intersection,2,80,Local Road
T20230011446,2023/5/16,15:30:00,1,Collision with vehicle,3,Tuesday,130,REAR END(VEHICLES IN SAME LANE),1,774128,3,0,1,0,5,6,1,5,Not at intersection,2,60,Arterial Other
T20230011445,2023/5/16,16:06:00,1,Collision with vehicle,3,Tuesday,110,CROSS TRAFFIC(INTERSECTIONS ONLY),1,323730,2,0,0,3,0,3,1,1,Cross intersection,3,80,Arterial Other
T20230011435,2023/5/16,13:10:00,1,Collision with vehicle,2,Tuesday,111,RIGHT FAR (INTERSECTIONS ONLY),1,35723,3,0,0,1,2,3,1,4,Multiple intersection,3,60,Freeway
T20230011563,2023/5/16,17:38:00,1,Collision with vehicle,2,Tuesday,110,CROSS TRAFFIC(INTERSECTIONS ONLY),2,42824,2,0,0,1,2,3,2,1,Cross intersection,3,80,Arterial Highway
T20230011430,2023/5/16,9:30:00,1,Collision with vehicle,3,Tuesday,130,REAR END(VEHICLES IN SAME LANE),1,774396,2,0,1,0,1,2,2,5,Not at intersection,2,60,Local Road
T20230011423,2023/5/16,9:25:00,1,Collision with vehicle,3,Tuesday,120,HEAD ON (NOT OVERTAKING),1,775834,2,0,1,1,0,2,1,5,Not at intersection,2,80,Local Road
T20230011422,2023/5/16,11:05:00,1,Collision with vehicle,3,Tuesday,113,RIGHT NEAR (INTERSECTIONS ONLY),1,583995,2,0,4,2,0,6,1,2,T intersection,2,80,Arterial Highway
T20230011421,2023/5/16,10:45:00,1,Collision with vehicle,2,Tuesday,110,CROSS TRAFFIC(INTERSECTIONS ONLY),1,782448,2,0,0,2,2,4,1,1,Cross intersection,3,100,Local Road
T20230011419,2023/5/16,9:28:00,2,Struck Pedestrian,3,Tuesday,102,FAR SIDE. PED HIT BY VEHICLE FROM THE LEFT,1,775801,1,0,1,0,2,3,1,5,Not at intersection,2,60,Local Road
T20230011480,2023/5/17,6:55:00,1,Collision with vehicle,4,Wednesday,121,RIGHT THROUGH,1,774287,2,0,1,0,1,2,1,3,Y intersection,2,60,Arterial Highway
T20230011498,2023/5/17,12:15:00,1,Collision with vehicle,4,Wednesday,136,RIGHT TURN SIDESWIPE,1,37910,2,0,1,3,1,5,1,2,T intersection,2,60,Arterial Other
T20230011545,2023/5/17,17:30:00,1,Collision with vehicle,4,Wednesday,120,HEAD ON (NOT OVERTAKING),1,774292,2,0,1,1,0,2,1,5,Not at intersection,2,50,Local Road
T20230011500,2023/5/17,10:45:00,1,Collision with vehicle,4,Wednesday,121,RIGHT THROUGH,1,221931,2,0,1,0,1,2,1,4,Multiple intersection,2,60,Freeway
T20230011541,2023/5/17,13:30:00,1,Collision with vehicle,3,Wednesday,153,CUTTING IN (OVERTAKING),9,773637,2,0,0,1,1,2,2,5,Not at intersection,3,999,Arterial Other
T20230011922,2023/5/17,16:30:00,7,Fall from or in moving vehicle,4,Wednesday,190,FELL IN/FROM VEHICLE,2,774447,1,0,1,0,0,1,2,5,Not at intersection,2,80,Arterial Other
T20230011502,2023/5/17,8:00:00,2,Struck Pedestrian,3,Wednesday,100,PED NEAR SIDE. PED HIT BY VEHICLE FROM THE RIGHT.,1,774440,1,0,0,1,1,2,2,5,Not at intersection,3,60,Local Road
T20230012083,2023/5/17,16:15:00,1,Collision with vehicle,3,Wednesday,130,REAR END(VEHICLES IN SAME LANE),1,775355,2,0,0,1,1,2,2,2,T intersection,3,80,Arterial Other
T20230011507,2023/5/17,13:15:00,6,Vehicle overturned (no collision),3,Wednesday,182,OFF CARRIAGEWAY ON LEFT BEND,1,782607,1,0,0,1,0,1,1,5,Not at intersection,3,888,Local Road
T20230011484,2023/5/17,8:20:00,1,Collision with vehicle,4,Wednesday,110,CROSS TRAFFIC(INTERSECTIONS ONLY),1,52809,2,0,0,3,3,6,1,1,Cross intersection,3,40,Local Road
T20230011508,2023/5/17,15:00:00,6,Vehicle overturned (no collision),4,Wednesday,174,OUT OF CONTROL ON CARRIAGEWAY (ON STRAIGHT),1,484,2,0,0,1,1,2,2,1,Cross intersection,3,60,Arterial Other
T20230011538,2023/5/17,15:54:00,1,Collision with vehicle,4,Wednesday,113,RIGHT NEAR (INTERSECTIONS ONLY),1,63302,2,0,1,0,1,2,1,2,T intersection,2,70,Local Road
T20230011591,2023/5/17,8:00:00,2,Struck Pedestrian,3,Wednesday,100,PED NEAR SIDE. PED HIT BY VEHICLE FROM THE RIGHT.,9,775643,1,0,0,1,1,2,2,1,Cross intersection,3,60,Arterial Other
T20230012514,2023/5/17,18:45:00,4,Collision with a fixed object,3,Wednesday,173,RIGHT OFF CARRIAGEWAY INTO OBJECT/PARKED VEHICLE,2,782850,1,0,0,1,1,2,2,5,Not at intersection,3,50,Local Road
T20230019247,2023/5/17,10:30:00,8,No collision and no object struck,3,Wednesday,179,OTHER ACCIDENTS-OFF STRAIGHT NOT INCLUDED IN DCAs 170-175,1,786911,1,0,0,1,0,1,2,5,Not at intersection,3,999,
T20230011660,2023/5/17,15:51:00,1,Collision with vehicle,4,Wednesday,149,OTHER MANOEUVRING NOT INCLUDED IN DCAs 140-148,1,774312,2,0,0,1,1,2,1,5,Not at intersection,3,60,Arterial Highway
T20230011562,2023/5/17,19:11:00,1,Collision with vehicle,4,Wednesday,121,RIGHT THROUGH,3,49187,2,0,0,1,1,2,1,1,Cross intersection,3,40,Arterial Highway
T20230011510,2023/5/17,15:10:00,7,Fall from or in moving vehicle,4,Wednesday,190,FELL IN/FROM VEHICLE,1,774158,1,0,0,1,1,2,1,5,Not at intersection,3,60,Arterial Highway
T20230011608,2023/5/17,7:00:00,1,Collision with vehicle,3,Wednesday,119,OTHER ADJACENT (INTERSECTIONS ONLY),2,38024,2,0,0,1,2,3,1,1,Cross intersection,3,50,Local Road
T20230011529,2023/5/17,15:24:00,1,Collision with vehicle,4,Wednesday,113,RIGHT NEAR (INTERSECTIONS ONLY),1,774291,2,0,1,1,0,2,1,2,T intersection,2,60,Local Road
T20230012784,2023/5/17,14:55:00,1,Collision with vehicle,3,Wednesday,116,LEFT NEAR (INTERSECTIONS ONLY),1,779195,2,0,0,2,2,4,2,2,T intersection,3,50,Local Road
T20230011533,2023/5/17,18:04:00,1,Collision with vehicle,4,Wednesday,130,REAR END(VEHICLES IN SAME LANE),3,43766,3,0,1,0,6,7,1,2,T intersection,2,60,Local Road
T20230011552,2023/5/17,20:50:00,4,Collision with a fixed object,4,Wednesday,183,OFF LEFT BEND INTO OBJECT/PARKED VEHICLE,5,778819,1,0,0,1,0,1,1,5,Not at intersection,3,80,Local Road
T20230011703,2023/5/17,20:00:00,1,Collision with vehicle,4,Wednesday,163,VEHICLE STRIKES DOOR OF PARKED/STATIONARY VEHICLE,3,776404,2,0,1,0,1,2,2,5,Not at intersection,2,40,Local Road
T20230011774,2023/5/17,18:15:00,1,Collision with vehicle,4,Wednesday,130,REAR END(VEHICLES IN SAME LANE),6,774442,2,0,1,0,1,2,2,1,Cross intersection,2,80,Freeway
T20230011505,2023/5/17,13:50:00,1,Collision with vehicle,4,Wednesday,111,RIGHT FAR (INTERSECTIONS ONLY),1,10608,2,0,1,0,1,2,1,1,Cross intersection,2,70,Freeway
T20230011714,2023/5/17,8:00:00,1,Collision with vehicle,3,Wednesday,110,CROSS TRAFFIC(INTERSECTIONS ONLY),1,45592,2,0,0,1,1,2,1,1,Cross intersection,3,50,Local Road
T20230011483,2023/5/17,8:16:00,2,Struck Pedestrian,4,Wednesday,100,PED NEAR SIDE. PED HIT BY VEHICLE FROM THE RIGHT.,1,781098,1,0,1,0,1,2,1,1,Cross intersection,2,40,Arterial Other
T20230012001,2023/5/17,19:45:00,1,Collision with vehicle,3,Wednesday,121,RIGHT THROUGH,3,40181,2,0,0,1,1,2,2,1,Cross intersection,3,999,Local Road
T20230011512,2023/5/17,14:30:00,1,Collision with vehicle,4,Wednesday,142,LEAVING PARKING,1,774170,3,0,1,1,2,4,1,5,Not at intersection,2,50,Local Road
T20230011546,2023/5/17,14:55:00,1,Collision with vehicle,3,Wednesday,136,RIGHT TURN SIDESWIPE,1,775642,2,0,1,0,6,7,1,2,T intersection,2,60,Arterial Other
T20230011553,2023/5/17,18:20:00,1,Collision with vehicle,4,Wednesday,120,HEAD ON (NOT OVERTAKING),5,774138,2,1,0,0,1,2,1,5,Not at intersection,1,100,Arterial Highway
T20230011550,2023/5/17,16:12:00,1,Collision with vehicle,3,Wednesday,121,RIGHT THROUGH,1,788482,2,0,0,1,2,3,1,2,T intersection,3,50,
T20230011515,2023/5/17,9:15:00,2,Struck Pedestrian,3,Wednesday,100,PED NEAR SIDE. PED HIT BY VEHICLE FROM THE RIGHT.,1,788469,1,0,0,1,1,2,2,1,Cross intersection,3,999,Local Road
T20230012832,2023/5/17,19:30:00,1,Collision with vehicle,4,Wednesday,121,RIGHT THROUGH,3,653841,2,0,0,1,3,4,1,2,T intersection,3,50,Local Road
T20230011536,2023/5/17,18:04:00,1,Collision with vehicle,3,Wednesday,121,RIGHT THROUGH,2,8494,2,0,0,1,1,2,1,1,Cross intersection,3,60,Arterial Highway
T20230014936,2023/5/17,16:15:00,2,Struck Pedestrian,3,Wednesday,102,FAR SIDE. PED HIT BY VEHICLE FROM THE LEFT,1,788289,1,0,0,1,1,2,2,5,Not at intersection,3,50,Local Road
T20230015763,2023/5/17,17:05:00,4,Collision with a fixed object,4,Wednesday,181,OFF RIGHT BEND INTO OBJECT/PARKED VEHICLE,2,784000,1,0,0,1,0,1,1,5,Not at intersection,3,110,Arterial Highway
T20230011517,2023/5/17,14:40:00,2,Struck Pedestrian,4,Wednesday,100,PED NEAR SIDE. PED HIT BY VEHICLE FROM THE RIGHT.,1,774290,1,0,1,0,1,2,1,5,Not at intersection,2,60,Local Road
T20230011539,2023/5/17,19:27:00,1,Collision with vehicle,3,Wednesday,116,LEFT NEAR (INTERSECTIONS ONLY),3,53865,2,0,0,2,1,3,1,2,T intersection,3,60,Arterial Other
T20230011521,2023/5/17,16:30:00,1,Collision with vehicle,4,Wednesday,130,REAR END(VEHICLES IN SAME LANE),1,776263,3,0,0,3,2,5,1,5,Not at intersection,3,999,Arterial Other
T20230011543,2023/5/17,17:40:00,4,Collision with a fixed object,3,Wednesday,171,LEFT OFF CARRIAGEWAY INTO OBJECT/PARKED VEHICLE,3,71971,1,0,1,0,0,1,1,1,Cross intersection,2,40,Local Road
T20230020936,2023/5/17,15:00:00,2,Struck Pedestrian,4,Wednesday,102,FAR SIDE. PED HIT BY VEHICLE FROM THE LEFT,9,780476,1,0,1,0,1,2,2,5,Not at intersection,2,60,Arterial Other
T20230011491,2023/5/17,6:41:00,1,Collision with vehicle,3,Wednesday,121,RIGHT THROUGH,1,327712,2,0,0,1,1,2,1,1,Cross intersection,3,60,Arterial Highway
T20230011495,2023/5/17,10:07:00,1,Collision with vehicle,3,Wednesday,110,CROSS TRAFFIC(INTERSECTIONS ONLY),1,36107,2,0,0,1,1,2,1,1,Cross intersection,3,60,Arterial Other
T20230011576,2023/5/18,8:55:00,2,Struck Pedestrian,5,Thursday,100,PED NEAR SIDE. PED HIT BY VEHICLE FROM THE RIGHT.,1,775169,1,0,0,1,1,2,1,5,Not at intersection,3,50,Local Road
T20230011764,2023/5/18,5:50:00,1,Collision with vehicle,5,Thursday,147,VEHICLE STRIKES ANOTHER VEH WHILE EMERGING FROM DRIVEWAY,9,774355,2,0,0,1,1,2,2,5,Not at intersection,3,999,Arterial Other
T20230011603,2023/5/18,11:30:00,1,Collision with vehicle,4,Thursday,112,LEFT FAR (INTERSECTIONS ONLY),1,776143,2,0,0,5,0,5,1,2,T intersection,3,100,Arterial Highway
T20230011571,2023/5/18,8:30:00,1,Collision with vehicle,5,Thursday,120,HEAD ON (NOT OVERTAKING),1,63698,2,0,0,1,3,4,1,2,T intersection,3,50,Local Road
T20230011681,2023/5/18,19:20:00,1,Collision with vehicle,5,Thursday,130,REAR END(VEHICLES IN SAME LANE),9,776704,2,0,0,1,1,2,2,5,Not at intersection,3,999,Arterial Other
T20230011567,2023/5/18,9:03:00,1,Collision with vehicle,5,Thursday,121,RIGHT THROUGH,1,49962,2,0,0,1,1,2,1,1,Cross intersection,3,40,Arterial Other
T20230011600,2023/5/18,13:50:00,2,Struck Pedestrian,4,Thursday,106,VEH STRIKES PED ON FOOTPATH/MEDIAN/TRAFFIC ISLAND.,1,775424,1,0,0,1,1,2,2,2,T intersection,3,30,Local Road
T20230011648,2023/5/18,21:46:00,1,Collision with vehicle,4,Thursday,121,RIGHT THROUGH,3,222100,2,0,0,1,3,4,1,2,T intersection,3,80,Freeway
T20230011662,2023/5/18,15:45:00,1,Collision with vehicle,5,Thursday,111,RIGHT FAR (INTERSECTIONS ONLY),1,62706,2,0,0,1,1,2,2,2,T intersection,3,40,Local Road
T20230011583,2023/5/18,9:50:00,1,Collision with vehicle,4,Thursday,111,RIGHT FAR (INTERSECTIONS ONLY),2,43756,2,0,0,1,1,2,1,2,T intersection,3,60,Local Road
T20230011772,2023/5/18,16:10:00,1,Collision with vehicle,5,Thursday,130,REAR END(VEHICLES IN SAME LANE),1,243933,2,0,0,1,1,2,2,2,T intersection,3,60,Arterial Highway
T20230011606,2023/5/18,14:25:00,1,Collision with vehicle,4,Thursday,130,REAR END(VEHICLES IN SAME LANE),1,788280,2,0,0,1,1,2,2,5,Not at intersection,3,80,Freeway
T20230011654,2023/5/18,22:43:00,1,Collision with vehicle,5,Thursday,160,VEHICLE COLLIDES WITH VEHICLE PARKED ON LEFT OF ROAD,3,774728,3,0,1,0,1,2,1,5,Not at intersection,2,60,Local Road
T20230011651,2023/5/18,20:20:00,1,Collision with vehicle,5,Thursday,120,HEAD ON (NOT OVERTAKING),5,776702,2,0,1,4,0,5,1,5,Not at intersection,2,100,Local Road
T20230011609,2023/5/18,16:30:00,7,Fall from or in moving vehicle,4,Thursday,190,FELL IN/FROM VEHICLE,1,774296,1,0,1,0,1,2,2,5,Not at intersection,2,60,Arterial Other
T20230011566,2023/5/18,8:05:00,1,Collision with vehicle,5,Thursday,111,RIGHT FAR (INTERSECTIONS ONLY),2,774294,2,0,1,0,1,2,1,2,T intersection,2,40,Arterial Other
T20230011614,2023/5/18,12:51:00,2,Struck Pedestrian,4,Thursday,102,FAR SIDE. PED HIT BY VEHICLE FROM THE LEFT,1,776613,1,0,0,1,1,2,1,5,Not at intersection,3,60,Arterial Highway
T20230011615,2023/5/18,15:43:00,1,Collision with vehicle,5,Thursday,140,U TURN,1,777313,2,0,1,1,0,2,1,5,Not at intersection,2,60,Arterial Other
T20230011617,2023/5/18,16:10:00,8,No collision and no object struck,5,Thursday,174,OUT OF CONTROL ON CARRIAGEWAY (ON STRAIGHT),1,774326,1,0,1,0,0,1,1,5,Not at intersection,2,80,Freeway
T20230011619,2023/5/18,14:30:00,1,Collision with vehicle,4,Thursday,148,VEHICLE OFF FOOTPATH STRIKES VEH ON CARRIAGEWAY,1,778072,2,0,0,1,1,2,2,5,Not at intersection,3,50,Arterial Other
T20230011578,2023/5/18,8:42:00,1,Collision with vehicle,5,Thursday,110,CROSS TRAFFIC(INTERSECTIONS ONLY),1,22495,2,0,2,0,0,2,1,1,Cross intersection,2,100,Arterial Other
T20230011625,2023/5/18,15:31:00,1,Collision with vehicle,4,Thursday,129,OTHER OPPOSING MANOEUVRES NOT INCLUDED IN DCAs 120-125.,1,788281,2,0,0,1,1,2,1,5,Not at intersection,3,80,Local Road
T20230011627,2023/5/18,17:45:00,1,Collision with vehicle,4,Thursday,111,RIGHT FAR (INTERSECTIONS ONLY),2,783119,2,0,0,1,2,3,1,2,T intersection,3,50,Local Road
T20230011628,2023/5/18,16:30:00,1,Collision with vehicle,4,Thursday,130,REAR END(VEHICLES IN SAME LANE),1,774399,4,0,0,1,3,4,1,5,Not at intersection,3,80,Arterial Highway
T20230012613,2023/5/18,14:45:00,1,Collision with vehicle,5,Thursday,130,REAR END(VEHICLES IN SAME LANE),1,353797,2,0,0,1,1,2,2,2,T intersection,3,80,Arterial Highway
T20230011631,2023/5/18,18:15:00,1,Collision with vehicle,5,Thursday,110,CROSS TRAFFIC(INTERSECTIONS ONLY),3,278557,2,0,1,0,3,4,1,1,Cross intersection,2,60,Arterial Other
T20230011633,2023/5/18,16:25:00,1,Collision with vehicle,4,Thursday,111,RIGHT FAR (INTERSECTIONS ONLY),2,47830,3,0,0,1,3,4,1,2,T intersection,3,60,Arterial Other
T20230011561,2023/5/18,5:50:00,1,Collision with vehicle,4,Thursday,121,RIGHT THROUGH,2,8305,2,0,0,1,1,2,1,2,T intersection,3,60,
T20230022519,2023/5/18,11:00:00,1,Collision with vehicle,4,Thursday,110,CROSS TRAFFIC(INTERSECTIONS ONLY),1,784017,2,0,0,1,1,2,2,1,Cross intersection,3,999,Local Road
T20230015576,2023/5/18,13:10:00,1,Collision with vehicle,4,Thursday,130,REAR END(VEHICLES IN SAME LANE),1,776763,2,0,0,1,1,2,2,5,Not at intersection,3,80,Local Road
T20230011593,2023/5/18,7:50:00,1,Collision with vehicle,5,Thursday,111,RIGHT FAR (INTERSECTIONS ONLY),2,37725,2,0,1,0,1,2,1,1,Cross intersection,2,70,Arterial Other
T20230014829,2023/5/18,6:20:00,1,Collision with vehicle,5,Thursday,130,REAR END(VEHICLES IN SAME LANE),2,777970,2,0,0,1,1,2,2,5,Not at intersection,3,100,Freeway
T20230011635,2023/5/18,20:05:00,4,Collision with a fixed object,4,Thursday,181,OFF RIGHT BEND INTO OBJECT/PARKED VEHICLE,5,782846,1,0,0,1,0,1,1,5,Not at intersection,3,80,Arterial Highway
T20230014336,2023/5/18,16:10:00,1,Collision with vehicle,4,Thursday,130,REAR END(VEHICLES IN SAME LANE),2,778945,2,0,0,1,1,2,2,5,Not at intersection,3,80,Arterial Other
T20230011639,2023/5/18,7:00:00,2,Struck Pedestrian,5,Thursday,102,FAR SIDE. PED HIT BY VEHICLE FROM THE LEFT,1,775836,1,0,1,0,2,3,2,5,Not at intersection,2,999,Arterial Other
T20230011588,2023/5/18,8:00:00,1,Collision with vehicle,5,Thursday,110,CROSS TRAFFIC(INTERSECTIONS ONLY),1,57291,2,1,0,1,0,2,1,1,Cross intersection,1,100,Local Road
T20230011642,2023/5/18,17:33:00,1,Collision with vehicle,4,Thursday,130,REAR END(VEHICLES IN SAME LANE),5,788282,3,0,0,1,4,5,1,5,Not at intersection,3,110,Freeway
T20230011599,2023/5/18,13:09:00,1,Collision with vehicle,4,Thursday,130,REAR END(VEHICLES IN SAME LANE),1,788279,3,0,0,1,3,4,1,5,Not at intersection,3,80,Freeway
T20230011597,2023/5/18,13:26:00,1,Collision with vehicle,5,Thursday,121,RIGHT THROUGH,1,41776,2,0,1,0,1,2,1,1,Cross intersection,2,60,Arterial Other