ACCIDENT_NO,ACCIDENT_DATE,ACCIDENT_TIME,ACCIDENT_TYPE,ACCIDENT_TYPE_DESC,DAY_OF_WEEK,DAY_WEEK_DESC,DCA_CODE,DCA_DESC,LIGHT_CONDITION,NODE_ID,NO_OF_VEHICLES,NO_PERSONS_KILLED,NO_PERSONS_INJ_2,NO_PERSONS_INJ_3,NO_PERSONS_NOT_INJ,NO_PERSONS,POLICE_ATTEND,ROAD_GEOMETRY,ROAD_GEOMETRY_DESC,SEVERITY,SPEED_ZONE,RMA
T20230011587,2023/5/18,8:30:00,2,Struck Pedestrian,4,Thursday,104,PED WALKING WITH TRAFFIC,1,775998,1,0,0,2,0,2,1,5,Not at intersection,3,60,Local Road
T20230011604,2023/5/18,15:10:00,4,Collision with a fixed object,5,Thursday,171,LEFT OFF CARRIAGEWAY INTO OBJECT/PARKED VEHICLE,1,726803,1,0,1,0,0,1,1,1,Cross intersection,2,60,Arterial Other
T20230012822,2023/5/18,6:30:00,1,Collision with vehicle,5,Thursday,113,RIGHT NEAR (INTERSECTIONS ONLY),6,35368,2,0,0,1,1,2,2,2,T intersection,3,999,Local Road
T20230011914,2023/5/18,20:00:00,4,Collision with a fixed object,5,Thursday,171,LEFT OFF CARRIAGEWAY INTO OBJECT/PARKED VEHICLE,5,782855,1,0,0,1,1,2,1,5,Not at intersection,3,100,Local Road
T20230011647,2023/5/18,15:03:00,1,Collision with vehicle,4,Thursday,121,RIGHT THROUGH,1,8876,2,0,1,0,1,2,1,2,T intersection,2,70,
T20230012276,2023/5/18,17:15:00,1,Collision with vehicle,4,Thursday,111,RIGHT FAR (INTERSECTIONS ONLY),2,15304,2,0,0,1,3,4,2,2,T intersection,3,60,Arterial Other
T20230011765,2023/5/19,18:30:00,2,Struck Pedestrian,5,Friday,100,PED NEAR SIDE. PED HIT BY VEHICLE FROM THE RIGHT.,3,788449,1,0,0,1,1,2,2,2,T intersection,3,60,Local Road
T20230011666,2023/5/19,8:16:00,1,Collision with vehicle,6,Friday,113,RIGHT NEAR (INTERSECTIONS ONLY),1,29723,2,0,2,0,0,2,1,2,T intersection,2,60,Arterial Highway
T20230011661,2023/5/19,5:30:00,4,Collision with a fixed object,5,Friday,173,RIGHT OFF CARRIAGEWAY INTO OBJECT/PARKED VEHICLE,5,788283,1,0,0,1,0,1,2,5,Not at intersection,3,100,Arterial Highway
T20230012843,2023/5/19,9:20:00,1,Collision with vehicle,5,Friday,130,REAR END(VEHICLES IN SAME LANE),1,781995,2,0,0,2,0,2,1,2,T intersection,3,80,Arterial Other
T20230023539,2023/5/19,15:30:00,4,Collision with a fixed object,5,Friday,171,LEFT OFF CARRIAGEWAY INTO OBJECT/PARKED VEHICLE,1,782510,1,0,0,1,0,1,2,5,Not at intersection,3,60,Freeway
T20230014694,2023/5/19,8:17:00,3,Struck animal,5,Friday,167,STRUCK ANIMAL,1,788448,1,0,0,1,0,1,1,5,Not at intersection,3,100,Arterial Highway
T20230012405,2023/5/19,18:00:00,2,Struck Pedestrian,5,Friday,100,PED NEAR SIDE. PED HIT BY VEHICLE FROM THE RIGHT.,2,43026,1,0,0,1,1,2,2,3,Y intersection,3,50,Local Road
T20230011893,2023/5/19,16:00:00,4,Collision with a fixed object,6,Friday,173,RIGHT OFF CARRIAGEWAY INTO OBJECT/PARKED VEHICLE,2,788288,1,0,1,1,0,2,1,5,Not at intersection,2,80,Freeway
T20230011900,2023/5/19,10:08:00,6,Vehicle overturned (no collision),6,Friday,174,OUT OF CONTROL ON CARRIAGEWAY (ON STRAIGHT),9,55465,1,0,1,0,0,1,2,1,Cross intersection,2,999,Local Road
T20240004249,2023/5/19,6:10:00,1,Collision with vehicle,6,Friday,130,REAR END(VEHICLES IN SAME LANE),2,800569,4,0,1,0,3,4,1,5,Not at intersection,2,100,Freeway
T20230011685,2023/5/19,9:10:00,1,Collision with vehicle,6,Friday,130,REAR END(VEHICLES IN SAME LANE),1,774507,3,0,0,1,3,4,1,5,Not at intersection,3,80,Freeway
T20230011694,2023/5/19,14:28:00,4,Collision with a fixed object,5,Friday,151,OUT OF CONTROL (OVERTAKING),1,775696,1,0,0,1,1,2,1,5,Not at intersection,3,80,Freeway
T20240001827,2023/5/19,8:47:00,1,Collision with vehicle,5,Friday,110,CROSS TRAFFIC(INTERSECTIONS ONLY),1,250713,2,0,0,1,1,2,1,1,Cross intersection,3,50,Local Road
T20230012023,2023/5/19,18:25:00,1,Collision with vehicle,6,Friday,130,REAR END(VEHICLES IN SAME LANE),6,775884,2,0,0,2,2,4,2,5,Not at intersection,3,80,Freeway
T20230016117,2023/5/19,17:35:00,1,Collision with vehicle,6,Friday,130,REAR END(VEHICLES IN SAME LANE),2,777480,2,0,0,1,1,2,2,5,Not at intersection,3,70,Arterial Highway
T20230012006,2023/5/19,18:15:00,7,Fall from or in moving vehicle,6,Friday,190,FELL IN/FROM VEHICLE,2,775519,1,0,1,0,0,1,2,5,Not at intersection,2,60,Arterial Other
T20230012536,2023/5/19,15:25:00,1,Collision with vehicle,5,Friday,111,RIGHT FAR (INTERSECTIONS ONLY),1,776387,2,0,0,1,1,2,2,1,Cross intersection,3,60,Local Road
T20230011696,2023/5/19,11:00:00,1,Collision with vehicle,6,Friday,140,U TURN,1,774410,2,0,0,1,1,2,2,5,Not at intersection,3,60,Arterial Other
T20230011697,2023/5/19,15:10:00,1,Collision with vehicle,6,Friday,135,LANE CHANGE LEFT (NOT OVERTAKING),1,774508,2,0,1,0,1,2,1,5,Not at intersection,2,60,Arterial Highway
T20230011708,2023/5/19,16:30:00,2,Struck Pedestrian,6,Friday,102,FAR SIDE. PED HIT BY VEHICLE FROM THE LEFT,2,774353,1,0,1,0,1,2,1,1,Cross intersection,2,80,Arterial Highway
T20230011710,2023/5/19,15:30:00,1,Collision with vehicle,6,Friday,113,RIGHT NEAR (INTERSECTIONS ONLY),1,73132,2,0,1,0,1,2,1,1,Cross intersection,2,50,Local Road
T20230011711,2023/5/19,17:30:00,1,Collision with vehicle,5,Friday,110,CROSS TRAFFIC(INTERSECTIONS ONLY),2,40022,2,0,0,1,1,2,1,1,Cross intersection,3,40,Local Road
T20230012364,2023/5/19,18:00:00,8,No collision and no object struck,5,Friday,170,OFF CARRIAGEWAY TO LEFT,2,775103,1,0,0,1,0,1,2,5,Not at intersection,3,60,Arterial Other
T20230011683,2023/5/19,11:44:00,1,Collision with vehicle,6,Friday,110,CROSS TRAFFIC(INTERSECTIONS ONLY),1,56018,2,0,0,1,1,2,1,1,Cross intersection,3,60,Arterial Highway
T20230011718,2023/5/19,17:44:00,2,Struck Pedestrian,6,Friday,102,FAR SIDE. PED HIT BY VEHICLE FROM THE LEFT,2,783013,1,0,1,0,2,3,1,5,Not at intersection,2,60,Arterial Highway
T20230011728,2023/5/19,17:50:00,1,Collision with vehicle,6,Friday,120,HEAD ON (NOT OVERTAKING),5,775153,4,1,0,1,3,5,1,5,Not at intersection,1,80,Local Road
T20230011730,2023/5/19,13:39:00,4,Collision with a fixed object,6,Friday,171,LEFT OFF CARRIAGEWAY INTO OBJECT/PARKED VEHICLE,1,782887,1,0,1,0,0,1,1,5,Not at intersection,2,100,Arterial Highway
T20230011731,2023/5/19,18:12:00,1,Collision with vehicle,6,Friday,130,REAR END(VEHICLES IN SAME LANE),4,774919,3,0,2,1,8,11,1,5,Not at intersection,2,80,Arterial Other
T20230011733,2023/5/19,16:57:00,1,Collision with vehicle,6,Friday,130,REAR END(VEHICLES IN SAME LANE),2,788284,2,0,0,1,2,3,1,5,Not at intersection,3,60,Arterial Other
T20230011734,2023/5/19,20:00:00,1,Collision with vehicle,5,Friday,110,CROSS TRAFFIC(INTERSECTIONS ONLY),3,43764,2,0,0,1,1,2,2,1,Cross intersection,3,60,Local Road
T20230011735,2023/5/19,17:43:00,4,Collision with a fixed object,6,Friday,151,OUT OF CONTROL (OVERTAKING),2,36588,1,0,1,0,0,1,1,1,Cross intersection,2,50,Local Road
T20230011737,2023/5/19,20:25:00,1,Collision with vehicle,6,Friday,152,PULLING OUT (OVERTAKING),3,238642,2,0,2,0,1,3,1,5,Not at intersection,2,100,Freeway
T20230011738,2023/5/19,14:53:00,2,Struck Pedestrian,6,Friday,100,PED NEAR SIDE. PED HIT BY VEHICLE FROM THE RIGHT.,1,776341,1,0,1,1,0,2,1,5,Not at intersection,2,80,Arterial Other
T20230011740,2023/5/19,18:05:00,4,Collision with a fixed object,6,Friday,171,LEFT OFF CARRIAGEWAY INTO OBJECT/PARKED VEHICLE,5,776370,1,1,0,0,0,1,1,5,Not at intersection,1,100,Arterial Other
T20230011741,2023/5/19,16:41:00,1,Collision with vehicle,6,Friday,140,U TURN,2,775866,2,0,0,1,3,4,2,5,Not at intersection,3,60,Local Road
T20230011742,2023/5/19,19:07:00,4,Collision with a fixed object,5,Friday,171,LEFT OFF CARRIAGEWAY INTO OBJECT/PARKED VEHICLE,5,788285,1,0,0,1,0,1,1,5,Not at intersection,3,100,Arterial Other
T20230011743,2023/5/19,19:00:00,1,Collision with vehicle,6,Friday,130,REAR END(VEHICLES IN SAME LANE),3,244822,3,0,1,0,2,3,1,3,Y intersection,2,100,Freeway
T20230011744,2023/5/19,22:50:00,1,Collision with vehicle,6,Friday,110,CROSS TRAFFIC(INTERSECTIONS ONLY),3,42577,2,0,0,1,1,2,1,1,Cross intersection,3,80,Arterial Highway
T20230011746,2023/5/19,23:24:00,7,Fall from or in moving vehicle,6,Friday,190,FELL IN/FROM VEHICLE,5,777010,1,0,1,0,0,1,1,1,Cross intersection,2,999,Local Road
T20230011747,2023/5/19,22:19:00,6,Vehicle overturned (no collision),6,Friday,182,OFF CARRIAGEWAY ON LEFT BEND,5,788454,1,0,0,2,2,4,1,5,Not at intersection,3,100,Local Road
T20230011805,2023/5/20,16:52:00,4,Collision with a fixed object,7,Saturday,173,RIGHT OFF CARRIAGEWAY INTO OBJECT/PARKED VEHICLE,1,777748,1,1,1,0,0,2,1,5,Not at intersection,1,100,Local Road
T20230011783,2023/5/20,12:20:00,5,collision with some other object,7,Saturday,151,OUT OF CONTROL (OVERTAKING),1,290290,1,0,1,1,1,3,1,2,T intersection,2,80,Arterial Other
T20230011803,2023/5/20,1:30:00,1,Collision with vehicle,6,Saturday,130,REAR END(VEHICLES IN SAME LANE),3,776112,2,0,1,0,1,2,1,5,Not at intersection,2,60,Arterial Other
T20230011779,2023/5/20,12:40:00,4,Collision with a fixed object,6,Saturday,171,LEFT OFF CARRIAGEWAY INTO OBJECT/PARKED VEHICLE,1,774391,1,0,0,2,0,2,1,5,Not at intersection,3,60,Arterial Other
T20230011777,2023/5/20,8:15:00,1,Collision with vehicle,7,Saturday,113,RIGHT NEAR (INTERSECTIONS ONLY),1,45283,2,0,0,1,1,2,1,1,Cross intersection,3,60,Arterial Other
T20230011802,2023/5/20,14:15:00,1,Collision with vehicle,6,Saturday,161,DOUBLE PARKED,1,778265,2,0,0,1,1,2,2,5,Not at intersection,3,50,Local Road
T20230012680,2023/5/20,8:10:00,1,Collision with vehicle,6,Saturday,130,REAR END(VEHICLES IN SAME LANE),1,775436,3,0,0,1,3,4,1,2,T intersection,3,60,Arterial Other
T20230011773,2023/5/20,10:45:00,8,No collision and no object struck,6,Saturday,174,OUT OF CONTROL ON CARRIAGEWAY (ON STRAIGHT),9,45512,2,0,0,1,1,2,2,2,T intersection,3,60,Arterial Other
T20230011801,2023/5/20,19:00:00,1,Collision with vehicle,7,Saturday,145,REVERSING IN STREAM OF TRAFFIC,2,774356,2,0,0,1,1,2,1,5,Not at intersection,3,60,Local Road
T20230012754,2023/5/20,10:30:00,1,Collision with vehicle,6,Saturday,130,REAR END(VEHICLES IN SAME LANE),1,775883,2,0,0,1,1,2,2,5,Not at intersection,3,70,Local Road
T20230011834,2023/5/20,11:45:00,1,Collision with vehicle,7,Saturday,121,RIGHT THROUGH,1,36481,2,0,1,0,1,2,2,1,Cross intersection,2,60,Arterial Other
T20230013233,2023/5/20,16:30:00,1,Collision with vehicle,6,Saturday,199,UNKNOWN-NO DETAILS ON MANOEUVRES OF ROAD-USERS IN ACCIDENT,2,782602,2,0,0,1,1,2,2,5,Not at intersection,3,999,Arterial Other
T20230011799,2023/5/20,18:25:00,5,collision with some other object,6,Saturday,191,LOAD OR MISSILE STRUCK VEHICLE,2,774444,1,0,0,1,0,1,1,5,Not at intersection,3,100,Arterial Other
T20230011818,2023/5/20,22:45:00,4,Collision with a fixed object,6,Saturday,173,RIGHT OFF CARRIAGEWAY INTO OBJECT/PARKED VEHICLE,3,782851,1,0,0,1,0,1,1,5,Not at intersection,3,80,Arterial Other
T20230011782,2023/5/20,12:50:00,1,Collision with vehicle,7,Saturday,130,REAR END(VEHICLES IN SAME LANE),1,776427,2,0,0,2,1,3,2,5,Not at intersection,3,60,Local Road
T20230011839,2023/5/20,12:00:00,2,Struck Pedestrian,7,Saturday,100,PED NEAR SIDE. PED HIT BY VEHICLE FROM THE RIGHT.,1,54264,1,0,1,0,1,2,2,2,T intersection,2,60,Local Road
T20230012874,2023/5/20,23:00:00,1,Collision with vehicle,7,Saturday,130,REAR END(VEHICLES IN SAME LANE),3,91380,2,0,0,1,4,5,1,5,Not at intersection,3,60,Arterial Other
T20230015083,2023/5/20,12:00:00,6,Vehicle overturned (no collision),6,Saturday,151,OUT OF CONTROL (OVERTAKING),1,782889,1,0,0,1,0,1,2,5,Not at intersection,3,999,Local Road
T20230011763,2023/5/20,12:06:00,1,Collision with vehicle,6,Saturday,130,REAR END(VEHICLES IN SAME LANE),1,355313,2,0,0,1,2,3,1,5,Not at intersection,3,80,Arterial Highway
T20230014105,2023/5/20,22:24:00,1,Collision with vehicle,6,Saturday,120,HEAD ON (NOT OVERTAKING),3,788447,2,0,0,2,2,4,1,5,Not at intersection,3,60,Arterial Other
T20230012603,2023/5/20,18:15:00,1,Collision with vehicle,6,Saturday,130,REAR END(VEHICLES IN SAME LANE),9,359981,2,0,0,1,1,2,2,5,Not at intersection,3,999,Arterial Highway
T20230011817,2023/5/20,23:49:00,1,Collision with vehicle,7,Saturday,169,OTHER ON PATH,3,779918,2,0,0,1,0,1,1,5,Not at intersection,3,60,Local Road
T20230011987,2023/5/20,21:43:00,1,Collision with vehicle,7,Saturday,160,VEHICLE COLLIDES WITH VEHICLE PARKED ON LEFT OF ROAD,3,775732,2,0,1,0,0,1,1,5,Not at intersection,2,60,Local Road
T20230011771,2023/5/20,11:50:00,1,Collision with vehicle,6,Saturday,113,RIGHT NEAR (INTERSECTIONS ONLY),1,48880,2,0,1,0,2,3,1,2,T intersection,2,60,Local Road
T20230011816,2023/5/20,22:27:00,1,Collision with vehicle,6,Saturday,111,RIGHT FAR (INTERSECTIONS ONLY),3,788237,2,0,0,2,2,4,1,2,T intersection,3,60,
T20230011815,2023/5/20,20:27:00,1,Collision with vehicle,7,Saturday,133,LANE SIDE SWIPE (VEHICLES IN PARALLEL LANES),3,786977,4,0,1,0,4,5,1,5,Not at intersection,2,60,Freeway
T20230011975,2023/5/20,20:21:00,1,Collision with vehicle,7,Saturday,121,RIGHT THROUGH,3,43087,2,0,0,5,0,5,1,1,Cross intersection,3,60,Arterial Highway
T20230012260,2023/5/20,8:40:00,4,Collision with a fixed object,7,Saturday,181,OFF RIGHT BEND INTO OBJECT/PARKED VEHICLE,1,776233,1,0,1,0,0,1,2,5,Not at intersection,2,100,Arterial Other
T20230011927,2023/5/20,20:15:00,1,Collision with vehicle,6,Saturday,163,VEHICLE STRIKES DOOR OF PARKED/STATIONARY VEHICLE,9,782890,2,0,0,1,1,2,2,5,Not at intersection,3,999,Local Road
T20230011976,2023/5/20,21:05:00,4,Collision with a fixed object,6,Saturday,179,OTHER ACCIDENTS-OFF STRAIGHT NOT INCLUDED IN DCAs 170-175,5,774514,1,0,0,1,0,1,1,5,Not at intersection,3,100,Arterial Other
T20230011837,2023/5/20,15:45:00,1,Collision with vehicle,7,Saturday,163,VEHICLE STRIKES DOOR OF PARKED/STATIONARY VEHICLE,1,287456,2,0,1,0,1,2,2,5,Not at intersection,2,40,Local Road
T20230013084,2023/5/20,7:15:00,1,Collision with vehicle,7,Saturday,130,REAR END(VEHICLES IN SAME LANE),2,710209,2,0,0,1,1,2,2,5,Not at intersection,3,60,Freeway
T20230011796,2023/5/20,17:20:00,1,Collision with vehicle,7,Saturday,140,U TURN,2,774370,2,0,1,1,0,2,1,5,Not at intersection,2,100,Arterial Other
T20230011762,2023/5/20,9:42:00,1,Collision with vehicle,6,Saturday,121,RIGHT THROUGH,1,44595,2,0,0,2,1,3,1,1,Cross intersection,3,60,Arterial Highway
T20230011814,2023/5/20,1:10:00,4,Collision with a fixed object,6,Saturday,171,LEFT OFF CARRIAGEWAY INTO OBJECT/PARKED VEHICLE,3,774392,1,0,0,1,0,1,1,5,Not at intersection,3,60,Local Road
T20230011795,2023/5/20,17:10:00,2,Struck Pedestrian,7,Saturday,109,ANY MANOEUVRE INVOLVING PED NOT INCLUDED IN DCAs 100-108.,2,40073,1,0,1,0,3,4,1,2,T intersection,2,40,Local Road
T20230011792,2023/5/20,16:40:00,1,Collision with vehicle,7,Saturday,113,RIGHT NEAR (INTERSECTIONS ONLY),2,41493,2,0,1,0,1,2,1,1,Cross intersection,2,50,Local Road
T20230011812,2023/5/20,21:59:00,2,Struck Pedestrian,7,Saturday,102,FAR SIDE. PED HIT BY VEHICLE FROM THE LEFT,3,774712,1,0,1,0,2,3,1,5,Not at intersection,2,40,Arterial Other
T20230011855,2023/5/20,21:40:00,1,Collision with vehicle,6,Saturday,121,RIGHT THROUGH,3,57496,2,0,0,1,1,2,2,2,T intersection,3,40,Local Road
T20230011789,2023/5/20,13:00:00,6,Vehicle overturned (no collision),7,Saturday,184,OUT OF CONTROL ON CARRIAGEWAY (ON BEND),1,774443,1,0,1,0,0,1,1,5,Not at intersection,2,100,Local Road
T20230011809,2023/5/20,19:04:00,2,Struck Pedestrian,7,Saturday,102,FAR SIDE. PED HIT BY VEHICLE FROM THE LEFT,3,777395,1,0,1,0,1,2,1,2,T intersection,2,60,Arterial Other
T20230011749,2023/5/20,1:20:00,4,Collision with a fixed object,6,Saturday,173,RIGHT OFF CARRIAGEWAY INTO OBJECT/PARKED VEHICLE,3,343724,1,0,0,1,0,1,1,2,T intersection,3,70,Arterial Highway
T20230011756,2023/5/20,4:10:00,4,Collision with a fixed object,7,Saturday,151,OUT OF CONTROL (OVERTAKING),3,777861,1,0,1,2,0,3,2,5,Not at intersection,2,100,Freeway
T20230011759,2023/5/20,7:13:00,1,Collision with vehicle,6,Saturday,121,RIGHT THROUGH,2,35352,2,0,0,1,1,2,1,1,Cross intersection,3,60,Arterial Other
T20230011760,2023/5/20,9:15:00,1,Collision with vehicle,7,Saturday,113,RIGHT NEAR (INTERSECTIONS ONLY),2,774390,2,0,1,0,3,4,1,1,Cross intersection,2,80,Arterial Other
T20230018635,2023/5/21,22:23:00,4,Collision with a fixed object,1,Sunday,171,LEFT OFF CARRIAGEWAY INTO OBJECT/PARKED VEHICLE,3,778746,1,0,1,0,0,1,1,5,Not at intersection,2,60,Arterial Other
T20230011972,2023/5/21,10:30:00,1,Collision with vehicle,1,Sunday,113,RIGHT NEAR (INTERSECTIONS ONLY),1,14250,2,0,1,0,1,2,2,2,T intersection,2,40,Local Road
T20230011851,2023/5/21,14:05:00,1,Collision with vehicle,0,Sunday,121,RIGHT THROUGH,1,39928,2,0,0,1,2,3,1,2,T intersection,3,60,Arterial Other
T20230011857,2023/5/21,13:10:00,6,Vehicle overturned (no collision),0,Sunday,182,OFF CARRIAGEWAY ON LEFT BEND,1,782797,1,0,0,1,0,1,1,5,Not at intersection,3,80,Arterial Highway
T20230011835,2023/5/21,9:40:00,4,Collision with a fixed object,0,Sunday,171,LEFT OFF CARRIAGEWAY INTO OBJECT/PARKED VEHICLE,1,774394,1,0,0,2,0,2,1,5,Not at intersection,3,50,Local Road
T20230013210,2023/5/21,9:00:00,1,Collision with vehicle,1,Sunday,136,RIGHT TURN SIDESWIPE,1,37490,2,0,1,0,1,2,1,1,Cross intersection,2,60,Arterial Other
T20230011832,2023/5/21,6:37:00,1,Collision with vehicle,1,Sunday,111,RIGHT FAR (INTERSECTIONS ONLY),2,10873,2,0,2,2,0,4,1,4,Multiple intersection,2,70,Freeway
T20230011854,2023/5/21,13:45:00,4,Collision with a fixed object,1,Sunday,171,LEFT OFF CARRIAGEWAY INTO OBJECT/PARKED VEHICLE,1,783011,1,0,2,2,0,4,1,5,Not at intersection,2,100,Local Road
T20230011841,2023/5/21,12:11:00,1,Collision with vehicle,0,Sunday,111,RIGHT FAR (INTERSECTIONS ONLY),1,289107,2,0,0,1,1,2,1,4,Multiple intersection,3,60,Freeway
T20230011843,2023/5/21,7:30:00,6,Vehicle overturned (no collision),1,Sunday,175,OFF END OF ROAD/T-INTERSECTION.,1,774408,1,0,1,0,0,1,1,2,T intersection,2,100,Local Road
T20230011905,2023/5/21,16:00:00,8,No collision and no object struck,0,Sunday,184,OUT OF CONTROL ON CARRIAGEWAY (ON BEND),1,775150,1,0,0,1,0,1,2,5,Not at intersection,3,60,Local Road
T20230011831,2023/5/21,8:00:00,1,Collision with vehicle,1,Sunday,130,REAR END(VEHICLES IN SAME LANE),1,776342,2,0,0,3,3,6,1,5,Not at intersection,3,100,Freeway
T20230011829,2023/5/21,5:20:00,4,Collision with a fixed object,0,Sunday,183,OFF LEFT BEND INTO OBJECT/PARKED VEHICLE,3,794879,1,0,0,1,0,1,2,5,Not at intersection,3,50,Local Road
T20230011822,2023/5/21,2:41:00,4,Collision with a fixed object,1,Sunday,173,RIGHT OFF CARRIAGEWAY INTO OBJECT/PARKED VEHICLE,3,776345,1,0,1,0,0,1,1,5,Not at intersection,2,80,Arterial Other
T20230011868,2023/5/21,17:39:00,4,Collision with a fixed object,1,Sunday,175,OFF END OF ROAD/T-INTERSECTION.,5,671428,1,0,1,0,0,1,1,2,T intersection,2,80,Local Road
T20230011866,2023/5/21,17:57:00,1,Collision with vehicle,1,Sunday,120,HEAD ON (NOT OVERTAKING),3,775426,2,0,1,0,1,2,1,2,T intersection,2,60,Local Road
T20230011819,2023/5/21,1:40:00,4,Collision with a fixed object,1,Sunday,173,RIGHT OFF CARRIAGEWAY INTO OBJECT/PARKED VEHICLE,3,781093,1,0,1,0,0,1,1,5,Not at intersection,2,70,Local Road
T20230011861,2023/5/21,17:01:00,4,Collision with a fixed object,1,Sunday,171,LEFT OFF CARRIAGEWAY INTO OBJECT/PARKED VEHICLE,2,775947,1,0,1,2,1,4,1,5,Not at intersection,2,60,Local Road
T20230011860,2023/5/21,16:43:00,1,Collision with vehicle,1,Sunday,110,CROSS TRAFFIC(INTERSECTIONS ONLY),1,74073,2,0,1,0,2,3,1,1,Cross intersection,2,50,Local Road
T20230011858,2023/5/21,16:00:00,1,Collision with vehicle,1,Sunday,121,RIGHT THROUGH,1,774924,2,0,0,1,4,5,1,1,Cross intersection,3,60,Arterial Highway
T20230017816,2023/5/21,12:00:00,4,Collision with a fixed object,1,Sunday,171,LEFT OFF CARRIAGEWAY INTO OBJECT/PARKED VEHICLE,1,778103,1,0,0,1,0,1,2,5,Not at intersection,3,999,Local Road
T20230011852,2023/5/21,10:38:00,6,Vehicle overturned (no collision),0,Sunday,170,OFF CARRIAGEWAY TO LEFT,1,788287,1,0,0,1,0,1,1,5,Not at intersection,3,100,Arterial Other
T20230012668,2023/5/21,12:30:00,8,No collision and no object struck,0,Sunday,174,OUT OF CONTROL ON CARRIAGEWAY (ON STRAIGHT),1,775435,1,0,0,1,0,1,2,5,Not at intersection,3,999,Local Road
T20230011846,2023/5/21,10:20:00,4,Collision with a fixed object,1,Sunday,171,LEFT OFF CARRIAGEWAY INTO OBJECT/PARKED VEHICLE,1,781097,1,0,0,1,0,1,1,5,Not at intersection,3,80,Local Road
T20230012173,2023/5/21,16:45:00,8,No collision and no object struck,0,Sunday,174,OUT OF CONTROL ON CARRIAGEWAY (ON STRAIGHT),2,783136,1,0,0,1,0,1,2,2,T intersection,3,50,
T20230011849,2023/5/21,13:00:00,1,Collision with vehicle,0,Sunday,113,RIGHT NEAR (INTERSECTIONS ONLY),1,39876,2,0,0,1,2,3,1,1,Cross intersection,3,60,Arterial Other
T20230011836,2023/5/21,11:38:00,4,Collision with a fixed object,0,Sunday,171,LEFT OFF CARRIAGEWAY INTO OBJECT/PARKED VEHICLE,1,782796,1,0,0,1,0,1,1,5,Not at intersection,3,110,Freeway
T20230011838,2023/5/21,11:30:00,1,Collision with vehicle,1,Sunday,134,LANE CHANGE RIGHT (NOT OVERTAKING),1,39578,2,0,1,0,1,2,1,1,Cross intersection,2,80,Arterial Highway
T20230011872,2023/5/21,18:00:00,4,Collision with a fixed object,1,Sunday,173,RIGHT OFF CARRIAGEWAY INTO OBJECT/PARKED VEHICLE,3,777415,2,0,7,0,1,8,1,5,Not at intersection,2,80,Freeway
T20230012237,2023/5/21,18:25:00,1,Collision with vehicle,0,Sunday,110,CROSS TRAFFIC(INTERSECTIONS ONLY),3,51077,2,0,0,1,1,2,1,1,Cross intersection,3,60,Local Road
T20230011875,2023/5/21,18:40:00,1,Collision with vehicle,1,Sunday,137,LEFT TURN SIDESWIPE,3,36827,2,0,1,0,1,2,1,2,T intersection,2,999,Arterial Other
T20230014352,2023/5/22,19:13:00,1,Collision with vehicle,1,Monday,121,RIGHT THROUGH,3,640322,2,0,0,1,1,2,1,2,T intersection,3,60,Local Road
T20230011898,2023/5/22,8:00:00,1,Collision with vehicle,2,Monday,153,CUTTING IN (OVERTAKING),1,788501,2,0,1,0,1,2,1,5,Not at intersection,2,100,Freeway
T20230011903,2023/5/22,8:45:00,2,Struck Pedestrian,2,Monday,101,PED EMERGES FROM IN FRONT OF PARKED OR STATIONARY VEHICLE,1,775518,2,0,1,0,2,3,1,5,Not at intersection,2,50,Local Road
T20230011909,2023/5/22,11:05:00,1,Collision with vehicle,2,Monday,130,REAR END(VEHICLES IN SAME LANE),1,774511,3,0,0,1,2,3,1,2,T intersection,3,60,Local Road
T20230012606,2023/5/22,15:00:00,1,Collision with vehicle,1,Monday,163,VEHICLE STRIKES DOOR OF PARKED/STATIONARY VEHICLE,1,296934,2,0,0,1,1,2,2,5,Not at intersection,3,50,Arterial Other
T20230011910,2023/5/22,6:00:00,1,Collision with vehicle,1,Monday,121,RIGHT THROUGH,3,46621,2,0,0,1,1,2,1,2,T intersection,3,60,Arterial Highway
T20230011911,2023/5/22,8:55:00,1,Collision with vehicle,2,Monday,110,CROSS TRAFFIC(INTERSECTIONS ONLY),1,40528,2,0,1,0,1,2,1,1,Cross intersection,2,50,Local Road
T20230011915,2023/5/22,11:50:00,1,Collision with vehicle,2,Monday,130,REAR END(VEHICLES IN SAME LANE),1,776226,3,0,0,1,2,3,1,5,Not at intersection,3,60,Arterial Other
T20230011920,2023/5/22,9:52:00,2,Struck Pedestrian,1,Monday,100,PED NEAR SIDE. PED HIT BY VEHICLE FROM THE RIGHT.,1,29856,1,0,1,0,0,1,1,1,Cross intersection,2,60,Arterial Other
T20230011937,2023/5/22,14:45:00,1,Collision with vehicle,1,Monday,160,VEHICLE COLLIDES WITH VEHICLE PARKED ON LEFT OF ROAD,1,774513,2,0,0,1,0,1,1,5,Not at intersection,3,50,Local Road
T20230011938,2023/5/22,15:30:00,1,Collision with vehicle,1,Monday,130,REAR END(VEHICLES IN SAME LANE),1,52525,2,0,0,2,1,3,1,1,Cross intersection,3,60,Local Road