ACCIDENT_NO,ACCIDENT_DATE,ACCIDENT_TIME,ACCIDENT_TYPE,ACCIDENT_TYPE_DESC,DAY_OF_WEEK,DAY_WEEK_DESC,DCA_CODE,DCA_DESC,LIGHT_CONDITION,NODE_ID,NO_OF_VEHICLES,NO_PERSONS_KILLED,NO_PERSONS_INJ_2,NO_PERSONS_INJ_3,NO_PERSONS_NOT_INJ,NO_PERSONS,POLICE_ATTEND,ROAD_GEOMETRY,ROAD_GEOMETRY_DESC,SEVERITY,SPEED_ZONE,RMA
T20230012103,2023/5/22,15:30:00,1,Collision with vehicle,2,Monday,130,REAR END(VEHICLES IN SAME LANE),1,775136,2,0,0,1,1,2,2,5,Not at intersection,3,60,Local Road
T20230021533,2023/5/22,21:00:00,3,Struck animal,2,Monday,167,STRUCK ANIMAL,3,782902,1,0,0,1,0,1,1,5,Not at intersection,3,100,Freeway
T20230011998,2023/5/22,19:30:00,1,Collision with vehicle,1,Monday,160,VEHICLE COLLIDES WITH VEHICLE PARKED ON LEFT OF ROAD,3,776676,2,0,1,0,0,1,1,5,Not at intersection,2,60,Arterial Other
T20230011933,2023/5/22,13:37:00,1,Collision with vehicle,2,Monday,120,HEAD ON (NOT OVERTAKING),1,775091,2,0,1,1,0,2,1,5,Not at intersection,2,50,Local Road
T20230012210,2023/5/22,18:30:00,1,Collision with vehicle,1,Monday,130,REAR END(VEHICLES IN SAME LANE),3,63536,2,0,0,1,1,2,2,2,T intersection,3,60,Arterial Other
T20230012426,2023/5/22,17:30:00,2,Struck Pedestrian,1,Monday,102,FAR SIDE. PED HIT BY VEHICLE FROM THE LEFT,3,776290,1,0,0,2,0,2,1,1,Cross intersection,3,60,Arterial Other
T20230011980,2023/5/22,14:00:00,1,Collision with vehicle,2,Monday,130,REAR END(VEHICLES IN SAME LANE),1,774903,2,0,0,1,1,2,2,2,T intersection,3,999,Local Road
T20230011961,2023/5/22,19:50:00,1,Collision with vehicle,2,Monday,120,HEAD ON (NOT OVERTAKING),3,777950,2,0,2,1,0,3,1,5,Not at intersection,2,60,Arterial Other
T20230013492,2023/5/22,9:05:00,1,Collision with vehicle,2,Monday,130,REAR END(VEHICLES IN SAME LANE),1,42825,3,0,0,1,2,3,2,2,T intersection,3,999,Arterial Other
T20230011958,2023/5/22,20:43:00,4,Collision with a fixed object,2,Monday,171,LEFT OFF CARRIAGEWAY INTO OBJECT/PARKED VEHICLE,3,775465,1,0,1,0,0,1,1,5,Not at intersection,2,70,Arterial Other
T20230011957,2023/5/22,15:30:00,2,Struck Pedestrian,1,Monday,100,PED NEAR SIDE. PED HIT BY VEHICLE FROM THE RIGHT.,1,851,1,0,0,1,2,3,1,1,Cross intersection,3,60,Arterial Other
T20230012373,2023/5/22,22:05:00,4,Collision with a fixed object,1,Monday,173,RIGHT OFF CARRIAGEWAY INTO OBJECT/PARKED VEHICLE,5,782794,1,0,0,1,0,1,1,5,Not at intersection,3,80,Freeway
T20230012855,2023/5/22,17:32:00,1,Collision with vehicle,2,Monday,130,REAR END(VEHICLES IN SAME LANE),2,775525,5,0,0,1,4,5,1,5,Not at intersection,3,80,Arterial Highway
T20230011955,2023/5/22,17:15:00,4,Collision with a fixed object,1,Monday,151,OUT OF CONTROL (OVERTAKING),5,795002,1,0,1,0,0,1,1,5,Not at intersection,2,100,
T20230017249,2023/5/22,8:00:00,1,Collision with vehicle,1,Monday,110,CROSS TRAFFIC(INTERSECTIONS ONLY),2,794602,2,0,0,1,1,2,2,1,Cross intersection,3,60,
T20230011951,2023/5/22,17:00:00,1,Collision with vehicle,2,Monday,130,REAR END(VEHICLES IN SAME LANE),2,774449,2,0,2,0,1,3,1,5,Not at intersection,2,80,Freeway
T20230011950,2023/5/22,18:36:00,5,collision with some other object,2,Monday,173,RIGHT OFF CARRIAGEWAY INTO OBJECT/PARKED VEHICLE,3,775074,1,0,0,1,0,1,1,2,T intersection,3,60,Arterial Other
T20230013189,2023/5/22,7:55:00,1,Collision with vehicle,2,Monday,136,RIGHT TURN SIDESWIPE,1,44957,2,0,0,1,3,4,2,1,Cross intersection,3,60,Arterial Highway
T20230011941,2023/5/22,16:15:00,1,Collision with vehicle,2,Monday,130,REAR END(VEHICLES IN SAME LANE),1,774902,2,0,1,0,1,2,2,1,Cross intersection,2,60,Local Road
T20230011939,2023/5/22,13:50:00,2,Struck Pedestrian,1,Monday,109,ANY MANOEUVRE INVOLVING PED NOT INCLUDED IN DCAs 100-108.,1,782795,1,0,0,2,0,2,1,5,Not at intersection,3,50,Local Road
T20230011888,2023/5/22,4:44:00,1,Collision with vehicle,2,Monday,120,HEAD ON (NOT OVERTAKING),3,776683,2,0,0,2,1,3,1,5,Not at intersection,3,70,Arterial Other
T20230011892,2023/5/22,5:38:00,6,Vehicle overturned (no collision),1,Monday,174,OUT OF CONTROL ON CARRIAGEWAY (ON STRAIGHT),2,681396,1,0,1,0,0,1,1,1,Cross intersection,2,60,Arterial Other
T20230013627,2023/5/22,14:30:00,1,Collision with vehicle,1,Monday,132,RIGHT REAR.,9,35722,2,0,0,1,1,2,2,1,Cross intersection,3,999,Freeway
T20230012031,2023/5/23,15:05:00,2,Struck Pedestrian,3,Tuesday,102,FAR SIDE. PED HIT BY VEHICLE FROM THE LEFT,1,41622,1,0,1,0,1,2,1,2,T intersection,2,40,Arterial Other
T20230012028,2023/5/23,12:25:00,1,Collision with vehicle,3,Tuesday,121,RIGHT THROUGH,1,35558,2,0,1,0,3,4,1,1,Cross intersection,2,50,Arterial Highway
T20230012024,2023/5/23,13:40:00,1,Collision with vehicle,2,Tuesday,133,LANE SIDE SWIPE (VEHICLES IN PARALLEL LANES),1,788715,4,0,0,1,5,6,1,5,Not at intersection,3,60,Arterial Highway
T20230012019,2023/5/23,8:20:00,6,Vehicle overturned (no collision),3,Tuesday,174,OUT OF CONTROL ON CARRIAGEWAY (ON STRAIGHT),1,351019,1,0,1,0,0,1,2,5,Not at intersection,2,60,Arterial Other
T20230012299,2023/5/23,7:55:00,1,Collision with vehicle,3,Tuesday,130,REAR END(VEHICLES IN SAME LANE),2,777654,2,0,1,0,1,2,2,5,Not at intersection,2,70,Arterial Other
T20230012017,2023/5/23,11:42:00,1,Collision with vehicle,2,Tuesday,121,RIGHT THROUGH,1,40906,3,0,0,1,1,2,1,1,Cross intersection,3,80,Arterial Other
T20230012152,2023/5/23,22:30:00,1,Collision with vehicle,3,Tuesday,116,LEFT NEAR (INTERSECTIONS ONLY),3,661890,2,0,1,1,1,3,1,2,T intersection,2,50,Local Road
T20230012016,2023/5/23,5:37:00,2,Struck Pedestrian,3,Tuesday,106,VEH STRIKES PED ON FOOTPATH/MEDIAN/TRAFFIC ISLAND.,3,776229,1,1,0,1,0,2,1,5,Not at intersection,1,70,Arterial Other
T20230012086,2023/5/23,17:30:00,3,Struck animal,2,Tuesday,167,STRUCK ANIMAL,2,788865,1,0,0,1,0,1,2,5,Not at intersection,3,80,
T20230012015,2023/5/23,13:20:00,4,Collision with a fixed object,3,Tuesday,181,OFF RIGHT BEND INTO OBJECT/PARKED VEHICLE,1,775219,1,0,0,3,0,3,1,5,Not at intersection,3,110,Freeway
T20230012526,2023/5/23,8:00:00,1,Collision with vehicle,3,Tuesday,123,RIGHT/LEFT. ONE VEH TURNING RIGHT THE OTHER LEFT.,1,43136,2,0,1,0,1,2,2,1,Cross intersection,2,60,Arterial Other
T20230012011,2023/5/23,12:28:00,6,Vehicle overturned (no collision),2,Tuesday,151,OUT OF CONTROL (OVERTAKING),1,788714,1,0,1,0,0,1,1,5,Not at intersection,2,60,Arterial Highway
T20230012205,2023/5/23,8:35:00,1,Collision with vehicle,2,Tuesday,113,RIGHT NEAR (INTERSECTIONS ONLY),2,48937,2,0,0,1,1,2,2,2,T intersection,3,60,Local Road
T20230012202,2023/5/23,20:05:00,4,Collision with a fixed object,3,Tuesday,173,RIGHT OFF CARRIAGEWAY INTO OBJECT/PARKED VEHICLE,5,775464,1,0,1,0,0,1,2,5,Not at intersection,2,110,Freeway
T20230012010,2023/5/23,13:10:00,1,Collision with vehicle,2,Tuesday,135,LANE CHANGE LEFT (NOT OVERTAKING),1,798265,3,0,0,1,3,4,1,5,Not at intersection,3,40,Arterial Other
T20230012275,2023/5/23,13:30:00,1,Collision with vehicle,2,Tuesday,149,OTHER MANOEUVRING NOT INCLUDED IN DCAs 140-148,1,782786,2,0,0,1,2,3,2,5,Not at intersection,3,777,Arterial Other
T20230012008,2023/5/23,13:30:00,4,Collision with a fixed object,3,Tuesday,173,RIGHT OFF CARRIAGEWAY INTO OBJECT/PARKED VEHICLE,1,782790,1,0,0,1,0,1,1,5,Not at intersection,3,60,Local Road
T20230011974,2023/5/23,5:45:00,3,Struck animal,3,Tuesday,167,STRUCK ANIMAL,5,781079,1,0,1,0,0,1,1,5,Not at intersection,2,100,Arterial Highway
T20230012005,2023/5/23,8:30:00,1,Collision with vehicle,3,Tuesday,130,REAR END(VEHICLES IN SAME LANE),1,774518,2,0,0,1,1,2,2,5,Not at intersection,3,80,Arterial Other
T20230012190,2023/5/23,18:15:00,1,Collision with vehicle,3,Tuesday,169,OTHER ON PATH,3,776274,4,0,0,1,0,1,1,5,Not at intersection,3,50,Local Road
T20230013872,2023/5/23,12:45:00,1,Collision with vehicle,3,Tuesday,130,REAR END(VEHICLES IN SAME LANE),1,776139,2,0,0,1,1,2,1,5,Not at intersection,3,60,Arterial Other
T20230012004,2023/5/23,7:57:00,1,Collision with vehicle,3,Tuesday,130,REAR END(VEHICLES IN SAME LANE),1,788891,3,0,0,1,2,3,1,5,Not at intersection,3,100,Freeway
T20230012045,2023/5/23,19:40:00,1,Collision with vehicle,2,Tuesday,121,RIGHT THROUGH,3,776752,2,0,0,1,2,3,1,1,Cross intersection,3,60,Arterial Other
T20230012003,2023/5/23,11:30:00,6,Vehicle overturned (no collision),3,Tuesday,180,OFF CARRIAGEWAY ON RIGHT BEND,1,788879,1,0,1,0,0,1,1,5,Not at intersection,2,100,
T20230012042,2023/5/23,19:06:00,1,Collision with vehicle,2,Tuesday,121,RIGHT THROUGH,3,782793,2,0,0,1,2,3,1,5,Not at intersection,3,60,Local Road
T20230024906,2023/5/23,8:40:00,1,Collision with vehicle,2,Tuesday,130,REAR END(VEHICLES IN SAME LANE),2,55368,2,0,0,3,1,4,2,1,Cross intersection,3,60,Arterial Highway
T20230012041,2023/5/23,17:30:00,1,Collision with vehicle,2,Tuesday,130,REAR END(VEHICLES IN SAME LANE),3,776288,2,0,0,1,1,2,1,5,Not at intersection,3,100,Freeway
T20230011966,2023/5/23,0:11:00,1,Collision with vehicle,3,Tuesday,113,RIGHT NEAR (INTERSECTIONS ONLY),3,774922,2,0,2,0,1,3,1,1,Cross intersection,2,60,Arterial Other
T20230012040,2023/5/23,17:30:00,1,Collision with vehicle,2,Tuesday,130,REAR END(VEHICLES IN SAME LANE),3,774529,4,0,0,1,3,4,1,5,Not at intersection,3,80,Local Road
T20230012036,2023/5/23,16:52:00,1,Collision with vehicle,3,Tuesday,130,REAR END(VEHICLES IN SAME LANE),2,774713,3,0,1,0,2,3,1,5,Not at intersection,2,100,Freeway
T20230012035,2023/5/23,17:07:00,1,Collision with vehicle,2,Tuesday,130,REAR END(VEHICLES IN SAME LANE),9,788716,4,0,0,1,3,4,1,5,Not at intersection,3,100,Freeway
T20230012240,2023/5/23,7:35:00,6,Vehicle overturned (no collision),2,Tuesday,174,OUT OF CONTROL ON CARRIAGEWAY (ON STRAIGHT),9,38656,2,0,0,1,1,2,2,2,T intersection,3,50,Local Road
T20230012033,2023/5/23,15:30:00,1,Collision with vehicle,3,Tuesday,113,RIGHT NEAR (INTERSECTIONS ONLY),1,39339,2,0,1,0,2,3,1,2,T intersection,2,60,Arterial Highway
T20230012112,2023/5/23,20:50:00,1,Collision with vehicle,3,Tuesday,136,RIGHT TURN SIDESWIPE,3,65743,2,0,1,0,1,2,1,1,Cross intersection,2,40,Local Road
T20230012050,2023/5/23,1:03:00,1,Collision with vehicle,2,Tuesday,160,VEHICLE COLLIDES WITH VEHICLE PARKED ON LEFT OF ROAD,3,777741,2,0,0,1,0,1,1,5,Not at intersection,3,50,Local Road
T20230011984,2023/5/23,9:25:00,1,Collision with vehicle,2,Tuesday,110,CROSS TRAFFIC(INTERSECTIONS ONLY),1,60791,2,0,0,1,1,2,1,1,Cross intersection,3,70,Arterial Other
T20230011986,2023/5/23,6:44:00,1,Collision with vehicle,2,Tuesday,160,VEHICLE COLLIDES WITH VEHICLE PARKED ON LEFT OF ROAD,2,775170,2,0,0,1,0,1,1,1,Cross intersection,3,50,Local Road
T20230012052,2023/5/23,15:53:00,4,Collision with a fixed object,2,Tuesday,171,LEFT OFF CARRIAGEWAY INTO OBJECT/PARKED VEHICLE,1,788717,1,0,2,3,0,5,1,2,T intersection,2,50,Local Road
T20230011988,2023/5/23,9:00:00,1,Collision with vehicle,2,Tuesday,116,LEFT NEAR (INTERSECTIONS ONLY),1,774516,2,0,0,3,0,3,1,2,T intersection,3,50,Local Road
T20230012055,2023/5/23,17:50:00,1,Collision with vehicle,3,Tuesday,113,RIGHT NEAR (INTERSECTIONS ONLY),3,243234,2,0,0,1,2,3,1,1,Cross intersection,3,50,Local Road
T20230012325,2023/5/23,0:30:00,1,Collision with vehicle,2,Tuesday,130,REAR END(VEHICLES IN SAME LANE),3,683455,2,0,0,1,1,2,1,3,Y intersection,3,80,Arterial Highway
T20230011999,2023/5/23,11:31:00,4,Collision with a fixed object,3,Tuesday,171,LEFT OFF CARRIAGEWAY INTO OBJECT/PARKED VEHICLE,1,782792,1,0,1,0,0,1,1,5,Not at intersection,2,70,Arterial Other
T20230011982,2023/5/23,8:55:00,1,Collision with vehicle,2,Tuesday,130,REAR END(VEHICLES IN SAME LANE),1,788901,2,0,0,2,1,3,1,5,Not at intersection,3,80,Arterial Other
T20230011969,2023/5/23,2:00:00,4,Collision with a fixed object,3,Tuesday,183,OFF LEFT BEND INTO OBJECT/PARKED VEHICLE,3,776409,1,0,1,0,0,1,1,2,T intersection,2,80,Arterial Highway
T20230011978,2023/5/23,7:30:00,1,Collision with vehicle,2,Tuesday,110,CROSS TRAFFIC(INTERSECTIONS ONLY),1,51092,2,0,0,1,2,3,2,1,Cross intersection,3,40,Local Road
T20230012056,2023/5/23,12:00:00,1,Collision with vehicle,3,Tuesday,121,RIGHT THROUGH,1,774915,2,0,1,1,1,3,1,2,T intersection,2,70,Local Road
T20230013285,2023/5/23,22:46:00,1,Collision with vehicle,2,Tuesday,120,HEAD ON (NOT OVERTAKING),3,788875,2,0,0,1,1,2,1,2,T intersection,3,60,
T20230012054,2023/5/23,17:55:00,4,Collision with a fixed object,2,Tuesday,171,LEFT OFF CARRIAGEWAY INTO OBJECT/PARKED VEHICLE,3,65853,1,0,0,1,0,1,1,2,T intersection,3,50,Local Road
T20230014333,2023/5/23,7:30:00,1,Collision with vehicle,3,Tuesday,130,REAR END(VEHICLES IN SAME LANE),2,776366,3,0,0,1,2,3,1,5,Not at intersection,3,100,Freeway
T20230012092,2023/5/23,14:40:00,6,Vehicle overturned (no collision),3,Tuesday,170,OFF CARRIAGEWAY TO LEFT,1,775188,1,0,1,0,0,1,1,5,Not at intersection,2,100,Local Road
T20230012032,2023/5/23,16:53:00,4,Collision with a fixed object,3,Tuesday,171,LEFT OFF CARRIAGEWAY INTO OBJECT/PARKED VEHICLE,2,43527,1,0,0,1,0,1,1,2,T intersection,3,60,Local Road
T20230013316,2023/5/23,16:53:00,1,Collision with vehicle,2,Tuesday,130,REAR END(VEHICLES IN SAME LANE),2,775907,4,0,0,1,3,4,1,5,Not at intersection,3,100,Freeway
T20230012072,2023/5/24,9:45:00,1,Collision with vehicle,4,Wednesday,130,REAR END(VEHICLES IN SAME LANE),1,777180,2,0,0,1,2,3,1,5,Not at intersection,3,999,Arterial Other
T20230013262,2023/5/24,8:30:00,8,No collision and no object struck,4,Wednesday,170,OFF CARRIAGEWAY TO LEFT,1,782765,1,0,0,1,0,1,2,5,Not at intersection,3,100,Local Road
T20230012073,2023/5/24,8:45:00,1,Collision with vehicle,4,Wednesday,130,REAR END(VEHICLES IN SAME LANE),1,44230,4,0,0,2,3,5,1,1,Cross intersection,3,40,Arterial Other
T20230012097,2023/5/24,13:20:00,1,Collision with vehicle,4,Wednesday,113,RIGHT NEAR (INTERSECTIONS ONLY),1,774730,2,0,0,1,2,3,1,2,T intersection,3,50,Local Road
T20230012839,2023/5/24,15:35:00,1,Collision with vehicle,3,Wednesday,111,RIGHT FAR (INTERSECTIONS ONLY),1,291481,2,0,0,1,1,2,1,4,Multiple intersection,3,999,Freeway
T20230012195,2023/5/24,8:24:00,1,Collision with vehicle,3,Wednesday,114,TWO RIGHT TURNING (INTERSECTIONS ONLY),1,775539,2,0,0,1,1,2,2,2,T intersection,3,60,Arterial Other
T20230012454,2023/5/24,13:15:00,1,Collision with vehicle,4,Wednesday,130,REAR END(VEHICLES IN SAME LANE),1,775765,2,0,0,1,1,2,2,5,Not at intersection,3,60,Arterial Other
T20230013684,2023/5/24,9:30:00,1,Collision with vehicle,3,Wednesday,163,VEHICLE STRIKES DOOR OF PARKED/STATIONARY VEHICLE,9,782785,2,0,0,1,1,2,2,5,Not at intersection,3,60,Arterial Other
T20230012489,2023/5/24,20:50:00,4,Collision with a fixed object,3,Wednesday,171,LEFT OFF CARRIAGEWAY INTO OBJECT/PARKED VEHICLE,6,775180,1,0,0,1,0,1,2,5,Not at intersection,3,80,Local Road
T20230012134,2023/5/24,17:45:00,2,Struck Pedestrian,4,Wednesday,100,PED NEAR SIDE. PED HIT BY VEHICLE FROM THE RIGHT.,3,782676,1,0,0,1,1,2,2,5,Not at intersection,3,50,Local Road
T20230012682,2023/5/24,17:30:00,1,Collision with vehicle,4,Wednesday,131,LEFT REAR,9,776987,2,0,0,1,1,2,2,5,Not at intersection,3,999,Arterial Highway
T20230012155,2023/5/24,23:10:00,4,Collision with a fixed object,4,Wednesday,171,LEFT OFF CARRIAGEWAY INTO OBJECT/PARKED VEHICLE,3,781078,1,0,2,0,0,2,1,5,Not at intersection,2,60,Arterial Other
T20230012161,2023/5/24,14:40:00,1,Collision with vehicle,3,Wednesday,130,REAR END(VEHICLES IN SAME LANE),1,775172,2,0,0,1,1,2,2,2,T intersection,3,80,Freeway
T20230012098,2023/5/24,12:58:00,1,Collision with vehicle,4,Wednesday,110,CROSS TRAFFIC(INTERSECTIONS ONLY),1,41549,3,0,1,0,1,2,1,1,Cross intersection,2,60,Arterial Highway
T20230012096,2023/5/24,6:22:00,1,Collision with vehicle,4,Wednesday,120,HEAD ON (NOT OVERTAKING),2,778606,2,0,1,0,1,2,1,5,Not at intersection,2,50,Arterial Other
T20230012095,2023/5/24,10:30:00,2,Struck Pedestrian,3,Wednesday,100,PED NEAR SIDE. PED HIT BY VEHICLE FROM THE RIGHT.,1,795012,1,0,1,0,1,2,2,1,Cross intersection,2,999,Arterial Other
T20230012397,2023/5/24,15:30:00,1,Collision with vehicle,3,Wednesday,137,LEFT TURN SIDESWIPE,1,776251,2,0,0,1,1,2,2,5,Not at intersection,3,60,Local Road
T20230012137,2023/5/24,18:53:00,1,Collision with vehicle,4,Wednesday,121,RIGHT THROUGH,3,774921,2,0,1,1,1,3,1,1,Cross intersection,2,60,Local Road
T20230014100,2023/5/24,6:20:00,1,Collision with vehicle,3,Wednesday,130,REAR END(VEHICLES IN SAME LANE),2,46265,2,0,0,1,1,2,1,2,T intersection,3,60,Local Road
T20230012076,2023/5/24,8:54:00,1,Collision with vehicle,4,Wednesday,130,REAR END(VEHICLES IN SAME LANE),1,774715,2,0,1,0,2,3,1,2,T intersection,2,60,Local Road
T20230030228,2023/5/24,7:50:00,1,Collision with vehicle,3,Wednesday,134,LANE CHANGE RIGHT (NOT OVERTAKING),2,793419,2,0,0,1,1,2,2,5,Not at intersection,3,100,Arterial Other
T20230012069,2023/5/24,6:20:00,1,Collision with vehicle,3,Wednesday,142,LEAVING PARKING,2,793083,6,0,0,2,1,3,1,5,Not at intersection,3,60,
T20230012138,2023/5/24,12:50:00,6,Vehicle overturned (no collision),4,Wednesday,184,OUT OF CONTROL ON CARRIAGEWAY (ON BEND),1,775480,1,0,0,1,0,1,1,5,Not at intersection,3,888,Local Road
T20230012143,2023/5/24,15:15:00,1,Collision with vehicle,4,Wednesday,110,CROSS TRAFFIC(INTERSECTIONS ONLY),1,54662,2,0,1,0,2,3,1,1,Cross intersection,2,60,Arterial Highway
T20230012145,2023/5/24,21:00:00,1,Collision with vehicle,3,Wednesday,113,RIGHT NEAR (INTERSECTIONS ONLY),3,221398,2,0,0,1,1,2,1,2,T intersection,3,80,Arterial Other
T20230012109,2023/5/24,13:30:00,1,Collision with vehicle,4,Wednesday,111,RIGHT FAR (INTERSECTIONS ONLY),1,49826,2,0,0,1,2,3,1,1,Cross intersection,3,60,Arterial Highway
T20230012148,2023/5/24,19:00:00,3,Struck animal,3,Wednesday,167,STRUCK ANIMAL,5,782677,1,0,0,1,0,1,1,5,Not at intersection,3,100,Local Road
T20230012151,2023/5/24,23:26:00,4,Collision with a fixed object,4,Wednesday,171,LEFT OFF CARRIAGEWAY INTO OBJECT/PARKED VEHICLE,3,781077,1,0,1,0,0,1,1,5,Not at intersection,2,70,Arterial Highway
T20230012090,2023/5/24,10:32:00,1,Collision with vehicle,4,Wednesday,130,REAR END(VEHICLES IN SAME LANE),1,776547,2,0,0,1,1,2,1,5,Not at intersection,3,80,Arterial Highway
T20230012089,2023/5/24,6:45:00,1,Collision with vehicle,4,Wednesday,130,REAR END(VEHICLES IN SAME LANE),2,776289,3,0,2,0,1,3,1,5,Not at intersection,2,80,Arterial Other
T20230012088,2023/5/24,9:00:00,1,Collision with vehicle,4,Wednesday,130,REAR END(VEHICLES IN SAME LANE),1,782767,3,0,1,0,2,3,1,5,Not at intersection,2,80,Non Arterial
T20230014246,2023/5/24,16:13:00,1,Collision with vehicle,4,Wednesday,113,RIGHT NEAR (INTERSECTIONS ONLY),1,55289,2,0,0,2,0,2,1,1,Cross intersection,3,60,Arterial Other
T20230012085,2023/5/24,7:00:00,1,Collision with vehicle,3,Wednesday,110,CROSS TRAFFIC(INTERSECTIONS ONLY),2,221899,2,0,0,1,1,2,1,1,Cross intersection,3,80,Freeway
T20230015583,2023/5/24,6:50:00,1,Collision with vehicle,3,Wednesday,121,RIGHT THROUGH,2,585336,3,0,0,1,2,3,1,2,T intersection,3,70,Arterial Other
T20230014158,2023/5/24,7:40:00,1,Collision with vehicle,3,Wednesday,121,RIGHT THROUGH,1,63829,2,0,0,1,1,2,2,1,Cross intersection,3,999,Arterial Other
T20230012149,2023/5/24,18:15:00,1,Collision with vehicle,4,Wednesday,113,RIGHT NEAR (INTERSECTIONS ONLY),5,775171,5,0,1,1,3,5,1,1,Cross intersection,2,80,Local Road
T20230013152,2023/5/24,21:13:00,1,Collision with vehicle,4,Wednesday,130,REAR END(VEHICLES IN SAME LANE),3,776000,2,0,0,1,1,2,2,5,Not at intersection,3,80,Arterial Other
T20230012101,2023/5/24,13:50:00,1,Collision with vehicle,4,Wednesday,130,REAR END(VEHICLES IN SAME LANE),1,43709,2,0,0,1,1,2,1,2,T intersection,3,40,Arterial Other
T20230013263,2023/5/24,8:50:00,1,Collision with vehicle,3,Wednesday,130,REAR END(VEHICLES IN SAME LANE),1,776177,2,0,0,1,1,2,2,5,Not at intersection,3,60,Freeway
T20230012094,2023/5/24,10:42:00,1,Collision with vehicle,4,Wednesday,120,HEAD ON (NOT OVERTAKING),1,774718,2,0,0,4,0,4,1,5,Not at intersection,3,80,Arterial Highway
T20230012093,2023/5/24,7:49:00,2,Struck Pedestrian,4,Wednesday,102,FAR SIDE. PED HIT BY VEHICLE FROM THE LEFT,1,775135,1,0,1,0,1,2,1,2,T intersection,2,40,Local Road
T20230012124,2023/5/24,15:59:00,4,Collision with a fixed object,3,Wednesday,181,OFF RIGHT BEND INTO OBJECT/PARKED VEHICLE,1,790821,1,0,1,0,0,1,1,5,Not at intersection,2,60,Arterial Other
T20230012659,2023/5/24,18:00:00,1,Collision with vehicle,3,Wednesday,116,LEFT NEAR (INTERSECTIONS ONLY),2,48099,2,0,0,1,1,2,2,1,Cross intersection,3,60,Arterial Other
T20230012128,2023/5/24,17:00:00,1,Collision with vehicle,3,Wednesday,130,REAR END(VEHICLES IN SAME LANE),2,794135,4,0,0,1,3,4,1,5,Not at intersection,3,80,Arterial Highway
T20230012130,2023/5/24,16:15:00,2,Struck Pedestrian,3,Wednesday,100,PED NEAR SIDE. PED HIT BY VEHICLE FROM THE RIGHT.,1,45157,1,0,0,2,1,3,2,2,T intersection,3,60,Arterial Other
T20230012110,2023/5/24,14:40:00,1,Collision with vehicle,3,Wednesday,130,REAR END(VEHICLES IN SAME LANE),1,43250,2,0,0,1,1,2,1,1,Cross intersection,3,80,Arterial Highway
T20230012179,2023/5/25,11:30:00,4,Collision with a fixed object,5,Thursday,173,RIGHT OFF CARRIAGEWAY INTO OBJECT/PARKED VEHICLE,1,35089,1,0,1,1,0,2,1,2,T intersection,2,100,Arterial Other
T20230012306,2023/5/25,16:15:00,6,Vehicle overturned (no collision),5,Thursday,174,OUT OF CONTROL ON CARRIAGEWAY (ON STRAIGHT),1,782764,1,0,0,1,0,1,2,5,Not at intersection,3,60,Arterial Highway
T20230012619,2023/5/25,13:15:00,2,Struck Pedestrian,4,Thursday,102,FAR SIDE. PED HIT BY VEHICLE FROM THE LEFT,9,29523,1,0,1,0,1,2,2,3,Y intersection,2,50,Arterial Other
T20230012616,2023/5/25,8:20:00,1,Collision with vehicle,5,Thursday,121,RIGHT THROUGH,2,273325,2,0,1,2,1,4,2,1,Cross intersection,2,999,Arterial Highway
T20230012174,2023/5/25,9:20:00,4,Collision with a fixed object,5,Thursday,181,OFF RIGHT BEND INTO OBJECT/PARKED VEHICLE,1,775428,1,0,1,0,0,1,1,5,Not at intersection,2,100,Arterial Other
T20230012163,2023/5/25,6:00:00,1,Collision with vehicle,5,Thursday,130,REAR END(VEHICLES IN SAME LANE),2,782674,4,0,1,2,1,4,1,5,Not at intersection,2,100,Arterial Highway
T20230012171,2023/5/25,9:38:00,1,Collision with vehicle,5,Thursday,121,RIGHT THROUGH,1,57573,2,0,2,0,0,2,1,2,T intersection,2,80,Arterial Highway
T20230014403,2023/5/25,8:00:00,1,Collision with vehicle,5,Thursday,130,REAR END(VEHICLES IN SAME LANE),1,776632,2,0,0,1,2,3,1,5,Not at intersection,3,100,Freeway
T20230012229,2023/5/25,21:14:00,4,Collision with a fixed object,4,Thursday,173,RIGHT OFF CARRIAGEWAY INTO OBJECT/PARKED VEHICLE,3,783056,2,0,0,1,0,1,1,9,Unknown,3,60,Local Road
T20230012230,2023/5/25,21:55:00,4,Collision with a fixed object,5,Thursday,173,RIGHT OFF CARRIAGEWAY INTO OBJECT/PARKED VEHICLE,3,775174,3,0,1,1,1,3,1,5,Not at intersection,2,80,Arterial Highway
T20230012289,2023/5/25,15:00:00,1,Collision with vehicle,4,Thursday,148,VEHICLE OFF FOOTPATH STRIKES VEH ON CARRIAGEWAY,1,782675,2,0,0,1,1,2,2,5,Not at intersection,3,60,Arterial Other
T20230012234,2023/5/25,23:54:00,4,Collision with a fixed object,5,Thursday,173,RIGHT OFF CARRIAGEWAY INTO OBJECT/PARKED VEHICLE,3,781067,1,0,1,0,0,1,1,5,Not at intersection,2,60,Local Road
T20230012214,2023/5/25,17:21:00,1,Collision with vehicle,4,Thursday,130,REAR END(VEHICLES IN SAME LANE),2,790823,3,0,0,1,2,3,1,1,Cross intersection,3,60,Arterial Highway