ACCIDENT_NO,ACCIDENT_DATE,ACCIDENT_TIME,ACCIDENT_TYPE,ACCIDENT_TYPE_DESC,DAY_OF_WEEK,DAY_WEEK_DESC,DCA_CODE,DCA_DESC,LIGHT_CONDITION,NODE_ID,NO_OF_VEHICLES,NO_PERSONS_KILLED,NO_PERSONS_INJ_2,NO_PERSONS_INJ_3,NO_PERSONS_NOT_INJ,NO_PERSONS,POLICE_ATTEND,ROAD_GEOMETRY,ROAD_GEOMETRY_DESC,SEVERITY,SPEED_ZONE,RMA
T20230012524,2023/5/25,7:00:00,1,Collision with vehicle,4,Thursday,130,REAR END(VEHICLES IN SAME LANE),1,44813,4,0,0,2,2,4,2,2,T intersection,3,50,Arterial Other
T20230012247,2023/5/25,11:20:00,8,No collision and no object struck,4,Thursday,179,OTHER ACCIDENTS-OFF STRAIGHT NOT INCLUDED IN DCAs 170-175,1,777969,2,0,1,0,2,3,1,5,Not at intersection,2,50,Local Road
T20230017255,2023/5/25,15:55:00,1,Collision with vehicle,4,Thursday,132,RIGHT REAR.,1,799625,2,0,0,1,3,4,2,2,T intersection,3,60,Arterial Other
T20230012529,2023/5/25,17:31:00,1,Collision with vehicle,5,Thursday,130,REAR END(VEHICLES IN SAME LANE),2,775819,2,0,1,0,1,2,2,5,Not at intersection,2,100,Freeway
T20230012216,2023/5/25,14:44:00,6,Vehicle overturned (no collision),5,Thursday,170,OFF CARRIAGEWAY TO LEFT,1,776041,1,0,0,1,0,1,1,5,Not at intersection,3,100,Local Road
T20230012226,2023/5/25,21:00:00,2,Struck Pedestrian,5,Thursday,102,FAR SIDE. PED HIT BY VEHICLE FROM THE LEFT,3,36688,1,0,1,0,1,2,1,1,Cross intersection,2,60,Arterial Other
T20230012375,2023/5/25,15:20:00,1,Collision with vehicle,5,Thursday,130,REAR END(VEHICLES IN SAME LANE),1,243783,2,0,0,1,1,2,2,2,T intersection,3,60,Arterial Other
T20230012227,2023/5/25,20:00:00,1,Collision with vehicle,4,Thursday,121,RIGHT THROUGH,3,775173,2,0,0,1,1,2,1,5,Not at intersection,3,80,Arterial Highway
T20230013420,2023/5/25,8:30:00,1,Collision with vehicle,4,Thursday,130,REAR END(VEHICLES IN SAME LANE),1,776175,2,0,0,1,1,2,2,5,Not at intersection,3,60,Arterial Other
T20230012220,2023/5/25,18:50:00,1,Collision with vehicle,5,Thursday,162,ACCIDENT OR BROKEN DOWN,3,39268,2,0,1,1,1,3,1,2,T intersection,2,60,Arterial Other
T20230012966,2023/5/25,13:00:00,6,Vehicle overturned (no collision),5,Thursday,174,OUT OF CONTROL ON CARRIAGEWAY (ON STRAIGHT),1,775577,1,0,1,0,0,1,2,5,Not at intersection,2,999,Local Road
T20230012166,2023/5/25,5:53:00,1,Collision with vehicle,5,Thursday,110,CROSS TRAFFIC(INTERSECTIONS ONLY),2,43259,3,0,1,1,1,3,1,1,Cross intersection,2,80,Arterial Other
T20230012211,2023/5/25,16:10:00,1,Collision with vehicle,4,Thursday,130,REAR END(VEHICLES IN SAME LANE),2,40682,2,0,0,1,1,2,1,2,T intersection,3,60,Arterial Other
T20230012223,2023/5/25,15:42:00,1,Collision with vehicle,4,Thursday,116,LEFT NEAR (INTERSECTIONS ONLY),1,39784,2,0,0,1,1,2,1,2,T intersection,3,80,Arterial Other
T20230015295,2023/5/25,2:25:00,4,Collision with a fixed object,4,Thursday,179,OTHER ACCIDENTS-OFF STRAIGHT NOT INCLUDED IN DCAs 170-175,3,783500,1,0,0,1,0,1,1,5,Not at intersection,3,70,Arterial Other
T20230012222,2023/5/25,17:36:00,1,Collision with vehicle,4,Thursday,131,LEFT REAR,2,774909,2,0,0,1,1,2,2,1,Cross intersection,3,80,Arterial Highway
T20230012895,2023/5/25,15:40:00,1,Collision with vehicle,4,Thursday,120,HEAD ON (NOT OVERTAKING),1,786752,2,0,0,2,1,3,2,5,Not at intersection,3,50,
T20230012228,2023/5/25,20:01:00,1,Collision with vehicle,4,Thursday,111,RIGHT FAR (INTERSECTIONS ONLY),3,50178,2,0,1,0,2,3,1,1,Cross intersection,2,40,Arterial Other
T20230012208,2023/5/25,15:57:00,1,Collision with vehicle,4,Thursday,113,RIGHT NEAR (INTERSECTIONS ONLY),1,36241,2,0,1,0,1,2,1,2,T intersection,2,90,Arterial Highway
T20230014064,2023/5/25,17:25:00,1,Collision with vehicle,4,Thursday,130,REAR END(VEHICLES IN SAME LANE),2,790852,2,0,0,1,1,2,2,5,Not at intersection,3,999,Arterial Highway
T20230012197,2023/5/25,12:40:00,1,Collision with vehicle,5,Thursday,130,REAR END(VEHICLES IN SAME LANE),1,776048,2,0,0,1,1,2,2,5,Not at intersection,3,100,Freeway
T20230012183,2023/5/25,12:45:00,1,Collision with vehicle,5,Thursday,121,RIGHT THROUGH,1,44592,2,0,0,1,1,2,1,1,Cross intersection,3,50,Arterial Highway
T20230016246,2023/5/25,17:00:00,1,Collision with vehicle,5,Thursday,139,OTHER SAME DIRECTION-MANOUEVRES NOT INCLUDED IN DCAs 130-137,9,781888,2,0,0,1,2,3,2,5,Not at intersection,3,50,Local Road
T20230012314,2023/5/26,15:10:00,1,Collision with vehicle,5,Friday,163,VEHICLE STRIKES DOOR OF PARKED/STATIONARY VEHICLE,1,776402,2,0,0,1,1,2,2,5,Not at intersection,3,50,Local Road
T20230012307,2023/5/26,16:40:00,2,Struck Pedestrian,5,Friday,106,VEH STRIKES PED ON FOOTPATH/MEDIAN/TRAFFIC ISLAND.,1,781066,1,0,2,0,0,2,1,5,Not at intersection,2,50,Local Road
T20230012305,2023/5/26,15:38:00,8,No collision and no object struck,5,Friday,170,OFF CARRIAGEWAY TO LEFT,1,57303,1,0,0,1,0,1,1,1,Cross intersection,3,50,Local Road
T20230012302,2023/5/26,16:23:00,1,Collision with vehicle,6,Friday,121,RIGHT THROUGH,1,224261,2,0,1,0,1,2,1,1,Cross intersection,2,100,Arterial Highway
T20230012301,2023/5/26,16:30:00,8,No collision and no object struck,5,Friday,174,OUT OF CONTROL ON CARRIAGEWAY (ON STRAIGHT),2,782901,1,0,0,1,0,1,2,5,Not at intersection,3,999,Local Road
T20230012298,2023/5/26,15:30:00,8,No collision and no object struck,6,Friday,174,OUT OF CONTROL ON CARRIAGEWAY (ON STRAIGHT),1,775116,1,0,1,0,0,1,1,5,Not at intersection,2,70,Arterial Other
T20230012296,2023/5/26,11:45:00,4,Collision with a fixed object,6,Friday,171,LEFT OFF CARRIAGEWAY INTO OBJECT/PARKED VEHICLE,1,776228,2,1,0,2,0,3,1,5,Not at intersection,1,100,Arterial Highway
T20230012294,2023/5/26,13:42:00,1,Collision with vehicle,6,Friday,160,VEHICLE COLLIDES WITH VEHICLE PARKED ON LEFT OF ROAD,1,776505,2,0,0,1,0,1,1,5,Not at intersection,3,50,Local Road
T20230012292,2023/5/26,7:13:00,4,Collision with a fixed object,6,Friday,183,OFF LEFT BEND INTO OBJECT/PARKED VEHICLE,1,775229,1,0,1,1,0,2,1,5,Not at intersection,2,80,Freeway
T20230012287,2023/5/26,8:30:00,1,Collision with vehicle,5,Friday,130,REAR END(VEHICLES IN SAME LANE),2,790828,2,0,0,1,1,2,1,1,Cross intersection,3,80,Arterial Other
T20230012283,2023/5/26,6:00:00,2,Struck Pedestrian,5,Friday,100,PED NEAR SIDE. PED HIT BY VEHICLE FROM THE RIGHT.,2,775645,1,0,0,1,1,2,2,1,Cross intersection,3,999,Local Road
T20230012281,2023/5/26,11:35:00,4,Collision with a fixed object,5,Friday,171,LEFT OFF CARRIAGEWAY INTO OBJECT/PARKED VEHICLE,1,790827,2,0,0,2,2,4,1,5,Not at intersection,3,60,Arterial Highway
T20230012274,2023/5/26,12:00:00,1,Collision with vehicle,5,Friday,135,LANE CHANGE LEFT (NOT OVERTAKING),1,775080,2,0,0,1,1,2,1,1,Cross intersection,3,60,Arterial Other
T20230012442,2023/5/26,9:35:00,1,Collision with vehicle,5,Friday,130,REAR END(VEHICLES IN SAME LANE),1,221904,2,0,0,1,1,2,2,5,Not at intersection,3,80,Arterial Highway
T20230012457,2023/5/26,16:30:00,1,Collision with vehicle,5,Friday,113,RIGHT NEAR (INTERSECTIONS ONLY),9,782673,2,0,0,1,1,2,2,2,T intersection,3,999,
T20230012270,2023/5/26,8:49:00,1,Collision with vehicle,6,Friday,120,HEAD ON (NOT OVERTAKING),1,776291,2,0,1,0,1,2,1,5,Not at intersection,2,80,Arterial Other
T20230012266,2023/5/26,8:25:00,1,Collision with vehicle,6,Friday,120,HEAD ON (NOT OVERTAKING),1,775079,2,0,1,0,1,2,1,5,Not at intersection,2,80,Local Road
T20230012265,2023/5/26,6:50:00,1,Collision with vehicle,5,Friday,160,VEHICLE COLLIDES WITH VEHICLE PARKED ON LEFT OF ROAD,2,775078,2,0,0,1,0,1,2,5,Not at intersection,3,50,Local Road
T20230012259,2023/5/26,7:47:00,1,Collision with vehicle,5,Friday,130,REAR END(VEHICLES IN SAME LANE),1,65313,3,0,0,1,2,3,1,2,T intersection,3,60,Arterial Other
T20230012257,2023/5/26,8:40:00,2,Struck Pedestrian,5,Friday,100,PED NEAR SIDE. PED HIT BY VEHICLE FROM THE RIGHT.,1,775077,1,0,0,1,1,2,1,5,Not at intersection,3,50,Local Road
T20230012254,2023/5/26,7:05:00,4,Collision with a fixed object,5,Friday,183,OFF LEFT BEND INTO OBJECT/PARKED VEHICLE,2,782762,1,0,0,1,0,1,1,5,Not at intersection,3,100,Arterial Highway
T20230012251,2023/5/26,9:30:00,1,Collision with vehicle,5,Friday,130,REAR END(VEHICLES IN SAME LANE),1,790825,4,0,2,1,1,4,1,5,Not at intersection,2,60,Arterial Highway
T20230012250,2023/5/26,8:35:00,1,Collision with vehicle,6,Friday,120,HEAD ON (NOT OVERTAKING),1,774925,2,0,3,0,1,4,1,5,Not at intersection,2,80,Local Road
T20230012246,2023/5/26,8:50:00,2,Struck Pedestrian,6,Friday,106,VEH STRIKES PED ON FOOTPATH/MEDIAN/TRAFFIC ISLAND.,1,775137,1,0,2,0,0,2,1,5,Not at intersection,2,50,Local Road
T20230012245,2023/5/26,8:46:00,1,Collision with vehicle,6,Friday,110,CROSS TRAFFIC(INTERSECTIONS ONLY),1,222564,3,0,1,1,1,3,1,1,Cross intersection,2,60,Local Road
T20230012243,2023/5/26,8:15:00,1,Collision with vehicle,5,Friday,110,CROSS TRAFFIC(INTERSECTIONS ONLY),9,60813,2,0,0,1,1,2,2,1,Cross intersection,3,50,Local Road
T20230012241,2023/5/26,8:13:00,1,Collision with vehicle,5,Friday,112,LEFT FAR (INTERSECTIONS ONLY),1,42956,2,0,1,0,1,2,1,2,T intersection,2,60,Arterial Other
T20230012789,2023/5/26,18:00:00,1,Collision with vehicle,5,Friday,148,VEHICLE OFF FOOTPATH STRIKES VEH ON CARRIAGEWAY,3,775442,2,0,0,1,1,2,1,5,Not at intersection,3,50,Local Road
T20230013730,2023/5/26,17:00:00,4,Collision with a fixed object,6,Friday,173,RIGHT OFF CARRIAGEWAY INTO OBJECT/PARKED VEHICLE,2,775908,1,0,1,0,0,1,2,5,Not at intersection,2,60,Local Road
T20230012496,2023/5/26,23:00:00,4,Collision with a fixed object,5,Friday,181,OFF RIGHT BEND INTO OBJECT/PARKED VEHICLE,5,777587,1,0,0,1,0,1,1,5,Not at intersection,3,50,Local Road
T20230012313,2023/5/26,17:00:00,1,Collision with vehicle,6,Friday,148,VEHICLE OFF FOOTPATH STRIKES VEH ON CARRIAGEWAY,2,782668,2,0,0,1,1,2,2,2,T intersection,3,60,Local Road
T20230014622,2023/5/26,6:55:00,1,Collision with vehicle,6,Friday,130,REAR END(VEHICLES IN SAME LANE),5,776303,2,0,0,1,2,3,2,5,Not at intersection,3,80,Arterial Other
T20230019807,2023/5/26,6:25:00,5,collision with some other object,6,Friday,166,STRUCK OBJECT ON CARRIAGEWAY,5,782666,2,0,0,1,1,2,1,5,Not at intersection,3,110,Freeway
T20230016329,2023/5/26,18:30:00,1,Collision with vehicle,5,Friday,111,RIGHT FAR (INTERSECTIONS ONLY),3,40808,2,0,0,2,0,2,2,1,Cross intersection,3,80,Arterial Highway
T20230012360,2023/5/26,9:50:00,1,Collision with vehicle,5,Friday,130,REAR END(VEHICLES IN SAME LANE),1,794134,2,0,0,1,1,2,2,1,Cross intersection,3,40,Arterial Other
T20230012345,2023/5/26,21:47:00,1,Collision with vehicle,5,Friday,116,LEFT NEAR (INTERSECTIONS ONLY),3,35492,2,0,0,1,2,3,1,2,T intersection,3,50,Local Road
T20230012344,2023/5/26,0:10:00,1,Collision with vehicle,5,Friday,130,REAR END(VEHICLES IN SAME LANE),5,775712,2,0,0,2,2,4,1,2,T intersection,3,80,Arterial Other
T20230012342,2023/5/26,23:03:00,1,Collision with vehicle,6,Friday,110,CROSS TRAFFIC(INTERSECTIONS ONLY),3,23933,2,1,0,0,2,3,1,1,Cross intersection,1,70,Local Road
T20230012338,2023/5/26,17:26:00,1,Collision with vehicle,6,Friday,160,VEHICLE COLLIDES WITH VEHICLE PARKED ON LEFT OF ROAD,3,92924,3,0,0,3,1,4,1,5,Not at intersection,3,60,Arterial Other
T20230012336,2023/5/26,22:47:00,1,Collision with vehicle,5,Friday,113,RIGHT NEAR (INTERSECTIONS ONLY),3,297134,2,0,0,1,1,2,1,1,Cross intersection,3,999,Arterial Other
T20230012335,2023/5/26,4:44:00,1,Collision with vehicle,5,Friday,121,RIGHT THROUGH,3,37297,2,0,0,1,1,2,1,2,T intersection,3,60,Arterial Other
T20230012334,2023/5/26,7:06:00,1,Collision with vehicle,5,Friday,121,RIGHT THROUGH,3,61041,2,0,0,1,2,3,1,1,Cross intersection,3,60,Arterial Other
T20230012332,2023/5/26,20:25:00,1,Collision with vehicle,5,Friday,130,REAR END(VEHICLES IN SAME LANE),3,37833,2,0,0,1,2,3,1,1,Cross intersection,3,50,Arterial Other
T20230012331,2023/5/26,22:10:00,1,Collision with vehicle,5,Friday,136,RIGHT TURN SIDESWIPE,3,775102,2,0,0,2,2,4,1,2,T intersection,3,40,Local Road
T20230012330,2023/5/26,20:56:00,1,Collision with vehicle,5,Friday,121,RIGHT THROUGH,3,282480,2,0,0,1,1,2,1,1,Cross intersection,3,80,Arterial Highway
T20230012328,2023/5/26,16:45:00,2,Struck Pedestrian,5,Friday,109,ANY MANOEUVRE INVOLVING PED NOT INCLUDED IN DCAs 100-108.,2,779919,1,0,1,0,1,2,1,5,Not at intersection,2,50,Local Road
T20230012327,2023/5/26,18:10:00,1,Collision with vehicle,6,Friday,121,RIGHT THROUGH,5,775175,2,0,0,2,4,6,1,2,T intersection,3,40,Arterial Other
T20230012380,2023/5/26,13:00:00,1,Collision with vehicle,5,Friday,113,RIGHT NEAR (INTERSECTIONS ONLY),1,775178,2,0,0,1,2,3,2,2,T intersection,3,60,Local Road
T20230012323,2023/5/26,18:48:00,1,Collision with vehicle,6,Friday,110,CROSS TRAFFIC(INTERSECTIONS ONLY),3,775520,3,0,0,4,6,10,1,1,Cross intersection,3,50,Local Road
T20230012322,2023/5/26,18:15:00,1,Collision with vehicle,6,Friday,130,REAR END(VEHICLES IN SAME LANE),5,243750,2,0,1,2,0,3,1,5,Not at intersection,2,100,Freeway
T20230012320,2023/5/26,17:30:00,1,Collision with vehicle,6,Friday,130,REAR END(VEHICLES IN SAME LANE),2,777149,5,0,1,1,4,6,1,5,Not at intersection,2,100,Freeway
T20230012319,2023/5/26,17:53:00,1,Collision with vehicle,6,Friday,113,RIGHT NEAR (INTERSECTIONS ONLY),3,1170,2,0,0,3,1,4,1,2,T intersection,3,80,Arterial Other
T20230012317,2023/5/26,18:25:00,1,Collision with vehicle,5,Friday,130,REAR END(VEHICLES IN SAME LANE),5,776169,3,0,0,1,3,4,1,5,Not at intersection,3,80,Arterial Highway
T20230012316,2023/5/26,19:00:00,2,Struck Pedestrian,6,Friday,100,PED NEAR SIDE. PED HIT BY VEHICLE FROM THE RIGHT.,3,775151,1,0,1,0,2,3,1,2,T intersection,2,50,Local Road
T20230012390,2023/5/27,14:35:00,1,Collision with vehicle,7,Saturday,139,OTHER SAME DIRECTION-MANOUEVRES NOT INCLUDED IN DCAs 130-137,1,29531,2,0,1,0,2,3,1,4,Multiple intersection,2,60,Arterial Other
T20230012389,2023/5/27,14:08:00,1,Collision with vehicle,7,Saturday,130,REAR END(VEHICLES IN SAME LANE),1,777226,2,0,2,0,0,2,1,2,T intersection,2,70,Arterial Other
T20230012387,2023/5/27,13:09:00,4,Collision with a fixed object,7,Saturday,173,RIGHT OFF CARRIAGEWAY INTO OBJECT/PARKED VEHICLE,1,775154,1,1,2,0,0,3,1,5,Not at intersection,1,80,Local Road
T20230012386,2023/5/27,13:40:00,1,Collision with vehicle,6,Saturday,133,LANE SIDE SWIPE (VEHICLES IN PARALLEL LANES),1,775231,2,0,1,0,2,3,1,5,Not at intersection,2,60,Arterial Other
T20230012361,2023/5/27,9:30:00,4,Collision with a fixed object,7,Saturday,181,OFF RIGHT BEND INTO OBJECT/PARKED VEHICLE,1,775248,1,0,0,1,0,1,1,5,Not at intersection,3,100,Arterial Other
T20230012356,2023/5/27,8:45:00,1,Collision with vehicle,7,Saturday,110,CROSS TRAFFIC(INTERSECTIONS ONLY),1,73145,2,0,1,0,1,2,1,1,Cross intersection,2,60,Local Road
T20230012602,2023/5/27,14:00:00,1,Collision with vehicle,7,Saturday,121,RIGHT THROUGH,1,42288,2,0,1,0,1,2,1,2,T intersection,2,60,Arterial Other
T20230012354,2023/5/27,4:50:00,4,Collision with a fixed object,7,Saturday,171,LEFT OFF CARRIAGEWAY INTO OBJECT/PARKED VEHICLE,5,776508,1,0,1,0,0,1,1,5,Not at intersection,2,60,Local Road
T20230013318,2023/5/27,15:00:00,1,Collision with vehicle,6,Saturday,130,REAR END(VEHICLES IN SAME LANE),1,304737,4,0,0,1,3,4,2,1,Cross intersection,3,999,Local Road
T20230012415,2023/5/27,1:30:00,4,Collision with a fixed object,7,Saturday,171,LEFT OFF CARRIAGEWAY INTO OBJECT/PARKED VEHICLE,1,775092,1,4,1,0,0,5,1,5,Not at intersection,1,100,Local Road
T20230012350,2023/5/27,6:24:00,1,Collision with vehicle,6,Saturday,121,RIGHT THROUGH,2,255989,2,0,0,1,2,3,1,2,T intersection,3,50,Arterial Highway
T20230016588,2023/5/27,12:40:00,1,Collision with vehicle,7,Saturday,130,REAR END(VEHICLES IN SAME LANE),1,777302,2,0,0,1,2,3,1,5,Not at intersection,3,60,Local Road
T20230012460,2023/5/27,19:50:00,1,Collision with vehicle,6,Saturday,111,RIGHT FAR (INTERSECTIONS ONLY),5,782653,2,0,0,2,1,3,2,2,T intersection,3,999,Local Road
T20230012444,2023/5/27,11:45:00,6,Vehicle overturned (no collision),7,Saturday,182,OFF CARRIAGEWAY ON LEFT BEND,1,775201,1,0,0,1,0,1,2,5,Not at intersection,3,999,Local Road
T20230021422,2023/5/27,14:00:00,6,Vehicle overturned (no collision),6,Saturday,184,OUT OF CONTROL ON CARRIAGEWAY (ON BEND),1,781538,1,0,0,1,1,2,2,5,Not at intersection,3,888,Local Road
T20230012773,2023/5/27,18:20:00,1,Collision with vehicle,6,Saturday,121,RIGHT THROUGH,3,49256,2,0,1,0,1,2,2,1,Cross intersection,2,60,Arterial Highway
T20230012372,2023/5/27,11:18:00,1,Collision with vehicle,6,Saturday,121,RIGHT THROUGH,1,282647,2,0,0,2,1,3,1,2,T intersection,3,60,Local Road
T20230012755,2023/5/27,11:20:00,1,Collision with vehicle,6,Saturday,130,REAR END(VEHICLES IN SAME LANE),1,57533,2,0,0,1,1,2,2,1,Cross intersection,3,999,Arterial Highway
T20230012431,2023/5/27,11:20:00,1,Collision with vehicle,6,Saturday,110,CROSS TRAFFIC(INTERSECTIONS ONLY),1,45041,2,0,0,1,1,2,1,1,Cross intersection,3,60,Arterial Other
T20230012371,2023/5/27,12:00:00,1,Collision with vehicle,7,Saturday,121,RIGHT THROUGH,1,775557,2,0,1,0,1,2,1,2,T intersection,2,60,Arterial Other
T20230016879,2023/5/27,18:00:00,1,Collision with vehicle,6,Saturday,137,LEFT TURN SIDESWIPE,3,778246,2,0,0,1,1,2,2,5,Not at intersection,3,60,Arterial Other
T20230012428,2023/5/27,23:25:00,4,Collision with a fixed object,7,Saturday,173,RIGHT OFF CARRIAGEWAY INTO OBJECT/PARKED VEHICLE,3,791060,1,0,2,0,0,2,1,5,Not at intersection,2,70,Arterial Highway
T20230013388,2023/5/27,12:50:00,1,Collision with vehicle,6,Saturday,135,LANE CHANGE LEFT (NOT OVERTAKING),1,792042,2,0,0,1,1,2,1,5,Not at intersection,3,80,Arterial Other
T20230012417,2023/5/27,23:01:00,1,Collision with vehicle,7,Saturday,110,CROSS TRAFFIC(INTERSECTIONS ONLY),5,46749,2,0,1,2,0,3,1,1,Cross intersection,2,50,Local Road
T20230012412,2023/5/27,20:55:00,4,Collision with a fixed object,7,Saturday,183,OFF LEFT BEND INTO OBJECT/PARKED VEHICLE,5,794599,1,0,0,1,0,1,1,5,Not at intersection,3,60,Local Road
T20230012411,2023/5/27,21:53:00,1,Collision with vehicle,7,Saturday,133,LANE SIDE SWIPE (VEHICLES IN PARALLEL LANES),3,779034,2,0,0,1,2,3,1,5,Not at intersection,3,60,Local Road
T20230012404,2023/5/27,19:10:00,1,Collision with vehicle,6,Saturday,142,LEAVING PARKING,3,775138,2,0,0,1,1,2,1,5,Not at intersection,3,50,Local Road
T20230012402,2023/5/27,18:10:00,1,Collision with vehicle,7,Saturday,130,REAR END(VEHICLES IN SAME LANE),2,777150,2,0,0,1,1,2,2,5,Not at intersection,3,60,Arterial Other
T20230012400,2023/5/27,14:00:00,1,Collision with vehicle,6,Saturday,130,REAR END(VEHICLES IN SAME LANE),1,783090,2,0,0,2,1,3,2,5,Not at intersection,3,80,Freeway
T20230014450,2023/5/27,5:30:00,4,Collision with a fixed object,7,Saturday,183,OFF LEFT BEND INTO OBJECT/PARKED VEHICLE,5,777402,1,0,0,1,2,3,2,5,Not at intersection,3,100,Local Road
T20230012349,2023/5/27,5:50:00,1,Collision with vehicle,6,Saturday,130,REAR END(VEHICLES IN SAME LANE),3,775176,3,0,0,1,2,3,2,5,Not at intersection,3,80,Arterial Other
T20230013027,2023/5/27,19:00:00,1,Collision with vehicle,6,Saturday,121,RIGHT THROUGH,3,42409,2,0,0,1,1,2,2,2,T intersection,3,60,Arterial Other
T20230012399,2023/5/27,16:25:00,1,Collision with vehicle,7,Saturday,130,REAR END(VEHICLES IN SAME LANE),1,776162,5,0,2,1,3,6,1,5,Not at intersection,2,60,Freeway
T20230012533,2023/5/27,22:18:00,1,Collision with vehicle,6,Saturday,160,VEHICLE COLLIDES WITH VEHICLE PARKED ON LEFT OF ROAD,3,776970,2,0,0,1,2,3,1,5,Not at intersection,3,999,Local Road
T20230012396,2023/5/27,14:00:00,1,Collision with vehicle,6,Saturday,130,REAR END(VEHICLES IN SAME LANE),1,34021,2,0,0,4,1,5,2,2,T intersection,3,80,Arterial Highway
T20230012346,2023/5/27,3:20:00,4,Collision with a fixed object,7,Saturday,173,RIGHT OFF CARRIAGEWAY INTO OBJECT/PARKED VEHICLE,5,782573,1,0,0,2,0,2,1,5,Not at intersection,3,80,Arterial Highway
T20230012379,2023/5/27,10:56:00,1,Collision with vehicle,7,Saturday,137,LEFT TURN SIDESWIPE,1,775576,2,0,1,0,1,2,1,5,Not at intersection,2,70,Local Road
T20230012391,2023/5/27,7:10:00,1,Collision with vehicle,7,Saturday,116,LEFT NEAR (INTERSECTIONS ONLY),1,225371,2,0,0,1,1,2,1,2,T intersection,3,60,Arterial Other
T20230012413,2023/5/27,22:20:00,4,Collision with a fixed object,7,Saturday,171,LEFT OFF CARRIAGEWAY INTO OBJECT/PARKED VEHICLE,5,777276,1,0,2,0,0,2,1,5,Not at intersection,2,100,Local Road
T20230012369,2023/5/27,10:35:00,1,Collision with vehicle,7,Saturday,110,CROSS TRAFFIC(INTERSECTIONS ONLY),1,35704,2,0,0,1,1,2,1,1,Cross intersection,3,60,Arterial Other
T20230012363,2023/5/27,7:30:00,4,Collision with a fixed object,6,Saturday,173,RIGHT OFF CARRIAGEWAY INTO OBJECT/PARKED VEHICLE,1,777240,1,0,0,1,0,1,1,5,Not at intersection,3,100,Arterial Highway
T20230012433,2023/5/28,7:10:00,1,Collision with vehicle,1,Sunday,110,CROSS TRAFFIC(INTERSECTIONS ONLY),2,36422,2,0,1,0,1,2,1,1,Cross intersection,2,60,Arterial Other
T20230012456,2023/5/28,8:58:00,2,Struck Pedestrian,0,Sunday,102,FAR SIDE. PED HIT BY VEHICLE FROM THE LEFT,1,278457,1,0,1,0,1,2,1,1,Cross intersection,2,50,Local Road
T20230012458,2023/5/28,10:50:00,1,Collision with vehicle,0,Sunday,130,REAR END(VEHICLES IN SAME LANE),1,787090,2,0,0,1,1,2,2,5,Not at intersection,3,999,Local Road
T20230013761,2023/5/28,12:00:00,6,Vehicle overturned (no collision),0,Sunday,184,OUT OF CONTROL ON CARRIAGEWAY (ON BEND),1,701157,1,0,0,1,0,1,2,5,Not at intersection,3,999,Local Road
T20230012872,2023/5/28,14:00:00,6,Vehicle overturned (no collision),0,Sunday,184,OUT OF CONTROL ON CARRIAGEWAY (ON BEND),1,775527,1,0,0,1,0,1,2,5,Not at intersection,3,999,Local Road
T20230012462,2023/5/28,16:15:00,1,Collision with vehicle,0,Sunday,130,REAR END(VEHICLES IN SAME LANE),2,794133,2,0,0,1,1,2,1,1,Cross intersection,3,80,Arterial Highway
T20230012447,2023/5/28,12:45:00,1,Collision with vehicle,1,Sunday,130,REAR END(VEHICLES IN SAME LANE),1,776159,3,0,1,1,3,5,1,5,Not at intersection,2,60,Arterial Other
T20230012499,2023/5/28,14:00:00,1,Collision with vehicle,1,Sunday,130,REAR END(VEHICLES IN SAME LANE),1,245297,2,0,0,3,2,5,2,5,Not at intersection,3,60,Arterial Other
T20230012503,2023/5/28,12:00:00,1,Collision with vehicle,1,Sunday,110,CROSS TRAFFIC(INTERSECTIONS ONLY),1,39189,2,0,0,1,1,2,2,1,Cross intersection,3,50,Local Road
T20230012473,2023/5/28,20:23:00,1,Collision with vehicle,1,Sunday,113,RIGHT NEAR (INTERSECTIONS ONLY),3,133986,2,0,1,2,0,3,1,2,T intersection,2,80,Arterial Highway
T20230012474,2023/5/28,16:25:00,1,Collision with vehicle,1,Sunday,110,CROSS TRAFFIC(INTERSECTIONS ONLY),2,35618,3,0,1,1,5,7,1,1,Cross intersection,2,60,Local Road
T20230012450,2023/5/28,12:58:00,1,Collision with vehicle,0,Sunday,120,HEAD ON (NOT OVERTAKING),1,782652,2,0,0,1,1,2,1,5,Not at intersection,3,60,Arterial Other
T20230012477,2023/5/28,18:36:00,2,Struck Pedestrian,1,Sunday,100,PED NEAR SIDE. PED HIT BY VEHICLE FROM THE RIGHT.,3,776614,1,0,1,0,1,2,1,2,T intersection,2,999,Local Road
T20230012451,2023/5/28,11:25:00,1,Collision with vehicle,1,Sunday,121,RIGHT THROUGH,1,33759,2,0,1,2,1,4,1,1,Cross intersection,2,60,Arterial Highway
T20230012479,2023/5/28,17:42:00,2,Struck Pedestrian,1,Sunday,100,PED NEAR SIDE. PED HIT BY VEHICLE FROM THE RIGHT.,3,777028,1,0,1,0,1,2,1,5,Not at intersection,2,50,Local Road
T20230018355,2023/5/28,15:30:00,1,Collision with vehicle,0,Sunday,130,REAR END(VEHICLES IN SAME LANE),1,239081,2,0,0,1,2,3,1,1,Cross intersection,3,70,Arterial Highway