ACCIDENT_NO,ACCIDENT_DATE,ACCIDENT_TIME,ACCIDENT_TYPE,ACCIDENT_TYPE_DESC,DAY_OF_WEEK,DAY_WEEK_DESC,DCA_CODE,DCA_DESC,LIGHT_CONDITION,NODE_ID,NO_OF_VEHICLES,NO_PERSONS_KILLED,NO_PERSONS_INJ_2,NO_PERSONS_INJ_3,NO_PERSONS_NOT_INJ,NO_PERSONS,POLICE_ATTEND,ROAD_GEOMETRY,ROAD_GEOMETRY_DESC,SEVERITY,SPEED_ZONE,RMA
T20230013259,2023/5/28,4:40:00,1,Collision with vehicle,1,Sunday,110,CROSS TRAFFIC(INTERSECTIONS ONLY),3,782759,2,0,0,1,2,3,2,1,Cross intersection,3,60,Arterial Other
T20230012534,2023/5/28,22:55:00,1,Collision with vehicle,1,Sunday,121,RIGHT THROUGH,3,600470,2,0,1,1,0,2,1,1,Cross intersection,2,80,Arterial Other
T20230012427,2023/5/28,1:45:00,4,Collision with a fixed object,1,Sunday,171,LEFT OFF CARRIAGEWAY INTO OBJECT/PARKED VEHICLE,3,790829,1,0,0,1,1,2,1,5,Not at intersection,3,40,Local Road
T20230012425,2023/5/28,3:44:00,4,Collision with a fixed object,0,Sunday,171,LEFT OFF CARRIAGEWAY INTO OBJECT/PARKED VEHICLE,5,782568,1,0,0,1,0,1,1,5,Not at intersection,3,80,Arterial Other
T20230012423,2023/5/28,2:19:00,1,Collision with vehicle,1,Sunday,120,HEAD ON (NOT OVERTAKING),3,779636,2,0,1,0,2,3,1,5,Not at intersection,2,60,Arterial Other
T20230012884,2023/5/28,17:00:00,1,Collision with vehicle,1,Sunday,147,VEHICLE STRIKES ANOTHER VEH WHILE EMERGING FROM DRIVEWAY,1,776183,2,0,1,0,1,2,2,5,Not at intersection,2,50,Arterial Other
T20230012422,2023/5/28,3:10:00,4,Collision with a fixed object,0,Sunday,175,OFF END OF ROAD/T-INTERSECTION.,3,74190,1,0,0,1,1,2,1,2,T intersection,3,50,Arterial Other
T20230012890,2023/5/28,11:00:00,1,Collision with vehicle,0,Sunday,110,CROSS TRAFFIC(INTERSECTIONS ONLY),1,10592,2,0,0,1,1,2,1,1,Cross intersection,3,60,Arterial Highway
T20230012416,2023/5/28,1:20:00,1,Collision with vehicle,1,Sunday,121,RIGHT THROUGH,3,29377,2,0,2,0,1,3,1,1,Cross intersection,2,40,Arterial Other
T20230012437,2023/5/28,5:28:00,1,Collision with vehicle,1,Sunday,120,HEAD ON (NOT OVERTAKING),3,775968,2,0,1,0,1,2,1,5,Not at intersection,2,60,Arterial Other
T20230012453,2023/5/28,14:14:00,1,Collision with vehicle,1,Sunday,120,HEAD ON (NOT OVERTAKING),1,775232,2,0,1,0,1,2,1,5,Not at intersection,2,40,Local Road
T20230015370,2023/5/28,12:00:00,1,Collision with vehicle,0,Sunday,130,REAR END(VEHICLES IN SAME LANE),1,38582,2,0,0,2,1,3,2,2,T intersection,3,999,Arterial Other
T20230012455,2023/5/28,7:15:00,4,Collision with a fixed object,1,Sunday,171,LEFT OFF CARRIAGEWAY INTO OBJECT/PARKED VEHICLE,1,61452,1,2,0,0,0,2,1,2,T intersection,1,50,Local Road
T20230017288,2023/5/28,11:30:00,8,No collision and no object struck,0,Sunday,184,OUT OF CONTROL ON CARRIAGEWAY (ON BEND),1,783053,1,0,0,1,0,1,2,2,T intersection,3,999,Local Road
T20230012683,2023/5/28,20:15:00,1,Collision with vehicle,0,Sunday,110,CROSS TRAFFIC(INTERSECTIONS ONLY),3,37329,2,0,0,2,3,5,2,1,Cross intersection,3,40,Local Road
T20230012740,2023/5/28,23:40:00,4,Collision with a fixed object,0,Sunday,173,RIGHT OFF CARRIAGEWAY INTO OBJECT/PARKED VEHICLE,3,775439,1,0,0,1,0,1,2,5,Not at intersection,3,40,Arterial Other
T20230012624,2023/5/28,17:15:00,4,Collision with a fixed object,0,Sunday,179,OTHER ACCIDENTS-OFF STRAIGHT NOT INCLUDED IN DCAs 170-175,2,791852,1,0,0,2,2,4,2,5,Not at intersection,3,80,Arterial Other
T20230013521,2023/5/28,14:40:00,6,Vehicle overturned (no collision),0,Sunday,174,OUT OF CONTROL ON CARRIAGEWAY (ON STRAIGHT),1,776914,1,0,0,1,0,1,2,5,Not at intersection,3,50,Local Road
T20230012581,2023/5/28,19:24:00,1,Collision with vehicle,1,Sunday,142,LEAVING PARKING,3,782566,2,0,1,0,1,2,1,5,Not at intersection,2,60,Arterial Other
T20230013862,2023/5/29,9:30:00,1,Collision with vehicle,1,Monday,121,RIGHT THROUGH,1,251575,2,0,0,1,1,2,1,5,Not at intersection,3,80,Arterial Highway
T20230012517,2023/5/29,12:25:00,4,Collision with a fixed object,2,Monday,173,RIGHT OFF CARRIAGEWAY INTO OBJECT/PARKED VEHICLE,1,775559,1,0,1,0,0,1,1,1,Cross intersection,2,60,Arterial Highway
T20230012571,2023/5/29,8:30:00,1,Collision with vehicle,2,Monday,130,REAR END(VEHICLES IN SAME LANE),1,776154,2,0,0,1,1,2,2,5,Not at intersection,3,80,Arterial Other
T20230015647,2023/5/29,6:35:00,1,Collision with vehicle,1,Monday,133,LANE SIDE SWIPE (VEHICLES IN PARALLEL LANES),3,35764,2,0,0,1,1,2,2,2,T intersection,3,50,Arterial Other
T20230012563,2023/5/29,23:15:00,1,Collision with vehicle,2,Monday,113,RIGHT NEAR (INTERSECTIONS ONLY),5,41936,2,0,1,1,1,3,1,2,T intersection,2,80,Arterial Highway
T20230012559,2023/5/29,21:01:00,2,Struck Pedestrian,2,Monday,103,PED PLAYING/LYING/WORKING/STANDING ON CARRIAGEWAY.,3,775234,1,0,1,0,1,2,1,5,Not at intersection,2,40,Local Road
T20230012557,2023/5/29,14:30:00,1,Collision with vehicle,1,Monday,130,REAR END(VEHICLES IN SAME LANE),1,29374,2,0,0,1,1,2,1,1,Cross intersection,3,60,Arterial Other
T20230012555,2023/5/29,20:50:00,1,Collision with vehicle,1,Monday,121,RIGHT THROUGH,3,39697,2,0,0,1,1,2,1,1,Cross intersection,3,80,Arterial Highway
T20230012551,2023/5/29,19:11:00,4,Collision with a fixed object,1,Monday,173,RIGHT OFF CARRIAGEWAY INTO OBJECT/PARKED VEHICLE,3,782562,1,0,0,1,0,1,1,2,T intersection,3,50,Local Road
T20230012546,2023/5/29,16:43:00,7,Fall from or in moving vehicle,1,Monday,190,FELL IN/FROM VEHICLE,1,790834,1,0,1,0,1,2,1,5,Not at intersection,2,60,Local Road
T20230012707,2023/5/29,21:30:00,8,No collision and no object struck,2,Monday,180,OFF CARRIAGEWAY ON RIGHT BEND,5,782561,1,0,0,2,0,2,2,5,Not at intersection,3,50,Arterial Other
T20230012587,2023/5/29,17:00:00,1,Collision with vehicle,1,Monday,130,REAR END(VEHICLES IN SAME LANE),2,793921,2,0,0,1,1,2,2,1,Cross intersection,3,60,
T20230017496,2023/5/29,10:20:00,1,Collision with vehicle,1,Monday,147,VEHICLE STRIKES ANOTHER VEH WHILE EMERGING FROM DRIVEWAY,9,778745,2,0,1,0,1,2,2,5,Not at intersection,2,999,Arterial Other
T20230012525,2023/5/29,13:42:00,1,Collision with vehicle,1,Monday,113,RIGHT NEAR (INTERSECTIONS ONLY),1,43055,2,0,0,2,1,3,1,2,T intersection,3,60,Local Road
T20230012516,2023/5/29,10:39:00,1,Collision with vehicle,2,Monday,120,HEAD ON (NOT OVERTAKING),1,775242,2,0,1,1,0,2,1,5,Not at intersection,2,60,Arterial Other
T20230012515,2023/5/29,10:00:00,1,Collision with vehicle,1,Monday,135,LANE CHANGE LEFT (NOT OVERTAKING),1,776705,2,0,0,1,1,2,2,5,Not at intersection,3,100,Arterial Other
T20230012513,2023/5/29,8:13:00,1,Collision with vehicle,1,Monday,147,VEHICLE STRIKES ANOTHER VEH WHILE EMERGING FROM DRIVEWAY,1,782558,2,0,0,1,2,3,1,5,Not at intersection,3,50,Local Road
T20230012511,2023/5/29,8:40:00,1,Collision with vehicle,2,Monday,130,REAR END(VEHICLES IN SAME LANE),1,775155,4,1,2,4,0,7,1,5,Not at intersection,1,110,Freeway
T20230012510,2023/5/29,10:44:00,2,Struck Pedestrian,2,Monday,101,PED EMERGES FROM IN FRONT OF PARKED OR STATIONARY VEHICLE,1,777181,1,0,1,0,1,2,1,5,Not at intersection,2,60,Local Road
T20230012508,2023/5/29,8:00:00,4,Collision with a fixed object,1,Monday,189,OTHER ACCIDENTS ON CURVE NOT INCLUDED IN DCAs 180-184,2,790833,1,0,0,1,1,2,1,5,Not at intersection,3,60,Local Road
T20230012544,2023/5/29,17:10:00,1,Collision with vehicle,2,Monday,130,REAR END(VEHICLES IN SAME LANE),2,776155,5,0,0,2,4,6,1,5,Not at intersection,3,70,Arterial Other
T20230012540,2023/5/29,15:17:00,4,Collision with a fixed object,1,Monday,183,OFF LEFT BEND INTO OBJECT/PARKED VEHICLE,1,782559,1,0,0,1,0,1,1,5,Not at intersection,3,50,Local Road
T20230012538,2023/5/29,14:00:00,1,Collision with vehicle,2,Monday,142,LEAVING PARKING,1,782637,2,0,0,2,0,2,2,5,Not at intersection,3,999,Local Road
T20230012507,2023/5/29,11:00:00,1,Collision with vehicle,2,Monday,130,REAR END(VEHICLES IN SAME LANE),1,221459,2,0,0,1,1,2,1,1,Cross intersection,3,60,Arterial Other
T20230012506,2023/5/29,9:57:00,1,Collision with vehicle,2,Monday,130,REAR END(VEHICLES IN SAME LANE),1,776158,4,0,0,2,2,4,1,5,Not at intersection,3,100,Freeway
T20230012505,2023/5/29,9:55:00,1,Collision with vehicle,2,Monday,135,LANE CHANGE LEFT (NOT OVERTAKING),1,775522,2,0,1,0,1,2,1,5,Not at intersection,2,80,Arterial Highway
T20230012504,2023/5/29,11:30:00,1,Collision with vehicle,2,Monday,110,CROSS TRAFFIC(INTERSECTIONS ONLY),1,48303,2,0,2,0,0,2,1,1,Cross intersection,2,80,Arterial Highway
T20230012498,2023/5/29,10:15:00,1,Collision with vehicle,2,Monday,121,RIGHT THROUGH,1,54013,2,0,1,1,0,2,1,5,Not at intersection,2,60,Arterial Other
T20230012494,2023/5/29,9:57:00,2,Struck Pedestrian,1,Monday,100,PED NEAR SIDE. PED HIT BY VEHICLE FROM THE RIGHT.,1,775558,1,0,0,1,1,2,1,1,Cross intersection,3,50,Arterial Other
T20230012553,2023/5/29,18:20:00,2,Struck Pedestrian,2,Monday,100,PED NEAR SIDE. PED HIT BY VEHICLE FROM THE RIGHT.,2,39216,1,0,1,0,1,2,1,1,Cross intersection,2,60,Local Road
T20230013159,2023/5/29,7:30:00,8,No collision and no object struck,1,Monday,174,OUT OF CONTROL ON CARRIAGEWAY (ON STRAIGHT),9,783038,2,0,0,1,1,2,2,5,Not at intersection,3,50,Arterial Other
T20230012484,2023/5/29,1:00:00,4,Collision with a fixed object,1,Monday,173,RIGHT OFF CARRIAGEWAY INTO OBJECT/PARKED VEHICLE,5,782045,1,0,0,1,0,1,1,5,Not at intersection,3,80,Arterial Other
T20230012485,2023/5/29,0:30:00,4,Collision with a fixed object,1,Monday,171,LEFT OFF CARRIAGEWAY INTO OBJECT/PARKED VEHICLE,3,47712,1,0,0,1,0,1,1,2,T intersection,3,60,Local Road
T20230025401,2023/5/29,15:36:00,1,Collision with vehicle,2,Monday,121,RIGHT THROUGH,1,786750,2,0,0,2,0,2,1,2,T intersection,3,60,
T20230012486,2023/5/29,5:20:00,1,Collision with vehicle,2,Monday,121,RIGHT THROUGH,3,41272,2,0,1,0,1,2,1,2,T intersection,2,60,Arterial Other
T20230012487,2023/5/29,6:40:00,1,Collision with vehicle,1,Monday,130,REAR END(VEHICLES IN SAME LANE),6,790831,2,0,1,0,1,2,2,2,T intersection,2,60,Arterial Other
T20230012491,2023/5/29,6:57:00,4,Collision with a fixed object,2,Monday,179,OTHER ACCIDENTS-OFF STRAIGHT NOT INCLUDED IN DCAs 170-175,2,790832,1,0,0,1,0,1,1,5,Not at intersection,3,60,Arterial Highway
T20230012492,2023/5/29,7:30:00,4,Collision with a fixed object,2,Monday,183,OFF LEFT BEND INTO OBJECT/PARKED VEHICLE,1,775319,1,0,1,0,2,3,1,5,Not at intersection,2,80,Arterial Other
T20230012933,2023/5/29,0:12:00,4,Collision with a fixed object,1,Monday,171,LEFT OFF CARRIAGEWAY INTO OBJECT/PARKED VEHICLE,3,302485,1,0,0,1,0,1,1,1,Cross intersection,3,80,Local Road
T20230014154,2023/5/30,19:00:00,1,Collision with vehicle,3,Tuesday,130,REAR END(VEHICLES IN SAME LANE),3,776097,2,0,0,2,1,3,1,1,Cross intersection,3,80,Arterial Highway
T20230012577,2023/5/30,9:47:00,6,Vehicle overturned (no collision),2,Tuesday,172,OFF CARRIAGEWAY TO RIGHT,1,289109,1,0,0,1,0,1,1,4,Multiple intersection,3,60,Freeway
T20230012574,2023/5/30,8:50:00,2,Struck Pedestrian,2,Tuesday,100,PED NEAR SIDE. PED HIT BY VEHICLE FROM THE RIGHT.,1,775237,1,0,0,1,1,2,1,5,Not at intersection,3,60,Arterial Highway
T20230013199,2023/5/30,20:45:00,1,Collision with vehicle,2,Tuesday,140,U TURN,3,777312,2,0,0,1,2,3,2,5,Not at intersection,3,60,Local Road
T20230012573,2023/5/30,7:09:00,1,Collision with vehicle,2,Tuesday,130,REAR END(VEHICLES IN SAME LANE),1,775236,3,0,0,1,2,3,1,5,Not at intersection,3,80,Arterial Other
T20230012569,2023/5/30,6:20:00,1,Collision with vehicle,2,Tuesday,113,RIGHT NEAR (INTERSECTIONS ONLY),3,42373,2,0,0,1,1,2,1,2,T intersection,3,50,Local Road
T20230012596,2023/5/30,13:30:00,1,Collision with vehicle,2,Tuesday,110,CROSS TRAFFIC(INTERSECTIONS ONLY),1,356970,2,0,0,1,1,2,1,1,Cross intersection,3,50,Local Road
T20230013063,2023/5/30,15:00:00,4,Collision with a fixed object,2,Tuesday,181,OFF RIGHT BEND INTO OBJECT/PARKED VEHICLE,1,775877,1,0,0,1,0,1,1,5,Not at intersection,3,100,Arterial Other
T20230012636,2023/5/30,15:10:00,2,Struck Pedestrian,2,Tuesday,102,FAR SIDE. PED HIT BY VEHICLE FROM THE LEFT,1,782557,1,0,0,1,1,2,2,5,Not at intersection,3,40,
T20230012701,2023/5/30,11:50:00,1,Collision with vehicle,2,Tuesday,130,REAR END(VEHICLES IN SAME LANE),1,777020,2,0,0,1,1,2,2,5,Not at intersection,3,999,Arterial Other
T20230012593,2023/5/30,13:30:00,1,Collision with vehicle,2,Tuesday,139,OTHER SAME DIRECTION-MANOUEVRES NOT INCLUDED IN DCAs 130-137,1,782555,2,0,0,1,2,3,1,5,Not at intersection,3,60,Arterial Other
T20230013699,2023/5/30,7:30:00,1,Collision with vehicle,3,Tuesday,147,VEHICLE STRIKES ANOTHER VEH WHILE EMERGING FROM DRIVEWAY,1,775872,2,0,0,1,1,2,2,5,Not at intersection,3,80,Arterial Other
T20230012584,2023/5/30,12:00:00,2,Struck Pedestrian,3,Tuesday,100,PED NEAR SIDE. PED HIT BY VEHICLE FROM THE RIGHT.,1,777022,1,0,1,0,1,2,1,1,Cross intersection,2,70,Arterial Other
T20230016975,2023/5/30,14:20:00,2,Struck Pedestrian,3,Tuesday,107,PED ON FOOTHPATH STRUCK BY VEHENTERING/LEAVING DRIVEWAY.,1,781706,1,0,1,0,1,2,1,5,Not at intersection,2,50,Local Road
T20230012620,2023/5/30,16:40:00,1,Collision with vehicle,3,Tuesday,133,LANE SIDE SWIPE (VEHICLES IN PARALLEL LANES),2,779595,2,0,1,0,1,2,1,5,Not at intersection,2,80,Freeway
T20230012611,2023/5/30,16:10:00,6,Vehicle overturned (no collision),3,Tuesday,180,OFF CARRIAGEWAY ON RIGHT BEND,2,775433,1,0,2,0,0,2,1,5,Not at intersection,2,60,Arterial Other
T20230012634,2023/5/30,20:30:00,5,collision with some other object,3,Tuesday,166,STRUCK OBJECT ON CARRIAGEWAY,5,782900,1,0,0,1,0,1,1,5,Not at intersection,3,60,Local Road
T20230012632,2023/5/30,15:56:00,1,Collision with vehicle,2,Tuesday,160,VEHICLE COLLIDES WITH VEHICLE PARKED ON LEFT OF ROAD,1,779989,2,0,0,1,0,1,1,5,Not at intersection,3,60,Arterial Other
T20230013094,2023/5/30,17:30:00,1,Collision with vehicle,3,Tuesday,130,REAR END(VEHICLES IN SAME LANE),2,776079,3,0,0,1,2,3,2,5,Not at intersection,3,60,Local Road
T20230012623,2023/5/30,17:30:00,1,Collision with vehicle,3,Tuesday,130,REAR END(VEHICLES IN SAME LANE),5,775240,2,0,1,0,1,2,1,5,Not at intersection,2,100,Freeway
T20230012882,2023/5/30,16:50:00,1,Collision with vehicle,2,Tuesday,130,REAR END(VEHICLES IN SAME LANE),1,775489,2,0,0,1,1,2,1,5,Not at intersection,3,80,Freeway
T20230013595,2023/5/30,15:28:00,1,Collision with vehicle,3,Tuesday,145,REVERSING IN STREAM OF TRAFFIC,1,782554,2,0,0,1,3,4,2,5,Not at intersection,3,50,Local Road
T20230012629,2023/5/30,17:42:00,1,Collision with vehicle,3,Tuesday,112,LEFT FAR (INTERSECTIONS ONLY),3,36725,2,0,1,1,1,3,1,2,T intersection,2,60,Local Road
T20230012891,2023/5/30,6:30:00,8,No collision and no object struck,2,Tuesday,174,OUT OF CONTROL ON CARRIAGEWAY (ON STRAIGHT),2,43655,1,0,0,1,0,1,2,2,T intersection,3,999,Arterial Other
T20230013222,2023/5/30,15:33:00,1,Collision with vehicle,2,Tuesday,130,REAR END(VEHICLES IN SAME LANE),1,775715,2,0,0,2,0,2,1,5,Not at intersection,3,60,Arterial Other
T20230012600,2023/5/30,12:55:00,2,Struck Pedestrian,3,Tuesday,102,FAR SIDE. PED HIT BY VEHICLE FROM THE LEFT,1,371,1,0,1,0,1,2,1,2,T intersection,2,50,Arterial Highway
T20230012775,2023/5/30,17:30:00,1,Collision with vehicle,2,Tuesday,135,LANE CHANGE LEFT (NOT OVERTAKING),2,776292,2,0,0,1,1,2,2,5,Not at intersection,3,60,Local Road
T20230012772,2023/5/30,22:50:00,3,Struck animal,2,Tuesday,167,STRUCK ANIMAL,5,776262,1,0,0,1,0,1,2,5,Not at intersection,3,999,Arterial Other
T20230012618,2023/5/30,18:05:00,1,Collision with vehicle,2,Tuesday,130,REAR END(VEHICLES IN SAME LANE),3,775356,2,0,0,1,1,2,1,5,Not at intersection,3,70,Arterial Highway
T20230012657,2023/5/30,15:27:00,1,Collision with vehicle,2,Tuesday,110,CROSS TRAFFIC(INTERSECTIONS ONLY),1,43299,2,0,0,1,1,2,1,1,Cross intersection,3,50,Local Road
T20230012655,2023/5/30,21:45:00,1,Collision with vehicle,3,Tuesday,130,REAR END(VEHICLES IN SAME LANE),3,775482,2,0,1,0,1,2,1,5,Not at intersection,2,70,Arterial Other
T20230012644,2023/5/30,23:49:00,1,Collision with vehicle,2,Tuesday,111,RIGHT FAR (INTERSECTIONS ONLY),3,40840,2,0,0,1,1,2,2,2,T intersection,3,60,Arterial Highway
T20230012979,2023/5/30,17:50:00,1,Collision with vehicle,3,Tuesday,130,REAR END(VEHICLES IN SAME LANE),2,775743,2,0,0,1,1,2,2,5,Not at intersection,3,80,Freeway
T20230012627,2023/5/30,17:40:00,1,Collision with vehicle,2,Tuesday,137,LEFT TURN SIDESWIPE,2,30672,2,0,0,2,0,2,1,2,T intersection,3,60,Arterial Other
T20230012639,2023/5/30,21:35:00,7,Fall from or in moving vehicle,2,Tuesday,190,FELL IN/FROM VEHICLE,6,775784,1,0,1,0,3,4,1,5,Not at intersection,2,50,Local Road
T20230012594,2023/5/30,13:10:00,1,Collision with vehicle,3,Tuesday,132,RIGHT REAR.,1,777803,2,0,0,1,1,2,1,5,Not at intersection,3,60,Arterial Other
T20230012580,2023/5/30,6:03:00,1,Collision with vehicle,3,Tuesday,113,RIGHT NEAR (INTERSECTIONS ONLY),3,687056,2,0,1,0,1,2,2,2,T intersection,2,80,Arterial Highway
T20230012578,2023/5/30,8:40:00,1,Collision with vehicle,2,Tuesday,110,CROSS TRAFFIC(INTERSECTIONS ONLY),1,61524,3,0,0,1,1,2,1,1,Cross intersection,3,50,Local Road
T20230012690,2023/5/31,13:05:00,1,Collision with vehicle,3,Wednesday,113,RIGHT NEAR (INTERSECTIONS ONLY),1,38363,2,0,0,1,1,2,1,3,Y intersection,3,70,Arterial Other
T20230012713,2023/5/31,15:00:00,1,Collision with vehicle,4,Wednesday,113,RIGHT NEAR (INTERSECTIONS ONLY),1,65802,2,0,1,0,1,2,1,2,T intersection,2,60,Arterial Other
T20230012678,2023/5/31,7:00:00,1,Collision with vehicle,3,Wednesday,134,LANE CHANGE RIGHT (NOT OVERTAKING),2,790836,2,0,0,1,4,5,1,5,Not at intersection,3,80,Freeway
T20230012728,2023/5/31,18:09:00,4,Collision with a fixed object,4,Wednesday,181,OFF RIGHT BEND INTO OBJECT/PARKED VEHICLE,5,781676,1,0,1,0,0,1,1,5,Not at intersection,2,60,Local Road
T20230012716,2023/5/31,15:00:00,1,Collision with vehicle,3,Wednesday,130,REAR END(VEHICLES IN SAME LANE),1,70001,2,0,0,1,2,3,1,2,T intersection,3,40,Arterial Other
T20230012667,2023/5/31,8:30:00,1,Collision with vehicle,3,Wednesday,133,LANE SIDE SWIPE (VEHICLES IN PARALLEL LANES),1,786415,3,0,1,0,2,3,1,5,Not at intersection,2,100,Freeway
T20230012717,2023/5/31,16:55:00,2,Struck Pedestrian,4,Wednesday,100,PED NEAR SIDE. PED HIT BY VEHICLE FROM THE RIGHT.,2,777263,1,0,1,0,1,2,1,5,Not at intersection,2,40,Arterial Highway
T20230013238,2023/5/31,13:30:00,8,No collision and no object struck,3,Wednesday,180,OFF CARRIAGEWAY ON RIGHT BEND,1,791843,1,0,0,1,0,1,2,5,Not at intersection,3,999,Local Road
T20230017609,2023/5/31,16:20:00,1,Collision with vehicle,3,Wednesday,123,RIGHT/LEFT. ONE VEH TURNING RIGHT THE OTHER LEFT.,2,790856,2,0,0,1,1,2,2,1,Cross intersection,3,70,Local Road
T20230012817,2023/5/31,20:40:00,5,collision with some other object,4,Wednesday,166,STRUCK OBJECT ON CARRIAGEWAY,3,775742,1,0,0,1,0,1,1,5,Not at intersection,3,50,Local Road
T20230012718,2023/5/31,16:40:00,2,Struck Pedestrian,3,Wednesday,102,FAR SIDE. PED HIT BY VEHICLE FROM THE LEFT,1,777585,1,0,1,0,2,3,1,5,Not at intersection,2,60,Local Road
T20230012715,2023/5/31,15:00:00,1,Collision with vehicle,3,Wednesday,110,CROSS TRAFFIC(INTERSECTIONS ONLY),1,70662,2,0,0,1,1,2,1,4,Multiple intersection,3,70,Arterial Highway
T20230013228,2023/5/31,6:50:00,1,Collision with vehicle,3,Wednesday,160,VEHICLE COLLIDES WITH VEHICLE PARKED ON LEFT OF ROAD,2,790848,2,0,1,0,0,1,1,5,Not at intersection,2,60,Local Road
T20230012875,2023/5/31,15:00:00,1,Collision with vehicle,3,Wednesday,142,LEAVING PARKING,1,781675,2,0,0,1,1,2,1,5,Not at intersection,3,60,Local Road
T20230024583,2023/5/31,8:30:00,1,Collision with vehicle,4,Wednesday,134,LANE CHANGE RIGHT (NOT OVERTAKING),9,783565,2,0,0,1,1,2,2,2,T intersection,3,60,Arterial Highway
T20230016458,2023/5/31,10:00:00,1,Collision with vehicle,3,Wednesday,113,RIGHT NEAR (INTERSECTIONS ONLY),1,777294,2,0,0,1,1,2,2,1,Cross intersection,3,40,Local Road
T20230012806,2023/5/31,8:10:00,4,Collision with a fixed object,4,Wednesday,171,LEFT OFF CARRIAGEWAY INTO OBJECT/PARKED VEHICLE,1,777342,1,0,0,1,0,1,1,5,Not at intersection,3,50,Local Road
T20230012726,2023/5/31,16:55:00,1,Collision with vehicle,4,Wednesday,130,REAR END(VEHICLES IN SAME LANE),2,776365,2,0,0,1,1,2,1,5,Not at intersection,3,60,Arterial Other
T20230012723,2023/5/31,16:00:00,2,Struck Pedestrian,3,Wednesday,100,PED NEAR SIDE. PED HIT BY VEHICLE FROM THE RIGHT.,2,775438,1,0,0,1,1,2,1,5,Not at intersection,3,50,Local Road
T20230012722,2023/5/31,13:50:00,4,Collision with a fixed object,3,Wednesday,171,LEFT OFF CARRIAGEWAY INTO OBJECT/PARKED VEHICLE,1,775462,1,0,1,0,0,1,1,5,Not at intersection,2,100,Local Road
T20230012721,2023/5/31,14:55:00,2,Struck Pedestrian,3,Wednesday,107,PED ON FOOTHPATH STRUCK BY VEHENTERING/LEAVING DRIVEWAY.,1,775460,1,0,0,1,3,4,1,5,Not at intersection,3,999,Arterial Other
T20230012928,2023/5/31,6:55:00,1,Collision with vehicle,4,Wednesday,130,REAR END(VEHICLES IN SAME LANE),2,779196,6,0,0,2,4,6,1,5,Not at intersection,3,100,Freeway
T20230014163,2023/5/31,7:23:00,1,Collision with vehicle,3,Wednesday,130,REAR END(VEHICLES IN SAME LANE),2,777100,2,0,0,1,1,2,2,5,Not at intersection,3,80,Local Road
T20230012692,2023/5/31,14:10:00,1,Collision with vehicle,3,Wednesday,121,RIGHT THROUGH,1,20857,2,0,0,1,1,2,1,2,T intersection,3,70,Arterial Other
T20230012720,2023/5/31,17:00:00,1,Collision with vehicle,3,Wednesday,110,CROSS TRAFFIC(INTERSECTIONS ONLY),2,52525,2,0,0,1,1,2,1,1,Cross intersection,3,60,Local Road
T20230012734,2023/5/31,16:59:00,4,Collision with a fixed object,3,Wednesday,173,RIGHT OFF CARRIAGEWAY INTO OBJECT/PARKED VEHICLE,1,781674,1,0,0,1,1,2,1,5,Not at intersection,3,70,Arterial Highway
T20230012742,2023/5/31,22:09:00,4,Collision with a fixed object,4,Wednesday,173,RIGHT OFF CARRIAGEWAY INTO OBJECT/PARKED VEHICLE,3,781047,2,0,1,2,2,5,1,5,Not at intersection,2,100,Freeway
T20230012647,2023/5/31,5:18:00,1,Collision with vehicle,3,Wednesday,149,OTHER MANOEUVRING NOT INCLUDED IN DCAs 140-148,3,47778,3,0,0,2,0,2,1,5,Not at intersection,3,80,Arterial Other
T20230012745,2023/5/31,19:50:00,2,Struck Pedestrian,4,Wednesday,101,PED EMERGES FROM IN FRONT OF PARKED OR STATIONARY VEHICLE,3,223523,1,1,0,0,1,2,1,2,T intersection,1,60,Arterial Other
T20230012654,2023/5/31,8:39:00,4,Collision with a fixed object,3,Wednesday,171,LEFT OFF CARRIAGEWAY INTO OBJECT/PARKED VEHICLE,1,781672,1,0,0,1,0,1,1,5,Not at intersection,3,80,Local Road
T20230012705,2023/5/31,13:33:00,1,Collision with vehicle,3,Wednesday,133,LANE SIDE SWIPE (VEHICLES IN PARALLEL LANES),1,38736,3,0,0,1,4,5,1,5,Not at intersection,3,60,Arterial Other
T20230012702,2023/5/31,12:40:00,2,Struck Pedestrian,4,Wednesday,100,PED NEAR SIDE. PED HIT BY VEHICLE FROM THE RIGHT.,1,775647,1,0,1,0,1,2,1,5,Not at intersection,2,60,Arterial Highway
T20230012700,2023/5/31,14:40:00,4,Collision with a fixed object,4,Wednesday,171,LEFT OFF CARRIAGEWAY INTO OBJECT/PARKED VEHICLE,1,775560,1,0,1,1,0,2,1,5,Not at intersection,2,50,Local Road
T20230012699,2023/5/31,14:00:00,4,Collision with a fixed object,4,Wednesday,183,OFF LEFT BEND INTO OBJECT/PARKED VEHICLE,1,776555,1,0,1,0,0,1,1,5,Not at intersection,2,100,Local Road
T20230012697,2023/5/31,13:55:00,1,Collision with vehicle,3,Wednesday,130,REAR END(VEHICLES IN SAME LANE),1,793922,3,0,0,1,2,3,1,5,Not at intersection,3,80,Arterial Other