ACCIDENT_NO,ACCIDENT_DATE,ACCIDENT_TIME,ACCIDENT_TYPE,ACCIDENT_TYPE_DESC,DAY_OF_WEEK,DAY_WEEK_DESC,DCA_CODE,DCA_DESC,LIGHT_CONDITION,NODE_ID,NO_OF_VEHICLES,NO_PERSONS_KILLED,NO_PERSONS_INJ_2,NO_PERSONS_INJ_3,NO_PERSONS_NOT_INJ,NO_PERSONS,POLICE_ATTEND,ROAD_GEOMETRY,ROAD_GEOMETRY_DESC,SEVERITY,SPEED_ZONE,RMA
T20230012747,2023/5/31,22:20:00,1,Collision with vehicle,4,Wednesday,130,REAR END(VEHICLES IN SAME LANE),3,38785,3,0,0,2,3,5,2,2,T intersection,3,60,Arterial Highway
T20230012691,2023/5/31,11:30:00,1,Collision with vehicle,3,Wednesday,130,REAR END(VEHICLES IN SAME LANE),1,790837,2,0,0,1,1,2,2,5,Not at intersection,3,80,Arterial Other
T20230013184,2023/6/1,17:30:00,6,Vehicle overturned (no collision),5,Thursday,174,OUT OF CONTROL ON CARRIAGEWAY (ON STRAIGHT),9,52987,1,0,1,0,0,1,2,1,Cross intersection,2,999,Arterial Other
T20230013186,2023/6/1,15:00:00,2,Struck Pedestrian,4,Thursday,102,FAR SIDE. PED HIT BY VEHICLE FROM THE LEFT,1,668593,1,0,0,1,1,2,1,1,Cross intersection,3,80,Arterial Other
T20230012793,2023/6/1,14:00:00,6,Vehicle overturned (no collision),5,Thursday,174,OUT OF CONTROL ON CARRIAGEWAY (ON STRAIGHT),1,38767,1,0,1,0,0,1,1,5,Not at intersection,2,60,Local Road
T20230012828,2023/6/1,17:00:00,2,Struck Pedestrian,5,Thursday,100,PED NEAR SIDE. PED HIT BY VEHICLE FROM THE RIGHT.,2,777262,1,0,0,1,0,1,2,5,Not at intersection,3,888,Arterial Highway
T20230012803,2023/6/1,12:30:00,1,Collision with vehicle,5,Thursday,121,RIGHT THROUGH,1,45428,2,0,1,0,1,2,1,2,T intersection,2,40,Arterial Other
T20230012830,2023/6/1,21:30:00,4,Collision with a fixed object,4,Thursday,173,RIGHT OFF CARRIAGEWAY INTO OBJECT/PARKED VEHICLE,3,776213,1,0,0,1,0,1,1,5,Not at intersection,3,60,Arterial Highway
T20230012791,2023/6/1,12:45:00,1,Collision with vehicle,4,Thursday,121,RIGHT THROUGH,1,53578,2,0,2,0,0,2,1,4,Multiple intersection,2,100,Arterial Highway
T20230012811,2023/6/1,15:50:00,1,Collision with vehicle,4,Thursday,130,REAR END(VEHICLES IN SAME LANE),1,794136,2,0,0,2,2,4,1,5,Not at intersection,3,100,Arterial Other
T20230014162,2023/6/1,8:10:00,1,Collision with vehicle,5,Thursday,130,REAR END(VEHICLES IN SAME LANE),2,778266,2,0,0,1,1,2,2,5,Not at intersection,3,100,Freeway
T20230012863,2023/6/1,17:40:00,1,Collision with vehicle,5,Thursday,130,REAR END(VEHICLES IN SAME LANE),3,775488,5,0,0,2,3,5,1,5,Not at intersection,3,80,Arterial Highway
T20230012809,2023/6/1,13:10:00,1,Collision with vehicle,5,Thursday,115,RIGHT/LEFT FAR (INTERSECTIONS ONLY),1,792234,2,0,0,1,1,2,1,2,T intersection,3,777,
T20230012858,2023/6/1,14:08:00,1,Collision with vehicle,4,Thursday,162,ACCIDENT OR BROKEN DOWN,1,790841,2,0,0,1,2,3,1,5,Not at intersection,3,70,Arterial Highway
T20230012751,2023/6/1,3:15:00,1,Collision with vehicle,4,Thursday,160,VEHICLE COLLIDES WITH VEHICLE PARKED ON LEFT OF ROAD,3,780592,2,0,0,1,0,1,1,5,Not at intersection,3,50,Local Road
T20230012852,2023/6/1,15:25:00,1,Collision with vehicle,5,Thursday,132,RIGHT REAR.,1,46494,2,0,0,1,2,3,2,2,T intersection,3,40,Local Road
T20230013060,2023/6/1,9:30:00,1,Collision with vehicle,4,Thursday,110,CROSS TRAFFIC(INTERSECTIONS ONLY),2,45247,2,0,0,1,1,2,2,1,Cross intersection,3,50,Local Road
T20230013010,2023/6/1,17:35:00,1,Collision with vehicle,4,Thursday,130,REAR END(VEHICLES IN SAME LANE),3,776363,2,0,0,2,2,4,1,5,Not at intersection,3,100,Freeway
T20230012760,2023/6/1,7:25:00,1,Collision with vehicle,4,Thursday,121,RIGHT THROUGH,1,775484,2,0,0,2,0,2,1,5,Not at intersection,3,50,Local Road
T20230012761,2023/6/1,6:45:00,1,Collision with vehicle,5,Thursday,160,VEHICLE COLLIDES WITH VEHICLE PARKED ON LEFT OF ROAD,2,782489,2,0,1,0,1,2,1,5,Not at intersection,2,50,Local Road
T20230012825,2023/6/1,17:34:00,1,Collision with vehicle,5,Thursday,110,CROSS TRAFFIC(INTERSECTIONS ONLY),2,339861,2,0,1,4,0,5,1,1,Cross intersection,2,100,Arterial Highway
T20230012762,2023/6/1,6:21:00,1,Collision with vehicle,4,Thursday,134,LANE CHANGE RIGHT (NOT OVERTAKING),2,795038,2,0,1,1,0,2,1,5,Not at intersection,2,100,Freeway
T20230012765,2023/6/1,8:50:00,1,Collision with vehicle,4,Thursday,130,REAR END(VEHICLES IN SAME LANE),1,775441,2,0,0,1,2,3,1,5,Not at intersection,3,80,Arterial Other
T20230012805,2023/6/1,13:20:00,1,Collision with vehicle,4,Thursday,110,CROSS TRAFFIC(INTERSECTIONS ONLY),1,30168,2,0,0,1,5,6,1,1,Cross intersection,3,40,Local Road
T20230012808,2023/6/1,13:54:00,1,Collision with vehicle,5,Thursday,130,REAR END(VEHICLES IN SAME LANE),1,775461,2,0,1,0,1,2,1,5,Not at intersection,2,80,Local Road
T20230012833,2023/6/1,18:40:00,2,Struck Pedestrian,4,Thursday,102,FAR SIDE. PED HIT BY VEHICLE FROM THE LEFT,9,783940,1,0,0,2,0,2,2,5,Not at intersection,3,50,Local Road
T20230012776,2023/6/1,8:00:00,1,Collision with vehicle,5,Thursday,134,LANE CHANGE RIGHT (NOT OVERTAKING),2,140180,2,0,1,0,1,2,1,5,Not at intersection,2,100,Freeway
T20230012778,2023/6/1,8:50:00,2,Struck Pedestrian,4,Thursday,102,FAR SIDE. PED HIT BY VEHICLE FROM THE LEFT,1,278545,1,0,1,0,1,2,1,1,Cross intersection,2,60,Arterial Other
T20230013073,2023/6/1,10:20:00,2,Struck Pedestrian,4,Thursday,106,VEH STRIKES PED ON FOOTPATH/MEDIAN/TRAFFIC ISLAND.,1,40362,1,0,0,1,1,2,2,2,T intersection,3,60,Local Road
T20230012836,2023/6/1,0:30:00,3,Struck animal,4,Thursday,167,STRUCK ANIMAL,5,775487,1,0,0,1,0,1,1,5,Not at intersection,3,80,Local Road
T20230015631,2023/6/1,11:49:00,1,Collision with vehicle,5,Thursday,130,REAR END(VEHICLES IN SAME LANE),1,336576,2,0,0,1,1,2,1,1,Cross intersection,3,80,Arterial Other
T20230013951,2023/6/1,7:45:00,1,Collision with vehicle,5,Thursday,130,REAR END(VEHICLES IN SAME LANE),1,776017,2,0,1,1,0,2,2,1,Cross intersection,2,60,Arterial Other
T20230012873,2023/6/1,16:53:00,1,Collision with vehicle,5,Thursday,121,RIGHT THROUGH,1,33698,2,0,0,3,0,3,1,1,Cross intersection,3,80,Arterial Highway
T20230012975,2023/6/1,16:10:00,4,Collision with a fixed object,4,Thursday,181,OFF RIGHT BEND INTO OBJECT/PARKED VEHICLE,2,791831,1,0,0,1,0,1,2,1,Cross intersection,3,100,
T20230012834,2023/6/1,19:18:00,1,Collision with vehicle,5,Thursday,150,HEAD ON(OVERTAKING),5,780275,2,1,0,0,2,3,1,5,Not at intersection,1,80,Arterial Other
T20230012816,2023/6/1,16:51:00,4,Collision with a fixed object,4,Thursday,171,LEFT OFF CARRIAGEWAY INTO OBJECT/PARKED VEHICLE,2,775648,1,0,0,1,1,2,1,1,Cross intersection,3,40,Local Road
T20230012798,2023/6/1,11:41:00,1,Collision with vehicle,5,Thursday,110,CROSS TRAFFIC(INTERSECTIONS ONLY),1,43715,2,0,1,1,0,2,1,1,Cross intersection,2,60,Local Road
T20230012781,2023/6/1,10:15:00,1,Collision with vehicle,4,Thursday,110,CROSS TRAFFIC(INTERSECTIONS ONLY),1,30008,2,0,0,2,0,2,1,1,Cross intersection,3,50,Arterial Other
T20230014894,2023/6/2,19:00:00,1,Collision with vehicle,5,Friday,110,CROSS TRAFFIC(INTERSECTIONS ONLY),3,73511,2,0,0,1,1,2,1,1,Cross intersection,3,60,Arterial Other
T20230014932,2023/6/2,16:58:00,1,Collision with vehicle,5,Friday,110,CROSS TRAFFIC(INTERSECTIONS ONLY),2,233917,2,0,0,1,1,2,1,1,Cross intersection,3,60,Local Road
T20230012868,2023/6/2,8:30:00,1,Collision with vehicle,5,Friday,110,CROSS TRAFFIC(INTERSECTIONS ONLY),2,38167,2,0,0,1,1,2,1,1,Cross intersection,3,60,Arterial Other
T20230012867,2023/6/2,9:00:00,1,Collision with vehicle,6,Friday,130,REAR END(VEHICLES IN SAME LANE),1,775526,2,0,1,1,1,3,1,5,Not at intersection,2,70,Arterial Other
T20230012866,2023/6/2,11:37:00,2,Struck Pedestrian,5,Friday,103,PED PLAYING/LYING/WORKING/STANDING ON CARRIAGEWAY.,1,50029,1,0,0,1,1,2,1,2,T intersection,3,40,Local Road
T20230012864,2023/6/2,9:00:00,1,Collision with vehicle,5,Friday,121,RIGHT THROUGH,2,338623,2,0,0,2,0,2,1,1,Cross intersection,3,60,Arterial Other
T20230012859,2023/6/2,8:00:00,1,Collision with vehicle,6,Friday,110,CROSS TRAFFIC(INTERSECTIONS ONLY),2,29807,2,0,1,0,1,2,2,1,Cross intersection,2,50,Local Road
T20230012854,2023/6/2,8:30:00,1,Collision with vehicle,6,Friday,130,REAR END(VEHICLES IN SAME LANE),2,352248,6,0,0,1,5,6,1,1,Cross intersection,3,80,Arterial Other
T20230012846,2023/6/2,6:50:00,1,Collision with vehicle,5,Friday,121,RIGHT THROUGH,1,35517,2,0,0,1,1,2,1,1,Cross intersection,3,60,Arterial Other
T20230012844,2023/6/2,6:20:00,2,Struck Pedestrian,5,Friday,102,FAR SIDE. PED HIT BY VEHICLE FROM THE LEFT,2,792221,1,0,0,1,1,2,1,5,Not at intersection,3,60,Arterial Highway
T20230012841,2023/6/2,2:10:00,1,Collision with vehicle,6,Friday,130,REAR END(VEHICLES IN SAME LANE),3,776355,2,0,0,1,2,3,1,5,Not at intersection,3,50,Local Road
T20230012838,2023/6/2,1:00:00,1,Collision with vehicle,6,Friday,160,VEHICLE COLLIDES WITH VEHICLE PARKED ON LEFT OF ROAD,3,776816,3,0,0,1,0,1,1,5,Not at intersection,3,60,Arterial Other
T20230013033,2023/6/2,17:57:00,1,Collision with vehicle,5,Friday,163,VEHICLE STRIKES DOOR OF PARKED/STATIONARY VEHICLE,3,776076,2,0,0,1,2,3,2,5,Not at intersection,3,40,Local Road
T20230012941,2023/6/2,22:54:00,8,No collision and no object struck,5,Friday,184,OUT OF CONTROL ON CARRIAGEWAY (ON BEND),3,778027,1,0,0,1,0,1,1,5,Not at intersection,3,60,Arterial Other
T20230012878,2023/6/2,12:10:00,1,Collision with vehicle,5,Friday,147,VEHICLE STRIKES ANOTHER VEH WHILE EMERGING FROM DRIVEWAY,1,775937,2,0,0,1,1,2,1,5,Not at intersection,3,60,Local Road
T20230025668,2023/6/2,17:30:00,3,Struck animal,5,Friday,167,STRUCK ANIMAL,2,787151,1,0,0,1,0,1,2,5,Not at intersection,3,100,
T20230013105,2023/6/2,11:00:00,1,Collision with vehicle,6,Friday,136,RIGHT TURN SIDESWIPE,1,776117,2,0,0,1,1,2,1,5,Not at intersection,3,50,Arterial Highway
T20230012943,2023/6/2,18:38:00,1,Collision with vehicle,6,Friday,140,U TURN,3,775528,2,0,0,1,1,2,1,2,T intersection,3,40,Local Road
T20230013162,2023/6/2,21:20:00,4,Collision with a fixed object,6,Friday,173,RIGHT OFF CARRIAGEWAY INTO OBJECT/PARKED VEHICLE,3,783459,1,0,1,0,0,1,1,5,Not at intersection,2,50,Local Road
T20230012888,2023/6/2,14:39:00,4,Collision with a fixed object,6,Friday,173,RIGHT OFF CARRIAGEWAY INTO OBJECT/PARKED VEHICLE,1,776252,1,0,1,0,0,1,1,5,Not at intersection,2,80,Freeway
T20230012925,2023/6/2,6:10:00,1,Collision with vehicle,6,Friday,160,VEHICLE COLLIDES WITH VEHICLE PARKED ON LEFT OF ROAD,2,781412,2,0,0,1,0,1,1,5,Not at intersection,3,50,Arterial Other
T20230012845,2023/6/2,7:45:00,2,Struck Pedestrian,6,Friday,102,FAR SIDE. PED HIT BY VEHICLE FROM THE LEFT,2,783249,1,0,1,0,1,2,1,2,T intersection,2,60,Local Road
T20230012927,2023/6/2,16:20:00,1,Collision with vehicle,6,Friday,131,LEFT REAR,1,775785,2,0,0,1,1,2,1,5,Not at intersection,3,80,Arterial Other
T20230012957,2023/6/2,17:15:00,1,Collision with vehicle,6,Friday,132,RIGHT REAR.,2,776628,2,0,0,1,1,2,2,5,Not at intersection,3,60,Arterial Highway
T20230012887,2023/6/2,14:42:00,1,Collision with vehicle,5,Friday,130,REAR END(VEHICLES IN SAME LANE),1,794142,2,0,0,1,2,3,1,5,Not at intersection,3,60,Arterial Other
T20230012904,2023/6/2,18:20:00,1,Collision with vehicle,6,Friday,135,LANE CHANGE LEFT (NOT OVERTAKING),2,783427,2,0,1,0,1,2,1,5,Not at intersection,2,60,Arterial Other
T20230016106,2023/6/2,21:44:00,1,Collision with vehicle,5,Friday,130,REAR END(VEHICLES IN SAME LANE),3,779421,2,0,0,1,1,2,2,5,Not at intersection,3,80,Arterial Highway
T20230012871,2023/6/2,8:54:00,1,Collision with vehicle,6,Friday,134,LANE CHANGE RIGHT (NOT OVERTAKING),1,250019,2,0,1,0,1,2,1,1,Cross intersection,2,60,Arterial Other
T20230015990,2023/6/2,23:15:00,1,Collision with vehicle,6,Friday,130,REAR END(VEHICLES IN SAME LANE),3,613586,2,0,0,1,1,2,2,1,Cross intersection,3,999,Arterial Other
T20230012869,2023/6/2,9:45:00,4,Collision with a fixed object,6,Friday,171,LEFT OFF CARRIAGEWAY INTO OBJECT/PARKED VEHICLE,1,794609,1,1,0,0,0,1,1,5,Not at intersection,1,100,Arterial Other
T20230012902,2023/6/2,17:05:00,1,Collision with vehicle,6,Friday,163,VEHICLE STRIKES DOOR OF PARKED/STATIONARY VEHICLE,3,239002,2,0,0,1,1,2,1,5,Not at intersection,3,40,Local Road
T20230012906,2023/6/2,18:10:00,2,Struck Pedestrian,5,Friday,106,VEH STRIKES PED ON FOOTPATH/MEDIAN/TRAFFIC ISLAND.,2,325897,1,0,0,1,1,2,1,1,Cross intersection,3,40,Arterial Highway
T20230012920,2023/6/2,13:45:00,1,Collision with vehicle,6,Friday,121,RIGHT THROUGH,1,356756,2,0,1,3,0,4,1,2,T intersection,2,70,Local Road
T20230012976,2023/6/2,12:15:00,1,Collision with vehicle,6,Friday,147,VEHICLE STRIKES ANOTHER VEH WHILE EMERGING FROM DRIVEWAY,9,779520,2,0,0,1,1,2,2,5,Not at intersection,3,999,Arterial Highway
T20230012918,2023/6/2,15:38:00,1,Collision with vehicle,6,Friday,130,REAR END(VEHICLES IN SAME LANE),1,670521,2,0,0,1,1,2,1,1,Cross intersection,3,60,Arterial Highway
T20230012930,2023/6/2,20:00:00,3,Struck animal,6,Friday,167,STRUCK ANIMAL,5,776253,1,0,0,1,0,1,1,5,Not at intersection,3,100,Local Road
T20230012901,2023/6/2,16:30:00,1,Collision with vehicle,5,Friday,163,VEHICLE STRIKES DOOR OF PARKED/STATIONARY VEHICLE,1,775491,2,0,0,1,1,2,1,5,Not at intersection,3,40,Arterial Other
T20230012900,2023/6/2,14:38:00,1,Collision with vehicle,5,Friday,130,REAR END(VEHICLES IN SAME LANE),1,790842,2,0,0,1,1,2,1,5,Not at intersection,3,80,Freeway
T20230012898,2023/6/2,16:40:00,1,Collision with vehicle,5,Friday,133,LANE SIDE SWIPE (VEHICLES IN PARALLEL LANES),2,775490,2,0,0,1,4,5,2,5,Not at intersection,3,60,Arterial Other
T20230012894,2023/6/2,14:30:00,1,Collision with vehicle,5,Friday,116,LEFT NEAR (INTERSECTIONS ONLY),1,42570,2,0,0,1,1,2,1,1,Cross intersection,3,60,Arterial Other
T20230012893,2023/6/2,15:06:00,2,Struck Pedestrian,6,Friday,100,PED NEAR SIDE. PED HIT BY VEHICLE FROM THE RIGHT.,1,57311,1,1,0,1,0,2,1,1,Cross intersection,1,60,Arterial Highway
T20230012958,2023/6/2,13:21:00,1,Collision with vehicle,5,Friday,171,LEFT OFF CARRIAGEWAY INTO OBJECT/PARKED VEHICLE,1,775948,3,0,0,1,2,3,1,5,Not at intersection,3,80,Arterial Highway
T20230013337,2023/6/2,16:00:00,1,Collision with vehicle,5,Friday,130,REAR END(VEHICLES IN SAME LANE),2,794137,3,0,0,1,4,5,1,5,Not at intersection,3,100,Freeway
T20230012912,2023/6/2,17:10:00,1,Collision with vehicle,6,Friday,130,REAR END(VEHICLES IN SAME LANE),3,775561,2,0,1,0,3,4,1,2,T intersection,2,50,Local Road
T20230012905,2023/6/2,13:44:00,1,Collision with vehicle,6,Friday,130,REAR END(VEHICLES IN SAME LANE),1,775650,4,0,0,2,6,8,1,5,Not at intersection,3,80,Arterial Other
T20230012922,2023/6/2,21:20:00,1,Collision with vehicle,6,Friday,110,CROSS TRAFFIC(INTERSECTIONS ONLY),3,788515,2,0,1,0,1,2,1,1,Cross intersection,2,60,
T20230012917,2023/6/2,16:25:00,1,Collision with vehicle,5,Friday,153,CUTTING IN (OVERTAKING),1,790843,2,0,1,0,1,2,1,1,Cross intersection,2,100,Arterial Other
T20230012892,2023/6/2,13:20:00,1,Collision with vehicle,6,Friday,130,REAR END(VEHICLES IN SAME LANE),1,794141,3,0,0,2,2,4,1,5,Not at intersection,3,100,Freeway
T20230013444,2023/6/2,5:15:00,1,Collision with vehicle,6,Friday,160,VEHICLE COLLIDES WITH VEHICLE PARKED ON LEFT OF ROAD,3,775773,2,0,0,1,1,2,2,5,Not at intersection,3,50,Local Road
T20230028121,2023/6/2,16:00:00,1,Collision with vehicle,5,Friday,129,OTHER OPPOSING MANOEUVRES NOT INCLUDED IN DCAs 120-125.,2,47032,2,0,0,1,1,2,2,3,Y intersection,3,50,Local Road
T20230013309,2023/6/2,6:08:00,8,No collision and no object struck,6,Friday,174,OUT OF CONTROL ON CARRIAGEWAY (ON STRAIGHT),2,777208,2,0,0,1,1,2,2,5,Not at intersection,3,999,Local Road
T20230012889,2023/6/2,13:00:00,7,Fall from or in moving vehicle,5,Friday,190,FELL IN/FROM VEHICLE,1,776203,1,0,0,1,0,1,1,2,T intersection,3,50,Local Road
T20230012939,2023/6/2,15:22:00,2,Struck Pedestrian,6,Friday,105,PED WALKING AGAINST TRAFFIC.,1,783250,2,0,1,0,1,2,1,5,Not at intersection,2,888,Local Road
T20230013083,2023/6/2,8:10:00,1,Collision with vehicle,5,Friday,113,RIGHT NEAR (INTERSECTIONS ONLY),2,39818,2,0,0,1,1,2,2,2,T intersection,3,60,Arterial Other
T20230012915,2023/6/2,18:00:00,1,Collision with vehicle,5,Friday,130,REAR END(VEHICLES IN SAME LANE),2,779315,3,0,0,2,1,3,1,5,Not at intersection,3,100,Freeway
T20230012940,2023/6/2,23:30:00,4,Collision with a fixed object,5,Friday,173,RIGHT OFF CARRIAGEWAY INTO OBJECT/PARKED VEHICLE,3,775575,1,0,1,0,0,1,1,5,Not at intersection,2,60,Arterial Other
T20230013006,2023/6/3,23:00:00,6,Vehicle overturned (no collision),6,Saturday,189,OTHER ACCIDENTS ON CURVE NOT INCLUDED IN DCAs 180-184,3,53204,1,0,0,2,2,4,1,1,Cross intersection,3,50,Local Road
T20230012999,2023/6/3,20:14:00,4,Collision with a fixed object,7,Saturday,181,OFF RIGHT BEND INTO OBJECT/PARKED VEHICLE,5,779628,1,0,0,1,0,1,1,5,Not at intersection,3,100,Arterial Other
T20230012997,2023/6/3,21:05:00,1,Collision with vehicle,6,Saturday,133,LANE SIDE SWIPE (VEHICLES IN PARALLEL LANES),3,792209,2,0,0,1,3,4,1,5,Not at intersection,3,80,Arterial Other
T20230012996,2023/6/3,8:40:00,1,Collision with vehicle,6,Saturday,121,RIGHT THROUGH,1,39239,2,0,0,1,2,3,1,2,T intersection,3,60,Arterial Other
T20230012994,2023/6/3,19:44:00,1,Collision with vehicle,6,Saturday,160,VEHICLE COLLIDES WITH VEHICLE PARKED ON LEFT OF ROAD,3,779031,2,0,0,1,0,1,1,5,Not at intersection,3,50,Local Road
T20230012988,2023/6/3,14:40:00,1,Collision with vehicle,7,Saturday,162,ACCIDENT OR BROKEN DOWN,1,783257,2,0,1,0,0,1,1,5,Not at intersection,2,50,Local Road
T20230012983,2023/6/3,17:50:00,1,Collision with vehicle,6,Saturday,110,CROSS TRAFFIC(INTERSECTIONS ONLY),2,793820,2,0,0,1,1,2,1,1,Cross intersection,3,60,
T20230012977,2023/6/3,13:40:00,4,Collision with a fixed object,6,Saturday,181,OFF RIGHT BEND INTO OBJECT/PARKED VEHICLE,1,783464,1,0,0,1,0,1,1,4,Multiple intersection,3,100,Arterial Other
T20230012989,2023/6/3,18:00:00,4,Collision with a fixed object,6,Saturday,171,LEFT OFF CARRIAGEWAY INTO OBJECT/PARKED VEHICLE,2,775541,1,0,0,2,0,2,1,5,Not at intersection,3,40,Local Road
T20230012956,2023/6/3,11:40:00,4,Collision with a fixed object,7,Saturday,179,OTHER ACCIDENTS-OFF STRAIGHT NOT INCLUDED IN DCAs 170-175,1,726803,1,0,0,3,0,3,1,1,Cross intersection,3,60,Arterial Other
T20230014452,2023/6/3,13:30:00,7,Fall from or in moving vehicle,6,Saturday,190,FELL IN/FROM VEHICLE,1,776224,1,0,0,1,0,1,2,5,Not at intersection,3,999,Local Road
T20230012945,2023/6/3,7:11:00,1,Collision with vehicle,7,Saturday,113,RIGHT NEAR (INTERSECTIONS ONLY),2,65472,2,0,1,1,1,3,1,2,T intersection,2,100,Arterial Other
T20230016067,2023/6/3,13:57:00,1,Collision with vehicle,6,Saturday,129,OTHER OPPOSING MANOEUVRES NOT INCLUDED IN DCAs 120-125.,9,783260,2,0,0,1,1,2,2,5,Not at intersection,3,999,Local Road
T20230018070,2023/6/3,20:00:00,1,Collision with vehicle,6,Saturday,160,VEHICLE COLLIDES WITH VEHICLE PARKED ON LEFT OF ROAD,9,779782,2,0,0,1,0,1,2,5,Not at intersection,3,50,Local Road
T20230012936,2023/6/3,2:54:00,1,Collision with vehicle,7,Saturday,110,CROSS TRAFFIC(INTERSECTIONS ONLY),3,234609,2,0,1,2,0,3,1,1,Cross intersection,2,80,Arterial Highway
T20230013884,2023/6/3,16:00:00,1,Collision with vehicle,6,Saturday,110,CROSS TRAFFIC(INTERSECTIONS ONLY),2,44585,2,0,0,1,1,2,1,1,Cross intersection,3,60,Arterial Other
T20230012962,2023/6/3,12:19:00,7,Fall from or in moving vehicle,6,Saturday,190,FELL IN/FROM VEHICLE,1,742518,1,0,0,1,0,1,1,5,Not at intersection,3,30,Arterial Other
T20230018390,2023/6/3,14:30:00,7,Fall from or in moving vehicle,6,Saturday,190,FELL IN/FROM VEHICLE,1,783575,1,0,0,1,0,1,2,5,Not at intersection,3,999,Local Road
T20230013093,2023/6/3,23:33:00,3,Struck animal,6,Saturday,167,STRUCK ANIMAL,5,775713,1,0,0,1,0,1,1,5,Not at intersection,3,80,Arterial Other
T20230012944,2023/6/3,7:31:00,7,Fall from or in moving vehicle,7,Saturday,190,FELL IN/FROM VEHICLE,2,35986,1,0,1,0,0,1,1,1,Cross intersection,2,40,Local Road
T20230012959,2023/6/3,11:44:00,1,Collision with vehicle,6,Saturday,111,RIGHT FAR (INTERSECTIONS ONLY),1,42704,3,0,0,1,2,3,1,3,Y intersection,3,60,Arterial Other
T20230012974,2023/6/3,10:30:00,6,Vehicle overturned (no collision),7,Saturday,184,OUT OF CONTROL ON CARRIAGEWAY (ON BEND),1,775531,1,0,1,0,0,1,1,3,Y intersection,2,100,Arterial Other
T20230014432,2023/6/3,13:45:00,1,Collision with vehicle,6,Saturday,111,RIGHT FAR (INTERSECTIONS ONLY),1,776666,2,0,0,1,2,3,2,2,T intersection,3,50,Local Road
T20230017800,2023/6/3,18:28:00,4,Collision with a fixed object,6,Saturday,179,OTHER ACCIDENTS-OFF STRAIGHT NOT INCLUDED IN DCAs 170-175,2,779160,1,0,0,1,0,1,1,5,Not at intersection,3,40,Arterial Highway
T20230013072,2023/6/3,6:50:00,4,Collision with a fixed object,7,Saturday,173,RIGHT OFF CARRIAGEWAY INTO OBJECT/PARKED VEHICLE,2,775654,1,0,0,1,0,1,2,5,Not at intersection,3,110,Freeway
T20230012935,2023/6/3,2:53:00,4,Collision with a fixed object,6,Saturday,173,RIGHT OFF CARRIAGEWAY INTO OBJECT/PARKED VEHICLE,3,783270,1,0,1,0,0,1,1,5,Not at intersection,2,80,Arterial Other
T20230012961,2023/6/3,11:40:00,7,Fall from or in moving vehicle,6,Saturday,190,FELL IN/FROM VEHICLE,1,775529,1,0,0,1,0,1,1,5,Not at intersection,3,40,Arterial Other
T20230013724,2023/6/3,11:45:00,1,Collision with vehicle,6,Saturday,130,REAR END(VEHICLES IN SAME LANE),9,775954,3,0,0,1,2,3,2,5,Not at intersection,3,999,Arterial Other
T20230012938,2023/6/3,3:10:00,4,Collision with a fixed object,6,Saturday,173,RIGHT OFF CARRIAGEWAY INTO OBJECT/PARKED VEHICLE,5,783457,1,0,0,1,0,1,1,5,Not at intersection,3,100,Local Road
T20230013296,2023/6/4,17:10:00,4,Collision with a fixed object,0,Sunday,173,RIGHT OFF CARRIAGEWAY INTO OBJECT/PARKED VEHICLE,2,783465,1,0,0,1,0,1,1,5,Not at intersection,3,90,Freeway
T20230014293,2023/6/4,15:30:00,7,Fall from or in moving vehicle,0,Sunday,190,FELL IN/FROM VEHICLE,9,783573,1,0,0,1,0,1,2,5,Not at intersection,3,80,Local Road
T20230013008,2023/6/4,0:29:00,1,Collision with vehicle,1,Sunday,130,REAR END(VEHICLES IN SAME LANE),3,775562,2,0,0,1,1,2,1,5,Not at intersection,3,50,Local Road
T20230013016,2023/6/4,6:38:00,1,Collision with vehicle,0,Sunday,120,HEAD ON (NOT OVERTAKING),5,776386,2,0,0,1,1,2,1,1,Cross intersection,3,80,Local Road
T20230013017,2023/6/4,9:45:00,1,Collision with vehicle,1,Sunday,140,U TURN,1,776133,2,0,1,1,2,4,1,5,Not at intersection,2,80,Arterial Highway
T20230013021,2023/6/4,4:20:00,4,Collision with a fixed object,1,Sunday,175,OFF END OF ROAD/T-INTERSECTION.,3,778081,1,1,0,0,0,1,1,4,Multiple intersection,1,60,Arterial Other
T20230013024,2023/6/4,11:50:00,6,Vehicle overturned (no collision),0,Sunday,170,OFF CARRIAGEWAY TO LEFT,1,775563,1,0,0,1,0,1,1,5,Not at intersection,3,80,Local Road
T20230013026,2023/6/4,9:30:00,2,Struck Pedestrian,1,Sunday,102,FAR SIDE. PED HIT BY VEHICLE FROM THE LEFT,1,779306,1,0,0,1,1,2,2,2,T intersection,3,999,Local Road
T20230013034,2023/6/4,15:30:00,1,Collision with vehicle,1,Sunday,130,REAR END(VEHICLES IN SAME LANE),1,776478,2,0,0,1,4,5,1,5,Not at intersection,3,110,Freeway
T20230013036,2023/6/4,15:18:00,1,Collision with vehicle,1,Sunday,130,REAR END(VEHICLES IN SAME LANE),1,776272,4,0,1,2,2,5,1,5,Not at intersection,2,80,Freeway
T20230013037,2023/6/4,15:25:00,1,Collision with vehicle,1,Sunday,130,REAR END(VEHICLES IN SAME LANE),1,775767,4,0,1,2,5,8,1,5,Not at intersection,2,80,Freeway