ACCIDENT_NO,ACCIDENT_DATE,ACCIDENT_TIME,ACCIDENT_TYPE,ACCIDENT_TYPE_DESC,DAY_OF_WEEK,DAY_WEEK_DESC,DCA_CODE,DCA_DESC,LIGHT_CONDITION,NODE_ID,NO_OF_VEHICLES,NO_PERSONS_KILLED,NO_PERSONS_INJ_2,NO_PERSONS_INJ_3,NO_PERSONS_NOT_INJ,NO_PERSONS,POLICE_ATTEND,ROAD_GEOMETRY,ROAD_GEOMETRY_DESC,SEVERITY,SPEED_ZONE,RMA
T20230013133,2023/6/4,23:00:00,6,Vehicle overturned (no collision),0,Sunday,151,OUT OF CONTROL (OVERTAKING),3,777472,1,0,0,1,0,1,1,5,Not at intersection,3,40,Local Road
T20230013115,2023/6/4,15:30:00,1,Collision with vehicle,1,Sunday,130,REAR END(VEHICLES IN SAME LANE),1,776316,2,0,0,1,1,2,2,5,Not at intersection,3,60,Local Road
T20230013042,2023/6/4,15:55:00,1,Collision with vehicle,1,Sunday,173,RIGHT OFF CARRIAGEWAY INTO OBJECT/PARKED VEHICLE,1,799858,2,0,1,0,0,1,1,1,Cross intersection,2,50,Local Road
T20230013044,2023/6/4,17:48:00,1,Collision with vehicle,0,Sunday,110,CROSS TRAFFIC(INTERSECTIONS ONLY),2,45249,2,0,0,1,1,2,2,1,Cross intersection,3,50,Local Road
T20230013045,2023/6/4,17:50:00,2,Struck Pedestrian,0,Sunday,101,PED EMERGES FROM IN FRONT OF PARKED OR STATIONARY VEHICLE,3,775949,1,0,1,0,3,4,1,2,T intersection,2,40,Arterial Other
T20230013046,2023/6/4,17:07:00,8,No collision and no object struck,1,Sunday,189,OTHER ACCIDENTS ON CURVE NOT INCLUDED IN DCAs 180-184,2,277037,1,0,0,1,0,1,1,2,T intersection,3,100,Local Road
T20230013048,2023/6/4,17:22:00,1,Collision with vehicle,1,Sunday,135,LANE CHANGE LEFT (NOT OVERTAKING),2,777422,2,0,2,5,0,7,1,5,Not at intersection,2,70,Arterial Other
T20230013049,2023/6/4,16:29:00,1,Collision with vehicle,1,Sunday,120,HEAD ON (NOT OVERTAKING),1,775967,2,0,0,2,0,2,1,5,Not at intersection,3,100,Arterial Other
T20230013053,2023/6/4,16:10:00,1,Collision with vehicle,1,Sunday,130,REAR END(VEHICLES IN SAME LANE),1,35345,2,0,1,0,3,4,1,1,Cross intersection,2,80,Arterial Highway
T20230016320,2023/6/4,12:00:00,4,Collision with a fixed object,0,Sunday,171,LEFT OFF CARRIAGEWAY INTO OBJECT/PARKED VEHICLE,1,791844,1,0,0,1,0,1,1,5,Not at intersection,3,80,Local Road
T20230013055,2023/6/4,21:20:00,1,Collision with vehicle,1,Sunday,120,HEAD ON (NOT OVERTAKING),5,778615,2,0,2,0,0,2,1,5,Not at intersection,2,60,Arterial Other
T20230013086,2023/6/4,18:25:00,4,Collision with a fixed object,1,Sunday,171,LEFT OFF CARRIAGEWAY INTO OBJECT/PARKED VEHICLE,5,775656,1,0,1,0,1,2,1,5,Not at intersection,2,100,Arterial Highway
T20230013101,2023/6/4,17:30:00,1,Collision with vehicle,0,Sunday,130,REAR END(VEHICLES IN SAME LANE),2,794144,2,0,0,1,1,2,2,5,Not at intersection,3,60,
T20230014387,2023/6/5,6:00:00,3,Struck animal,1,Monday,167,STRUCK ANIMAL,1,776322,1,0,1,0,0,1,2,5,Not at intersection,2,60,Local Road
T20230013779,2023/6/5,7:00:00,1,Collision with vehicle,1,Monday,110,CROSS TRAFFIC(INTERSECTIONS ONLY),2,44300,3,0,0,1,2,3,1,1,Cross intersection,3,999,Local Road
T20230015386,2023/6/5,6:20:00,1,Collision with vehicle,1,Monday,130,REAR END(VEHICLES IN SAME LANE),2,777012,2,0,0,1,1,2,2,5,Not at intersection,3,80,Freeway
T20230013443,2023/6/5,7:10:00,1,Collision with vehicle,1,Monday,110,CROSS TRAFFIC(INTERSECTIONS ONLY),2,684350,2,0,0,1,1,2,2,1,Cross intersection,3,40,Local Road
T20230013100,2023/6/5,14:00:00,7,Fall from or in moving vehicle,1,Monday,190,FELL IN/FROM VEHICLE,1,775658,1,0,0,1,0,1,1,5,Not at intersection,3,40,Local Road
T20230013157,2023/6/5,14:50:00,6,Vehicle overturned (no collision),2,Monday,179,OTHER ACCIDENTS-OFF STRAIGHT NOT INCLUDED IN DCAs 170-175,1,775830,1,0,0,1,0,1,2,5,Not at intersection,3,100,Local Road
T20230013149,2023/6/5,16:15:00,1,Collision with vehicle,2,Monday,111,RIGHT FAR (INTERSECTIONS ONLY),2,43716,2,0,0,1,1,2,2,1,Cross intersection,3,60,Local Road
T20230013091,2023/6/5,12:06:00,1,Collision with vehicle,1,Monday,110,CROSS TRAFFIC(INTERSECTIONS ONLY),1,66503,2,0,0,1,1,2,1,1,Cross intersection,3,50,Local Road
T20230015961,2023/6/5,15:20:00,1,Collision with vehicle,2,Monday,110,CROSS TRAFFIC(INTERSECTIONS ONLY),1,70484,2,0,1,0,1,2,2,1,Cross intersection,2,999,Arterial Other
T20230013076,2023/6/5,9:15:00,1,Collision with vehicle,2,Monday,130,REAR END(VEHICLES IN SAME LANE),1,776375,2,0,1,1,0,2,1,5,Not at intersection,2,60,Arterial Other
T20230013400,2023/6/5,20:20:00,1,Collision with vehicle,1,Monday,139,OTHER SAME DIRECTION-MANOUEVRES NOT INCLUDED IN DCAs 130-137,6,775768,2,0,0,1,2,3,2,2,T intersection,3,999,Arterial Other
T20230013074,2023/6/5,9:40:00,1,Collision with vehicle,1,Monday,113,RIGHT NEAR (INTERSECTIONS ONLY),1,780417,2,0,0,1,1,2,1,2,T intersection,3,60,Arterial Other
T20230013069,2023/6/5,8:45:00,1,Collision with vehicle,2,Monday,121,RIGHT THROUGH,1,775653,2,0,1,0,1,2,1,5,Not at intersection,2,60,Arterial Other
T20230013065,2023/6/5,6:32:00,1,Collision with vehicle,2,Monday,130,REAR END(VEHICLES IN SAME LANE),5,775923,2,0,1,0,1,2,1,5,Not at intersection,2,100,Freeway
T20230013178,2023/6/5,19:30:00,1,Collision with vehicle,2,Monday,131,LEFT REAR,6,793095,2,0,1,0,1,2,2,2,T intersection,2,999,
T20230013549,2023/6/5,15:45:00,1,Collision with vehicle,2,Monday,130,REAR END(VEHICLES IN SAME LANE),1,775952,3,0,0,2,3,5,1,5,Not at intersection,3,80,Arterial Other
T20230013106,2023/6/5,13:45:00,1,Collision with vehicle,1,Monday,160,VEHICLE COLLIDES WITH VEHICLE PARKED ON LEFT OF ROAD,1,781833,2,0,0,1,0,1,1,5,Not at intersection,3,50,Local Road
T20230022028,2023/6/5,5:30:00,2,Struck Pedestrian,1,Monday,109,ANY MANOEUVRE INVOLVING PED NOT INCLUDED IN DCAs 100-108.,9,36990,1,0,1,0,1,2,2,1,Cross intersection,2,999,Local Road
T20230013109,2023/6/5,15:30:00,1,Collision with vehicle,1,Monday,121,RIGHT THROUGH,1,222047,2,0,0,1,2,3,1,3,Y intersection,3,50,Freeway
T20230013110,2023/6/5,16:14:00,1,Collision with vehicle,1,Monday,130,REAR END(VEHICLES IN SAME LANE),2,775660,3,0,0,1,3,4,1,2,T intersection,3,60,Arterial Other
T20230013118,2023/6/5,15:02:00,1,Collision with vehicle,2,Monday,130,REAR END(VEHICLES IN SAME LANE),1,776940,5,0,3,2,4,9,1,5,Not at intersection,2,80,Arterial Highway
T20230013123,2023/6/5,17:30:00,1,Collision with vehicle,2,Monday,120,HEAD ON (NOT OVERTAKING),2,777151,3,0,1,3,1,5,1,5,Not at intersection,2,80,Local Road
T20230013126,2023/6/5,18:00:00,1,Collision with vehicle,2,Monday,113,RIGHT NEAR (INTERSECTIONS ONLY),2,49146,3,0,1,0,2,3,1,2,T intersection,2,70,Local Road
T20230013127,2023/6/5,19:43:00,1,Collision with vehicle,2,Monday,136,RIGHT TURN SIDESWIPE,3,775938,2,0,1,0,1,2,1,5,Not at intersection,2,50,Local Road
T20230019939,2023/6/5,12:07:00,1,Collision with vehicle,1,Monday,130,REAR END(VEHICLES IN SAME LANE),1,794146,2,0,0,1,1,2,1,5,Not at intersection,3,60,Arterial Other
T20230013278,2023/6/5,8:20:00,1,Collision with vehicle,1,Monday,130,REAR END(VEHICLES IN SAME LANE),2,776205,2,0,0,1,1,2,2,5,Not at intersection,3,60,Arterial Other
T20230013128,2023/6/5,20:10:00,1,Collision with vehicle,2,Monday,110,CROSS TRAFFIC(INTERSECTIONS ONLY),3,47705,3,0,2,1,4,7,1,1,Cross intersection,2,60,Arterial Highway
T20230013818,2023/6/5,13:00:00,2,Struck Pedestrian,2,Monday,100,PED NEAR SIDE. PED HIT BY VEHICLE FROM THE RIGHT.,1,783245,2,0,0,1,1,2,2,5,Not at intersection,3,40,Arterial Other
T20230013277,2023/6/5,8:00:00,1,Collision with vehicle,1,Monday,160,VEHICLE COLLIDES WITH VEHICLE PARKED ON LEFT OF ROAD,2,38790,2,0,0,1,1,2,2,2,T intersection,3,999,Local Road
T20230014611,2023/6/5,6:30:00,1,Collision with vehicle,1,Monday,130,REAR END(VEHICLES IN SAME LANE),2,794147,2,0,0,1,1,2,2,5,Not at intersection,3,100,Freeway
T20230013129,2023/6/5,13:40:00,1,Collision with vehicle,1,Monday,131,LEFT REAR,1,44312,2,0,0,1,1,2,2,1,Cross intersection,3,80,Arterial Other
T20230013188,2023/6/5,17:49:00,1,Collision with vehicle,2,Monday,113,RIGHT NEAR (INTERSECTIONS ONLY),2,792233,2,0,0,1,1,2,1,2,T intersection,3,60,
T20230013952,2023/6/5,11:04:00,1,Collision with vehicle,2,Monday,130,REAR END(VEHICLES IN SAME LANE),1,776018,2,0,0,1,1,2,1,2,T intersection,3,60,Arterial Highway
T20230013130,2023/6/5,12:15:00,1,Collision with vehicle,2,Monday,130,REAR END(VEHICLES IN SAME LANE),1,776479,3,0,0,1,6,7,1,5,Not at intersection,3,50,Local Road
T20230013131,2023/6/5,18:15:00,1,Collision with vehicle,2,Monday,121,RIGHT THROUGH,3,60979,3,0,1,0,2,3,1,2,T intersection,2,50,Local Road
T20230028919,2023/6/5,7:56:00,2,Struck Pedestrian,1,Monday,102,FAR SIDE. PED HIT BY VEHICLE FROM THE LEFT,2,796771,1,0,0,1,1,2,1,5,Not at intersection,3,60,Arterial Highway
T20230019358,2023/6/5,15:30:00,1,Collision with vehicle,1,Monday,130,REAR END(VEHICLES IN SAME LANE),1,794149,2,0,0,1,1,2,1,5,Not at intersection,3,80,Arterial Other
T20230013345,2023/6/5,17:45:00,1,Collision with vehicle,2,Monday,116,LEFT NEAR (INTERSECTIONS ONLY),2,73656,2,0,0,2,2,4,2,1,Cross intersection,3,60,Local Road
T20230013342,2023/6/5,18:30:00,8,No collision and no object struck,2,Monday,149,OTHER MANOEUVRING NOT INCLUDED IN DCAs 140-148,2,29596,1,0,1,0,0,1,2,1,Cross intersection,2,999,Arterial Other
T20230013137,2023/6/5,16:20:00,4,Collision with a fixed object,1,Monday,173,RIGHT OFF CARRIAGEWAY INTO OBJECT/PARKED VEHICLE,2,783265,1,0,1,1,0,2,1,5,Not at intersection,2,80,Arterial Other
T20230013095,2023/6/5,9:00:00,1,Collision with vehicle,2,Monday,130,REAR END(VEHICLES IN SAME LANE),2,17631,2,0,0,1,1,2,1,3,Y intersection,3,60,Arterial Other
T20230013097,2023/6/5,7:00:00,1,Collision with vehicle,2,Monday,130,REAR END(VEHICLES IN SAME LANE),2,776346,3,0,0,3,0,3,1,5,Not at intersection,3,100,Freeway
T20230013103,2023/6/5,6:40:00,1,Collision with vehicle,2,Monday,110,CROSS TRAFFIC(INTERSECTIONS ONLY),5,783268,2,0,4,0,0,4,1,1,Cross intersection,2,100,Local Road
T20240003600,2023/6/5,8:20:00,4,Collision with a fixed object,2,Monday,171,LEFT OFF CARRIAGEWAY INTO OBJECT/PARKED VEHICLE,1,798135,1,0,0,1,0,1,1,5,Not at intersection,3,100,Freeway
T20230013882,2023/6/6,21:00:00,1,Collision with vehicle,3,Tuesday,121,RIGHT THROUGH,3,777850,2,0,1,0,1,2,1,1,Cross intersection,2,80,Arterial Other
T20230017289,2023/6/6,8:35:00,1,Collision with vehicle,2,Tuesday,130,REAR END(VEHICLES IN SAME LANE),2,56741,4,0,0,1,3,4,2,1,Cross intersection,3,80,Local Road
T20230015741,2023/6/6,11:00:00,1,Collision with vehicle,2,Tuesday,121,RIGHT THROUGH,1,646536,2,0,0,1,1,2,1,5,Not at intersection,3,60,Arterial Other
T20230013153,2023/6/6,7:00:00,1,Collision with vehicle,2,Tuesday,130,REAR END(VEHICLES IN SAME LANE),1,775714,3,0,0,1,2,3,1,5,Not at intersection,3,80,Freeway
T20230013154,2023/6/6,10:10:00,4,Collision with a fixed object,2,Tuesday,171,LEFT OFF CARRIAGEWAY INTO OBJECT/PARKED VEHICLE,1,795037,1,0,1,0,0,1,1,5,Not at intersection,2,50,Local Road
T20230013191,2023/6/6,16:34:00,1,Collision with vehicle,3,Tuesday,135,LANE CHANGE LEFT (NOT OVERTAKING),2,37026,2,0,0,1,1,2,1,1,Cross intersection,3,40,Local Road
T20230013192,2023/6/6,7:30:00,1,Collision with vehicle,3,Tuesday,136,RIGHT TURN SIDESWIPE,2,775662,2,0,1,0,1,2,2,5,Not at intersection,2,40,Local Road
T20230013160,2023/6/6,7:00:00,2,Struck Pedestrian,3,Tuesday,106,VEH STRIKES PED ON FOOTPATH/MEDIAN/TRAFFIC ISLAND.,2,776204,1,0,1,0,1,2,1,2,T intersection,2,60,Local Road
T20230014961,2023/6/6,8:00:00,1,Collision with vehicle,2,Tuesday,111,RIGHT FAR (INTERSECTIONS ONLY),2,50452,2,0,0,1,1,2,1,1,Cross intersection,3,40,Local Road
T20230013163,2023/6/6,11:26:00,1,Collision with vehicle,2,Tuesday,150,HEAD ON(OVERTAKING),1,1070,2,0,0,1,2,3,1,2,T intersection,3,60,Arterial Highway
T20230013172,2023/6/6,12:27:00,1,Collision with vehicle,2,Tuesday,130,REAR END(VEHICLES IN SAME LANE),1,777474,2,0,0,1,0,1,1,9,Unknown,3,80,Arterial Highway
T20230013174,2023/6/6,6:20:00,1,Collision with vehicle,2,Tuesday,130,REAR END(VEHICLES IN SAME LANE),2,777705,2,0,0,2,0,2,2,5,Not at intersection,3,80,Arterial Other
T20230013176,2023/6/6,14:20:00,1,Collision with vehicle,2,Tuesday,112,LEFT FAR (INTERSECTIONS ONLY),1,779770,2,0,0,1,1,2,1,1,Cross intersection,3,80,Arterial Other
T20230013193,2023/6/6,15:50:00,1,Collision with vehicle,2,Tuesday,136,RIGHT TURN SIDESWIPE,1,776480,2,0,0,1,1,2,1,5,Not at intersection,3,100,Arterial Other
T20230013194,2023/6/6,17:36:00,1,Collision with vehicle,3,Tuesday,113,RIGHT NEAR (INTERSECTIONS ONLY),2,780421,2,0,0,1,1,2,1,2,T intersection,3,60,Arterial Other
T20230013183,2023/6/6,14:45:00,4,Collision with a fixed object,2,Tuesday,141,U TURN INTO FIXED OBJECT/PARKED VEHICLE,1,791066,1,0,0,1,0,1,1,5,Not at intersection,3,50,Local Road
T20230013397,2023/6/6,19:00:00,3,Struck animal,2,Tuesday,167,STRUCK ANIMAL,2,783376,1,0,0,1,0,1,1,5,Not at intersection,3,100,Arterial Highway
T20230013196,2023/6/6,17:55:00,1,Collision with vehicle,3,Tuesday,130,REAR END(VEHICLES IN SAME LANE),2,777098,3,0,0,3,2,5,1,2,T intersection,3,80,Arterial Highway
T20230013944,2023/6/6,11:00:00,1,Collision with vehicle,2,Tuesday,133,LANE SIDE SWIPE (VEHICLES IN PARALLEL LANES),1,792207,2,0,0,1,1,2,1,5,Not at intersection,3,80,Arterial Highway
T20230013207,2023/6/6,22:14:00,1,Collision with vehicle,3,Tuesday,140,U TURN,3,775730,2,0,1,1,0,2,1,5,Not at intersection,2,50,Arterial Other
T20230013208,2023/6/6,23:30:00,4,Collision with a fixed object,3,Tuesday,181,OFF RIGHT BEND INTO OBJECT/PARKED VEHICLE,5,783456,1,0,0,2,0,2,1,5,Not at intersection,3,80,Local Road
T20230013202,2023/6/6,19:30:00,1,Collision with vehicle,3,Tuesday,110,CROSS TRAFFIC(INTERSECTIONS ONLY),5,17552,2,0,2,1,0,3,2,1,Cross intersection,2,60,Arterial Highway
T20230013197,2023/6/6,16:30:00,2,Struck Pedestrian,3,Tuesday,102,FAR SIDE. PED HIT BY VEHICLE FROM THE LEFT,2,783248,1,0,1,0,1,2,1,5,Not at intersection,2,60,Local Road
T20230013148,2023/6/6,8:55:00,1,Collision with vehicle,3,Tuesday,110,CROSS TRAFFIC(INTERSECTIONS ONLY),2,778450,2,0,0,1,1,2,1,1,Cross intersection,3,100,Local Road
T20230013145,2023/6/6,7:37:00,1,Collision with vehicle,2,Tuesday,113,RIGHT NEAR (INTERSECTIONS ONLY),1,297478,2,0,1,0,1,2,1,2,T intersection,2,70,Freeway
T20230015637,2023/6/6,19:30:00,1,Collision with vehicle,2,Tuesday,130,REAR END(VEHICLES IN SAME LANE),9,211805,2,0,0,1,1,2,2,5,Not at intersection,3,60,Arterial Other
T20230014205,2023/6/6,18:40:00,1,Collision with vehicle,3,Tuesday,130,REAR END(VEHICLES IN SAME LANE),3,776058,3,0,0,1,2,3,1,5,Not at intersection,3,100,Freeway
T20230013517,2023/6/6,17:45:00,1,Collision with vehicle,2,Tuesday,130,REAR END(VEHICLES IN SAME LANE),2,779629,2,0,0,6,1,7,2,5,Not at intersection,3,100,Freeway
T20230013239,2023/6/7,12:35:00,1,Collision with vehicle,4,Wednesday,120,HEAD ON (NOT OVERTAKING),1,776653,2,0,1,1,1,3,1,5,Not at intersection,2,60,Local Road
T20230013422,2023/6/7,22:00:00,1,Collision with vehicle,3,Wednesday,110,CROSS TRAFFIC(INTERSECTIONS ONLY),3,721206,2,0,0,1,1,2,2,1,Cross intersection,3,60,Local Road
T20230013340,2023/6/7,18:20:00,2,Struck Pedestrian,4,Wednesday,100,PED NEAR SIDE. PED HIT BY VEHICLE FROM THE RIGHT.,2,43444,1,0,0,1,2,3,2,1,Cross intersection,3,40,Arterial Highway
T20230013282,2023/6/7,19:25:00,2,Struck Pedestrian,3,Wednesday,102,FAR SIDE. PED HIT BY VEHICLE FROM THE LEFT,3,39944,1,0,1,0,1,2,1,1,Cross intersection,2,60,Arterial Other
T20230013271,2023/6/7,18:19:00,2,Struck Pedestrian,4,Wednesday,102,FAR SIDE. PED HIT BY VEHICLE FROM THE LEFT,2,776799,1,0,2,0,0,2,1,5,Not at intersection,2,70,Arterial Highway
T20230013338,2023/6/7,21:15:00,1,Collision with vehicle,3,Wednesday,137,LEFT TURN SIDESWIPE,3,783443,2,0,0,1,1,2,2,5,Not at intersection,3,40,Arterial Highway
T20230013232,2023/6/7,7:12:00,1,Collision with vehicle,4,Wednesday,121,RIGHT THROUGH,2,40639,2,0,1,0,2,3,1,2,T intersection,2,60,Local Road
T20230013218,2023/6/7,8:00:00,1,Collision with vehicle,4,Wednesday,113,RIGHT NEAR (INTERSECTIONS ONLY),2,52237,2,0,0,2,0,2,2,3,Y intersection,3,60,Arterial Other
T20230013275,2023/6/7,17:40:00,2,Struck Pedestrian,3,Wednesday,100,PED NEAR SIDE. PED HIT BY VEHICLE FROM THE RIGHT.,2,776135,1,0,0,1,1,2,1,5,Not at intersection,3,60,Arterial Other
T20230013257,2023/6/7,14:17:00,1,Collision with vehicle,3,Wednesday,111,RIGHT FAR (INTERSECTIONS ONLY),1,775939,2,0,0,1,1,2,1,2,T intersection,3,80,Arterial Other
T20230013472,2023/6/7,22:05:00,3,Struck animal,4,Wednesday,167,STRUCK ANIMAL,5,775828,1,0,2,0,0,2,1,5,Not at intersection,2,100,Arterial Other
T20230016300,2023/6/7,0:05:00,8,No collision and no object struck,4,Wednesday,151,OUT OF CONTROL (OVERTAKING),6,258748,1,0,0,1,0,1,2,2,T intersection,3,60,Local Road
T20230019913,2023/6/7,18:10:00,1,Collision with vehicle,3,Wednesday,111,RIGHT FAR (INTERSECTIONS ONLY),2,330945,2,0,0,1,1,2,1,2,T intersection,3,80,Arterial Other
T20230013852,2023/6/7,8:05:00,1,Collision with vehicle,4,Wednesday,116,LEFT NEAR (INTERSECTIONS ONLY),2,776617,3,0,0,1,2,3,1,1,Cross intersection,3,60,Arterial Other
T20230013223,2023/6/7,9:10:00,2,Struck Pedestrian,4,Wednesday,100,PED NEAR SIDE. PED HIT BY VEHICLE FROM THE RIGHT.,1,775744,1,0,0,3,1,4,1,2,T intersection,3,50,Arterial Highway
T20230013866,2023/6/7,6:00:00,1,Collision with vehicle,3,Wednesday,140,U TURN,2,776350,2,0,0,1,1,2,1,1,Cross intersection,3,80,Local Road
T20230013220,2023/6/7,8:30:00,1,Collision with vehicle,4,Wednesday,110,CROSS TRAFFIC(INTERSECTIONS ONLY),1,59821,2,0,0,1,1,2,1,1,Cross intersection,3,50,Local Road
T20240005762,2023/6/7,8:40:00,1,Collision with vehicle,3,Wednesday,130,REAR END(VEHICLES IN SAME LANE),1,302170,2,0,0,1,1,2,9,1,Cross intersection,3,999,Freeway
T20230013226,2023/6/7,10:27:00,1,Collision with vehicle,3,Wednesday,113,RIGHT NEAR (INTERSECTIONS ONLY),1,780308,2,0,1,2,1,4,1,1,Cross intersection,2,60,Local Road
T20230013284,2023/6/7,20:45:00,1,Collision with vehicle,4,Wednesday,130,REAR END(VEHICLES IN SAME LANE),3,775876,2,0,0,2,1,3,1,5,Not at intersection,3,80,Arterial Highway
T20230013283,2023/6/7,16:40:00,6,Vehicle overturned (no collision),3,Wednesday,174,OUT OF CONTROL ON CARRIAGEWAY (ON STRAIGHT),2,775750,1,0,1,0,0,1,1,2,T intersection,2,60,Arterial Other
T20230013265,2023/6/7,16:50:00,1,Collision with vehicle,4,Wednesday,110,CROSS TRAFFIC(INTERSECTIONS ONLY),2,39673,2,0,1,1,0,2,1,1,Cross intersection,2,60,Local Road
T20230013613,2023/6/7,15:45:00,1,Collision with vehicle,4,Wednesday,121,RIGHT THROUGH,1,37243,2,0,0,1,1,2,2,2,T intersection,3,60,Arterial Other
T20230017949,2023/6/7,16:40:00,2,Struck Pedestrian,3,Wednesday,100,PED NEAR SIDE. PED HIT BY VEHICLE FROM THE RIGHT.,2,783244,1,0,0,1,1,2,2,5,Not at intersection,3,60,Arterial Highway
T20230013808,2023/6/7,6:40:00,1,Collision with vehicle,4,Wednesday,130,REAR END(VEHICLES IN SAME LANE),3,776943,2,0,0,1,1,2,2,5,Not at intersection,3,50,Arterial Other
T20230013276,2023/6/7,17:52:00,1,Collision with vehicle,3,Wednesday,130,REAR END(VEHICLES IN SAME LANE),2,794145,2,0,0,1,1,2,1,1,Cross intersection,3,50,Local Road
T20230015778,2023/6/7,20:30:00,1,Collision with vehicle,3,Wednesday,130,REAR END(VEHICLES IN SAME LANE),6,776929,2,0,0,1,1,2,2,5,Not at intersection,3,999,Arterial Other
T20230013329,2023/6/7,18:30:00,2,Struck Pedestrian,3,Wednesday,105,PED WALKING AGAINST TRAFFIC.,2,38836,1,0,0,1,1,2,2,1,Cross intersection,3,40,Local Road
T20230013243,2023/6/7,10:20:00,1,Collision with vehicle,4,Wednesday,130,REAR END(VEHICLES IN SAME LANE),1,775745,2,0,0,1,1,2,2,5,Not at intersection,3,999,Local Road
T20230018075,2023/6/7,13:20:00,1,Collision with vehicle,3,Wednesday,130,REAR END(VEHICLES IN SAME LANE),1,795979,2,0,0,1,1,2,2,5,Not at intersection,3,80,Arterial Highway
T20230013869,2023/6/7,13:10:00,1,Collision with vehicle,3,Wednesday,130,REAR END(VEHICLES IN SAME LANE),1,54606,2,0,0,1,1,2,2,2,T intersection,3,60,Local Road
T20230013250,2023/6/7,12:52:00,1,Collision with vehicle,4,Wednesday,145,REVERSING IN STREAM OF TRAFFIC,1,775717,3,0,0,1,1,2,1,5,Not at intersection,3,50,Local Road
T20230014006,2023/6/7,18:45:00,1,Collision with vehicle,3,Wednesday,145,REVERSING IN STREAM OF TRAFFIC,2,777915,2,0,0,1,1,2,2,5,Not at intersection,3,50,Local Road
T20230013268,2023/6/7,17:30:00,1,Collision with vehicle,4,Wednesday,110,CROSS TRAFFIC(INTERSECTIONS ONLY),2,788497,2,0,0,5,0,5,1,1,Cross intersection,3,80,Local Road
T20230014931,2023/6/7,8:15:00,1,Collision with vehicle,3,Wednesday,130,REAR END(VEHICLES IN SAME LANE),1,776497,2,0,0,1,1,2,2,5,Not at intersection,3,999,Local Road
T20230013313,2023/6/7,21:58:00,1,Collision with vehicle,3,Wednesday,132,RIGHT REAR.,3,793091,3,0,0,1,2,3,2,1,Cross intersection,3,60,
T20230014177,2023/6/7,12:45:00,1,Collision with vehicle,3,Wednesday,130,REAR END(VEHICLES IN SAME LANE),1,776102,3,0,0,1,2,3,2,5,Not at intersection,3,70,Arterial Highway
T20230013304,2023/6/7,17:30:00,4,Collision with a fixed object,3,Wednesday,171,LEFT OFF CARRIAGEWAY INTO OBJECT/PARKED VEHICLE,2,781629,1,0,0,1,0,1,1,5,Not at intersection,3,100,Local Road
T20230013495,2023/6/7,18:23:00,1,Collision with vehicle,3,Wednesday,130,REAR END(VEHICLES IN SAME LANE),3,261092,2,0,0,1,1,2,1,2,T intersection,3,80,Arterial Other
T20230013231,2023/6/7,10:30:00,9,Other accident,3,Wednesday,171,LEFT OFF CARRIAGEWAY INTO OBJECT/PARKED VEHICLE,1,783704,1,0,0,1,0,1,1,5,Not at intersection,3,110,Arterial Highway
T20230013500,2023/6/7,8:45:00,1,Collision with vehicle,3,Wednesday,139,OTHER SAME DIRECTION-MANOUEVRES NOT INCLUDED IN DCAs 130-137,2,38479,3,0,0,1,2,3,2,2,T intersection,3,70,Local Road
T20230013245,2023/6/7,6:46:00,4,Collision with a fixed object,3,Wednesday,183,OFF LEFT BEND INTO OBJECT/PARKED VEHICLE,5,777168,1,0,1,0,0,1,1,5,Not at intersection,2,100,Local Road
T20230013249,2023/6/7,11:30:00,1,Collision with vehicle,3,Wednesday,110,CROSS TRAFFIC(INTERSECTIONS ONLY),1,61046,2,0,0,2,0,2,1,1,Cross intersection,3,60,Local Road
T20230013281,2023/6/7,20:45:00,1,Collision with vehicle,4,Wednesday,130,REAR END(VEHICLES IN SAME LANE),3,668571,3,0,0,1,1,2,1,5,Not at intersection,3,60,Arterial Other
T20230013731,2023/6/8,19:30:00,1,Collision with vehicle,5,Thursday,130,REAR END(VEHICLES IN SAME LANE),3,776011,2,0,0,1,1,2,2,5,Not at intersection,3,50,Local Road
T20230013332,2023/6/8,7:00:00,1,Collision with vehicle,5,Thursday,121,RIGHT THROUGH,2,776136,2,0,0,1,1,2,1,5,Not at intersection,3,60,Local Road
T20230014306,2023/6/8,7:48:00,1,Collision with vehicle,5,Thursday,121,RIGHT THROUGH,1,35466,2,0,0,1,1,2,1,1,Cross intersection,3,999,Arterial Other
T20230014217,2023/6/8,6:59:00,2,Struck Pedestrian,5,Thursday,102,FAR SIDE. PED HIT BY VEHICLE FROM THE LEFT,2,776104,1,0,0,1,1,2,1,1,Cross intersection,3,40,Local Road
T20230013330,2023/6/8,4:30:00,3,Struck animal,4,Thursday,167,STRUCK ANIMAL,5,783374,1,0,0,1,0,1,2,5,Not at intersection,3,80,Arterial Highway
T20230013339,2023/6/8,13:40:00,1,Collision with vehicle,5,Thursday,136,RIGHT TURN SIDESWIPE,1,40250,2,0,2,0,1,3,1,2,T intersection,2,80,Arterial Highway
T20230013292,2023/6/8,3:45:00,4,Collision with a fixed object,5,Thursday,179,OTHER ACCIDENTS-OFF STRAIGHT NOT INCLUDED IN DCAs 170-175,3,775827,1,0,0,1,0,1,1,5,Not at intersection,3,50,Local Road
T20230014422,2023/6/8,9:30:00,1,Collision with vehicle,4,Thursday,130,REAR END(VEHICLES IN SAME LANE),1,777798,3,0,0,1,2,3,2,5,Not at intersection,3,40,Arterial Highway