ACCIDENT_NO,ACCIDENT_DATE,ACCIDENT_TIME,ACCIDENT_TYPE,ACCIDENT_TYPE_DESC,DAY_OF_WEEK,DAY_WEEK_DESC,DCA_CODE,DCA_DESC,LIGHT_CONDITION,NODE_ID,NO_OF_VEHICLES,NO_PERSONS_KILLED,NO_PERSONS_INJ_2,NO_PERSONS_INJ_3,NO_PERSONS_NOT_INJ,NO_PERSONS,POLICE_ATTEND,ROAD_GEOMETRY,ROAD_GEOMETRY_DESC,SEVERITY,SPEED_ZONE,RMA
T20230013290,2023/6/8,1:30:00,4,Collision with a fixed object,4,Thursday,171,LEFT OFF CARRIAGEWAY INTO OBJECT/PARKED VEHICLE,5,783581,1,0,1,0,1,2,1,5,Not at intersection,2,100,Arterial Other
T20230013688,2023/6/8,8:32:00,1,Collision with vehicle,5,Thursday,111,RIGHT FAR (INTERSECTIONS ONLY),2,775870,2,0,1,0,4,5,1,2,T intersection,2,60,Arterial Highway
T20230015141,2023/6/8,7:50:00,1,Collision with vehicle,5,Thursday,121,RIGHT THROUGH,1,40653,2,0,0,1,1,2,1,1,Cross intersection,3,60,Arterial Other
T20230013373,2023/6/8,20:35:00,1,Collision with vehicle,5,Thursday,171,LEFT OFF CARRIAGEWAY INTO OBJECT/PARKED VEHICLE,3,783262,2,0,0,3,0,3,2,5,Not at intersection,3,70,Arterial Highway
T20230015410,2023/6/8,18:33:00,2,Struck Pedestrian,4,Thursday,107,PED ON FOOTHPATH STRUCK BY VEHENTERING/LEAVING DRIVEWAY.,2,783252,1,0,0,2,0,2,1,5,Not at intersection,3,999,Local Road
T20230013370,2023/6/8,17:03:00,1,Collision with vehicle,5,Thursday,137,LEFT TURN SIDESWIPE,2,777099,2,0,0,1,4,5,2,5,Not at intersection,3,60,Local Road
T20230013325,2023/6/8,11:45:00,1,Collision with vehicle,4,Thursday,130,REAR END(VEHICLES IN SAME LANE),1,776706,2,0,0,1,1,2,1,5,Not at intersection,3,60,Arterial Other
T20230030418,2023/6/8,16:00:00,1,Collision with vehicle,4,Thursday,130,REAR END(VEHICLES IN SAME LANE),2,795008,2,0,0,1,1,2,2,5,Not at intersection,3,60,Arterial Other
T20230013324,2023/6/8,7:50:00,1,Collision with vehicle,4,Thursday,130,REAR END(VEHICLES IN SAME LANE),2,795036,2,0,1,0,1,2,1,5,Not at intersection,2,60,Local Road
T20230013286,2023/6/8,0:01:00,4,Collision with a fixed object,4,Thursday,171,LEFT OFF CARRIAGEWAY INTO OBJECT/PARKED VEHICLE,5,783466,1,0,0,1,0,1,1,5,Not at intersection,3,60,Arterial Highway
T20230013322,2023/6/8,10:00:00,1,Collision with vehicle,4,Thursday,142,LEAVING PARKING,1,777521,2,0,0,1,1,2,1,5,Not at intersection,3,40,Arterial Other
T20230013365,2023/6/8,18:25:00,4,Collision with a fixed object,5,Thursday,183,OFF LEFT BEND INTO OBJECT/PARKED VEHICLE,5,775829,1,0,1,0,0,1,1,5,Not at intersection,2,100,Local Road
T20230013321,2023/6/8,11:10:00,1,Collision with vehicle,4,Thursday,130,REAR END(VEHICLES IN SAME LANE),1,792089,2,0,0,1,2,3,1,5,Not at intersection,3,100,Freeway
T20230013484,2023/6/8,8:50:00,1,Collision with vehicle,4,Thursday,113,RIGHT NEAR (INTERSECTIONS ONLY),2,40603,2,0,0,1,1,2,2,1,Cross intersection,3,999,Arterial Other
T20230013363,2023/6/8,17:30:00,1,Collision with vehicle,5,Thursday,120,HEAD ON (NOT OVERTAKING),3,776142,2,0,0,1,1,2,1,5,Not at intersection,3,50,Local Road
T20230013357,2023/6/8,16:30:00,1,Collision with vehicle,4,Thursday,133,LANE SIDE SWIPE (VEHICLES IN PARALLEL LANES),2,657760,3,0,0,1,1,2,2,5,Not at intersection,3,80,Arterial Highway
T20230013314,2023/6/8,9:15:00,1,Collision with vehicle,5,Thursday,113,RIGHT NEAR (INTERSECTIONS ONLY),1,776111,2,0,1,0,1,2,1,4,Multiple intersection,2,60,Non Arterial
T20230013353,2023/6/8,16:39:00,1,Collision with vehicle,4,Thursday,113,RIGHT NEAR (INTERSECTIONS ONLY),2,775821,3,0,0,1,4,5,1,2,T intersection,3,50,Local Road
T20230013306,2023/6/8,7:44:00,2,Struck Pedestrian,4,Thursday,102,FAR SIDE. PED HIT BY VEHICLE FROM THE LEFT,2,783247,1,0,0,1,1,2,1,5,Not at intersection,3,60,Arterial Other
T20230014991,2023/6/8,12:15:00,2,Struck Pedestrian,4,Thursday,102,FAR SIDE. PED HIT BY VEHICLE FROM THE LEFT,1,360198,1,0,1,0,1,2,9,1,Cross intersection,2,999,Arterial Highway
T20230013354,2023/6/8,16:30:00,4,Collision with a fixed object,5,Thursday,173,RIGHT OFF CARRIAGEWAY INTO OBJECT/PARKED VEHICLE,2,783460,1,0,1,1,2,4,1,5,Not at intersection,2,80,Local Road
T20230018007,2023/6/8,15:00:00,4,Collision with a fixed object,4,Thursday,173,RIGHT OFF CARRIAGEWAY INTO OBJECT/PARKED VEHICLE,1,778256,1,0,0,1,0,1,1,5,Not at intersection,3,100,Local Road
T20230013352,2023/6/8,14:50:00,1,Collision with vehicle,5,Thursday,120,HEAD ON (NOT OVERTAKING),1,777153,4,0,1,3,2,6,1,5,Not at intersection,2,60,Arterial Other
T20230013351,2023/6/8,16:00:00,1,Collision with vehicle,5,Thursday,113,RIGHT NEAR (INTERSECTIONS ONLY),1,42938,2,0,1,0,1,2,1,1,Cross intersection,2,60,Arterial Other
T20230013336,2023/6/8,12:50:00,4,Collision with a fixed object,5,Thursday,181,OFF RIGHT BEND INTO OBJECT/PARKED VEHICLE,1,783463,1,0,0,1,2,3,1,5,Not at intersection,3,80,Local Road
T20230013350,2023/6/8,15:00:00,4,Collision with a fixed object,4,Thursday,173,RIGHT OFF CARRIAGEWAY INTO OBJECT/PARKED VEHICLE,1,783264,1,0,1,0,0,1,1,5,Not at intersection,2,100,Local Road
T20230013569,2023/6/8,18:10:00,4,Collision with a fixed object,4,Thursday,171,LEFT OFF CARRIAGEWAY INTO OBJECT/PARKED VEHICLE,2,783467,1,0,0,2,0,2,1,5,Not at intersection,3,100,Arterial Other
T20230014231,2023/6/8,7:00:00,1,Collision with vehicle,5,Thursday,130,REAR END(VEHICLES IN SAME LANE),3,776266,2,0,0,1,1,2,1,5,Not at intersection,3,60,Arterial Highway
T20230013380,2023/6/8,20:00:00,4,Collision with a fixed object,5,Thursday,183,OFF LEFT BEND INTO OBJECT/PARKED VEHICLE,5,783373,1,0,0,1,0,1,1,5,Not at intersection,3,100,Arterial Other
T20230013382,2023/6/8,19:45:00,1,Collision with vehicle,4,Thursday,139,OTHER SAME DIRECTION-MANOUEVRES NOT INCLUDED IN DCAs 130-137,5,793086,2,0,0,3,0,3,1,5,Not at intersection,3,100,Local Road
T20230013383,2023/6/8,19:30:00,1,Collision with vehicle,5,Thursday,130,REAR END(VEHICLES IN SAME LANE),5,792090,2,0,1,0,1,2,1,5,Not at intersection,2,100,Freeway
T20230014233,2023/6/8,10:30:00,7,Fall from or in moving vehicle,5,Thursday,190,FELL IN/FROM VEHICLE,1,296328,1,0,0,1,0,1,2,5,Not at intersection,3,999,Local Road
T20230017215,2023/6/8,11:00:00,4,Collision with a fixed object,4,Thursday,151,OUT OF CONTROL (OVERTAKING),1,783599,1,0,0,1,0,1,2,5,Not at intersection,3,60,Local Road
T20230013390,2023/6/8,23:00:00,2,Struck Pedestrian,4,Thursday,100,PED NEAR SIDE. PED HIT BY VEHICLE FROM THE RIGHT.,3,777261,1,0,0,1,1,2,1,5,Not at intersection,3,60,Arterial Other
T20230013320,2023/6/8,10:47:00,1,Collision with vehicle,4,Thursday,110,CROSS TRAFFIC(INTERSECTIONS ONLY),1,16789,2,0,0,2,2,4,1,1,Cross intersection,3,60,Arterial Other
T20230013707,2023/6/9,17:00:00,1,Collision with vehicle,6,Friday,130,REAR END(VEHICLES IN SAME LANE),2,38879,2,0,0,1,1,2,2,2,T intersection,3,60,Arterial Other
T20230013405,2023/6/9,9:30:00,1,Collision with vehicle,6,Friday,110,CROSS TRAFFIC(INTERSECTIONS ONLY),1,775769,2,0,0,2,0,2,1,1,Cross intersection,3,50,Local Road
T20230014349,2023/6/9,12:30:00,1,Collision with vehicle,6,Friday,133,LANE SIDE SWIPE (VEHICLES IN PARALLEL LANES),1,776219,2,0,0,1,1,2,2,5,Not at intersection,3,999,Arterial Other
T20230013485,2023/6/9,13:37:00,1,Collision with vehicle,5,Friday,135,LANE CHANGE LEFT (NOT OVERTAKING),1,783430,2,0,0,1,2,3,1,5,Not at intersection,3,100,Freeway
T20230017662,2023/6/9,17:30:00,1,Collision with vehicle,6,Friday,130,REAR END(VEHICLES IN SAME LANE),2,778268,3,0,0,2,3,5,2,5,Not at intersection,3,100,Freeway
T20230019228,2023/6/9,8:15:00,1,Collision with vehicle,5,Friday,113,RIGHT NEAR (INTERSECTIONS ONLY),2,779178,2,0,0,1,1,2,9,2,T intersection,3,999,Local Road
T20230015196,2023/6/9,13:30:00,1,Collision with vehicle,5,Friday,130,REAR END(VEHICLES IN SAME LANE),1,776593,2,0,0,1,1,2,2,3,Y intersection,3,40,Arterial Highway
T20230014499,2023/6/9,11:30:00,5,collision with some other object,5,Friday,198,OTHER ACCIDENTS NOT CLASSIFIABLE ELSEWHERE,1,776258,1,0,0,1,1,2,2,5,Not at intersection,3,40,Arterial Other
T20230014467,2023/6/9,20:15:00,1,Collision with vehicle,6,Friday,130,REAR END(VEHICLES IN SAME LANE),6,776298,2,0,0,1,1,2,2,2,T intersection,3,50,Local Road
T20230013412,2023/6/9,12:20:00,1,Collision with vehicle,5,Friday,130,REAR END(VEHICLES IN SAME LANE),1,775772,2,0,0,1,2,3,1,5,Not at intersection,3,80,Freeway
T20230013875,2023/6/9,12:40:00,1,Collision with vehicle,5,Friday,130,REAR END(VEHICLES IN SAME LANE),1,792098,2,0,0,1,2,3,2,5,Not at intersection,3,70,Arterial Other
T20230013434,2023/6/9,6:40:00,1,Collision with vehicle,6,Friday,136,RIGHT TURN SIDESWIPE,6,776318,3,0,1,0,2,3,1,5,Not at intersection,2,50,Local Road
T20230013548,2023/6/9,14:00:00,1,Collision with vehicle,6,Friday,131,LEFT REAR,1,780166,2,0,0,1,1,2,2,2,T intersection,3,40,Local Road
T20230013738,2023/6/9,12:27:00,1,Collision with vehicle,5,Friday,147,VEHICLE STRIKES ANOTHER VEH WHILE EMERGING FROM DRIVEWAY,1,776556,2,0,1,0,3,4,1,5,Not at intersection,2,60,Local Road
T20230013399,2023/6/9,9:30:00,4,Collision with a fixed object,5,Friday,181,OFF RIGHT BEND INTO OBJECT/PARKED VEHICLE,2,777325,1,0,0,1,0,1,1,5,Not at intersection,3,100,Freeway
T20230013458,2023/6/9,15:07:00,1,Collision with vehicle,6,Friday,130,REAR END(VEHICLES IN SAME LANE),1,775941,5,0,1,1,4,6,1,5,Not at intersection,2,100,Freeway
T20230013456,2023/6/9,19:40:00,2,Struck Pedestrian,6,Friday,100,PED NEAR SIDE. PED HIT BY VEHICLE FROM THE RIGHT.,3,38308,1,0,1,0,1,2,1,1,Cross intersection,2,60,Arterial Other
T20230013451,2023/6/9,16:01:00,1,Collision with vehicle,5,Friday,120,HEAD ON (NOT OVERTAKING),1,795035,2,0,2,0,0,2,1,5,Not at intersection,2,100,Arterial Other
T20230013450,2023/6/9,16:25:00,1,Collision with vehicle,6,Friday,140,U TURN,2,777311,2,0,1,1,0,2,1,5,Not at intersection,2,100,Arterial Other
T20230013445,2023/6/9,16:40:00,1,Collision with vehicle,6,Friday,110,CROSS TRAFFIC(INTERSECTIONS ONLY),1,775789,2,0,1,0,1,2,1,1,Cross intersection,2,60,Local Road
T20230013442,2023/6/9,15:01:00,1,Collision with vehicle,6,Friday,160,VEHICLE COLLIDES WITH VEHICLE PARKED ON LEFT OF ROAD,1,776810,3,0,1,1,0,2,1,5,Not at intersection,2,70,Arterial Highway
T20230013441,2023/6/9,14:27:00,1,Collision with vehicle,6,Friday,130,REAR END(VEHICLES IN SAME LANE),1,600432,3,0,0,2,1,3,1,2,T intersection,3,50,Local Road
T20230013432,2023/6/9,13:10:00,8,No collision and no object struck,6,Friday,174,OUT OF CONTROL ON CARRIAGEWAY (ON STRAIGHT),1,777036,1,0,1,0,0,1,1,5,Not at intersection,2,80,Arterial Highway
T20230013431,2023/6/9,15:29:00,2,Struck Pedestrian,5,Friday,100,PED NEAR SIDE. PED HIT BY VEHICLE FROM THE RIGHT.,1,776008,1,0,1,0,1,2,1,5,Not at intersection,2,40,Arterial Other
T20230013427,2023/6/9,14:10:00,1,Collision with vehicle,6,Friday,153,CUTTING IN (OVERTAKING),1,42471,2,0,0,1,1,2,1,1,Cross intersection,3,50,Local Road
T20230013424,2023/6/9,11:47:00,1,Collision with vehicle,6,Friday,135,LANE CHANGE LEFT (NOT OVERTAKING),1,776998,2,0,1,0,1,2,1,5,Not at intersection,2,100,Freeway
T20230013421,2023/6/9,11:58:00,2,Struck Pedestrian,5,Friday,102,FAR SIDE. PED HIT BY VEHICLE FROM THE LEFT,1,775788,1,0,1,0,1,2,1,5,Not at intersection,2,999,Local Road
T20230013419,2023/6/9,12:56:00,1,Collision with vehicle,6,Friday,130,REAR END(VEHICLES IN SAME LANE),1,247082,3,0,0,2,1,3,1,5,Not at intersection,3,60,Arterial Other
T20230014571,2023/6/9,18:00:00,1,Collision with vehicle,5,Friday,130,REAR END(VEHICLES IN SAME LANE),2,795009,2,0,0,1,1,2,1,5,Not at intersection,3,100,Freeway
T20230018681,2023/6/9,9:00:00,1,Collision with vehicle,6,Friday,130,REAR END(VEHICLES IN SAME LANE),1,779941,2,0,1,0,5,6,1,5,Not at intersection,2,80,Local Road
T20230013891,2023/6/9,21:30:00,1,Collision with vehicle,5,Friday,121,RIGHT THROUGH,3,795007,2,0,0,1,3,4,2,5,Not at intersection,3,50,Local Road
T20230013401,2023/6/9,7:40:00,1,Collision with vehicle,5,Friday,121,RIGHT THROUGH,1,797732,2,0,1,0,1,2,2,1,Cross intersection,2,80,
T20230013403,2023/6/9,10:30:00,1,Collision with vehicle,6,Friday,120,HEAD ON (NOT OVERTAKING),1,775966,2,0,0,1,1,2,2,5,Not at intersection,3,100,Local Road
T20230013601,2023/6/9,12:30:00,1,Collision with vehicle,6,Friday,130,REAR END(VEHICLES IN SAME LANE),1,775867,3,0,0,1,2,3,1,5,Not at intersection,3,80,Arterial Highway
T20230013741,2023/6/9,7:30:00,1,Collision with vehicle,6,Friday,130,REAR END(VEHICLES IN SAME LANE),1,298963,3,0,0,1,2,3,1,5,Not at intersection,3,80,Freeway
T20230013414,2023/6/9,11:20:00,1,Collision with vehicle,6,Friday,139,OTHER SAME DIRECTION-MANOUEVRES NOT INCLUDED IN DCAs 130-137,1,776206,2,0,1,2,0,3,1,5,Not at intersection,2,60,Arterial Other
T20230013394,2023/6/9,6:15:00,1,Collision with vehicle,5,Friday,121,RIGHT THROUGH,2,792091,2,0,0,1,1,2,2,2,T intersection,3,80,Arterial Other
T20230013413,2023/6/9,6:15:00,1,Collision with vehicle,5,Friday,121,RIGHT THROUGH,2,778410,2,0,0,1,2,3,2,5,Not at intersection,3,60,Arterial Other
T20230013467,2023/6/9,16:25:00,2,Struck Pedestrian,5,Friday,100,PED NEAR SIDE. PED HIT BY VEHICLE FROM THE RIGHT.,2,776319,1,0,0,1,1,2,2,1,Cross intersection,3,50,Arterial Highway
T20230013465,2023/6/9,15:45:00,2,Struck Pedestrian,5,Friday,106,VEH STRIKES PED ON FOOTPATH/MEDIAN/TRAFFIC ISLAND.,1,38060,1,0,0,1,1,2,1,1,Cross intersection,3,60,Arterial Other
T20230017895,2023/6/9,17:42:00,1,Collision with vehicle,5,Friday,110,CROSS TRAFFIC(INTERSECTIONS ONLY),2,354136,2,0,0,1,1,2,1,1,Cross intersection,3,80,Arterial Other
T20230013464,2023/6/9,21:00:00,1,Collision with vehicle,5,Friday,139,OTHER SAME DIRECTION-MANOUEVRES NOT INCLUDED IN DCAs 130-137,3,784309,3,0,0,1,2,3,1,5,Not at intersection,3,70,Arterial Highway
T20230013463,2023/6/9,14:40:00,1,Collision with vehicle,5,Friday,113,RIGHT NEAR (INTERSECTIONS ONLY),1,45742,2,0,2,0,2,4,1,2,T intersection,2,60,Arterial Other
T20230013462,2023/6/9,20:15:00,1,Collision with vehicle,6,Friday,148,VEHICLE OFF FOOTPATH STRIKES VEH ON CARRIAGEWAY,3,783261,3,0,1,0,1,2,1,5,Not at intersection,2,50,Local Road
T20230013459,2023/6/9,18:43:00,1,Collision with vehicle,6,Friday,121,RIGHT THROUGH,3,776178,2,0,0,2,1,3,1,1,Cross intersection,3,60,Arterial Other
T20230015359,2023/6/10,5:50:00,1,Collision with vehicle,6,Saturday,130,REAR END(VEHICLES IN SAME LANE),3,777329,2,0,0,1,1,2,2,5,Not at intersection,3,70,Local Road
T20230013515,2023/6/10,18:24:00,1,Collision with vehicle,7,Saturday,121,RIGHT THROUGH,3,50178,2,0,1,1,0,2,1,1,Cross intersection,2,60,Arterial Other
T20230013508,2023/6/10,13:55:00,1,Collision with vehicle,7,Saturday,113,RIGHT NEAR (INTERSECTIONS ONLY),1,61270,2,0,0,1,1,2,1,1,Cross intersection,3,80,Arterial Other
T20230013503,2023/6/10,15:50:00,1,Collision with vehicle,6,Saturday,110,CROSS TRAFFIC(INTERSECTIONS ONLY),1,50570,4,0,0,1,1,2,1,1,Cross intersection,3,50,Local Road
T20230014000,2023/6/10,11:30:00,1,Collision with vehicle,6,Saturday,137,LEFT TURN SIDESWIPE,9,776055,2,0,0,1,1,2,2,5,Not at intersection,3,50,Local Road
T20230013524,2023/6/10,14:10:00,1,Collision with vehicle,7,Saturday,140,U TURN,1,141425,2,0,1,0,1,2,1,2,T intersection,2,60,Arterial Highway
T20230013520,2023/6/10,14:15:00,2,Struck Pedestrian,6,Saturday,104,PED WALKING WITH TRAFFIC,1,777109,1,0,0,1,1,2,2,5,Not at intersection,3,999,Local Road
T20230013474,2023/6/10,2:48:00,4,Collision with a fixed object,7,Saturday,171,LEFT OFF CARRIAGEWAY INTO OBJECT/PARKED VEHICLE,3,784283,1,0,1,0,0,1,1,5,Not at intersection,2,60,Arterial Highway
T20230013491,2023/6/10,10:44:00,1,Collision with vehicle,6,Saturday,113,RIGHT NEAR (INTERSECTIONS ONLY),1,38424,2,0,0,2,0,2,1,2,T intersection,3,80,Arterial Highway
T20230015345,2023/6/10,20:15:00,1,Collision with vehicle,6,Saturday,110,CROSS TRAFFIC(INTERSECTIONS ONLY),3,44420,2,0,0,1,1,2,1,1,Cross intersection,3,50,Local Road
T20230013829,2023/6/10,18:15:00,1,Collision with vehicle,7,Saturday,130,REAR END(VEHICLES IN SAME LANE),3,776671,2,0,0,1,1,2,2,5,Not at intersection,3,60,Arterial Other
T20230013490,2023/6/10,10:09:00,1,Collision with vehicle,7,Saturday,120,HEAD ON (NOT OVERTAKING),1,777522,2,0,3,0,0,3,1,5,Not at intersection,2,60,Arterial Other
T20230013489,2023/6/10,10:00:00,1,Collision with vehicle,6,Saturday,130,REAR END(VEHICLES IN SAME LANE),1,793952,2,0,0,1,1,2,2,5,Not at intersection,3,100,Freeway
T20230013488,2023/6/10,9:55:00,1,Collision with vehicle,7,Saturday,152,PULLING OUT (OVERTAKING),1,775803,2,0,1,0,1,2,1,5,Not at intersection,2,60,Arterial Other
T20230016786,2023/6/10,14:30:00,8,No collision and no object struck,6,Saturday,151,OUT OF CONTROL (OVERTAKING),9,784312,1,0,0,1,0,1,2,5,Not at intersection,3,999,Local Road
T20230014328,2023/6/10,13:20:00,8,No collision and no object struck,6,Saturday,180,OFF CARRIAGEWAY ON RIGHT BEND,1,36069,1,0,0,1,0,1,2,1,Cross intersection,3,999,Arterial Other
T20230013753,2023/6/10,10:52:00,1,Collision with vehicle,7,Saturday,130,REAR END(VEHICLES IN SAME LANE),1,776389,3,0,0,1,2,3,2,5,Not at intersection,3,60,Arterial Highway
T20230013477,2023/6/10,6:30:00,1,Collision with vehicle,7,Saturday,121,RIGHT THROUGH,3,29556,2,0,1,0,1,2,1,2,T intersection,2,60,Local Road
T20230013956,2023/6/10,15:00:00,7,Fall from or in moving vehicle,7,Saturday,190,FELL IN/FROM VEHICLE,1,783800,1,0,1,0,0,1,2,5,Not at intersection,2,50,Arterial Other
T20230013514,2023/6/10,13:50:00,6,Vehicle overturned (no collision),6,Saturday,180,OFF CARRIAGEWAY ON RIGHT BEND,1,783256,1,0,1,0,0,1,1,5,Not at intersection,2,80,Arterial Highway
T20230013545,2023/6/10,22:21:00,1,Collision with vehicle,7,Saturday,113,RIGHT NEAR (INTERSECTIONS ONLY),3,777554,2,0,0,2,0,2,1,1,Cross intersection,3,60,Arterial Other
T20230013531,2023/6/10,18:30:00,1,Collision with vehicle,6,Saturday,130,REAR END(VEHICLES IN SAME LANE),2,793950,2,0,0,1,2,3,1,5,Not at intersection,3,100,Freeway
T20230013528,2023/6/10,9:45:00,6,Vehicle overturned (no collision),7,Saturday,182,OFF CARRIAGEWAY ON LEFT BEND,1,777747,1,1,1,1,0,3,1,5,Not at intersection,1,100,Local Road
T20230013499,2023/6/10,13:40:00,1,Collision with vehicle,6,Saturday,116,LEFT NEAR (INTERSECTIONS ONLY),1,775804,2,0,0,1,1,2,1,1,Cross intersection,3,70,Arterial Other
T20230013597,2023/6/10,15:00:00,2,Struck Pedestrian,6,Saturday,106,VEH STRIKES PED ON FOOTPATH/MEDIAN/TRAFFIC ISLAND.,1,776540,1,0,0,1,1,2,2,2,T intersection,3,60,Freeway
T20230013537,2023/6/10,10:30:00,1,Collision with vehicle,6,Saturday,121,RIGHT THROUGH,1,40145,2,0,0,1,1,2,1,2,T intersection,3,70,Arterial Other
T20230014612,2023/6/10,18:14:00,4,Collision with a fixed object,6,Saturday,171,LEFT OFF CARRIAGEWAY INTO OBJECT/PARKED VEHICLE,2,784282,1,0,0,1,0,1,1,5,Not at intersection,3,80,Local Road
T20230013552,2023/6/10,10:22:00,2,Struck Pedestrian,7,Saturday,109,ANY MANOEUVRE INVOLVING PED NOT INCLUDED IN DCAs 100-108.,1,776066,2,0,1,0,1,2,1,5,Not at intersection,2,50,Local Road
T20230013880,2023/6/10,13:45:00,7,Fall from or in moving vehicle,7,Saturday,184,OUT OF CONTROL ON CARRIAGEWAY (ON BEND),1,775959,1,0,0,1,0,1,2,2,T intersection,3,999,Local Road
T20230022501,2023/6/10,18:40:00,1,Collision with vehicle,6,Saturday,133,LANE SIDE SWIPE (VEHICLES IN PARALLEL LANES),2,782620,2,0,0,1,2,3,1,5,Not at intersection,3,60,Freeway
T20230015144,2023/6/10,13:15:00,6,Vehicle overturned (no collision),7,Saturday,174,OUT OF CONTROL ON CARRIAGEWAY (ON STRAIGHT),1,776637,1,0,0,1,0,1,2,5,Not at intersection,3,60,Local Road
T20230013536,2023/6/10,21:02:00,1,Collision with vehicle,6,Saturday,160,VEHICLE COLLIDES WITH VEHICLE PARKED ON LEFT OF ROAD,3,776504,2,0,0,1,0,1,1,5,Not at intersection,3,50,Local Road
T20230013542,2023/6/10,19:45:00,1,Collision with vehicle,7,Saturday,140,U TURN,3,73309,2,0,3,1,0,4,1,2,T intersection,2,100,Arterial Highway
T20230016565,2023/6/10,13:00:00,1,Collision with vehicle,6,Saturday,110,CROSS TRAFFIC(INTERSECTIONS ONLY),1,778036,2,0,0,1,4,5,2,1,Cross intersection,3,50,Local Road
T20230013540,2023/6/10,22:24:00,4,Collision with a fixed object,6,Saturday,171,LEFT OFF CARRIAGEWAY INTO OBJECT/PARKED VEHICLE,3,784281,1,0,0,1,0,1,1,2,T intersection,3,50,Local Road
T20230013513,2023/6/10,15:16:00,1,Collision with vehicle,7,Saturday,160,VEHICLE COLLIDES WITH VEHICLE PARKED ON LEFT OF ROAD,1,775805,2,0,0,1,0,1,1,5,Not at intersection,3,60,Local Road
T20230013635,2023/6/11,22:15:00,2,Struck Pedestrian,1,Sunday,109,ANY MANOEUVRE INVOLVING PED NOT INCLUDED IN DCAs 100-108.,4,777156,2,0,2,0,1,3,1,9,Unknown,2,888,Local Road
T20230015109,2023/6/11,13:00:00,1,Collision with vehicle,0,Sunday,120,HEAD ON (NOT OVERTAKING),1,776626,2,0,0,2,1,3,2,5,Not at intersection,3,60,Arterial Other
T20230013604,2023/6/11,21:50:00,2,Struck Pedestrian,1,Sunday,100,PED NEAR SIDE. PED HIT BY VEHICLE FROM THE RIGHT.,3,44195,1,0,1,1,0,2,1,2,T intersection,2,60,Arterial Other
T20230013543,2023/6/11,0:15:00,1,Collision with vehicle,1,Sunday,169,OTHER ON PATH,3,776941,2,0,1,0,1,2,1,2,T intersection,2,50,Local Road
T20230013602,2023/6/11,17:30:00,2,Struck Pedestrian,1,Sunday,102,FAR SIDE. PED HIT BY VEHICLE FROM THE LEFT,2,777021,1,0,1,0,1,2,1,5,Not at intersection,2,50,Local Road
T20230013571,2023/6/11,8:00:00,4,Collision with a fixed object,0,Sunday,171,LEFT OFF CARRIAGEWAY INTO OBJECT/PARKED VEHICLE,1,795018,1,0,1,0,0,1,1,5,Not at intersection,2,100,Arterial Other
T20230013596,2023/6/11,18:04:00,1,Collision with vehicle,0,Sunday,130,REAR END(VEHICLES IN SAME LANE),2,277084,2,0,0,1,3,4,1,2,T intersection,3,80,Freeway
T20230013594,2023/6/11,20:20:00,2,Struck Pedestrian,0,Sunday,100,PED NEAR SIDE. PED HIT BY VEHICLE FROM THE RIGHT.,3,776207,1,0,1,0,2,3,1,2,T intersection,2,70,Arterial Other
T20230013563,2023/6/11,13:28:00,5,collision with some other object,0,Sunday,179,OTHER ACCIDENTS-OFF STRAIGHT NOT INCLUDED IN DCAs 170-175,1,37139,2,0,0,1,1,2,1,2,T intersection,3,50,Local Road
T20230013589,2023/6/11,17:10:00,8,No collision and no object struck,1,Sunday,170,OFF CARRIAGEWAY TO LEFT,2,48570,2,0,0,1,2,3,1,2,T intersection,3,70,Arterial Other
T20230013585,2023/6/11,17:37:00,1,Collision with vehicle,1,Sunday,130,REAR END(VEHICLES IN SAME LANE),2,777256,4,0,0,1,4,5,1,5,Not at intersection,3,80,Arterial Highway
T20230015139,2023/6/11,12:00:00,6,Vehicle overturned (no collision),0,Sunday,189,OTHER ACCIDENTS ON CURVE NOT INCLUDED IN DCAs 180-184,1,792915,1,0,0,1,0,1,2,5,Not at intersection,3,999,
T20230013584,2023/6/11,14:35:00,1,Collision with vehicle,0,Sunday,113,RIGHT NEAR (INTERSECTIONS ONLY),1,29618,2,0,0,1,2,3,1,3,Y intersection,3,60,Arterial Other
T20230013576,2023/6/11,9:27:00,4,Collision with a fixed object,1,Sunday,171,LEFT OFF CARRIAGEWAY INTO OBJECT/PARKED VEHICLE,2,776009,1,0,1,0,0,1,1,5,Not at intersection,2,60,Local Road
T20230013579,2023/6/11,16:41:00,6,Vehicle overturned (no collision),0,Sunday,184,OUT OF CONTROL ON CARRIAGEWAY (ON BEND),2,792094,1,0,1,0,0,1,1,5,Not at intersection,2,50,Arterial Other
T20230013562,2023/6/11,12:40:00,1,Collision with vehicle,1,Sunday,113,RIGHT NEAR (INTERSECTIONS ONLY),1,36198,2,0,1,0,1,2,1,2,T intersection,2,60,Arterial Other
T20230013580,2023/6/11,16:27:00,4,Collision with a fixed object,0,Sunday,171,LEFT OFF CARRIAGEWAY INTO OBJECT/PARKED VEHICLE,1,787152,1,0,0,1,3,4,1,5,Not at intersection,3,100,Freeway
T20230013583,2023/6/11,17:58:00,1,Collision with vehicle,1,Sunday,132,RIGHT REAR.,3,52925,3,0,2,1,4,7,1,1,Cross intersection,2,60,Local Road