ACCIDENT_NO,ACCIDENT_DATE,ACCIDENT_TIME,ACCIDENT_TYPE,ACCIDENT_TYPE_DESC,DAY_OF_WEEK,DAY_WEEK_DESC,DCA_CODE,DCA_DESC,LIGHT_CONDITION,NODE_ID,NO_OF_VEHICLES,NO_PERSONS_KILLED,NO_PERSONS_INJ_2,NO_PERSONS_INJ_3,NO_PERSONS_NOT_INJ,NO_PERSONS,POLICE_ATTEND,ROAD_GEOMETRY,ROAD_GEOMETRY_DESC,SEVERITY,SPEED_ZONE,RMA
T20230013547,2023/6/11,3:00:00,4,Collision with a fixed object,1,Sunday,173,RIGHT OFF CARRIAGEWAY INTO OBJECT/PARKED VEHICLE,3,777326,1,0,1,0,0,1,1,5,Not at intersection,2,60,Arterial Other
T20230013557,2023/6/11,8:50:00,1,Collision with vehicle,1,Sunday,110,CROSS TRAFFIC(INTERSECTIONS ONLY),2,26587,2,0,0,4,1,5,1,4,Multiple intersection,3,70,Freeway
T20230013582,2023/6/11,17:16:00,1,Collision with vehicle,0,Sunday,110,CROSS TRAFFIC(INTERSECTIONS ONLY),2,68657,2,0,0,1,4,5,1,1,Cross intersection,3,60,Local Road
T20230013581,2023/6/11,14:25:00,1,Collision with vehicle,1,Sunday,113,RIGHT NEAR (INTERSECTIONS ONLY),1,36719,2,0,2,3,1,6,1,2,T intersection,2,60,Arterial Other
T20230013561,2023/6/11,9:55:00,1,Collision with vehicle,1,Sunday,152,PULLING OUT (OVERTAKING),1,797652,2,0,0,2,2,4,2,5,Not at intersection,3,60,Local Road
T20230013570,2023/6/11,14:15:00,1,Collision with vehicle,0,Sunday,120,HEAD ON (NOT OVERTAKING),1,278133,2,0,1,2,1,4,1,2,T intersection,2,999,Local Road
T20230013700,2023/6/11,10:30:00,8,No collision and no object struck,0,Sunday,179,OTHER ACCIDENTS-OFF STRAIGHT NOT INCLUDED IN DCAs 170-175,1,775873,1,0,0,1,0,1,2,5,Not at intersection,3,999,Local Road
T20230013648,2023/6/11,12:00:00,6,Vehicle overturned (no collision),1,Sunday,184,OUT OF CONTROL ON CARRIAGEWAY (ON BEND),1,775920,1,0,0,1,0,1,1,5,Not at intersection,3,100,Local Road
T20230013568,2023/6/11,13:31:00,1,Collision with vehicle,1,Sunday,111,RIGHT FAR (INTERSECTIONS ONLY),1,776777,2,0,3,1,0,4,1,1,Cross intersection,2,50,
T20230013564,2023/6/11,13:20:00,1,Collision with vehicle,1,Sunday,121,RIGHT THROUGH,1,778589,3,0,2,1,3,6,1,5,Not at intersection,2,100,Arterial Other
T20230013640,2023/6/12,13:41:00,1,Collision with vehicle,1,Monday,129,OTHER OPPOSING MANOEUVRES NOT INCLUDED IN DCAs 120-125.,1,792096,2,0,0,1,3,4,1,5,Not at intersection,3,50,Arterial Other
T20230013668,2023/6/12,14:30:00,1,Collision with vehicle,2,Monday,120,HEAD ON (NOT OVERTAKING),1,778082,2,0,1,1,1,3,1,5,Not at intersection,2,80,Arterial Highway
T20230013645,2023/6/12,11:45:00,1,Collision with vehicle,2,Monday,113,RIGHT NEAR (INTERSECTIONS ONLY),1,788491,2,0,1,1,0,2,1,2,T intersection,2,100,Arterial Other
T20230013647,2023/6/12,11:45:00,1,Collision with vehicle,1,Monday,121,RIGHT THROUGH,1,44550,2,0,0,2,1,3,1,1,Cross intersection,3,50,Arterial Other
T20230013650,2023/6/12,15:00:00,1,Collision with vehicle,2,Monday,130,REAR END(VEHICLES IN SAME LANE),1,776707,2,0,0,1,1,2,1,5,Not at intersection,3,60,Local Road
T20230013657,2023/6/12,17:00:00,2,Struck Pedestrian,2,Monday,107,PED ON FOOTHPATH STRUCK BY VEHENTERING/LEAVING DRIVEWAY.,2,776275,1,0,0,1,1,2,1,5,Not at intersection,3,888,Arterial Highway
T20230013658,2023/6/12,15:02:00,4,Collision with a fixed object,2,Monday,171,LEFT OFF CARRIAGEWAY INTO OBJECT/PARKED VEHICLE,1,784288,1,0,0,1,0,1,1,5,Not at intersection,3,100,Local Road
T20230013811,2023/6/12,14:30:00,7,Fall from or in moving vehicle,1,Monday,190,FELL IN/FROM VEHICLE,1,775914,1,0,0,1,0,1,2,5,Not at intersection,3,60,Arterial Highway
T20230013881,2023/6/12,11:00:00,2,Struck Pedestrian,2,Monday,102,FAR SIDE. PED HIT BY VEHICLE FROM THE LEFT,1,8425,1,0,0,1,1,2,2,2,T intersection,3,50,
T20230013686,2023/6/12,19:20:00,1,Collision with vehicle,2,Monday,130,REAR END(VEHICLES IN SAME LANE),3,777745,7,1,2,1,4,8,1,5,Not at intersection,1,60,Arterial Other
T20230013685,2023/6/12,21:35:00,1,Collision with vehicle,2,Monday,120,HEAD ON (NOT OVERTAKING),3,780089,2,0,2,0,0,2,1,5,Not at intersection,2,50,Local Road
T20230013682,2023/6/12,16:30:00,1,Collision with vehicle,1,Monday,121,RIGHT THROUGH,2,788718,2,0,0,1,4,5,1,1,Cross intersection,3,40,Arterial Other
T20230013681,2023/6/12,19:30:00,5,collision with some other object,2,Monday,183,OFF LEFT BEND INTO OBJECT/PARKED VEHICLE,5,775880,1,0,1,0,0,1,1,5,Not at intersection,2,80,Arterial Other
T20230014567,2023/6/12,20:04:00,4,Collision with a fixed object,1,Monday,171,LEFT OFF CARRIAGEWAY INTO OBJECT/PARKED VEHICLE,3,293523,1,0,1,0,0,1,1,2,T intersection,2,50,Local Road
T20230013680,2023/6/12,19:50:00,1,Collision with vehicle,2,Monday,120,HEAD ON (NOT OVERTAKING),5,698375,2,0,1,1,0,2,1,5,Not at intersection,2,80,Local Road
T20230013676,2023/6/12,21:00:00,8,No collision and no object struck,1,Monday,189,OTHER ACCIDENTS ON CURVE NOT INCLUDED IN DCAs 180-184,3,778083,1,0,0,1,0,1,1,1,Cross intersection,3,60,Arterial Other
T20230013673,2023/6/12,19:40:00,9,Other accident,1,Monday,151,OUT OF CONTROL (OVERTAKING),3,775869,1,0,0,1,0,1,1,5,Not at intersection,3,60,Arterial Other
T20230013672,2023/6/12,19:12:00,1,Collision with vehicle,2,Monday,160,VEHICLE COLLIDES WITH VEHICLE PARKED ON LEFT OF ROAD,3,782046,3,0,1,0,0,1,1,5,Not at intersection,2,50,Local Road
T20230013671,2023/6/12,15:00:00,2,Struck Pedestrian,2,Monday,100,PED NEAR SIDE. PED HIT BY VEHICLE FROM THE RIGHT.,1,43129,1,0,0,1,1,2,1,1,Cross intersection,3,50,Local Road
T20230013670,2023/6/12,16:11:00,4,Collision with a fixed object,1,Monday,183,OFF LEFT BEND INTO OBJECT/PARKED VEHICLE,2,775868,1,0,0,2,0,2,1,5,Not at intersection,3,50,Local Road
T20230013924,2023/6/12,17:50:00,1,Collision with vehicle,2,Monday,130,REAR END(VEHICLES IN SAME LANE),2,796670,2,0,1,0,1,2,2,5,Not at intersection,2,100,Local Road
T20230013909,2023/6/12,17:30:00,6,Vehicle overturned (no collision),1,Monday,151,OUT OF CONTROL (OVERTAKING),2,776014,1,0,0,1,0,1,2,5,Not at intersection,3,100,Freeway
T20230013661,2023/6/12,12:18:00,1,Collision with vehicle,1,Monday,134,LANE CHANGE RIGHT (NOT OVERTAKING),1,800548,2,0,0,1,4,5,1,5,Not at intersection,3,110,Freeway
T20230013667,2023/6/12,16:18:00,2,Struck Pedestrian,1,Monday,100,PED NEAR SIDE. PED HIT BY VEHICLE FROM THE RIGHT.,2,43129,1,0,0,1,1,2,1,1,Cross intersection,3,80,Local Road
T20230013660,2023/6/12,13:57:00,1,Collision with vehicle,2,Monday,130,REAR END(VEHICLES IN SAME LANE),1,777400,3,0,1,3,1,5,1,5,Not at intersection,2,80,Freeway
T20230013663,2023/6/12,16:04:00,1,Collision with vehicle,2,Monday,121,RIGHT THROUGH,2,47938,2,0,1,0,2,3,1,2,T intersection,2,70,Arterial Other
T20230014047,2023/6/12,14:15:00,1,Collision with vehicle,2,Monday,121,RIGHT THROUGH,1,47219,2,0,0,2,0,2,1,2,T intersection,3,60,Arterial Highway
T20230014048,2023/6/12,18:00:00,1,Collision with vehicle,2,Monday,130,REAR END(VEHICLES IN SAME LANE),2,778956,2,0,0,1,2,3,2,5,Not at intersection,3,40,Arterial Other
T20230013611,2023/6/12,2:14:00,1,Collision with vehicle,1,Monday,160,VEHICLE COLLIDES WITH VEHICLE PARKED ON LEFT OF ROAD,3,61989,2,0,0,1,0,1,1,1,Cross intersection,3,50,Local Road
T20230013625,2023/6/12,10:35:00,4,Collision with a fixed object,2,Monday,171,LEFT OFF CARRIAGEWAY INTO OBJECT/PARKED VEHICLE,1,776064,1,0,1,0,0,1,1,5,Not at intersection,2,80,Arterial Highway
T20230013632,2023/6/12,11:33:00,4,Collision with a fixed object,1,Monday,146,REVERSING INTO FIXED OBJECT/PARKED VEHICLE,1,784718,1,0,0,1,0,1,1,5,Not at intersection,3,30,Local Road
T20230013633,2023/6/12,11:28:00,1,Collision with vehicle,1,Monday,110,CROSS TRAFFIC(INTERSECTIONS ONLY),1,51485,2,0,0,2,1,3,1,1,Cross intersection,3,50,Arterial Highway
T20230013759,2023/6/13,19:16:00,4,Collision with a fixed object,3,Tuesday,171,LEFT OFF CARRIAGEWAY INTO OBJECT/PARKED VEHICLE,5,784289,2,0,1,0,1,2,1,5,Not at intersection,2,100,Arterial Other
T20230013723,2023/6/13,15:50:00,1,Collision with vehicle,2,Tuesday,110,CROSS TRAFFIC(INTERSECTIONS ONLY),1,733908,2,0,1,1,0,2,1,1,Cross intersection,2,100,Local Road
T20230013754,2023/6/13,17:15:00,1,Collision with vehicle,3,Tuesday,130,REAR END(VEHICLES IN SAME LANE),2,776051,2,0,0,1,2,3,1,2,T intersection,3,50,Local Road
T20230014805,2023/6/13,15:30:00,1,Collision with vehicle,2,Tuesday,130,REAR END(VEHICLES IN SAME LANE),1,778162,2,0,0,1,1,2,2,2,T intersection,3,60,Arterial Other
T20230013755,2023/6/13,18:20:00,1,Collision with vehicle,2,Tuesday,160,VEHICLE COLLIDES WITH VEHICLE PARKED ON LEFT OF ROAD,3,776503,2,0,0,1,0,1,1,5,Not at intersection,3,50,Local Road
T20230014228,2023/6/13,12:00:00,1,Collision with vehicle,2,Tuesday,130,REAR END(VEHICLES IN SAME LANE),1,776965,2,0,0,1,1,2,2,5,Not at intersection,3,60,Local Road
T20230014518,2023/6/13,15:09:00,1,Collision with vehicle,3,Tuesday,111,RIGHT FAR (INTERSECTIONS ONLY),1,15447,2,0,1,0,1,2,1,1,Cross intersection,2,999,Arterial Other
T20230013740,2023/6/13,8:44:00,1,Collision with vehicle,3,Tuesday,130,REAR END(VEHICLES IN SAME LANE),1,776293,2,0,0,1,1,2,2,5,Not at intersection,3,40,Local Road
T20230013758,2023/6/13,16:25:00,4,Collision with a fixed object,3,Tuesday,181,OFF RIGHT BEND INTO OBJECT/PARKED VEHICLE,2,783749,2,0,2,0,0,2,1,5,Not at intersection,2,100,Arterial Highway
T20230013836,2023/6/13,8:12:00,1,Collision with vehicle,2,Tuesday,130,REAR END(VEHICLES IN SAME LANE),1,775916,2,0,0,1,1,2,2,5,Not at intersection,3,80,Arterial Other
T20230015188,2023/6/13,18:05:00,2,Struck Pedestrian,3,Tuesday,100,PED NEAR SIDE. PED HIT BY VEHICLE FROM THE RIGHT.,2,777260,1,0,0,1,1,2,2,5,Not at intersection,3,50,Local Road
T20230013745,2023/6/13,17:50:00,2,Struck Pedestrian,2,Tuesday,102,FAR SIDE. PED HIT BY VEHICLE FROM THE LEFT,3,778222,1,0,2,0,0,2,1,5,Not at intersection,2,50,Arterial Other
T20230013747,2023/6/13,16:54:00,1,Collision with vehicle,2,Tuesday,130,REAR END(VEHICLES IN SAME LANE),2,776549,2,0,0,1,2,3,2,5,Not at intersection,3,40,Arterial Other
T20230013989,2023/6/13,13:30:00,1,Collision with vehicle,3,Tuesday,130,REAR END(VEHICLES IN SAME LANE),1,777293,2,0,0,2,0,2,1,5,Not at intersection,3,50,Local Road
T20230016159,2023/6/13,10:06:00,1,Collision with vehicle,3,Tuesday,147,VEHICLE STRIKES ANOTHER VEH WHILE EMERGING FROM DRIVEWAY,1,777163,2,0,1,0,1,2,2,5,Not at intersection,2,50,Arterial Other
T20230014976,2023/6/13,3:50:00,4,Collision with a fixed object,2,Tuesday,179,OTHER ACCIDENTS-OFF STRAIGHT NOT INCLUDED IN DCAs 170-175,4,29764,1,0,0,1,0,1,1,1,Cross intersection,3,80,Arterial Other
T20230013771,2023/6/13,20:40:00,4,Collision with a fixed object,2,Tuesday,171,LEFT OFF CARRIAGEWAY INTO OBJECT/PARKED VEHICLE,4,787155,1,0,0,1,0,1,1,5,Not at intersection,3,80,
T20230013767,2023/6/13,22:00:00,1,Collision with vehicle,2,Tuesday,130,REAR END(VEHICLES IN SAME LANE),3,776664,2,0,1,0,2,3,1,5,Not at intersection,2,40,Freeway
T20230013921,2023/6/13,17:30:00,1,Collision with vehicle,3,Tuesday,130,REAR END(VEHICLES IN SAME LANE),1,776265,2,0,1,0,1,2,2,5,Not at intersection,2,100,Freeway
T20230013735,2023/6/13,16:45:00,1,Collision with vehicle,2,Tuesday,113,RIGHT NEAR (INTERSECTIONS ONLY),9,55222,2,0,0,1,1,2,2,2,T intersection,3,80,Local Road
T20230014329,2023/6/13,15:40:00,1,Collision with vehicle,2,Tuesday,120,HEAD ON (NOT OVERTAKING),1,796928,2,0,0,1,1,2,2,5,Not at intersection,3,50,Local Road
T20230013751,2023/6/13,18:22:00,1,Collision with vehicle,2,Tuesday,110,CROSS TRAFFIC(INTERSECTIONS ONLY),2,51945,2,0,0,1,1,2,1,1,Cross intersection,3,60,Local Road
T20230014264,2023/6/13,13:30:00,1,Collision with vehicle,2,Tuesday,130,REAR END(VEHICLES IN SAME LANE),1,777919,2,0,0,1,1,2,2,5,Not at intersection,3,100,Freeway
T20230014273,2023/6/13,14:50:00,1,Collision with vehicle,3,Tuesday,130,REAR END(VEHICLES IN SAME LANE),1,39376,3,0,0,1,2,3,2,2,T intersection,3,60,Arterial Other
T20230014002,2023/6/13,15:30:00,1,Collision with vehicle,3,Tuesday,131,LEFT REAR,1,776351,2,0,0,1,1,2,2,1,Cross intersection,3,80,Local Road
T20230013749,2023/6/13,18:15:00,1,Collision with vehicle,2,Tuesday,130,REAR END(VEHICLES IN SAME LANE),2,793934,2,0,0,1,1,2,1,5,Not at intersection,3,80,
T20230013748,2023/6/13,18:06:00,1,Collision with vehicle,3,Tuesday,130,REAR END(VEHICLES IN SAME LANE),2,777674,3,0,0,1,2,3,1,5,Not at intersection,3,80,Arterial Highway
T20230013734,2023/6/13,15:42:00,1,Collision with vehicle,3,Tuesday,130,REAR END(VEHICLES IN SAME LANE),1,776264,2,0,0,2,0,2,1,5,Not at intersection,3,80,Arterial Highway
T20230013778,2023/6/13,22:00:00,4,Collision with a fixed object,2,Tuesday,173,RIGHT OFF CARRIAGEWAY INTO OBJECT/PARKED VEHICLE,3,792934,1,0,0,1,0,1,1,5,Not at intersection,3,80,Local Road
T20230013772,2023/6/13,21:30:00,1,Collision with vehicle,3,Tuesday,173,RIGHT OFF CARRIAGEWAY INTO OBJECT/PARKED VEHICLE,5,775909,2,0,1,0,0,1,1,5,Not at intersection,2,50,Local Road
T20230015600,2023/6/13,8:50:00,1,Collision with vehicle,3,Tuesday,113,RIGHT NEAR (INTERSECTIONS ONLY),1,41762,2,0,0,1,1,2,1,2,T intersection,3,80,Arterial Highway
T20230013719,2023/6/13,13:50:00,2,Struck Pedestrian,2,Tuesday,100,PED NEAR SIDE. PED HIT BY VEHICLE FROM THE RIGHT.,1,776349,1,0,0,1,1,2,1,1,Cross intersection,3,40,Arterial Other
T20230013715,2023/6/13,13:20:00,1,Collision with vehicle,3,Tuesday,139,OTHER SAME DIRECTION-MANOUEVRES NOT INCLUDED IN DCAs 130-137,1,775953,2,0,1,0,1,2,1,5,Not at intersection,2,100,Freeway
T20230013714,2023/6/13,14:04:00,1,Collision with vehicle,2,Tuesday,110,CROSS TRAFFIC(INTERSECTIONS ONLY),1,793819,2,0,0,2,0,2,1,1,Cross intersection,3,80,
T20230013710,2023/6/13,12:26:00,4,Collision with a fixed object,2,Tuesday,171,LEFT OFF CARRIAGEWAY INTO OBJECT/PARKED VEHICLE,1,776138,1,0,0,1,0,1,1,5,Not at intersection,3,80,Arterial Highway
T20230013697,2023/6/13,7:30:00,4,Collision with a fixed object,3,Tuesday,171,LEFT OFF CARRIAGEWAY INTO OBJECT/PARKED VEHICLE,1,775919,1,0,2,0,0,2,1,5,Not at intersection,2,100,Local Road
T20230013690,2023/6/13,6:30:00,1,Collision with vehicle,3,Tuesday,135,LANE CHANGE LEFT (NOT OVERTAKING),2,775871,2,0,1,0,1,2,1,5,Not at intersection,2,60,Arterial Other
T20230013729,2023/6/13,16:20:00,1,Collision with vehicle,2,Tuesday,113,RIGHT NEAR (INTERSECTIONS ONLY),2,38944,2,0,0,2,0,2,1,1,Cross intersection,3,60,Arterial Other
T20230013727,2023/6/13,15:40:00,1,Collision with vehicle,2,Tuesday,147,VEHICLE STRIKES ANOTHER VEH WHILE EMERGING FROM DRIVEWAY,1,272917,3,0,0,2,1,3,1,5,Not at intersection,3,60,Arterial Other
T20230013739,2023/6/13,17:30:00,1,Collision with vehicle,2,Tuesday,140,U TURN,2,779317,2,0,1,0,2,3,1,5,Not at intersection,2,70,Arterial Other
T20230013726,2023/6/13,16:23:00,1,Collision with vehicle,3,Tuesday,132,RIGHT REAR.,1,776541,2,0,1,0,1,2,1,5,Not at intersection,2,60,Local Road
T20230014201,2023/6/13,17:00:00,1,Collision with vehicle,2,Tuesday,147,VEHICLE STRIKES ANOTHER VEH WHILE EMERGING FROM DRIVEWAY,2,776485,2,0,0,1,1,2,1,5,Not at intersection,3,50,Local Road
T20230013826,2023/6/14,9:00:00,1,Collision with vehicle,4,Wednesday,112,LEFT FAR (INTERSECTIONS ONLY),1,775957,2,0,0,1,1,2,2,1,Cross intersection,3,50,Local Road
T20230013841,2023/6/14,16:27:00,1,Collision with vehicle,3,Wednesday,121,RIGHT THROUGH,1,793919,2,0,0,1,1,2,1,2,T intersection,3,40,Local Road
T20230016309,2023/6/14,20:40:00,2,Struck Pedestrian,4,Wednesday,103,PED PLAYING/LYING/WORKING/STANDING ON CARRIAGEWAY.,3,777878,1,0,1,0,1,2,2,5,Not at intersection,2,50,Local Road
T20230013819,2023/6/14,14:24:00,1,Collision with vehicle,3,Wednesday,130,REAR END(VEHICLES IN SAME LANE),1,793148,2,0,1,1,0,2,1,1,Cross intersection,2,70,Arterial Other
T20230013817,2023/6/14,13:24:00,4,Collision with a fixed object,3,Wednesday,164,PERMANENT OBSTRUCTION ON CARRIAGEWAY,1,45627,1,0,0,1,0,1,1,2,T intersection,3,40,Arterial Other
T20230013793,2023/6/14,6:30:00,5,collision with some other object,3,Wednesday,166,STRUCK OBJECT ON CARRIAGEWAY,2,779772,1,0,0,2,0,2,1,5,Not at intersection,3,100,Local Road
T20230013815,2023/6/14,9:29:00,1,Collision with vehicle,4,Wednesday,113,RIGHT NEAR (INTERSECTIONS ONLY),1,752604,2,0,1,0,1,2,1,2,T intersection,2,60,Arterial Other
T20230013814,2023/6/14,6:30:00,1,Collision with vehicle,4,Wednesday,130,REAR END(VEHICLES IN SAME LANE),6,40978,2,0,1,0,1,2,1,2,T intersection,2,999,Arterial Other
T20230014094,2023/6/14,11:15:00,1,Collision with vehicle,3,Wednesday,130,REAR END(VEHICLES IN SAME LANE),1,776091,2,0,0,1,1,2,2,5,Not at intersection,3,80,Arterial Highway
T20230013813,2023/6/14,8:57:00,1,Collision with vehicle,3,Wednesday,121,RIGHT THROUGH,1,48758,2,0,0,1,2,3,1,1,Cross intersection,3,80,Local Road
T20230013812,2023/6/14,8:24:00,1,Collision with vehicle,3,Wednesday,121,RIGHT THROUGH,1,356648,2,0,0,1,1,2,1,2,T intersection,3,70,Arterial Other
T20230013822,2023/6/14,15:55:00,2,Struck Pedestrian,3,Wednesday,102,FAR SIDE. PED HIT BY VEHICLE FROM THE LEFT,1,39925,1,0,1,0,1,2,1,1,Cross intersection,2,60,Arterial Other
T20230013827,2023/6/14,17:30:00,6,Vehicle overturned (no collision),4,Wednesday,170,OFF CARRIAGEWAY TO LEFT,2,775918,1,0,1,0,1,2,1,5,Not at intersection,2,40,Arterial Other
T20230013777,2023/6/14,5:00:00,2,Struck Pedestrian,4,Wednesday,102,FAR SIDE. PED HIT BY VEHICLE FROM THE LEFT,2,60363,1,0,0,1,1,2,2,1,Cross intersection,3,60,Arterial Highway
T20230020909,2023/6/14,15:00:00,1,Collision with vehicle,3,Wednesday,132,RIGHT REAR.,1,8106,2,0,0,1,2,3,2,1,Cross intersection,3,40,
T20230014922,2023/6/14,16:07:00,1,Collision with vehicle,4,Wednesday,116,LEFT NEAR (INTERSECTIONS ONLY),2,776496,2,0,0,2,1,3,1,1,Cross intersection,3,80,Arterial Other
T20230013806,2023/6/14,13:08:00,1,Collision with vehicle,4,Wednesday,114,TWO RIGHT TURNING (INTERSECTIONS ONLY),1,326111,2,0,1,0,1,2,1,2,T intersection,2,70,Local Road
T20230013774,2023/6/14,0:25:00,1,Collision with vehicle,4,Wednesday,130,REAR END(VEHICLES IN SAME LANE),3,776081,2,0,0,2,0,2,1,5,Not at intersection,3,70,Arterial Highway
T20230013797,2023/6/14,8:40:00,2,Struck Pedestrian,3,Wednesday,101,PED EMERGES FROM IN FRONT OF PARKED OR STATIONARY VEHICLE,1,775913,1,0,0,1,1,2,1,5,Not at intersection,3,60,Local Road
T20230013830,2023/6/14,14:15:00,1,Collision with vehicle,3,Wednesday,153,CUTTING IN (OVERTAKING),1,198597,2,0,0,1,1,2,2,5,Not at intersection,3,999,Local Road
T20230013832,2023/6/14,16:45:00,1,Collision with vehicle,3,Wednesday,110,CROSS TRAFFIC(INTERSECTIONS ONLY),2,57070,3,0,0,2,1,3,1,1,Cross intersection,3,50,Local Road
T20230013914,2023/6/14,8:19:00,1,Collision with vehicle,3,Wednesday,130,REAR END(VEHICLES IN SAME LANE),1,39774,2,0,0,1,1,2,2,1,Cross intersection,3,60,Arterial Other
T20230014198,2023/6/14,9:00:00,1,Collision with vehicle,3,Wednesday,163,VEHICLE STRIKES DOOR OF PARKED/STATIONARY VEHICLE,2,779318,2,0,0,1,0,1,2,5,Not at intersection,3,60,Local Road
T20230015243,2023/6/14,16:30:00,1,Collision with vehicle,3,Wednesday,131,LEFT REAR,2,784714,2,0,0,1,1,2,1,5,Not at intersection,3,999,Arterial Other
T20230013796,2023/6/14,9:30:00,1,Collision with vehicle,3,Wednesday,131,LEFT REAR,1,775912,2,0,0,1,2,3,1,1,Cross intersection,3,60,Local Road
T20230013833,2023/6/14,17:03:00,2,Struck Pedestrian,3,Wednesday,102,FAR SIDE. PED HIT BY VEHICLE FROM THE LEFT,2,775915,1,0,0,1,1,2,1,5,Not at intersection,3,60,Arterial Highway
T20230013887,2023/6/14,14:55:00,1,Collision with vehicle,3,Wednesday,130,REAR END(VEHICLES IN SAME LANE),1,776013,2,0,0,1,2,3,2,5,Not at intersection,3,999,Local Road
T20230013851,2023/6/14,20:47:00,4,Collision with a fixed object,3,Wednesday,171,LEFT OFF CARRIAGEWAY INTO OBJECT/PARKED VEHICLE,3,779630,2,0,2,0,1,3,1,5,Not at intersection,2,60,Arterial Highway
T20230013847,2023/6/14,14:19:00,1,Collision with vehicle,4,Wednesday,130,REAR END(VEHICLES IN SAME LANE),1,776053,2,0,0,2,0,2,1,5,Not at intersection,3,60,Local Road
T20230013795,2023/6/14,8:00:00,1,Collision with vehicle,3,Wednesday,121,RIGHT THROUGH,2,776208,2,0,0,1,1,2,1,5,Not at intersection,3,80,Local Road
T20230013843,2023/6/14,20:00:00,1,Collision with vehicle,3,Wednesday,136,RIGHT TURN SIDESWIPE,3,776052,2,0,0,2,1,3,1,5,Not at intersection,3,40,Local Road
T20230016962,2023/6/14,10:30:00,1,Collision with vehicle,4,Wednesday,110,CROSS TRAFFIC(INTERSECTIONS ONLY),1,22730,2,0,0,1,1,2,1,1,Cross intersection,3,50,Local Road
T20230024707,2023/6/14,8:40:00,1,Collision with vehicle,3,Wednesday,130,REAR END(VEHICLES IN SAME LANE),2,784036,2,0,0,1,1,2,2,2,T intersection,3,60,Local Road
T20230013888,2023/6/14,18:00:00,1,Collision with vehicle,4,Wednesday,163,VEHICLE STRIKES DOOR OF PARKED/STATIONARY VEHICLE,3,776570,2,0,0,1,1,2,1,5,Not at intersection,3,60,Arterial Other
T20230014323,2023/6/14,10:45:00,1,Collision with vehicle,4,Wednesday,137,LEFT TURN SIDESWIPE,1,784725,2,0,0,1,1,2,2,2,T intersection,3,999,Arterial Other
T20230013840,2023/6/14,18:13:00,1,Collision with vehicle,4,Wednesday,121,RIGHT THROUGH,2,784715,2,0,1,2,1,4,1,1,Cross intersection,2,60,Arterial Other
T20230013839,2023/6/14,14:30:00,4,Collision with a fixed object,3,Wednesday,181,OFF RIGHT BEND INTO OBJECT/PARKED VEHICLE,1,795014,1,0,1,0,0,1,1,5,Not at intersection,2,70,Arterial Other
T20230013792,2023/6/14,6:55:00,1,Collision with vehicle,3,Wednesday,130,REAR END(VEHICLES IN SAME LANE),2,776548,2,0,0,1,1,2,2,5,Not at intersection,3,80,Freeway
T20230017913,2023/6/14,12:20:00,1,Collision with vehicle,3,Wednesday,130,REAR END(VEHICLES IN SAME LANE),1,29983,2,0,0,1,1,2,2,1,Cross intersection,3,60,Arterial Highway
T20230013790,2023/6/14,6:55:00,6,Vehicle overturned (no collision),4,Wednesday,174,OUT OF CONTROL ON CARRIAGEWAY (ON STRAIGHT),3,775955,1,0,1,0,0,1,1,2,T intersection,2,60,Local Road
T20230013787,2023/6/14,6:47:00,4,Collision with a fixed object,4,Wednesday,171,LEFT OFF CARRIAGEWAY INTO OBJECT/PARKED VEHICLE,3,776482,1,0,1,0,0,1,1,5,Not at intersection,2,80,Arterial Highway
T20230013784,2023/6/14,9:00:00,1,Collision with vehicle,3,Wednesday,130,REAR END(VEHICLES IN SAME LANE),1,776082,4,0,0,1,3,4,1,5,Not at intersection,3,60,Arterial Other
T20230013783,2023/6/14,6:20:00,1,Collision with vehicle,4,Wednesday,130,REAR END(VEHICLES IN SAME LANE),3,775910,2,0,0,1,1,2,2,5,Not at intersection,3,50,Local Road
T20230013786,2023/6/14,7:38:00,1,Collision with vehicle,3,Wednesday,111,RIGHT FAR (INTERSECTIONS ONLY),1,245697,2,0,0,1,1,2,1,2,T intersection,3,80,Arterial Other
T20230014221,2023/6/14,8:40:00,1,Collision with vehicle,3,Wednesday,116,LEFT NEAR (INTERSECTIONS ONLY),2,48250,2,0,0,1,1,2,1,2,T intersection,3,999,Local Road
T20230014060,2023/6/15,20:25:00,5,collision with some other object,5,Thursday,149,OTHER MANOEUVRING NOT INCLUDED IN DCAs 140-148,9,784316,1,0,0,1,0,1,2,5,Not at intersection,3,999,Local Road
T20230013876,2023/6/15,9:38:00,4,Collision with a fixed object,5,Thursday,173,RIGHT OFF CARRIAGEWAY INTO OBJECT/PARKED VEHICLE,1,777035,1,0,1,0,0,1,1,5,Not at intersection,2,100,Arterial Highway
T20230022967,2023/6/15,17:00:00,1,Collision with vehicle,4,Thursday,130,REAR END(VEHICLES IN SAME LANE),2,782063,2,0,0,2,0,2,2,5,Not at intersection,3,50,Arterial Other
T20230019867,2023/6/15,19:30:00,8,No collision and no object struck,4,Thursday,179,OTHER ACCIDENTS-OFF STRAIGHT NOT INCLUDED IN DCAs 170-175,5,779585,1,0,0,1,0,1,2,5,Not at intersection,3,999,Local Road