ACCIDENT_NO,ACCIDENT_DATE,ACCIDENT_TIME,ACCIDENT_TYPE,ACCIDENT_TYPE_DESC,DAY_OF_WEEK,DAY_WEEK_DESC,DCA_CODE,DCA_DESC,LIGHT_CONDITION,NODE_ID,NO_OF_VEHICLES,NO_PERSONS_KILLED,NO_PERSONS_INJ_2,NO_PERSONS_INJ_3,NO_PERSONS_NOT_INJ,NO_PERSONS,POLICE_ATTEND,ROAD_GEOMETRY,ROAD_GEOMETRY_DESC,SEVERITY,SPEED_ZONE,RMA
T20230016402,2023/6/15,14:10:00,1,Collision with vehicle,5,Thursday,110,CROSS TRAFFIC(INTERSECTIONS ONLY),1,777247,2,0,0,1,1,2,1,1,Cross intersection,3,80,Freeway
T20230015764,2023/6/15,6:55:00,1,Collision with vehicle,4,Thursday,129,OTHER OPPOSING MANOEUVRES NOT INCLUDED IN DCAs 120-125.,2,63227,2,0,0,2,1,3,1,2,T intersection,3,80,Local Road
T20230023452,2023/6/15,20:30:00,4,Collision with a fixed object,4,Thursday,173,RIGHT OFF CARRIAGEWAY INTO OBJECT/PARKED VEHICLE,3,784046,1,0,0,1,0,1,1,5,Not at intersection,3,50,Local Road
T20230013940,2023/6/15,15:49:00,1,Collision with vehicle,5,Thursday,152,PULLING OUT (OVERTAKING),1,49731,3,0,1,0,3,4,1,1,Cross intersection,2,50,Local Road
T20230013939,2023/6/15,16:45:00,1,Collision with vehicle,4,Thursday,110,CROSS TRAFFIC(INTERSECTIONS ONLY),2,784767,2,0,0,2,0,2,1,1,Cross intersection,3,60,Local Road
T20230013906,2023/6/15,16:36:00,2,Struck Pedestrian,4,Thursday,100,PED NEAR SIDE. PED HIT BY VEHICLE FROM THE RIGHT.,1,793149,1,0,0,1,1,2,1,5,Not at intersection,3,60,Arterial Other
T20230013936,2023/6/15,21:07:00,1,Collision with vehicle,5,Thursday,121,RIGHT THROUGH,3,60682,2,0,1,0,1,2,1,2,T intersection,2,60,Local Road
T20230013932,2023/6/15,19:10:00,4,Collision with a fixed object,5,Thursday,171,LEFT OFF CARRIAGEWAY INTO OBJECT/PARKED VEHICLE,5,776015,1,0,0,1,0,1,1,5,Not at intersection,3,80,Arterial Other
T20230013931,2023/6/15,17:40:00,4,Collision with a fixed object,4,Thursday,175,OFF END OF ROAD/T-INTERSECTION.,2,326878,1,0,0,1,0,1,1,2,T intersection,3,100,Local Road
T20230013928,2023/6/15,12:20:00,1,Collision with vehicle,5,Thursday,160,VEHICLE COLLIDES WITH VEHICLE PARKED ON LEFT OF ROAD,1,776595,3,0,2,1,0,3,1,5,Not at intersection,2,50,Local Road
T20230013927,2023/6/15,9:00:00,1,Collision with vehicle,4,Thursday,130,REAR END(VEHICLES IN SAME LANE),9,776486,3,0,0,1,2,3,2,5,Not at intersection,3,80,Arterial Highway
T20230013923,2023/6/15,17:50:00,1,Collision with vehicle,4,Thursday,139,OTHER SAME DIRECTION-MANOUEVRES NOT INCLUDED IN DCAs 130-137,2,734275,3,0,0,1,2,3,1,2,T intersection,3,70,Arterial Other
T20230014506,2023/6/15,9:10:00,4,Collision with a fixed object,5,Thursday,173,RIGHT OFF CARRIAGEWAY INTO OBJECT/PARKED VEHICLE,1,793156,1,0,1,0,0,1,1,5,Not at intersection,2,30,Local Road
T20230013919,2023/6/15,18:19:00,1,Collision with vehicle,4,Thursday,110,CROSS TRAFFIC(INTERSECTIONS ONLY),2,47382,2,0,0,1,1,2,1,1,Cross intersection,3,60,Freeway
T20230013918,2023/6/15,17:56:00,1,Collision with vehicle,5,Thursday,110,CROSS TRAFFIC(INTERSECTIONS ONLY),3,777034,2,0,0,1,1,2,1,1,Cross intersection,3,50,Local Road
T20230013917,2023/6/15,15:30:00,1,Collision with vehicle,4,Thursday,111,RIGHT FAR (INTERSECTIONS ONLY),1,47392,2,0,1,0,2,3,1,2,T intersection,2,40,Arterial Other
T20230014075,2023/6/15,17:36:00,1,Collision with vehicle,5,Thursday,130,REAR END(VEHICLES IN SAME LANE),5,776088,3,0,1,0,2,3,1,5,Not at intersection,2,60,Arterial Other
T20230013913,2023/6/15,15:00:00,1,Collision with vehicle,5,Thursday,113,RIGHT NEAR (INTERSECTIONS ONLY),1,19335,2,0,4,0,0,4,1,1,Cross intersection,2,100,Arterial Highway
T20230013905,2023/6/15,15:07:00,1,Collision with vehicle,5,Thursday,163,VEHICLE STRIKES DOOR OF PARKED/STATIONARY VEHICLE,1,776397,3,0,0,1,2,3,1,5,Not at intersection,3,40,Local Road
T20230013902,2023/6/15,15:00:00,1,Collision with vehicle,5,Thursday,139,OTHER SAME DIRECTION-MANOUEVRES NOT INCLUDED IN DCAs 130-137,1,784315,2,0,0,1,1,2,2,5,Not at intersection,3,60,Freeway
T20230013899,2023/6/15,8:10:00,1,Collision with vehicle,5,Thursday,110,CROSS TRAFFIC(INTERSECTIONS ONLY),2,784763,3,0,0,1,2,3,1,1,Cross intersection,3,60,Arterial Other
T20230013896,2023/6/15,11:59:00,1,Collision with vehicle,5,Thursday,139,OTHER SAME DIRECTION-MANOUEVRES NOT INCLUDED IN DCAs 130-137,1,776269,3,0,1,4,2,7,1,5,Not at intersection,2,110,Freeway
T20230013895,2023/6/15,13:20:00,5,collision with some other object,4,Thursday,166,STRUCK OBJECT ON CARRIAGEWAY,1,796281,1,0,0,1,0,1,1,5,Not at intersection,3,777,Local Road
T20230013911,2023/6/15,17:16:00,1,Collision with vehicle,5,Thursday,112,LEFT FAR (INTERSECTIONS ONLY),2,13376,2,0,1,0,1,2,1,2,T intersection,2,999,Freeway
T20230013907,2023/6/15,14:00:00,1,Collision with vehicle,4,Thursday,143,ENTERING PARKING,1,784717,2,0,0,1,1,2,2,5,Not at intersection,3,40,Arterial Other
T20230014880,2023/6/15,17:00:00,1,Collision with vehicle,5,Thursday,130,REAR END(VEHICLES IN SAME LANE),2,780570,2,0,0,1,1,2,1,5,Not at intersection,3,100,Freeway
T20230013968,2023/6/15,13:55:00,2,Struck Pedestrian,4,Thursday,103,PED PLAYING/LYING/WORKING/STANDING ON CARRIAGEWAY.,1,790635,2,0,0,1,1,2,2,5,Not at intersection,3,80,Local Road
T20230014032,2023/6/15,21:55:00,4,Collision with a fixed object,4,Thursday,171,LEFT OFF CARRIAGEWAY INTO OBJECT/PARKED VEHICLE,3,788004,1,0,0,1,0,1,1,2,T intersection,3,60,Local Road
T20230014775,2023/6/15,16:10:00,1,Collision with vehicle,5,Thursday,113,RIGHT NEAR (INTERSECTIONS ONLY),2,776545,2,0,0,1,1,2,1,2,T intersection,3,60,Arterial Highway
T20230014366,2023/6/15,14:35:00,1,Collision with vehicle,4,Thursday,121,RIGHT THROUGH,1,37119,2,0,1,0,1,2,1,2,T intersection,2,60,Local Road
T20230014455,2023/6/15,23:00:00,1,Collision with vehicle,4,Thursday,130,REAR END(VEHICLES IN SAME LANE),3,793155,2,0,0,1,1,2,2,5,Not at intersection,3,999,Arterial Other
T20230013874,2023/6/15,1:30:00,1,Collision with vehicle,4,Thursday,130,REAR END(VEHICLES IN SAME LANE),3,370,2,0,0,1,1,2,2,1,Cross intersection,3,60,Arterial Highway
T20230014160,2023/6/15,21:19:00,1,Collision with vehicle,5,Thursday,110,CROSS TRAFFIC(INTERSECTIONS ONLY),3,776216,2,0,1,0,3,4,1,1,Cross intersection,2,60,Arterial Other
T20230014025,2023/6/16,15:35:00,1,Collision with vehicle,5,Friday,121,RIGHT THROUGH,1,672034,2,0,0,1,1,2,1,5,Not at intersection,3,50,Arterial Other
T20230014029,2023/6/16,19:10:00,1,Collision with vehicle,5,Friday,130,REAR END(VEHICLES IN SAME LANE),3,216018,5,0,0,1,5,6,1,5,Not at intersection,3,80,Freeway
T20230014421,2023/6/16,19:35:00,1,Collision with vehicle,5,Friday,116,LEFT NEAR (INTERSECTIONS ONLY),3,38891,2,0,0,1,1,2,2,2,T intersection,3,60,Arterial Other
T20230013947,2023/6/16,7:00:00,1,Collision with vehicle,6,Friday,120,HEAD ON (NOT OVERTAKING),1,782713,3,0,0,1,2,3,1,5,Not at intersection,3,60,Local Road
T20230014113,2023/6/16,16:30:00,4,Collision with a fixed object,5,Friday,173,RIGHT OFF CARRIAGEWAY INTO OBJECT/PARKED VEHICLE,1,783933,1,0,0,1,0,1,1,2,T intersection,3,50,Local Road
T20230014118,2023/6/16,17:10:00,1,Collision with vehicle,5,Friday,113,RIGHT NEAR (INTERSECTIONS ONLY),9,43756,2,0,0,1,1,2,1,2,T intersection,3,60,Local Road
T20230014019,2023/6/16,17:08:00,1,Collision with vehicle,6,Friday,134,LANE CHANGE RIGHT (NOT OVERTAKING),2,777343,3,0,0,1,2,3,1,5,Not at intersection,3,60,Arterial Other
T20230014020,2023/6/16,15:00:00,1,Collision with vehicle,6,Friday,130,REAR END(VEHICLES IN SAME LANE),1,776085,3,0,0,1,2,3,2,5,Not at intersection,3,100,Freeway
T20230014021,2023/6/16,17:30:00,2,Struck Pedestrian,5,Friday,102,FAR SIDE. PED HIT BY VEHICLE FROM THE LEFT,3,51018,1,0,0,1,1,2,1,1,Cross intersection,3,60,Arterial Highway
T20230014030,2023/6/16,21:25:00,5,collision with some other object,5,Friday,166,STRUCK OBJECT ON CARRIAGEWAY,5,776056,1,0,0,1,0,1,1,5,Not at intersection,3,100,Local Road
T20230014022,2023/6/16,16:39:00,1,Collision with vehicle,6,Friday,132,RIGHT REAR.,1,777026,2,0,1,0,1,2,1,5,Not at intersection,2,80,Arterial Other
T20230030016,2023/6/16,16:30:00,1,Collision with vehicle,5,Friday,134,LANE CHANGE RIGHT (NOT OVERTAKING),1,796431,2,0,0,1,1,2,2,5,Not at intersection,3,50,
T20230014001,2023/6/16,16:00:00,2,Struck Pedestrian,6,Friday,100,PED NEAR SIDE. PED HIT BY VEHICLE FROM THE RIGHT.,2,50883,1,0,1,1,2,4,1,2,T intersection,2,50,Local Road
T20230014523,2023/6/16,8:05:00,1,Collision with vehicle,6,Friday,130,REAR END(VEHICLES IN SAME LANE),1,304214,2,0,1,0,1,2,2,5,Not at intersection,2,999,Freeway
T20230013949,2023/6/16,6:00:00,1,Collision with vehicle,6,Friday,110,CROSS TRAFFIC(INTERSECTIONS ONLY),3,237310,4,0,0,3,3,6,1,1,Cross intersection,3,80,Arterial Other
T20230013984,2023/6/16,12:30:00,1,Collision with vehicle,5,Friday,115,RIGHT/LEFT FAR (INTERSECTIONS ONLY),1,776054,2,0,0,1,1,2,1,2,T intersection,3,50,Local Road
T20230013999,2023/6/16,14:42:00,1,Collision with vehicle,5,Friday,130,REAR END(VEHICLES IN SAME LANE),1,794252,3,0,1,0,2,3,1,5,Not at intersection,2,80,Freeway
T20230016872,2023/6/16,9:30:00,4,Collision with a fixed object,5,Friday,179,OTHER ACCIDENTS-OFF STRAIGHT NOT INCLUDED IN DCAs 170-175,1,793158,1,0,0,1,0,1,2,2,T intersection,3,40,Local Road
T20230013967,2023/6/16,11:00:00,1,Collision with vehicle,6,Friday,130,REAR END(VEHICLES IN SAME LANE),1,776708,3,0,0,1,2,3,1,5,Not at intersection,3,100,Freeway
T20230014037,2023/6/16,23:30:00,1,Collision with vehicle,5,Friday,162,ACCIDENT OR BROKEN DOWN,3,779859,2,0,1,1,0,2,1,5,Not at intersection,2,100,Freeway
T20230014009,2023/6/16,17:15:00,1,Collision with vehicle,5,Friday,130,REAR END(VEHICLES IN SAME LANE),1,776596,2,0,0,3,0,3,1,5,Not at intersection,3,80,Arterial Other
T20230014010,2023/6/16,18:30:00,1,Collision with vehicle,5,Friday,130,REAR END(VEHICLES IN SAME LANE),3,584,2,0,0,1,1,2,2,5,Not at intersection,3,60,Local Road
T20230013995,2023/6/16,14:00:00,4,Collision with a fixed object,5,Friday,171,LEFT OFF CARRIAGEWAY INTO OBJECT/PARKED VEHICLE,1,50653,1,0,1,1,0,2,1,1,Cross intersection,2,50,Local Road
T20230014011,2023/6/16,17:15:00,1,Collision with vehicle,5,Friday,110,CROSS TRAFFIC(INTERSECTIONS ONLY),3,51537,2,0,0,1,1,2,1,1,Cross intersection,3,60,Arterial Highway
T20230015746,2023/6/16,16:00:00,1,Collision with vehicle,5,Friday,130,REAR END(VEHICLES IN SAME LANE),2,778635,3,0,0,1,2,3,2,5,Not at intersection,3,60,Local Road
T20230021702,2023/6/16,17:45:00,1,Collision with vehicle,5,Friday,147,VEHICLE STRIKES ANOTHER VEH WHILE EMERGING FROM DRIVEWAY,9,358368,2,0,0,1,1,2,2,5,Not at intersection,3,60,Arterial Other
T20230013986,2023/6/16,9:40:00,1,Collision with vehicle,5,Friday,121,RIGHT THROUGH,1,278496,2,0,0,1,1,2,1,5,Not at intersection,3,70,Local Road
T20230014027,2023/6/16,16:30:00,1,Collision with vehicle,6,Friday,110,CROSS TRAFFIC(INTERSECTIONS ONLY),1,50242,2,0,1,0,1,2,1,1,Cross intersection,2,60,Arterial Other
T20230014070,2023/6/16,14:00:00,2,Struck Pedestrian,5,Friday,100,PED NEAR SIDE. PED HIT BY VEHICLE FROM THE RIGHT.,1,38165,1,0,0,1,1,2,2,1,Cross intersection,3,60,Arterial Other
T20230016322,2023/6/16,8:30:00,1,Collision with vehicle,6,Friday,147,VEHICLE STRIKES ANOTHER VEH WHILE EMERGING FROM DRIVEWAY,9,783939,2,0,0,1,2,3,2,5,Not at intersection,3,40,Arterial Other
T20230013987,2023/6/16,12:35:00,4,Collision with a fixed object,5,Friday,164,PERMANENT OBSTRUCTION ON CARRIAGEWAY,1,357508,1,0,0,1,0,1,1,5,Not at intersection,3,60,Arterial Other
T20230017640,2023/6/16,6:30:00,1,Collision with vehicle,6,Friday,130,REAR END(VEHICLES IN SAME LANE),2,777940,2,0,0,1,1,2,2,5,Not at intersection,3,999,Arterial Highway
T20230013977,2023/6/16,9:45:00,2,Struck Pedestrian,6,Friday,107,PED ON FOOTHPATH STRUCK BY VEHENTERING/LEAVING DRIVEWAY.,1,783936,2,0,1,0,2,3,1,5,Not at intersection,2,50,Local Road
T20230013976,2023/6/16,6:30:00,1,Collision with vehicle,6,Friday,120,HEAD ON (NOT OVERTAKING),3,778192,2,0,0,1,1,2,1,5,Not at intersection,3,60,Arterial Other
T20230013985,2023/6/16,12:10:00,1,Collision with vehicle,5,Friday,132,RIGHT REAR.,1,793150,2,0,0,1,1,2,1,2,T intersection,3,60,Local Road
T20230014013,2023/6/16,17:42:00,1,Collision with vehicle,5,Friday,113,RIGHT NEAR (INTERSECTIONS ONLY),2,260180,2,0,0,1,1,2,1,2,T intersection,3,50,Local Road
T20230014297,2023/6/16,10:30:00,2,Struck Pedestrian,5,Friday,109,ANY MANOEUVRE INVOLVING PED NOT INCLUDED IN DCAs 100-108.,1,777228,1,0,0,1,1,2,2,5,Not at intersection,3,60,Arterial Other
T20230015722,2023/6/16,14:00:00,1,Collision with vehicle,6,Friday,147,VEHICLE STRIKES ANOTHER VEH WHILE EMERGING FROM DRIVEWAY,1,776924,2,0,0,1,1,2,2,5,Not at intersection,3,50,Local Road
T20230013992,2023/6/16,9:34:00,1,Collision with vehicle,6,Friday,110,CROSS TRAFFIC(INTERSECTIONS ONLY),1,44803,2,0,0,1,1,2,1,1,Cross intersection,3,50,Local Road
T20230013974,2023/6/16,11:50:00,1,Collision with vehicle,5,Friday,110,CROSS TRAFFIC(INTERSECTIONS ONLY),1,50721,2,0,0,1,4,5,1,1,Cross intersection,3,60,Local Road
T20230013971,2023/6/16,11:20:00,1,Collision with vehicle,5,Friday,130,REAR END(VEHICLES IN SAME LANE),1,776020,3,0,0,1,2,3,1,5,Not at intersection,3,70,Arterial Highway
T20230014015,2023/6/16,17:05:00,1,Collision with vehicle,6,Friday,121,RIGHT THROUGH,2,239202,2,0,1,1,0,2,1,2,T intersection,2,60,Local Road
T20230015669,2023/6/16,18:15:00,1,Collision with vehicle,5,Friday,130,REAR END(VEHICLES IN SAME LANE),2,777123,2,0,0,1,1,2,2,5,Not at intersection,3,80,Local Road
T20230014017,2023/6/16,15:00:00,1,Collision with vehicle,6,Friday,121,RIGHT THROUGH,1,784572,2,0,1,0,1,2,2,5,Not at intersection,2,40,Local Road
T20230014921,2023/6/16,12:45:00,1,Collision with vehicle,5,Friday,163,VEHICLE STRIKES DOOR OF PARKED/STATIONARY VEHICLE,9,783935,2,0,0,1,2,3,2,2,T intersection,3,999,Local Road
T20230014103,2023/6/16,21:00:00,4,Collision with a fixed object,5,Friday,181,OFF RIGHT BEND INTO OBJECT/PARKED VEHICLE,3,776093,1,0,0,1,0,1,1,5,Not at intersection,3,60,Local Road
T20230014109,2023/6/17,13:30:00,2,Struck Pedestrian,6,Saturday,100,PED NEAR SIDE. PED HIT BY VEHICLE FROM THE RIGHT.,1,783932,1,0,0,1,1,2,2,5,Not at intersection,3,80,Arterial Highway
T20230014056,2023/6/17,7:00:00,4,Collision with a fixed object,7,Saturday,181,OFF RIGHT BEND INTO OBJECT/PARKED VEHICLE,2,793528,1,1,0,0,0,1,1,5,Not at intersection,1,80,Local Road
T20230014110,2023/6/17,17:20:00,1,Collision with vehicle,7,Saturday,130,REAR END(VEHICLES IN SAME LANE),1,776141,2,0,1,0,1,2,1,5,Not at intersection,2,60,Arterial Other
T20230014175,2023/6/17,13:50:00,2,Struck Pedestrian,6,Saturday,106,VEH STRIKES PED ON FOOTPATH/MEDIAN/TRAFFIC ISLAND.,1,35619,6,0,2,2,4,8,1,1,Cross intersection,2,60,Arterial Highway
T20230014173,2023/6/17,11:15:00,1,Collision with vehicle,6,Saturday,130,REAR END(VEHICLES IN SAME LANE),1,776101,2,0,0,1,1,2,2,5,Not at intersection,3,60,Arterial Highway
T20230016736,2023/6/17,17:30:00,1,Collision with vehicle,6,Saturday,130,REAR END(VEHICLES IN SAME LANE),2,777893,4,0,0,1,7,8,2,5,Not at intersection,3,80,Freeway
T20230014069,2023/6/17,12:35:00,1,Collision with vehicle,7,Saturday,129,OTHER OPPOSING MANOEUVRES NOT INCLUDED IN DCAs 120-125.,1,45099,2,0,1,0,1,2,1,2,T intersection,2,70,Arterial Other
T20230014120,2023/6/17,21:00:00,1,Collision with vehicle,7,Saturday,136,RIGHT TURN SIDESWIPE,3,43319,2,0,1,0,1,2,1,2,T intersection,2,60,Arterial Other
T20230014121,2023/6/17,19:29:00,4,Collision with a fixed object,7,Saturday,173,RIGHT OFF CARRIAGEWAY INTO OBJECT/PARKED VEHICLE,3,776095,3,0,0,1,4,5,1,5,Not at intersection,3,100,Freeway
T20230014125,2023/6/17,21:15:00,1,Collision with vehicle,7,Saturday,130,REAR END(VEHICLES IN SAME LANE),3,776096,2,0,0,1,2,3,2,5,Not at intersection,3,40,Local Road
T20230014126,2023/6/17,21:00:00,2,Struck Pedestrian,7,Saturday,107,PED ON FOOTHPATH STRUCK BY VEHENTERING/LEAVING DRIVEWAY.,3,776215,1,0,0,1,2,3,1,5,Not at intersection,3,40,Local Road
T20230017184,2023/6/17,18:20:00,1,Collision with vehicle,7,Saturday,130,REAR END(VEHICLES IN SAME LANE),2,778247,4,0,0,1,8,9,1,5,Not at intersection,3,100,Freeway
T20230014131,2023/6/17,22:13:00,1,Collision with vehicle,6,Saturday,111,RIGHT FAR (INTERSECTIONS ONLY),3,314765,2,0,0,1,1,2,2,2,T intersection,3,999,Arterial Other
T20230014402,2023/6/17,16:55:00,1,Collision with vehicle,7,Saturday,130,REAR END(VEHICLES IN SAME LANE),1,776297,2,0,0,1,1,2,2,1,Cross intersection,3,60,Arterial Other
T20230014133,2023/6/17,18:30:00,1,Collision with vehicle,7,Saturday,130,REAR END(VEHICLES IN SAME LANE),3,38709,2,0,0,1,1,2,1,1,Cross intersection,3,60,Arterial Other
T20230014134,2023/6/17,21:15:00,2,Struck Pedestrian,6,Saturday,102,FAR SIDE. PED HIT BY VEHICLE FROM THE LEFT,3,216,1,0,0,1,1,2,1,1,Cross intersection,3,40,Local Road
T20230014072,2023/6/17,9:15:00,2,Struck Pedestrian,6,Saturday,101,PED EMERGES FROM IN FRONT OF PARKED OR STATIONARY VEHICLE,1,776087,1,0,0,1,1,2,1,5,Not at intersection,3,40,Local Road
T20230014078,2023/6/17,13:45:00,1,Collision with vehicle,6,Saturday,121,RIGHT THROUGH,1,776089,2,0,0,4,1,5,1,2,T intersection,3,50,Local Road
T20230014080,2023/6/17,11:59:00,4,Collision with a fixed object,6,Saturday,181,OFF RIGHT BEND INTO OBJECT/PARKED VEHICLE,1,793845,1,0,0,1,0,1,1,5,Not at intersection,3,80,Arterial Highway
T20230014083,2023/6/17,11:50:00,1,Collision with vehicle,6,Saturday,152,PULLING OUT (OVERTAKING),1,778743,2,0,1,0,1,2,1,2,T intersection,2,100,Arterial Other
T20230014604,2023/6/17,18:40:00,1,Collision with vehicle,7,Saturday,121,RIGHT THROUGH,3,10805,2,0,0,3,1,4,1,4,Multiple intersection,3,60,Freeway
T20230014920,2023/6/17,19:00:00,1,Collision with vehicle,6,Saturday,130,REAR END(VEHICLES IN SAME LANE),3,730276,2,0,0,2,1,3,2,1,Cross intersection,3,999,Arterial Other
T20230014309,2023/6/17,10:25:00,1,Collision with vehicle,6,Saturday,121,RIGHT THROUGH,9,780922,2,0,0,1,1,2,2,2,T intersection,3,50,Local Road
T20230015162,2023/6/17,17:15:00,1,Collision with vehicle,7,Saturday,130,REAR END(VEHICLES IN SAME LANE),2,778633,2,0,0,1,1,2,2,5,Not at intersection,3,70,Arterial Highway
T20230014229,2023/6/17,10:00:00,6,Vehicle overturned (no collision),7,Saturday,174,OUT OF CONTROL ON CARRIAGEWAY (ON STRAIGHT),1,776217,1,0,1,0,0,1,2,5,Not at intersection,2,100,Local Road
T20230017257,2023/6/17,11:30:00,1,Collision with vehicle,7,Saturday,152,PULLING OUT (OVERTAKING),1,777885,2,0,0,1,1,2,1,5,Not at intersection,3,80,Local Road
T20230014140,2023/6/17,22:00:00,1,Collision with vehicle,6,Saturday,147,VEHICLE STRIKES ANOTHER VEH WHILE EMERGING FROM DRIVEWAY,3,793153,2,0,1,0,1,2,1,5,Not at intersection,2,80,Local Road
T20230014040,2023/6/17,3:00:00,4,Collision with a fixed object,7,Saturday,173,RIGHT OFF CARRIAGEWAY INTO OBJECT/PARKED VEHICLE,5,776403,1,0,1,0,0,1,1,5,Not at intersection,2,100,Arterial Other
T20230014041,2023/6/17,1:12:00,4,Collision with a fixed object,7,Saturday,175,OFF END OF ROAD/T-INTERSECTION.,5,776161,2,0,1,1,1,3,1,2,T intersection,2,80,Local Road
T20230014761,2023/6/17,18:00:00,1,Collision with vehicle,7,Saturday,130,REAR END(VEHICLES IN SAME LANE),2,776543,2,0,0,1,1,2,2,5,Not at intersection,3,60,Arterial Other
T20230014985,2023/6/17,22:00:00,1,Collision with vehicle,7,Saturday,163,VEHICLE STRIKES DOOR OF PARKED/STATIONARY VEHICLE,9,776655,3,0,0,2,1,3,2,5,Not at intersection,3,40,Local Road
T20230015998,2023/6/17,11:00:00,8,No collision and no object struck,7,Saturday,184,OUT OF CONTROL ON CARRIAGEWAY (ON BEND),1,777065,1,0,0,1,0,1,2,5,Not at intersection,3,999,Local Road
T20230014036,2023/6/17,1:35:00,1,Collision with vehicle,7,Saturday,121,RIGHT THROUGH,3,36027,2,0,1,0,2,3,1,1,Cross intersection,2,60,Local Road
T20230015155,2023/6/17,12:37:00,1,Collision with vehicle,6,Saturday,113,RIGHT NEAR (INTERSECTIONS ONLY),1,43974,3,0,0,1,2,3,1,1,Cross intersection,3,80,Arterial Highway
T20230019700,2023/6/17,20:00:00,1,Collision with vehicle,6,Saturday,130,REAR END(VEHICLES IN SAME LANE),2,51018,2,0,0,1,1,2,2,1,Cross intersection,3,50,Arterial Highway
T20230014981,2023/6/17,23:59:00,1,Collision with vehicle,7,Saturday,130,REAR END(VEHICLES IN SAME LANE),3,45051,2,0,1,0,1,2,1,2,T intersection,2,60,Arterial Other
T20230014344,2023/6/17,10:30:00,8,No collision and no object struck,7,Saturday,174,OUT OF CONTROL ON CARRIAGEWAY (ON STRAIGHT),1,776151,1,0,1,0,0,1,2,5,Not at intersection,2,100,Local Road
T20230015104,2023/6/17,19:30:00,1,Collision with vehicle,7,Saturday,130,REAR END(VEHICLES IN SAME LANE),9,474,2,0,0,1,1,2,2,3,Y intersection,3,30,Local Road
T20230014050,2023/6/17,7:20:00,5,collision with some other object,6,Saturday,166,STRUCK OBJECT ON CARRIAGEWAY,1,776400,1,0,1,0,0,1,1,5,Not at intersection,2,60,Arterial Other
T20230014087,2023/6/17,14:57:00,1,Collision with vehicle,7,Saturday,121,RIGHT THROUGH,1,776571,2,0,1,0,1,2,1,2,T intersection,2,50,Local Road
T20230014792,2023/6/17,22:00:00,4,Collision with a fixed object,6,Saturday,179,OTHER ACCIDENTS-OFF STRAIGHT NOT INCLUDED IN DCAs 170-175,6,784579,1,0,0,1,0,1,1,5,Not at intersection,3,999,Arterial Other
T20230014107,2023/6/17,17:25:00,4,Collision with a fixed object,7,Saturday,171,LEFT OFF CARRIAGEWAY INTO OBJECT/PARKED VEHICLE,5,776062,1,0,1,0,0,1,1,5,Not at intersection,2,100,Local Road
T20230015230,2023/6/17,19:00:00,6,Vehicle overturned (no collision),6,Saturday,174,OUT OF CONTROL ON CARRIAGEWAY (ON STRAIGHT),3,783926,2,0,0,1,1,2,2,5,Not at intersection,3,40,Local Road
T20230014089,2023/6/17,15:03:00,1,Collision with vehicle,7,Saturday,136,RIGHT TURN SIDESWIPE,1,55134,2,0,1,0,2,3,1,2,T intersection,2,80,Local Road
T20230017898,2023/6/17,18:00:00,1,Collision with vehicle,6,Saturday,121,RIGHT THROUGH,2,39476,2,0,0,1,3,4,2,2,T intersection,3,60,Local Road
T20230014091,2023/6/17,16:05:00,1,Collision with vehicle,7,Saturday,147,VEHICLE STRIKES ANOTHER VEH WHILE EMERGING FROM DRIVEWAY,1,776090,2,0,1,0,1,2,1,2,T intersection,2,50,Local Road
T20230014053,2023/6/17,8:50:00,1,Collision with vehicle,6,Saturday,110,CROSS TRAFFIC(INTERSECTIONS ONLY),1,793844,2,0,0,2,1,3,1,1,Cross intersection,3,60,
T20230015194,2023/6/17,0:00:00,1,Collision with vehicle,7,Saturday,130,REAR END(VEHICLES IN SAME LANE),6,777328,2,0,0,1,2,3,2,5,Not at intersection,3,999,Local Road
T20230014831,2023/6/17,16:45:00,1,Collision with vehicle,6,Saturday,147,VEHICLE STRIKES ANOTHER VEH WHILE EMERGING FROM DRIVEWAY,1,776437,2,0,0,1,1,2,2,5,Not at intersection,3,40,Local Road
T20230014039,2023/6/17,1:10:00,1,Collision with vehicle,7,Saturday,110,CROSS TRAFFIC(INTERSECTIONS ONLY),3,783928,2,0,1,1,1,3,1,1,Cross intersection,2,80,Arterial Other
T20230014055,2023/6/17,9:35:00,1,Collision with vehicle,6,Saturday,110,CROSS TRAFFIC(INTERSECTIONS ONLY),1,52069,2,0,0,1,1,2,1,1,Cross intersection,3,60,Arterial Highway
T20230014101,2023/6/17,15:40:00,1,Collision with vehicle,6,Saturday,160,VEHICLE COLLIDES WITH VEHICLE PARKED ON LEFT OF ROAD,1,794161,2,0,1,0,0,1,1,5,Not at intersection,2,50,Local Road
T20230014090,2023/6/17,14:25:00,1,Collision with vehicle,7,Saturday,113,RIGHT NEAR (INTERSECTIONS ONLY),1,776429,2,0,0,3,1,4,1,2,T intersection,3,50,Local Road
T20230014104,2023/6/17,14:00:00,1,Collision with vehicle,6,Saturday,147,VEHICLE STRIKES ANOTHER VEH WHILE EMERGING FROM DRIVEWAY,1,776094,2,0,0,1,1,2,2,5,Not at intersection,3,50,Local Road