ACCIDENT_NO,ACCIDENT_DATE,ACCIDENT_TIME,ACCIDENT_TYPE,ACCIDENT_TYPE_DESC,DAY_OF_WEEK,DAY_WEEK_DESC,DCA_CODE,DCA_DESC,LIGHT_CONDITION,NODE_ID,NO_OF_VEHICLES,NO_PERSONS_KILLED,NO_PERSONS_INJ_2,NO_PERSONS_INJ_3,NO_PERSONS_NOT_INJ,NO_PERSONS,POLICE_ATTEND,ROAD_GEOMETRY,ROAD_GEOMETRY_DESC,SEVERITY,SPEED_ZONE,RMA
T20230014528,2023/6/18,15:30:00,1,Collision with vehicle,1,Sunday,111,RIGHT FAR (INTERSECTIONS ONLY),1,63731,2,0,1,0,2,3,2,2,T intersection,2,999,Local Road
T20230025202,2023/6/18,2:03:00,8,No collision and no object struck,0,Sunday,174,OUT OF CONTROL ON CARRIAGEWAY (ON STRAIGHT),3,789556,1,0,1,0,0,1,2,5,Not at intersection,2,40,Arterial Other
T20230015076,2023/6/18,15:00:00,5,collision with some other object,0,Sunday,166,STRUCK OBJECT ON CARRIAGEWAY,1,776530,1,0,0,1,0,1,2,5,Not at intersection,3,888,Local Road
T20230015078,2023/6/18,15:00:00,1,Collision with vehicle,0,Sunday,110,CROSS TRAFFIC(INTERSECTIONS ONLY),1,38758,2,0,0,1,1,2,1,1,Cross intersection,3,50,Arterial Highway
T20230015138,2023/6/18,15:00:00,8,No collision and no object struck,1,Sunday,174,OUT OF CONTROL ON CARRIAGEWAY (ON STRAIGHT),1,778030,1,0,1,0,0,1,2,5,Not at intersection,2,100,Local Road
T20230015375,2023/6/18,10:40:00,1,Collision with vehicle,1,Sunday,130,REAR END(VEHICLES IN SAME LANE),1,776771,2,0,1,0,1,2,1,5,Not at intersection,2,80,Arterial Highway
T20230014138,2023/6/18,1:50:00,4,Collision with a fixed object,0,Sunday,171,LEFT OFF CARRIAGEWAY INTO OBJECT/PARKED VEHICLE,3,777418,1,0,0,1,0,1,1,5,Not at intersection,3,40,Arterial Other
T20230014144,2023/6/18,4:20:00,4,Collision with a fixed object,1,Sunday,199,UNKNOWN-NO DETAILS ON MANOEUVRES OF ROAD-USERS IN ACCIDENT,3,785119,1,0,0,1,0,1,2,5,Not at intersection,3,50,Local Road
T20230014145,2023/6/18,4:59:00,1,Collision with vehicle,1,Sunday,130,REAR END(VEHICLES IN SAME LANE),5,777401,2,0,0,1,1,2,1,5,Not at intersection,3,100,Arterial Other
T20230014151,2023/6/18,10:03:00,1,Collision with vehicle,0,Sunday,112,LEFT FAR (INTERSECTIONS ONLY),1,783835,2,0,0,1,1,2,1,2,T intersection,3,50,
T20230014155,2023/6/18,10:07:00,6,Vehicle overturned (no collision),1,Sunday,184,OUT OF CONTROL ON CARRIAGEWAY (ON BEND),1,776098,1,0,1,0,0,1,1,5,Not at intersection,2,80,Arterial Other
T20230014159,2023/6/18,10:00:00,1,Collision with vehicle,1,Sunday,137,LEFT TURN SIDESWIPE,1,36799,2,0,0,1,2,3,2,1,Cross intersection,3,999,Local Road
T20230014164,2023/6/18,12:00:00,4,Collision with a fixed object,1,Sunday,171,LEFT OFF CARRIAGEWAY INTO OBJECT/PARKED VEHICLE,1,776099,2,0,1,0,0,1,1,5,Not at intersection,2,50,Local Road
T20230014165,2023/6/18,13:40:00,1,Collision with vehicle,1,Sunday,113,RIGHT NEAR (INTERSECTIONS ONLY),1,50051,2,0,2,0,1,3,1,1,Cross intersection,2,70,Arterial Highway
T20230014166,2023/6/18,11:28:00,2,Struck Pedestrian,1,Sunday,103,PED PLAYING/LYING/WORKING/STANDING ON CARRIAGEWAY.,1,776100,1,0,1,0,1,2,1,6,Dead end,2,60,Local Road
T20230014628,2023/6/18,19:30:00,1,Collision with vehicle,0,Sunday,111,RIGHT FAR (INTERSECTIONS ONLY),3,781887,2,0,0,1,1,2,2,2,T intersection,3,60,Local Road
T20230014169,2023/6/18,9:40:00,4,Collision with a fixed object,1,Sunday,175,OFF END OF ROAD/T-INTERSECTION.,1,776776,1,0,1,0,0,1,1,2,T intersection,2,50,Local Road
T20230014171,2023/6/18,14:02:00,1,Collision with vehicle,1,Sunday,140,U TURN,1,777310,2,0,0,1,1,2,1,5,Not at intersection,3,70,Arterial Other
T20230014178,2023/6/18,16:18:00,2,Struck Pedestrian,0,Sunday,102,FAR SIDE. PED HIT BY VEHICLE FROM THE LEFT,1,44810,1,0,0,1,1,2,1,2,T intersection,3,60,Arterial Other
T20230014186,2023/6/18,17:20:00,1,Collision with vehicle,1,Sunday,148,VEHICLE OFF FOOTPATH STRIKES VEH ON CARRIAGEWAY,3,787199,2,0,1,0,1,2,2,5,Not at intersection,2,60,Local Road
T20230014190,2023/6/18,18:50:00,1,Collision with vehicle,1,Sunday,160,VEHICLE COLLIDES WITH VEHICLE PARKED ON LEFT OF ROAD,2,777525,2,0,1,0,0,1,1,5,Not at intersection,2,50,Local Road
T20230014191,2023/6/18,15:40:00,1,Collision with vehicle,1,Sunday,110,CROSS TRAFFIC(INTERSECTIONS ONLY),1,38076,2,0,0,3,1,4,1,1,Cross intersection,3,40,Local Road
T20230014196,2023/6/18,19:45:00,1,Collision with vehicle,1,Sunday,130,REAR END(VEHICLES IN SAME LANE),3,776484,2,0,0,1,2,3,1,5,Not at intersection,3,80,Arterial Highway
T20230014200,2023/6/18,21:10:00,1,Collision with vehicle,0,Sunday,121,RIGHT THROUGH,3,776619,2,0,0,1,1,2,1,1,Cross intersection,3,70,Arterial Highway
T20230014207,2023/6/18,19:02:00,1,Collision with vehicle,1,Sunday,116,LEFT NEAR (INTERSECTIONS ONLY),3,793154,2,0,1,0,1,2,1,2,T intersection,2,40,Arterial Other
T20230014213,2023/6/18,13:30:00,1,Collision with vehicle,0,Sunday,110,CROSS TRAFFIC(INTERSECTIONS ONLY),1,776103,3,0,0,1,4,5,1,1,Cross intersection,3,70,Arterial Highway
T20230014226,2023/6/18,19:30:00,1,Collision with vehicle,0,Sunday,121,RIGHT THROUGH,3,338242,2,0,0,1,1,2,1,1,Cross intersection,3,60,Local Road
T20230014278,2023/6/18,1:30:00,4,Collision with a fixed object,0,Sunday,173,RIGHT OFF CARRIAGEWAY INTO OBJECT/PARKED VEHICLE,5,793842,1,0,0,1,0,1,1,5,Not at intersection,3,100,Arterial Highway
T20230014287,2023/6/18,11:00:00,4,Collision with a fixed object,1,Sunday,171,LEFT OFF CARRIAGEWAY INTO OBJECT/PARKED VEHICLE,1,783838,1,0,0,1,0,1,1,5,Not at intersection,3,100,Arterial Highway
T20230014298,2023/6/18,23:17:00,6,Vehicle overturned (no collision),0,Sunday,182,OFF CARRIAGEWAY ON LEFT BEND,5,776654,1,0,0,3,0,3,1,5,Not at intersection,3,999,Local Road
T20230014300,2023/6/18,22:37:00,2,Struck Pedestrian,1,Sunday,103,PED PLAYING/LYING/WORKING/STANDING ON CARRIAGEWAY.,3,792985,1,0,0,1,0,1,2,5,Not at intersection,3,999,Local Road
T20230016022,2023/6/18,8:34:00,1,Collision with vehicle,0,Sunday,113,RIGHT NEAR (INTERSECTIONS ONLY),1,727,2,0,0,1,1,2,1,2,T intersection,3,50,Local Road
T20230014766,2023/6/18,16:00:00,1,Collision with vehicle,0,Sunday,130,REAR END(VEHICLES IN SAME LANE),1,776362,2,0,0,1,1,2,2,5,Not at intersection,3,60,Local Road
T20230014412,2023/6/18,16:00:00,6,Vehicle overturned (no collision),0,Sunday,174,OUT OF CONTROL ON CARRIAGEWAY (ON STRAIGHT),1,776222,1,0,0,1,0,1,2,2,T intersection,3,50,Local Road
T20230014525,2023/6/18,16:00:00,8,No collision and no object struck,0,Sunday,174,OUT OF CONTROL ON CARRIAGEWAY (ON STRAIGHT),1,777555,1,0,0,1,0,1,2,5,Not at intersection,3,80,Local Road
T20230014334,2023/6/19,21:15:00,1,Collision with vehicle,1,Monday,121,RIGHT THROUGH,3,38437,2,0,0,1,1,2,1,1,Cross intersection,3,80,Arterial Highway
T20230014288,2023/6/19,16:00:00,1,Collision with vehicle,2,Monday,130,REAR END(VEHICLES IN SAME LANE),1,776232,2,0,0,1,1,2,1,5,Not at intersection,3,60,Arterial Other
T20230014292,2023/6/19,12:35:00,1,Collision with vehicle,1,Monday,113,RIGHT NEAR (INTERSECTIONS ONLY),1,776430,2,0,1,0,1,2,1,2,T intersection,2,60,Arterial Other
T20230015616,2023/6/19,17:00:00,1,Collision with vehicle,2,Monday,130,REAR END(VEHICLES IN SAME LANE),2,776807,4,0,0,1,3,4,1,2,T intersection,3,80,Arterial Highway
T20230014294,2023/6/19,21:43:00,1,Collision with vehicle,1,Monday,111,RIGHT FAR (INTERSECTIONS ONLY),3,713450,2,0,0,1,1,2,1,2,T intersection,3,60,Local Road
T20230014296,2023/6/19,15:30:00,1,Collision with vehicle,1,Monday,139,OTHER SAME DIRECTION-MANOUEVRES NOT INCLUDED IN DCAs 130-137,1,783229,4,0,1,2,7,10,1,5,Not at intersection,2,60,Local Road
T20230014335,2023/6/19,18:00:00,1,Collision with vehicle,2,Monday,130,REAR END(VEHICLES IN SAME LANE),3,783916,2,0,0,1,1,2,2,1,Cross intersection,3,50,Local Road
T20230014303,2023/6/19,10:40:00,1,Collision with vehicle,1,Monday,130,REAR END(VEHICLES IN SAME LANE),1,786325,2,0,1,0,1,2,1,5,Not at intersection,2,60,Local Road
T20230015536,2023/6/19,15:50:00,1,Collision with vehicle,1,Monday,121,RIGHT THROUGH,1,29611,2,0,0,1,1,2,2,2,T intersection,3,60,Arterial Other
T20230014211,2023/6/19,6:40:00,1,Collision with vehicle,2,Monday,160,VEHICLE COLLIDES WITH VEHICLE PARKED ON LEFT OF ROAD,3,776146,2,0,1,0,0,1,1,5,Not at intersection,2,50,Local Road
T20230014214,2023/6/19,7:19:00,1,Collision with vehicle,1,Monday,121,RIGHT THROUGH,1,344114,2,0,0,1,1,2,1,1,Cross intersection,3,60,Arterial Other
T20230014219,2023/6/19,8:55:00,1,Collision with vehicle,1,Monday,113,RIGHT NEAR (INTERSECTIONS ONLY),1,41987,2,0,0,1,6,7,1,1,Cross intersection,3,60,Local Road
T20230014314,2023/6/19,9:40:00,4,Collision with a fixed object,1,Monday,171,LEFT OFF CARRIAGEWAY INTO OBJECT/PARKED VEHICLE,1,278518,1,0,0,1,1,2,1,2,T intersection,3,80,Local Road
T20230014361,2023/6/19,21:00:00,1,Collision with vehicle,2,Monday,160,VEHICLE COLLIDES WITH VEHICLE PARKED ON LEFT OF ROAD,3,776817,2,0,0,1,0,1,1,5,Not at intersection,3,50,Local Road
T20230014234,2023/6/19,12:40:00,4,Collision with a fixed object,1,Monday,171,LEFT OFF CARRIAGEWAY INTO OBJECT/PARKED VEHICLE,1,50905,1,0,0,1,0,1,1,1,Cross intersection,3,50,Local Road
T20230014232,2023/6/19,10:42:00,1,Collision with vehicle,1,Monday,113,RIGHT NEAR (INTERSECTIONS ONLY),1,45521,2,0,0,1,1,2,1,2,T intersection,3,80,Local Road
T20230014227,2023/6/19,11:04:00,1,Collision with vehicle,1,Monday,130,REAR END(VEHICLES IN SAME LANE),1,776105,2,0,0,1,1,2,1,5,Not at intersection,3,60,Arterial Other
T20230014224,2023/6/19,7:10:00,5,collision with some other object,2,Monday,166,STRUCK OBJECT ON CARRIAGEWAY,2,776320,2,0,1,1,1,3,1,5,Not at intersection,2,100,Local Road
T20230014222,2023/6/19,9:15:00,4,Collision with a fixed object,2,Monday,173,RIGHT OFF CARRIAGEWAY INTO OBJECT/PARKED VEHICLE,1,783832,1,0,1,0,0,1,1,5,Not at intersection,2,80,Arterial Highway
T20230014311,2023/6/19,14:30:00,1,Collision with vehicle,2,Monday,121,RIGHT THROUGH,1,49618,2,0,1,0,2,3,1,2,T intersection,2,50,Arterial Other
T20230016610,2023/6/19,6:30:00,1,Collision with vehicle,2,Monday,130,REAR END(VEHICLES IN SAME LANE),2,777306,2,0,0,1,1,2,2,5,Not at intersection,3,999,Arterial Other
T20230014497,2023/6/19,11:30:00,8,No collision and no object struck,1,Monday,184,OUT OF CONTROL ON CARRIAGEWAY (ON BEND),1,783833,1,0,0,1,0,1,2,5,Not at intersection,3,999,Local Road
T20230014274,2023/6/19,17:57:00,1,Collision with vehicle,2,Monday,130,REAR END(VEHICLES IN SAME LANE),5,776354,2,0,0,3,1,4,1,5,Not at intersection,3,80,Arterial Highway
T20230014272,2023/6/19,15:40:00,2,Struck Pedestrian,1,Monday,100,PED NEAR SIDE. PED HIT BY VEHICLE FROM THE RIGHT.,1,776942,1,0,1,1,4,6,1,4,Multiple intersection,2,60,Arterial Other
T20230014267,2023/6/19,14:30:00,1,Collision with vehicle,2,Monday,116,LEFT NEAR (INTERSECTIONS ONLY),1,64283,2,0,0,1,1,2,2,1,Cross intersection,3,50,Arterial Highway
T20230014265,2023/6/19,17:16:00,2,Struck Pedestrian,2,Monday,101,PED EMERGES FROM IN FRONT OF PARKED OR STATIONARY VEHICLE,1,776218,1,0,1,0,1,2,1,1,Cross intersection,2,60,Arterial Highway
T20230014263,2023/6/19,14:50:00,1,Collision with vehicle,1,Monday,135,LANE CHANGE LEFT (NOT OVERTAKING),1,776147,2,0,0,1,1,2,1,1,Cross intersection,3,50,Local Road
T20230014261,2023/6/19,16:01:00,1,Collision with vehicle,2,Monday,130,REAR END(VEHICLES IN SAME LANE),1,136742,4,0,0,2,5,7,1,5,Not at intersection,3,80,Freeway
T20230014257,2023/6/19,16:40:00,8,No collision and no object struck,1,Monday,174,OUT OF CONTROL ON CARRIAGEWAY (ON STRAIGHT),1,776353,1,0,0,1,0,1,1,5,Not at intersection,3,50,Local Road
T20230014256,2023/6/19,6:30:00,1,Collision with vehicle,1,Monday,130,REAR END(VEHICLES IN SAME LANE),5,776106,4,0,0,1,3,4,2,5,Not at intersection,3,100,Freeway
T20230014253,2023/6/19,9:15:00,1,Collision with vehicle,2,Monday,130,REAR END(VEHICLES IN SAME LANE),1,783227,2,0,1,0,3,4,1,5,Not at intersection,2,110,Freeway
T20230014248,2023/6/19,7:10:00,2,Struck Pedestrian,2,Monday,102,FAR SIDE. PED HIT BY VEHICLE FROM THE LEFT,3,37220,1,0,1,0,1,2,1,1,Cross intersection,2,60,Arterial Other
T20230014242,2023/6/19,12:14:00,1,Collision with vehicle,1,Monday,130,REAR END(VEHICLES IN SAME LANE),1,313325,3,0,1,0,3,4,1,2,T intersection,2,70,Arterial Other
T20230014241,2023/6/19,12:30:00,1,Collision with vehicle,2,Monday,130,REAR END(VEHICLES IN SAME LANE),1,88862,3,0,1,4,2,7,1,5,Not at intersection,2,60,Local Road
T20230019042,2023/6/19,17:45:00,1,Collision with vehicle,1,Monday,130,REAR END(VEHICLES IN SAME LANE),2,76572,2,0,0,1,1,2,2,5,Not at intersection,3,80,Arterial Other
T20230016211,2023/6/19,22:00:00,1,Collision with vehicle,1,Monday,137,LEFT TURN SIDESWIPE,3,779032,2,0,0,1,2,3,1,4,Multiple intersection,3,60,Freeway
T20230014591,2023/6/19,6:34:00,1,Collision with vehicle,1,Monday,130,REAR END(VEHICLES IN SAME LANE),5,776302,4,0,0,1,3,4,1,5,Not at intersection,3,80,Arterial Highway
T20230014275,2023/6/19,18:15:00,1,Collision with vehicle,2,Monday,130,REAR END(VEHICLES IN SAME LANE),2,778236,3,0,0,2,1,3,1,5,Not at intersection,3,80,Arterial Highway
T20230014276,2023/6/19,17:34:00,1,Collision with vehicle,2,Monday,121,RIGHT THROUGH,3,37220,2,0,1,1,1,3,1,1,Cross intersection,2,60,Arterial Other
T20230016340,2023/6/19,19:56:00,1,Collision with vehicle,1,Monday,130,REAR END(VEHICLES IN SAME LANE),3,777198,3,0,0,1,4,5,1,5,Not at intersection,3,60,Arterial Highway
T20230014280,2023/6/19,18:05:00,4,Collision with a fixed object,1,Monday,183,OFF LEFT BEND INTO OBJECT/PARKED VEHICLE,5,777920,1,0,1,0,0,1,1,5,Not at intersection,2,100,Local Road
T20230014353,2023/6/20,16:30:00,6,Vehicle overturned (no collision),3,Tuesday,174,OUT OF CONTROL ON CARRIAGEWAY (ON STRAIGHT),1,776267,1,0,1,0,0,1,1,5,Not at intersection,2,50,Local Road
T20230014354,2023/6/20,16:35:00,1,Collision with vehicle,3,Tuesday,130,REAR END(VEHICLES IN SAME LANE),1,776153,2,0,1,0,1,2,1,5,Not at intersection,2,50,Local Road
T20230014367,2023/6/20,17:00:00,6,Vehicle overturned (no collision),2,Tuesday,184,OUT OF CONTROL ON CARRIAGEWAY (ON BEND),1,51936,1,0,0,1,1,2,1,2,T intersection,3,60,Arterial Highway
T20230014350,2023/6/20,15:30:00,1,Collision with vehicle,3,Tuesday,160,VEHICLE COLLIDES WITH VEHICLE PARKED ON LEFT OF ROAD,1,40113,3,0,2,0,0,2,1,1,Cross intersection,2,50,Local Road
T20230015731,2023/6/20,6:40:00,3,Struck animal,3,Tuesday,167,STRUCK ANIMAL,5,776926,1,0,0,1,0,1,1,5,Not at intersection,3,100,Local Road
T20230014930,2023/6/20,11:20:00,1,Collision with vehicle,2,Tuesday,130,REAR END(VEHICLES IN SAME LANE),1,50166,2,0,0,1,1,2,2,1,Cross intersection,3,999,Arterial Other
T20230014324,2023/6/20,9:25:00,1,Collision with vehicle,2,Tuesday,133,LANE SIDE SWIPE (VEHICLES IN PARALLEL LANES),1,776321,2,0,0,1,1,2,1,5,Not at intersection,3,100,Freeway
T20230014400,2023/6/20,20:45:00,1,Collision with vehicle,2,Tuesday,116,LEFT NEAR (INTERSECTIONS ONLY),3,46326,2,0,1,0,1,2,1,2,T intersection,2,60,Arterial Other
T20230014816,2023/6/20,6:30:00,1,Collision with vehicle,2,Tuesday,130,REAR END(VEHICLES IN SAME LANE),3,776435,2,0,0,1,1,2,2,5,Not at intersection,3,100,Arterial Other
T20230014304,2023/6/20,4:30:00,1,Collision with vehicle,3,Tuesday,110,CROSS TRAFFIC(INTERSECTIONS ONLY),5,783826,2,0,0,1,1,2,1,1,Cross intersection,3,40,Arterial Other
T20230014376,2023/6/20,15:10:00,9,Other accident,2,Tuesday,179,OTHER ACCIDENTS-OFF STRAIGHT NOT INCLUDED IN DCAs 170-175,1,783823,1,0,0,1,0,1,1,5,Not at intersection,3,40,Arterial Other
T20230014413,2023/6/20,9:45:00,1,Collision with vehicle,2,Tuesday,130,REAR END(VEHICLES IN SAME LANE),1,793328,2,0,0,1,2,3,2,5,Not at intersection,3,50,Arterial Highway
T20230014377,2023/6/20,17:30:00,1,Collision with vehicle,2,Tuesday,121,RIGHT THROUGH,1,793327,2,0,0,2,1,3,1,2,T intersection,3,50,Local Road
T20230014343,2023/6/20,11:05:00,4,Collision with a fixed object,3,Tuesday,173,RIGHT OFF CARRIAGEWAY INTO OBJECT/PARKED VEHICLE,1,776390,1,0,0,1,0,1,1,5,Not at intersection,3,110,Freeway
T20230014342,2023/6/20,12:40:00,1,Collision with vehicle,3,Tuesday,160,VEHICLE COLLIDES WITH VEHICLE PARKED ON LEFT OF ROAD,1,783423,2,0,0,1,0,1,1,5,Not at intersection,3,60,Arterial Other
T20230015364,2023/6/20,15:33:00,1,Collision with vehicle,3,Tuesday,130,REAR END(VEHICLES IN SAME LANE),1,780220,2,0,0,1,1,2,2,5,Not at intersection,3,60,Local Road
T20230014337,2023/6/20,11:15:00,4,Collision with a fixed object,2,Tuesday,171,LEFT OFF CARRIAGEWAY INTO OBJECT/PARKED VEHICLE,1,793834,1,0,0,2,0,2,1,5,Not at intersection,3,50,Local Road
T20230014405,2023/6/20,8:00:00,1,Collision with vehicle,3,Tuesday,130,REAR END(VEHICLES IN SAME LANE),1,776256,2,0,0,1,1,2,2,5,Not at intersection,3,40,Local Road
T20230014315,2023/6/20,7:41:00,4,Collision with a fixed object,3,Tuesday,181,OFF RIGHT BEND INTO OBJECT/PARKED VEHICLE,1,776231,1,0,1,0,0,1,1,5,Not at intersection,2,80,Arterial Other
T20230014321,2023/6/20,10:21:00,1,Collision with vehicle,2,Tuesday,130,REAR END(VEHICLES IN SAME LANE),1,776150,3,0,0,2,1,3,1,5,Not at intersection,3,80,Arterial Highway
T20230014392,2023/6/20,5:25:00,1,Collision with vehicle,2,Tuesday,110,CROSS TRAFFIC(INTERSECTIONS ONLY),2,263371,2,0,0,1,1,2,2,1,Cross intersection,3,60,Local Road
T20230014379,2023/6/20,19:39:00,4,Collision with a fixed object,2,Tuesday,175,OFF END OF ROAD/T-INTERSECTION.,5,779858,1,0,1,0,0,1,1,6,Dead end,2,888,Local Road
T20230014302,2023/6/20,1:46:00,1,Collision with vehicle,2,Tuesday,110,CROSS TRAFFIC(INTERSECTIONS ONLY),6,43917,2,0,0,1,1,2,1,1,Cross intersection,3,80,Arterial Other
T20230014319,2023/6/20,8:50:00,1,Collision with vehicle,2,Tuesday,120,HEAD ON (NOT OVERTAKING),1,793830,2,0,0,1,1,2,1,5,Not at intersection,3,40,Local Road
T20230014359,2023/6/20,15:39:00,4,Collision with a fixed object,2,Tuesday,173,RIGHT OFF CARRIAGEWAY INTO OBJECT/PARKED VEHICLE,1,794160,1,0,2,0,0,2,1,5,Not at intersection,2,40,Local Road
T20230014380,2023/6/20,15:05:00,6,Vehicle overturned (no collision),2,Tuesday,180,OFF CARRIAGEWAY ON RIGHT BEND,1,776398,1,0,1,0,0,1,1,5,Not at intersection,2,100,Arterial Highway
T20230014383,2023/6/20,20:50:00,1,Collision with vehicle,2,Tuesday,140,U TURN,3,776966,2,0,0,3,1,4,1,5,Not at intersection,3,70,Arterial Other
T20230014384,2023/6/20,21:23:00,4,Collision with a fixed object,2,Tuesday,179,OTHER ACCIDENTS-OFF STRAIGHT NOT INCLUDED IN DCAs 170-175,5,776295,1,0,0,1,0,1,1,5,Not at intersection,3,50,Local Road
T20230014332,2023/6/20,5:35:00,6,Vehicle overturned (no collision),2,Tuesday,170,OFF CARRIAGEWAY TO LEFT,5,58861,1,0,1,0,0,1,1,1,Cross intersection,2,100,Local Road
T20230014386,2023/6/20,20:35:00,1,Collision with vehicle,2,Tuesday,110,CROSS TRAFFIC(INTERSECTIONS ONLY),3,318059,3,0,0,1,2,3,1,1,Cross intersection,3,70,Arterial Other
T20230014331,2023/6/20,7:15:00,1,Collision with vehicle,2,Tuesday,133,LANE SIDE SWIPE (VEHICLES IN PARALLEL LANES),2,778339,2,0,0,1,1,2,1,5,Not at intersection,3,60,Local Road
T20230014375,2023/6/20,17:45:00,4,Collision with a fixed object,2,Tuesday,173,RIGHT OFF CARRIAGEWAY INTO OBJECT/PARKED VEHICLE,5,777230,1,0,1,0,0,1,1,1,Cross intersection,2,80,Arterial Other
T20230014313,2023/6/20,8:33:00,2,Struck Pedestrian,2,Tuesday,102,FAR SIDE. PED HIT BY VEHICLE FROM THE LEFT,1,776149,1,0,0,1,1,2,1,5,Not at intersection,3,60,Arterial Other
T20230014374,2023/6/20,15:50:00,1,Collision with vehicle,2,Tuesday,130,REAR END(VEHICLES IN SAME LANE),1,776606,2,0,0,1,1,2,1,5,Not at intersection,3,100,Freeway
T20230014363,2023/6/20,17:10:00,1,Collision with vehicle,2,Tuesday,121,RIGHT THROUGH,2,778752,2,0,0,1,1,2,1,5,Not at intersection,3,60,Arterial Other
T20230014459,2023/6/20,6:23:00,1,Collision with vehicle,2,Tuesday,121,RIGHT THROUGH,3,43935,2,0,0,1,1,2,1,2,T intersection,3,80,Arterial Highway
T20230014388,2023/6/20,21:55:00,1,Collision with vehicle,2,Tuesday,134,LANE CHANGE RIGHT (NOT OVERTAKING),3,44187,2,0,0,2,1,3,1,2,T intersection,3,60,Arterial Other
T20230014369,2023/6/20,17:00:00,1,Collision with vehicle,2,Tuesday,148,VEHICLE OFF FOOTPATH STRIKES VEH ON CARRIAGEWAY,2,776221,2,0,0,1,1,2,1,2,T intersection,3,50,Arterial Highway
T20230014373,2023/6/20,16:47:00,1,Collision with vehicle,3,Tuesday,113,RIGHT NEAR (INTERSECTIONS ONLY),1,43960,3,0,2,2,0,4,1,2,T intersection,2,100,Arterial Highway
T20230016015,2023/6/20,17:15:00,1,Collision with vehicle,2,Tuesday,142,LEAVING PARKING,2,777558,2,0,0,1,2,3,1,5,Not at intersection,3,50,Local Road
T20230014316,2023/6/20,8:10:00,1,Collision with vehicle,2,Tuesday,160,VEHICLE COLLIDES WITH VEHICLE PARKED ON LEFT OF ROAD,1,793325,2,0,1,0,0,1,1,5,Not at intersection,2,50,Local Road
T20230015623,2023/6/20,15:30:00,1,Collision with vehicle,2,Tuesday,130,REAR END(VEHICLES IN SAME LANE),1,776974,2,0,0,1,1,2,1,5,Not at intersection,3,80,Freeway
T20230015127,2023/6/20,18:14:00,1,Collision with vehicle,3,Tuesday,130,REAR END(VEHICLES IN SAME LANE),3,776713,4,0,0,2,2,4,1,5,Not at intersection,3,70,Arterial Highway
T20230014451,2023/6/21,17:30:00,1,Collision with vehicle,3,Wednesday,116,LEFT NEAR (INTERSECTIONS ONLY),3,783726,2,0,0,1,1,2,1,2,T intersection,3,50,Arterial Highway
T20230014453,2023/6/21,18:03:00,1,Collision with vehicle,3,Wednesday,130,REAR END(VEHICLES IN SAME LANE),4,794213,2,0,1,0,2,3,1,5,Not at intersection,2,60,Local Road
T20230014424,2023/6/21,9:13:00,1,Collision with vehicle,4,Wednesday,121,RIGHT THROUGH,1,227929,2,0,1,1,1,3,1,2,T intersection,2,80,Arterial Other
T20230017088,2023/6/21,20:45:00,1,Collision with vehicle,4,Wednesday,130,REAR END(VEHICLES IN SAME LANE),3,777573,2,0,0,1,1,2,2,5,Not at intersection,3,60,Arterial Highway
T20230014425,2023/6/21,8:40:00,1,Collision with vehicle,3,Wednesday,121,RIGHT THROUGH,1,37271,2,0,1,0,1,2,1,1,Cross intersection,2,60,Arterial Other
T20230014397,2023/6/21,2:53:00,4,Collision with a fixed object,3,Wednesday,173,RIGHT OFF CARRIAGEWAY INTO OBJECT/PARKED VEHICLE,5,783816,1,0,0,1,0,1,1,5,Not at intersection,3,110,Freeway
T20230015627,2023/6/21,12:00:00,6,Vehicle overturned (no collision),3,Wednesday,174,OUT OF CONTROL ON CARRIAGEWAY (ON STRAIGHT),1,50365,1,0,1,0,0,1,2,2,T intersection,2,50,Local Road
T20230014435,2023/6/21,14:17:00,5,collision with some other object,4,Wednesday,171,LEFT OFF CARRIAGEWAY INTO OBJECT/PARKED VEHICLE,1,776775,2,0,1,0,2,3,1,1,Cross intersection,2,60,Local Road
T20230014436,2023/6/21,14:02:00,1,Collision with vehicle,3,Wednesday,130,REAR END(VEHICLES IN SAME LANE),1,776620,3,0,0,2,1,3,2,5,Not at intersection,3,60,Arterial Other
T20230014440,2023/6/21,16:00:00,1,Collision with vehicle,4,Wednesday,113,RIGHT NEAR (INTERSECTIONS ONLY),2,780429,2,0,1,0,1,2,1,2,T intersection,2,50,Local Road
T20230014897,2023/6/21,22:20:00,1,Collision with vehicle,3,Wednesday,130,REAR END(VEHICLES IN SAME LANE),3,776493,2,0,0,1,4,5,1,1,Cross intersection,3,40,Local Road
T20230015250,2023/6/21,9:30:00,3,Struck animal,4,Wednesday,167,STRUCK ANIMAL,1,777707,1,0,0,1,0,1,2,5,Not at intersection,3,100,Local Road
T20230014723,2023/6/21,6:30:00,1,Collision with vehicle,3,Wednesday,130,REAR END(VEHICLES IN SAME LANE),2,776360,3,0,0,1,2,3,1,5,Not at intersection,3,80,Freeway
T20230014469,2023/6/21,20:15:00,1,Collision with vehicle,4,Wednesday,130,REAR END(VEHICLES IN SAME LANE),5,776392,2,0,0,1,1,2,1,5,Not at intersection,3,100,Freeway