ACCIDENT_NO,ACCIDENT_DATE,ACCIDENT_TIME,ACCIDENT_TYPE,ACCIDENT_TYPE_DESC,DAY_OF_WEEK,DAY_WEEK_DESC,DCA_CODE,DCA_DESC,LIGHT_CONDITION,NODE_ID,NO_OF_VEHICLES,NO_PERSONS_KILLED,NO_PERSONS_INJ_2,NO_PERSONS_INJ_3,NO_PERSONS_NOT_INJ,NO_PERSONS,POLICE_ATTEND,ROAD_GEOMETRY,ROAD_GEOMETRY_DESC,SEVERITY,SPEED_ZONE,RMA
T20230016569,2023/6/21,18:00:00,1,Collision with vehicle,3,Wednesday,135,LANE CHANGE LEFT (NOT OVERTAKING),2,783821,2,0,0,1,1,2,2,5,Not at intersection,3,60,Local Road
T20230014414,2023/6/21,8:20:00,1,Collision with vehicle,4,Wednesday,130,REAR END(VEHICLES IN SAME LANE),2,777476,3,0,1,1,2,4,1,2,T intersection,2,60,Local Road
T20230014471,2023/6/21,17:00:00,1,Collision with vehicle,3,Wednesday,130,REAR END(VEHICLES IN SAME LANE),2,779428,2,0,0,1,1,2,1,5,Not at intersection,3,40,Arterial Other
T20230014472,2023/6/21,17:40:00,6,Vehicle overturned (no collision),4,Wednesday,174,OUT OF CONTROL ON CARRIAGEWAY (ON STRAIGHT),3,776488,1,0,1,0,0,1,1,5,Not at intersection,2,40,Local Road
T20230014456,2023/6/21,17:44:00,1,Collision with vehicle,3,Wednesday,160,VEHICLE COLLIDES WITH VEHICLE PARKED ON LEFT OF ROAD,5,783818,3,0,0,1,0,1,1,5,Not at intersection,3,50,Local Road
T20230014391,2023/6/21,0:14:00,1,Collision with vehicle,3,Wednesday,110,CROSS TRAFFIC(INTERSECTIONS ONLY),3,347743,3,0,1,0,3,4,1,1,Cross intersection,2,80,Arterial Highway
T20230014460,2023/6/21,18:20:00,1,Collision with vehicle,4,Wednesday,120,HEAD ON (NOT OVERTAKING),3,783424,6,0,1,0,6,7,1,5,Not at intersection,2,999,Local Road
T20230014396,2023/6/21,1:05:00,4,Collision with a fixed object,4,Wednesday,171,LEFT OFF CARRIAGEWAY INTO OBJECT/PARKED VEHICLE,5,782920,1,0,1,0,0,1,1,5,Not at intersection,2,110,Freeway
T20230014433,2023/6/21,12:00:00,1,Collision with vehicle,3,Wednesday,121,RIGHT THROUGH,1,37055,2,0,0,1,3,4,1,1,Cross intersection,3,60,Arterial Highway
T20230014461,2023/6/21,15:40:00,2,Struck Pedestrian,4,Wednesday,102,FAR SIDE. PED HIT BY VEHICLE FROM THE LEFT,1,44347,1,0,1,0,1,2,2,2,T intersection,2,50,Local Road
T20230014468,2023/6/21,14:14:00,1,Collision with vehicle,4,Wednesday,136,RIGHT TURN SIDESWIPE,1,776487,2,0,1,0,1,2,1,5,Not at intersection,2,40,Local Road
T20230015489,2023/6/21,19:20:00,1,Collision with vehicle,4,Wednesday,130,REAR END(VEHICLES IN SAME LANE),9,305329,2,0,0,1,1,2,2,5,Not at intersection,3,999,Arterial Other
T20230014643,2023/6/21,21:50:00,8,No collision and no object struck,3,Wednesday,174,OUT OF CONTROL ON CARRIAGEWAY (ON STRAIGHT),3,783727,1,0,0,1,0,1,2,2,T intersection,3,50,Local Road
T20230014616,2023/6/21,19:00:00,3,Struck animal,4,Wednesday,167,STRUCK ANIMAL,9,776325,1,0,0,1,0,1,2,5,Not at intersection,3,999,Local Road
T20230016068,2023/6/21,18:15:00,1,Collision with vehicle,3,Wednesday,130,REAR END(VEHICLES IN SAME LANE),2,778241,2,0,0,1,1,2,1,5,Not at intersection,3,110,Freeway
T20230014423,2023/6/21,9:00:00,1,Collision with vehicle,3,Wednesday,113,RIGHT NEAR (INTERSECTIONS ONLY),1,63833,2,0,1,2,0,3,1,2,T intersection,2,60,Local Road
T20230014823,2023/6/21,17:10:00,1,Collision with vehicle,3,Wednesday,110,CROSS TRAFFIC(INTERSECTIONS ONLY),1,44536,2,0,0,1,1,2,2,1,Cross intersection,3,60,Arterial Highway
T20230014951,2023/6/21,21:15:00,1,Collision with vehicle,4,Wednesday,119,OTHER ADJACENT (INTERSECTIONS ONLY),3,37424,2,0,0,1,2,3,2,2,T intersection,3,60,Arterial Other
T20230014515,2023/6/21,15:50:00,1,Collision with vehicle,4,Wednesday,120,HEAD ON (NOT OVERTAKING),1,776915,5,0,0,1,5,6,1,5,Not at intersection,3,100,Arterial Highway
T20230014446,2023/6/21,16:50:00,1,Collision with vehicle,4,Wednesday,131,LEFT REAR,2,776410,2,0,1,0,1,2,1,5,Not at intersection,2,60,Local Road
T20230014491,2023/6/22,7:45:00,1,Collision with vehicle,4,Thursday,130,REAR END(VEHICLES IN SAME LANE),2,60980,2,0,0,1,1,2,1,2,T intersection,3,60,Local Road
T20230014490,2023/6/22,8:05:00,1,Collision with vehicle,5,Thursday,121,RIGHT THROUGH,1,43292,2,0,2,0,0,2,1,2,T intersection,2,40,Arterial Highway
T20230014522,2023/6/22,13:15:00,1,Collision with vehicle,5,Thursday,120,HEAD ON (NOT OVERTAKING),1,795006,2,0,0,2,1,3,1,5,Not at intersection,3,100,
T20230014482,2023/6/22,4:20:00,4,Collision with a fixed object,5,Thursday,171,LEFT OFF CARRIAGEWAY INTO OBJECT/PARKED VEHICLE,5,777868,1,0,0,1,0,1,1,5,Not at intersection,3,100,Arterial Other
T20230014526,2023/6/22,15:30:00,1,Collision with vehicle,5,Thursday,130,REAR END(VEHICLES IN SAME LANE),1,776260,2,0,0,2,0,2,1,5,Not at intersection,3,80,Arterial Highway
T20230014521,2023/6/22,14:20:00,1,Collision with vehicle,4,Thursday,121,RIGHT THROUGH,1,40764,2,0,1,0,1,2,1,1,Cross intersection,2,60,Arterial Other
T20230014520,2023/6/22,12:23:00,1,Collision with vehicle,5,Thursday,173,RIGHT OFF CARRIAGEWAY INTO OBJECT/PARKED VEHICLE,1,71128,2,0,1,0,0,1,1,5,Not at intersection,2,60,Local Road
T20230014500,2023/6/22,10:50:00,2,Struck Pedestrian,4,Thursday,107,PED ON FOOTHPATH STRUCK BY VEHENTERING/LEAVING DRIVEWAY.,1,783723,1,0,0,1,1,2,1,5,Not at intersection,3,777,Local Road
T20230016157,2023/6/22,15:34:00,1,Collision with vehicle,5,Thursday,147,VEHICLE STRIKES ANOTHER VEH WHILE EMERGING FROM DRIVEWAY,1,778201,2,0,0,1,1,2,2,5,Not at intersection,3,999,Local Road
T20230016139,2023/6/22,22:40:00,1,Collision with vehicle,4,Thursday,130,REAR END(VEHICLES IN SAME LANE),3,62476,3,0,0,1,3,4,1,2,T intersection,3,60,Arterial Highway
T20230014708,2023/6/22,18:30:00,5,collision with some other object,5,Thursday,171,LEFT OFF CARRIAGEWAY INTO OBJECT/PARKED VEHICLE,5,776597,1,0,1,0,0,1,1,5,Not at intersection,2,100,Arterial Other
T20230014479,2023/6/22,0:46:00,1,Collision with vehicle,5,Thursday,130,REAR END(VEHICLES IN SAME LANE),3,777706,2,0,0,1,2,3,1,2,T intersection,3,60,Local Road
T20230015713,2023/6/22,8:22:00,1,Collision with vehicle,4,Thursday,116,LEFT NEAR (INTERSECTIONS ONLY),1,65802,2,0,0,1,1,2,2,2,T intersection,3,60,Arterial Other
T20230014834,2023/6/22,9:00:00,1,Collision with vehicle,4,Thursday,137,LEFT TURN SIDESWIPE,9,400,2,0,0,2,0,2,2,1,Cross intersection,3,60,Arterial Other
T20230014501,2023/6/22,9:45:00,4,Collision with a fixed object,4,Thursday,171,LEFT OFF CARRIAGEWAY INTO OBJECT/PARKED VEHICLE,1,783724,1,0,0,1,0,1,1,5,Not at intersection,3,100,Freeway
T20230015890,2023/6/22,13:10:00,1,Collision with vehicle,5,Thursday,135,LANE CHANGE LEFT (NOT OVERTAKING),1,794797,2,0,0,1,3,4,1,5,Not at intersection,3,80,Arterial Other
T20230016506,2023/6/22,17:11:00,1,Collision with vehicle,5,Thursday,130,REAR END(VEHICLES IN SAME LANE),2,36267,2,0,0,1,1,2,2,1,Cross intersection,3,40,Local Road
T20230014546,2023/6/22,18:06:00,1,Collision with vehicle,5,Thursday,132,RIGHT REAR.,2,72547,2,0,0,1,3,4,1,3,Y intersection,3,60,Arterial Other
T20230017328,2023/6/22,6:30:00,4,Collision with a fixed object,5,Thursday,173,RIGHT OFF CARRIAGEWAY INTO OBJECT/PARKED VEHICLE,2,783725,1,0,1,0,0,1,2,5,Not at intersection,2,100,Arterial Highway
T20230014552,2023/6/22,21:05:00,1,Collision with vehicle,5,Thursday,111,RIGHT FAR (INTERSECTIONS ONLY),3,53849,2,0,1,2,0,3,1,2,T intersection,2,80,Arterial Other
T20230014554,2023/6/22,19:39:00,1,Collision with vehicle,5,Thursday,110,CROSS TRAFFIC(INTERSECTIONS ONLY),3,45438,2,0,1,0,2,3,1,1,Cross intersection,2,60,Arterial Other
T20230014544,2023/6/22,17:45:00,1,Collision with vehicle,5,Thursday,121,RIGHT THROUGH,6,7349,2,0,1,0,1,2,2,1,Cross intersection,2,40,
T20230014486,2023/6/22,6:06:00,4,Collision with a fixed object,5,Thursday,183,OFF LEFT BEND INTO OBJECT/PARKED VEHICLE,3,783805,1,0,0,1,0,1,1,5,Not at intersection,3,60,Local Road
T20230014542,2023/6/22,15:37:00,1,Collision with vehicle,5,Thursday,110,CROSS TRAFFIC(INTERSECTIONS ONLY),1,59639,2,0,1,0,1,2,1,1,Cross intersection,2,50,Local Road
T20230014537,2023/6/22,18:19:00,1,Collision with vehicle,5,Thursday,130,REAR END(VEHICLES IN SAME LANE),5,776261,2,0,0,1,1,2,1,5,Not at intersection,3,40,Arterial Other
T20230014536,2023/6/22,14:50:00,2,Struck Pedestrian,4,Thursday,101,PED EMERGES FROM IN FRONT OF PARKED OR STATIONARY VEHICLE,1,792919,1,0,0,1,1,2,2,5,Not at intersection,3,40,Local Road
T20230014494,2023/6/22,9:15:00,1,Collision with vehicle,5,Thursday,140,U TURN,1,778629,2,0,0,1,1,2,1,5,Not at intersection,3,50,Arterial Other
T20230014535,2023/6/22,17:48:00,1,Collision with vehicle,5,Thursday,121,RIGHT THROUGH,2,121918,2,0,0,7,0,7,1,5,Not at intersection,3,80,Arterial Other
T20230014534,2023/6/22,17:26:00,1,Collision with vehicle,4,Thursday,160,VEHICLE COLLIDES WITH VEHICLE PARKED ON LEFT OF ROAD,6,794215,3,0,1,0,0,1,1,5,Not at intersection,2,50,Local Road
T20230016071,2023/6/22,16:05:00,1,Collision with vehicle,5,Thursday,134,LANE CHANGE RIGHT (NOT OVERTAKING),1,783722,2,0,0,1,2,3,2,5,Not at intersection,3,70,Arterial Other
T20230014555,2023/6/22,18:10:00,1,Collision with vehicle,5,Thursday,130,REAR END(VEHICLES IN SAME LANE),2,35718,2,0,0,2,1,3,1,1,Cross intersection,3,60,Arterial Other
T20230014493,2023/6/22,9:05:00,1,Collision with vehicle,4,Thursday,113,RIGHT NEAR (INTERSECTIONS ONLY),2,778536,2,0,0,3,0,3,1,3,Y intersection,3,80,Arterial Other
T20230014558,2023/6/22,22:17:00,2,Struck Pedestrian,5,Thursday,102,FAR SIDE. PED HIT BY VEHICLE FROM THE LEFT,3,7585,1,0,1,1,1,3,1,1,Cross intersection,2,40,
T20230014529,2023/6/22,13:20:00,1,Collision with vehicle,5,Thursday,120,HEAD ON (NOT OVERTAKING),1,776323,2,0,1,5,1,7,1,5,Not at intersection,2,60,Arterial Other
T20230014502,2023/6/22,8:38:00,1,Collision with vehicle,5,Thursday,110,CROSS TRAFFIC(INTERSECTIONS ONLY),1,49469,2,0,2,2,0,4,1,1,Cross intersection,2,60,Local Road
T20230014561,2023/6/22,22:22:00,1,Collision with vehicle,5,Thursday,130,REAR END(VEHICLES IN SAME LANE),5,776300,2,0,1,1,1,3,1,5,Not at intersection,2,100,Arterial Highway
T20230014507,2023/6/22,12:23:00,2,Struck Pedestrian,4,Thursday,100,PED NEAR SIDE. PED HIT BY VEHICLE FROM THE RIGHT.,1,777259,1,0,0,1,1,2,1,5,Not at intersection,3,70,Arterial Highway
T20230014508,2023/6/22,8:00:00,1,Collision with vehicle,5,Thursday,113,RIGHT NEAR (INTERSECTIONS ONLY),1,336224,2,0,1,1,0,2,1,2,T intersection,2,40,Arterial Other
T20230014560,2023/6/22,22:46:00,1,Collision with vehicle,4,Thursday,121,RIGHT THROUGH,3,40443,2,0,0,2,0,2,1,1,Cross intersection,3,60,Arterial Other
T20230014513,2023/6/22,11:20:00,2,Struck Pedestrian,4,Thursday,102,FAR SIDE. PED HIT BY VEHICLE FROM THE LEFT,1,776259,1,0,0,1,1,2,1,3,Y intersection,3,40,Local Road
T20230014498,2023/6/22,7:30:00,1,Collision with vehicle,5,Thursday,120,HEAD ON (NOT OVERTAKING),2,778706,2,0,0,1,1,2,1,5,Not at intersection,3,100,Arterial Highway
T20230014527,2023/6/22,15:23:00,1,Collision with vehicle,5,Thursday,113,RIGHT NEAR (INTERSECTIONS ONLY),1,778537,2,0,1,0,2,3,1,2,T intersection,2,80,Arterial Highway
T20230014517,2023/6/22,12:56:00,1,Collision with vehicle,5,Thursday,121,RIGHT THROUGH,1,44549,2,0,1,1,0,2,1,1,Cross intersection,2,60,Arterial Other
T20230014583,2023/6/23,9:10:00,1,Collision with vehicle,6,Friday,130,REAR END(VEHICLES IN SAME LANE),2,794216,3,0,0,1,2,3,2,5,Not at intersection,3,40,Arterial Other
T20230014585,2023/6/23,10:08:00,1,Collision with vehicle,6,Friday,113,RIGHT NEAR (INTERSECTIONS ONLY),1,63476,2,0,0,2,2,4,1,2,T intersection,3,999,Arterial Other
T20230014647,2023/6/23,15:30:00,1,Collision with vehicle,5,Friday,112,LEFT FAR (INTERSECTIONS ONLY),1,42848,2,0,0,1,2,3,2,2,T intersection,3,50,Local Road
T20230014592,2023/6/23,12:14:00,1,Collision with vehicle,5,Friday,116,LEFT NEAR (INTERSECTIONS ONLY),1,794218,3,0,1,0,3,4,1,1,Cross intersection,2,60,Local Road
T20230014649,2023/6/23,20:30:00,1,Collision with vehicle,6,Friday,160,VEHICLE COLLIDES WITH VEHICLE PARKED ON LEFT OF ROAD,3,777743,3,0,0,1,0,1,1,5,Not at intersection,3,40,Local Road
T20230014601,2023/6/23,12:47:00,1,Collision with vehicle,5,Friday,160,VEHICLE COLLIDES WITH VEHICLE PARKED ON LEFT OF ROAD,1,778280,5,0,0,1,0,1,1,5,Not at intersection,3,50,Local Road
T20230014608,2023/6/23,14:16:00,4,Collision with a fixed object,5,Friday,164,PERMANENT OBSTRUCTION ON CARRIAGEWAY,1,776324,1,0,0,1,0,1,1,5,Not at intersection,3,60,Arterial Other
T20230014614,2023/6/23,7:51:00,2,Struck Pedestrian,6,Friday,104,PED WALKING WITH TRAFFIC,1,777711,2,0,0,1,1,2,1,5,Not at intersection,3,60,Arterial Other
T20230014620,2023/6/23,13:30:00,1,Collision with vehicle,6,Friday,140,U TURN,1,776967,2,0,0,3,2,5,1,4,Multiple intersection,3,110,Freeway
T20230014623,2023/6/23,6:30:00,2,Struck Pedestrian,5,Friday,102,FAR SIDE. PED HIT BY VEHICLE FROM THE LEFT,6,123325,1,0,0,1,1,2,2,2,T intersection,3,70,Arterial Highway
T20230014627,2023/6/23,18:30:00,2,Struck Pedestrian,5,Friday,102,FAR SIDE. PED HIT BY VEHICLE FROM THE LEFT,3,776552,1,0,1,1,0,2,1,5,Not at intersection,2,70,Arterial Other
T20230014629,2023/6/23,15:00:00,1,Collision with vehicle,6,Friday,121,RIGHT THROUGH,1,755715,2,0,1,0,1,2,1,2,T intersection,2,70,Local Road
T20230014630,2023/6/23,18:40:00,1,Collision with vehicle,6,Friday,140,U TURN,2,776304,2,0,1,0,1,2,2,5,Not at intersection,2,60,Arterial Other
T20230014652,2023/6/23,17:50:00,1,Collision with vehicle,5,Friday,130,REAR END(VEHICLES IN SAME LANE),5,776305,3,0,0,2,1,3,1,5,Not at intersection,3,80,Freeway
T20230014632,2023/6/23,16:55:00,1,Collision with vehicle,6,Friday,121,RIGHT THROUGH,1,233013,2,1,0,0,1,2,1,2,T intersection,1,80,Arterial Highway
T20230014656,2023/6/23,22:12:00,1,Collision with vehicle,5,Friday,160,VEHICLE COLLIDES WITH VEHICLE PARKED ON LEFT OF ROAD,3,778313,2,0,1,0,0,1,1,5,Not at intersection,2,50,Local Road
T20230014657,2023/6/23,19:37:00,1,Collision with vehicle,5,Friday,140,U TURN,5,783999,2,0,0,1,3,4,1,5,Not at intersection,3,60,Arterial Highway
T20230014633,2023/6/23,16:30:00,4,Collision with a fixed object,5,Friday,183,OFF LEFT BEND INTO OBJECT/PARKED VEHICLE,9,783719,1,0,0,1,0,1,1,5,Not at intersection,3,80,Local Road
T20230014634,2023/6/23,15:34:00,1,Collision with vehicle,6,Friday,130,REAR END(VEHICLES IN SAME LANE),1,777799,2,0,1,0,2,3,1,5,Not at intersection,2,60,Local Road
T20230014636,2023/6/23,17:35:00,4,Collision with a fixed object,6,Friday,141,U TURN INTO FIXED OBJECT/PARKED VEHICLE,2,777157,1,0,0,1,0,1,1,5,Not at intersection,3,50,Local Road
T20230014639,2023/6/23,18:15:00,1,Collision with vehicle,6,Friday,130,REAR END(VEHICLES IN SAME LANE),2,778161,2,0,0,3,2,5,1,5,Not at intersection,3,80,Arterial Highway
T20230014641,2023/6/23,18:25:00,2,Struck Pedestrian,5,Friday,100,PED NEAR SIDE. PED HIT BY VEHICLE FROM THE RIGHT.,3,38263,1,0,1,0,1,2,1,2,T intersection,2,50,Arterial Other
T20230014642,2023/6/23,18:30:00,1,Collision with vehicle,6,Friday,131,LEFT REAR,3,61551,2,0,0,2,1,3,1,2,T intersection,3,50,Local Road
T20230015993,2023/6/23,7:27:00,5,collision with some other object,5,Friday,166,STRUCK OBJECT ON CARRIAGEWAY,5,779701,1,0,0,1,0,1,1,5,Not at intersection,3,100,Local Road
T20230021850,2023/6/23,7:20:00,1,Collision with vehicle,5,Friday,121,RIGHT THROUGH,2,44766,2,0,0,1,1,2,1,1,Cross intersection,3,60,Arterial Other
T20230014849,2023/6/23,15:15:00,1,Collision with vehicle,6,Friday,130,REAR END(VEHICLES IN SAME LANE),1,776669,2,0,0,1,1,2,2,5,Not at intersection,3,999,Freeway
T20230014607,2023/6/23,10:21:00,1,Collision with vehicle,6,Friday,113,RIGHT NEAR (INTERSECTIONS ONLY),1,49068,3,0,1,0,1,2,1,2,T intersection,2,70,Arterial Other
T20230014684,2023/6/23,13:00:00,1,Collision with vehicle,6,Friday,133,LANE SIDE SWIPE (VEHICLES IN PARALLEL LANES),1,782285,2,0,0,1,1,2,2,5,Not at intersection,3,100,Arterial Other
T20230015703,2023/6/23,12:23:00,1,Collision with vehicle,5,Friday,130,REAR END(VEHICLES IN SAME LANE),9,41250,2,0,0,2,1,3,2,1,Cross intersection,3,60,Arterial Other
T20230014826,2023/6/23,15:15:00,1,Collision with vehicle,5,Friday,130,REAR END(VEHICLES IN SAME LANE),1,776436,3,0,0,1,2,3,1,5,Not at intersection,3,70,Arterial Highway
T20230014809,2023/6/23,17:45:00,1,Collision with vehicle,6,Friday,130,REAR END(VEHICLES IN SAME LANE),3,776670,2,0,0,1,1,2,2,5,Not at intersection,3,80,Freeway
T20230014994,2023/6/23,11:50:00,1,Collision with vehicle,6,Friday,130,REAR END(VEHICLES IN SAME LANE),1,795003,2,0,0,1,1,2,1,5,Not at intersection,3,70,Arterial Highway
T20230023091,2023/6/23,12:11:00,1,Collision with vehicle,5,Friday,113,RIGHT NEAR (INTERSECTIONS ONLY),1,782192,2,0,0,1,1,2,1,2,T intersection,3,60,Local Road
T20230014565,2023/6/23,2:18:00,4,Collision with a fixed object,5,Friday,171,LEFT OFF CARRIAGEWAY INTO OBJECT/PARKED VEHICLE,3,785944,2,0,1,0,1,2,1,5,Not at intersection,2,60,Arterial Highway
T20230014574,2023/6/23,9:10:00,8,No collision and no object struck,5,Friday,174,OUT OF CONTROL ON CARRIAGEWAY (ON STRAIGHT),1,7577,1,0,0,1,0,1,1,2,T intersection,3,40,
T20230014575,2023/6/23,8:20:00,1,Collision with vehicle,6,Friday,130,REAR END(VEHICLES IN SAME LANE),1,776301,3,0,0,1,5,6,1,5,Not at intersection,3,60,Arterial Highway
T20230014579,2023/6/23,10:33:00,2,Struck Pedestrian,6,Friday,103,PED PLAYING/LYING/WORKING/STANDING ON CARRIAGEWAY.,1,777278,1,0,0,1,1,2,1,5,Not at intersection,3,999,Local Road
T20230014582,2023/6/23,6:50:00,1,Collision with vehicle,5,Friday,121,RIGHT THROUGH,2,6899,2,0,0,3,0,3,1,1,Cross intersection,3,60,Arterial Other
T20230016567,2023/6/24,12:58:00,1,Collision with vehicle,7,Saturday,152,PULLING OUT (OVERTAKING),1,783402,2,0,1,0,2,3,1,5,Not at intersection,2,40,Local Road
T20230014707,2023/6/24,15:05:00,1,Collision with vehicle,6,Saturday,113,RIGHT NEAR (INTERSECTIONS ONLY),1,233297,2,0,0,1,6,7,1,4,Multiple intersection,3,70,Freeway
T20230014682,2023/6/24,13:00:00,1,Collision with vehicle,6,Saturday,147,VEHICLE STRIKES ANOTHER VEH WHILE EMERGING FROM DRIVEWAY,1,776328,2,0,0,1,1,2,1,2,T intersection,3,60,Local Road
T20230018006,2023/6/24,15:30:00,8,No collision and no object struck,6,Saturday,184,OUT OF CONTROL ON CARRIAGEWAY (ON BEND),1,783617,1,0,0,1,0,1,2,5,Not at intersection,3,60,Local Road
T20230014703,2023/6/24,14:38:00,1,Collision with vehicle,7,Saturday,130,REAR END(VEHICLES IN SAME LANE),1,777830,2,0,0,1,1,2,1,5,Not at intersection,3,60,Local Road
T20230014731,2023/6/24,17:44:00,2,Struck Pedestrian,7,Saturday,100,PED NEAR SIDE. PED HIT BY VEHICLE FROM THE RIGHT.,2,44882,1,0,1,0,1,2,1,5,Not at intersection,2,60,Local Road
T20230016425,2023/6/24,13:30:00,2,Struck Pedestrian,6,Saturday,100,PED NEAR SIDE. PED HIT BY VEHICLE FROM THE RIGHT.,1,51700,1,0,0,1,1,2,2,1,Cross intersection,3,60,Arterial Highway
T20230014677,2023/6/24,11:28:00,1,Collision with vehicle,7,Saturday,130,REAR END(VEHICLES IN SAME LANE),1,776356,2,0,1,0,1,2,1,5,Not at intersection,2,80,Arterial Other
T20230014709,2023/6/24,17:54:00,2,Struck Pedestrian,7,Saturday,100,PED NEAR SIDE. PED HIT BY VEHICLE FROM THE RIGHT.,2,777258,1,0,1,0,1,2,1,5,Not at intersection,2,50,Local Road
T20230014711,2023/6/24,15:40:00,1,Collision with vehicle,6,Saturday,130,REAR END(VEHICLES IN SAME LANE),1,776489,2,0,1,0,2,3,1,5,Not at intersection,2,100,Freeway
T20230014702,2023/6/24,14:20:00,4,Collision with a fixed object,6,Saturday,181,OFF RIGHT BEND INTO OBJECT/PARKED VEHICLE,1,783401,1,0,0,2,1,3,1,5,Not at intersection,3,80,Arterial Other
T20230014655,2023/6/24,0:05:00,2,Struck Pedestrian,7,Saturday,100,PED NEAR SIDE. PED HIT BY VEHICLE FROM THE RIGHT.,3,776327,1,0,1,0,1,2,1,2,T intersection,2,60,Arterial Highway
T20230014713,2023/6/24,12:08:00,4,Collision with a fixed object,6,Saturday,183,OFF LEFT BEND INTO OBJECT/PARKED VEHICLE,1,776332,1,0,0,1,1,2,1,5,Not at intersection,3,888,Local Road
T20230014661,2023/6/24,2:35:00,1,Collision with vehicle,7,Saturday,121,RIGHT THROUGH,3,10873,2,0,0,1,1,2,1,4,Multiple intersection,3,60,Freeway
T20230015739,2023/6/24,21:15:00,1,Collision with vehicle,7,Saturday,160,VEHICLE COLLIDES WITH VEHICLE PARKED ON LEFT OF ROAD,3,777019,2,0,1,0,0,1,1,5,Not at intersection,2,50,Local Road
T20230014667,2023/6/24,7:05:00,1,Collision with vehicle,7,Saturday,110,CROSS TRAFFIC(INTERSECTIONS ONLY),2,264300,2,0,1,0,1,2,1,1,Cross intersection,2,80,Arterial Highway
T20230014668,2023/6/24,7:40:00,1,Collision with vehicle,7,Saturday,116,LEFT NEAR (INTERSECTIONS ONLY),1,783609,2,0,1,0,1,2,1,2,T intersection,2,60,Arterial Other
T20230014669,2023/6/24,8:20:00,1,Collision with vehicle,7,Saturday,163,VEHICLE STRIKES DOOR OF PARKED/STATIONARY VEHICLE,1,780072,2,0,0,1,1,2,2,5,Not at intersection,3,50,Local Road
T20230014671,2023/6/24,6:55:00,4,Collision with a fixed object,6,Saturday,173,RIGHT OFF CARRIAGEWAY INTO OBJECT/PARKED VEHICLE,6,779513,1,0,1,0,0,1,1,5,Not at intersection,2,100,Arterial Highway
T20230014672,2023/6/24,6:40:00,6,Vehicle overturned (no collision),6,Saturday,151,OUT OF CONTROL (OVERTAKING),2,794796,1,0,0,1,0,1,1,5,Not at intersection,3,80,Arterial Other
T20230014674,2023/6/24,10:30:00,2,Struck Pedestrian,6,Saturday,100,PED NEAR SIDE. PED HIT BY VEHICLE FROM THE RIGHT.,1,784426,1,0,1,0,1,2,1,5,Not at intersection,2,40,Local Road
T20230014683,2023/6/24,10:15:00,4,Collision with a fixed object,6,Saturday,183,OFF LEFT BEND INTO OBJECT/PARKED VEHICLE,1,783612,1,0,0,1,0,1,1,5,Not at intersection,3,110,Freeway
T20230014714,2023/6/24,17:36:00,1,Collision with vehicle,6,Saturday,130,REAR END(VEHICLES IN SAME LANE),3,776358,3,0,0,1,4,5,1,5,Not at intersection,3,60,Arterial Other
T20230014716,2023/6/24,16:37:00,9,Other accident,7,Saturday,175,OFF END OF ROAD/T-INTERSECTION.,2,783613,1,0,0,5,0,5,1,2,T intersection,3,80,Local Road
T20230019098,2023/6/24,15:40:00,1,Collision with vehicle,6,Saturday,130,REAR END(VEHICLES IN SAME LANE),1,779273,4,0,0,1,3,4,1,5,Not at intersection,3,100,Freeway
T20230014949,2023/6/24,19:30:00,1,Collision with vehicle,7,Saturday,130,REAR END(VEHICLES IN SAME LANE),2,778340,2,0,1,0,1,2,2,5,Not at intersection,2,50,Arterial Other
T20230014732,2023/6/24,22:29:00,1,Collision with vehicle,7,Saturday,121,RIGHT THROUGH,3,777184,2,0,0,1,1,2,1,2,T intersection,3,80,Arterial Other
T20230014940,2023/6/24,21:00:00,5,collision with some other object,7,Saturday,166,STRUCK OBJECT ON CARRIAGEWAY,6,783615,1,0,0,1,0,1,2,5,Not at intersection,3,50,Local Road
T20230014691,2023/6/24,14:31:00,4,Collision with a fixed object,6,Saturday,171,LEFT OFF CARRIAGEWAY INTO OBJECT/PARKED VEHICLE,1,776711,1,0,0,1,0,1,1,1,Cross intersection,3,50,Local Road
T20230014696,2023/6/24,13:35:00,1,Collision with vehicle,6,Saturday,130,REAR END(VEHICLES IN SAME LANE),1,776357,2,0,0,1,1,2,1,5,Not at intersection,3,999,Arterial Other
T20230014686,2023/6/24,12:10:00,8,No collision and no object struck,6,Saturday,174,OUT OF CONTROL ON CARRIAGEWAY (ON STRAIGHT),1,783403,1,0,0,1,0,1,1,5,Not at intersection,3,80,Arterial Other
T20230014717,2023/6/24,17:38:00,1,Collision with vehicle,6,Saturday,130,REAR END(VEHICLES IN SAME LANE),2,794219,5,0,1,1,5,7,1,5,Not at intersection,2,100,Freeway
T20230014718,2023/6/24,18:25:00,1,Collision with vehicle,6,Saturday,130,REAR END(VEHICLES IN SAME LANE),2,776359,3,0,0,1,5,6,1,5,Not at intersection,3,80,Freeway