ACCIDENT_NO,ACCIDENT_DATE,ACCIDENT_TIME,ACCIDENT_TYPE,ACCIDENT_TYPE_DESC,DAY_OF_WEEK,DAY_WEEK_DESC,DCA_CODE,DCA_DESC,LIGHT_CONDITION,NODE_ID,NO_OF_VEHICLES,NO_PERSONS_KILLED,NO_PERSONS_INJ_2,NO_PERSONS_INJ_3,NO_PERSONS_NOT_INJ,NO_PERSONS,POLICE_ATTEND,ROAD_GEOMETRY,ROAD_GEOMETRY_DESC,SEVERITY,SPEED_ZONE,RMA
T20230014689,2023/6/24,14:00:00,1,Collision with vehicle,7,Saturday,147,VEHICLE STRIKES ANOTHER VEH WHILE EMERGING FROM DRIVEWAY,1,776329,2,0,1,0,1,2,1,5,Not at intersection,2,60,Local Road
T20230014770,2023/6/24,20:20:00,6,Vehicle overturned (no collision),6,Saturday,180,OFF CARRIAGEWAY ON RIGHT BEND,5,794794,1,0,0,1,0,1,1,5,Not at intersection,3,100,Local Road
T20230014721,2023/6/24,15:45:00,4,Collision with a fixed object,7,Saturday,183,OFF LEFT BEND INTO OBJECT/PARKED VEHICLE,1,783717,1,0,0,2,1,3,1,5,Not at intersection,3,100,Arterial Other
T20230014726,2023/6/24,18:57:00,1,Collision with vehicle,6,Saturday,194,PARKED CAR RUN AWAY,3,779681,3,0,1,0,0,1,1,5,Not at intersection,2,50,Local Road
T20230014697,2023/6/24,15:30:00,1,Collision with vehicle,7,Saturday,130,REAR END(VEHICLES IN SAME LANE),1,776330,2,0,0,1,1,2,2,5,Not at intersection,3,999,Arterial Highway
T20230014730,2023/6/24,18:26:00,4,Collision with a fixed object,6,Saturday,181,OFF RIGHT BEND INTO OBJECT/PARKED VEHICLE,5,783221,1,0,1,0,0,1,1,5,Not at intersection,2,100,Arterial Other
T20230014937,2023/6/24,11:45:00,8,No collision and no object struck,6,Saturday,174,OUT OF CONTROL ON CARRIAGEWAY (ON STRAIGHT),1,776444,1,0,0,1,0,1,2,5,Not at intersection,3,999,Local Road
T20230014701,2023/6/24,15:48:00,1,Collision with vehicle,6,Saturday,121,RIGHT THROUGH,1,29676,2,0,1,0,2,3,1,1,Cross intersection,2,60,Arterial Other
T20230015810,2023/6/24,14:30:00,1,Collision with vehicle,7,Saturday,130,REAR END(VEHICLES IN SAME LANE),1,779226,2,0,0,1,2,3,2,2,T intersection,3,80,Arterial Other
T20230015387,2023/6/24,12:47:00,1,Collision with vehicle,6,Saturday,113,RIGHT NEAR (INTERSECTIONS ONLY),1,43096,2,0,0,2,0,2,1,1,Cross intersection,3,80,Arterial Highway
T20230015372,2023/6/24,15:30:00,1,Collision with vehicle,7,Saturday,121,RIGHT THROUGH,1,778779,2,0,0,1,6,7,1,5,Not at intersection,3,80,Arterial Other
T20230014824,2023/6/24,18:30:00,1,Collision with vehicle,6,Saturday,120,HEAD ON (NOT OVERTAKING),2,679836,2,0,0,1,1,2,2,1,Cross intersection,3,999,Arterial Other
T20230014748,2023/6/24,15:00:00,6,Vehicle overturned (no collision),7,Saturday,170,OFF CARRIAGEWAY TO LEFT,1,777111,1,0,1,1,0,2,1,5,Not at intersection,2,100,Local Road
T20230016046,2023/6/24,17:10:00,2,Struck Pedestrian,6,Saturday,100,PED NEAR SIDE. PED HIT BY VEHICLE FROM THE RIGHT.,2,322502,1,0,0,1,1,2,1,2,T intersection,3,50,Arterial Other
T20230015108,2023/6/24,17:40:00,3,Struck animal,6,Saturday,167,STRUCK ANIMAL,5,776532,2,0,0,1,1,2,1,5,Not at intersection,3,100,Local Road
T20230014698,2023/6/24,15:00:00,1,Collision with vehicle,6,Saturday,130,REAR END(VEHICLES IN SAME LANE),1,776331,3,0,0,1,4,5,1,5,Not at intersection,3,60,Arterial Other
T20230014827,2023/6/24,18:40:00,1,Collision with vehicle,6,Saturday,130,REAR END(VEHICLES IN SAME LANE),2,778393,2,0,0,1,1,2,2,5,Not at intersection,3,50,Local Road
T20230014739,2023/6/24,23:12:00,1,Collision with vehicle,7,Saturday,120,HEAD ON (NOT OVERTAKING),3,794221,3,0,0,2,1,3,1,5,Not at intersection,3,40,Arterial Other
T20230014734,2023/6/24,23:21:00,1,Collision with vehicle,7,Saturday,110,CROSS TRAFFIC(INTERSECTIONS ONLY),3,43481,2,0,0,2,0,2,1,1,Cross intersection,3,50,Local Road
T20230014733,2023/6/24,21:30:00,1,Collision with vehicle,7,Saturday,120,HEAD ON (NOT OVERTAKING),3,794220,2,0,0,1,1,2,1,5,Not at intersection,3,50,Arterial Other
T20230017824,2023/6/25,12:00:00,8,No collision and no object struck,0,Sunday,174,OUT OF CONTROL ON CARRIAGEWAY (ON STRAIGHT),1,779723,1,0,0,1,0,1,2,5,Not at intersection,3,999,Local Road
T20230014793,2023/6/25,20:50:00,1,Collision with vehicle,1,Sunday,140,U TURN,5,778628,2,0,0,1,1,2,1,5,Not at intersection,3,100,Arterial Highway
T20230014788,2023/6/25,19:47:00,4,Collision with a fixed object,1,Sunday,181,OFF RIGHT BEND INTO OBJECT/PARKED VEHICLE,5,783607,1,0,0,2,0,2,1,5,Not at intersection,3,80,Arterial Other
T20230014785,2023/6/25,18:20:00,2,Struck Pedestrian,1,Sunday,102,FAR SIDE. PED HIT BY VEHICLE FROM THE LEFT,3,776434,1,0,1,0,2,3,1,5,Not at intersection,2,40,Arterial Other
T20230014784,2023/6/25,17:24:00,1,Collision with vehicle,1,Sunday,160,VEHICLE COLLIDES WITH VEHICLE PARKED ON LEFT OF ROAD,3,117748,2,0,0,1,0,1,1,5,Not at intersection,3,60,Local Road
T20230014782,2023/6/25,19:13:00,1,Collision with vehicle,0,Sunday,121,RIGHT THROUGH,3,778776,2,0,0,1,1,2,1,5,Not at intersection,3,80,Local Road
T20230014779,2023/6/25,16:14:00,1,Collision with vehicle,1,Sunday,120,HEAD ON (NOT OVERTAKING),2,776643,2,1,3,1,0,5,1,5,Not at intersection,1,100,Arterial Other
T20230015801,2023/6/25,9:55:00,1,Collision with vehicle,1,Sunday,130,REAR END(VEHICLES IN SAME LANE),1,777590,3,0,0,3,2,5,2,5,Not at intersection,3,999,Arterial Other
T20230014768,2023/6/25,13:30:00,1,Collision with vehicle,1,Sunday,133,LANE SIDE SWIPE (VEHICLES IN PARALLEL LANES),1,777801,2,0,1,1,0,2,1,5,Not at intersection,2,100,Local Road
T20230014763,2023/6/25,12:50:00,1,Collision with vehicle,1,Sunday,120,HEAD ON (NOT OVERTAKING),1,776544,2,0,0,2,1,3,1,5,Not at intersection,3,60,Arterial Other
T20230014759,2023/6/25,9:25:00,1,Collision with vehicle,1,Sunday,121,RIGHT THROUGH,1,24304,2,0,2,1,1,4,1,1,Cross intersection,2,100,Freeway
T20230014756,2023/6/25,9:45:00,1,Collision with vehicle,0,Sunday,110,CROSS TRAFFIC(INTERSECTIONS ONLY),1,705,2,0,0,1,1,2,1,1,Cross intersection,3,60,Arterial Other
T20230014753,2023/6/25,9:30:00,4,Collision with a fixed object,1,Sunday,171,LEFT OFF CARRIAGEWAY INTO OBJECT/PARKED VEHICLE,1,776361,1,0,1,0,0,1,1,1,Cross intersection,2,50,Local Road
T20230014747,2023/6/25,3:35:00,4,Collision with a fixed object,0,Sunday,183,OFF LEFT BEND INTO OBJECT/PARKED VEHICLE,5,783400,1,0,0,1,2,3,1,5,Not at intersection,3,80,Local Road
T20230014745,2023/6/25,3:17:00,1,Collision with vehicle,1,Sunday,160,VEHICLE COLLIDES WITH VEHICLE PARKED ON LEFT OF ROAD,3,777011,3,0,0,2,3,5,1,5,Not at intersection,3,60,Arterial Other
T20230014744,2023/6/25,3:31:00,1,Collision with vehicle,0,Sunday,160,VEHICLE COLLIDES WITH VEHICLE PARKED ON LEFT OF ROAD,3,788858,2,0,0,1,2,3,1,2,T intersection,3,70,Local Road
T20230014741,2023/6/25,2:05:00,1,Collision with vehicle,1,Sunday,162,ACCIDENT OR BROKEN DOWN,3,777800,2,0,1,0,0,1,1,5,Not at intersection,2,100,Freeway
T20230015007,2023/6/25,10:30:00,6,Vehicle overturned (no collision),0,Sunday,184,OUT OF CONTROL ON CARRIAGEWAY (ON BEND),1,776573,1,0,0,1,0,1,2,5,Not at intersection,3,100,Local Road
T20230014915,2023/6/25,14:00:00,8,No collision and no object struck,0,Sunday,174,OUT OF CONTROL ON CARRIAGEWAY (ON STRAIGHT),1,776495,1,0,0,1,0,1,2,3,Y intersection,3,888,Local Road
T20230020446,2023/6/25,17:30:00,1,Collision with vehicle,0,Sunday,130,REAR END(VEHICLES IN SAME LANE),2,780218,3,0,0,1,3,4,1,5,Not at intersection,3,60,Arterial Highway
T20230015088,2023/6/25,10:00:00,8,No collision and no object struck,0,Sunday,174,OUT OF CONTROL ON CARRIAGEWAY (ON STRAIGHT),1,776577,1,0,0,1,0,1,2,5,Not at intersection,3,80,Arterial Other
T20230015832,2023/6/25,18:20:00,8,No collision and no object struck,0,Sunday,174,OUT OF CONTROL ON CARRIAGEWAY (ON STRAIGHT),6,777102,1,0,0,1,0,1,2,5,Not at intersection,3,888,Local Road
T20230014853,2023/6/25,10:10:00,1,Collision with vehicle,1,Sunday,140,U TURN,1,776491,2,0,0,1,1,2,1,2,T intersection,3,50,Local Road
T20230015934,2023/6/26,14:40:00,1,Collision with vehicle,1,Monday,130,REAR END(VEHICLES IN SAME LANE),1,794222,3,0,0,1,2,3,1,5,Not at intersection,3,60,Arterial Other
T20230016773,2023/6/26,12:00:00,8,No collision and no object struck,1,Monday,172,OFF CARRIAGEWAY TO RIGHT,1,783600,1,0,0,1,0,1,1,9,Unknown,3,70,Arterial Other
T20230016995,2023/6/26,9:25:00,1,Collision with vehicle,1,Monday,111,RIGHT FAR (INTERSECTIONS ONLY),1,37250,2,0,0,1,1,2,2,2,T intersection,3,60,Arterial Other
T20230014863,2023/6/26,14:15:00,1,Collision with vehicle,2,Monday,147,VEHICLE STRIKES ANOTHER VEH WHILE EMERGING FROM DRIVEWAY,1,783399,2,0,1,0,1,2,1,5,Not at intersection,2,888,Arterial Other
T20230014889,2023/6/26,22:40:00,2,Struck Pedestrian,1,Monday,104,PED WALKING WITH TRAFFIC,3,777556,1,0,0,1,1,2,1,5,Not at intersection,3,50,Local Road
T20230014821,2023/6/26,10:25:00,1,Collision with vehicle,1,Monday,121,RIGHT THROUGH,1,748281,2,0,0,1,1,2,1,1,Cross intersection,3,70,Arterial Other
T20230014878,2023/6/26,19:49:00,1,Collision with vehicle,2,Monday,110,CROSS TRAFFIC(INTERSECTIONS ONLY),3,52755,2,0,0,1,1,2,1,1,Cross intersection,3,60,Arterial Other
T20230014984,2023/6/26,17:05:00,1,Collision with vehicle,2,Monday,163,VEHICLE STRIKES DOOR OF PARKED/STATIONARY VEHICLE,2,226122,2,0,1,0,2,3,2,5,Not at intersection,2,50,Arterial Highway
T20230014868,2023/6/26,17:35:00,1,Collision with vehicle,2,Monday,148,VEHICLE OFF FOOTPATH STRIKES VEH ON CARRIAGEWAY,3,715351,2,0,1,0,1,2,1,2,T intersection,2,80,Arterial Other
T20230014841,2023/6/26,12:00:00,1,Collision with vehicle,2,Monday,121,RIGHT THROUGH,1,776439,2,0,0,2,0,2,1,2,T intersection,3,80,Local Road
T20230014860,2023/6/26,11:00:00,4,Collision with a fixed object,1,Monday,173,RIGHT OFF CARRIAGEWAY INTO OBJECT/PARKED VEHICLE,1,783715,1,0,0,1,1,2,1,1,Cross intersection,3,50,Local Road
T20230014862,2023/6/26,7:05:00,2,Struck Pedestrian,2,Monday,100,PED NEAR SIDE. PED HIT BY VEHICLE FROM THE RIGHT.,1,783398,1,0,1,0,1,2,2,1,Cross intersection,2,60,Arterial Highway
T20230014882,2023/6/26,18:44:00,1,Collision with vehicle,2,Monday,110,CROSS TRAFFIC(INTERSECTIONS ONLY),5,733908,2,0,4,1,0,5,1,1,Cross intersection,2,100,Local Road
T20230016665,2023/6/26,15:30:00,1,Collision with vehicle,1,Monday,135,LANE CHANGE LEFT (NOT OVERTAKING),1,42315,3,0,0,2,3,5,1,2,T intersection,3,60,Arterial Highway
T20230014845,2023/6/26,10:30:00,4,Collision with a fixed object,2,Monday,171,LEFT OFF CARRIAGEWAY INTO OBJECT/PARKED VEHICLE,1,41566,1,0,1,0,0,1,1,2,T intersection,2,40,Local Road
T20230014811,2023/6/26,7:05:00,2,Struck Pedestrian,2,Monday,194,PARKED CAR RUN AWAY,3,776376,1,1,0,0,0,1,1,2,T intersection,1,40,Local Road
T20230017887,2023/6/26,18:00:00,1,Collision with vehicle,1,Monday,130,REAR END(VEHICLES IN SAME LANE),2,778250,3,0,0,1,3,4,2,5,Not at intersection,3,100,Arterial Other
T20230014832,2023/6/26,12:11:00,1,Collision with vehicle,2,Monday,130,REAR END(VEHICLES IN SAME LANE),1,777419,2,0,1,0,1,2,1,1,Cross intersection,2,80,Arterial Other
T20230014833,2023/6/26,9:40:00,2,Struck Pedestrian,2,Monday,100,PED NEAR SIDE. PED HIT BY VEHICLE FROM THE RIGHT.,1,776438,1,0,1,0,1,2,1,1,Cross intersection,2,40,Arterial Other
T20230014883,2023/6/26,19:10:00,1,Collision with vehicle,2,Monday,120,HEAD ON (NOT OVERTAKING),5,788006,2,0,0,1,1,2,1,5,Not at intersection,3,100,
T20230014939,2023/6/26,15:30:00,1,Collision with vehicle,2,Monday,130,REAR END(VEHICLES IN SAME LANE),1,776499,3,0,0,1,2,3,2,5,Not at intersection,3,80,Arterial Other
T20230014828,2023/6/26,11:45:00,1,Collision with vehicle,2,Monday,121,RIGHT THROUGH,1,776546,2,0,0,2,2,4,1,1,Cross intersection,3,60,Local Road
T20230014885,2023/6/26,8:00:00,1,Collision with vehicle,2,Monday,179,OTHER ACCIDENTS-OFF STRAIGHT NOT INCLUDED IN DCAs 170-175,2,36574,2,0,0,1,1,2,2,2,T intersection,3,60,Arterial Other
T20230014856,2023/6/26,16:00:00,2,Struck Pedestrian,2,Monday,100,PED NEAR SIDE. PED HIT BY VEHICLE FROM THE RIGHT.,1,51593,1,0,1,0,1,2,1,1,Cross intersection,2,60,Arterial Other
T20230015479,2023/6/26,18:15:00,1,Collision with vehicle,2,Monday,130,REAR END(VEHICLES IN SAME LANE),2,777790,2,0,0,1,2,3,2,5,Not at intersection,3,60,Local Road
T20230014875,2023/6/26,19:06:00,1,Collision with vehicle,1,Monday,130,REAR END(VEHICLES IN SAME LANE),4,776440,3,0,0,1,2,3,1,5,Not at intersection,3,110,Freeway
T20230014835,2023/6/26,12:25:00,1,Collision with vehicle,1,Monday,110,CROSS TRAFFIC(INTERSECTIONS ONLY),1,40056,2,0,0,1,1,2,1,1,Cross intersection,3,40,Local Road
T20230014905,2023/6/26,18:20:00,2,Struck Pedestrian,1,Monday,100,PED NEAR SIDE. PED HIT BY VEHICLE FROM THE RIGHT.,2,777872,1,0,0,1,1,2,2,4,Multiple intersection,3,40,Local Road
T20230015549,2023/6/26,16:00:00,1,Collision with vehicle,1,Monday,130,REAR END(VEHICLES IN SAME LANE),1,781337,2,0,0,1,1,2,2,5,Not at intersection,3,80,Freeway
T20230015318,2023/6/26,17:40:00,1,Collision with vehicle,2,Monday,130,REAR END(VEHICLES IN SAME LANE),2,776973,2,0,0,1,1,2,2,2,T intersection,3,70,Local Road
T20230014888,2023/6/26,21:43:00,2,Struck Pedestrian,1,Monday,102,FAR SIDE. PED HIT BY VEHICLE FROM THE LEFT,3,38301,1,0,0,1,1,2,1,1,Cross intersection,3,60,Arterial Other
T20230015608,2023/6/26,10:25:00,1,Collision with vehicle,1,Monday,134,LANE CHANGE RIGHT (NOT OVERTAKING),1,777971,2,0,0,1,1,2,2,5,Not at intersection,3,60,Local Road
T20230014796,2023/6/26,1:00:00,6,Vehicle overturned (no collision),2,Monday,174,OUT OF CONTROL ON CARRIAGEWAY (ON STRAIGHT),3,777869,1,0,0,1,0,1,1,2,T intersection,3,60,Arterial Other
T20230014869,2023/6/26,17:14:00,1,Collision with vehicle,1,Monday,121,RIGHT THROUGH,3,37729,2,0,0,1,2,3,1,1,Cross intersection,3,40,Arterial Other
T20230014872,2023/6/26,16:22:00,1,Collision with vehicle,1,Monday,120,HEAD ON (NOT OVERTAKING),2,777870,2,0,2,0,0,2,1,5,Not at intersection,2,100,Arterial Highway
T20230014876,2023/6/26,18:10:00,6,Vehicle overturned (no collision),1,Monday,174,OUT OF CONTROL ON CARRIAGEWAY (ON STRAIGHT),3,559,2,0,0,1,1,2,2,1,Cross intersection,3,60,Arterial Other
T20230015358,2023/6/27,18:00:00,1,Collision with vehicle,2,Tuesday,140,U TURN,9,242901,2,0,0,1,1,2,2,2,T intersection,3,999,Local Road
T20230015093,2023/6/27,14:30:00,2,Struck Pedestrian,2,Tuesday,100,PED NEAR SIDE. PED HIT BY VEHICLE FROM THE RIGHT.,1,783395,1,0,0,1,1,2,2,5,Not at intersection,3,60,Arterial Other
T20230014927,2023/6/27,14:10:00,1,Collision with vehicle,3,Tuesday,130,REAR END(VEHICLES IN SAME LANE),1,776443,2,0,1,1,1,3,1,5,Not at intersection,2,80,Arterial Other
T20230014934,2023/6/27,14:50:00,1,Collision with vehicle,2,Tuesday,130,REAR END(VEHICLES IN SAME LANE),1,776498,2,0,0,1,1,2,1,1,Cross intersection,3,60,Arterial Highway
T20230014898,2023/6/27,7:15:00,1,Collision with vehicle,3,Tuesday,121,RIGHT THROUGH,2,776441,2,0,1,1,0,2,1,5,Not at intersection,2,60,Arterial Other
T20230014935,2023/6/27,15:55:00,1,Collision with vehicle,2,Tuesday,110,CROSS TRAFFIC(INTERSECTIONS ONLY),1,58597,2,0,0,1,2,3,1,1,Cross intersection,3,50,Local Road
T20230015090,2023/6/27,15:51:00,2,Struck Pedestrian,2,Tuesday,106,VEH STRIKES PED ON FOOTPATH/MEDIAN/TRAFFIC ISLAND.,1,781823,1,0,1,1,0,2,1,5,Not at intersection,2,888,Local Road
T20230015986,2023/6/27,6:30:00,1,Collision with vehicle,2,Tuesday,130,REAR END(VEHICLES IN SAME LANE),2,777106,2,0,0,1,1,2,9,5,Not at intersection,3,999,Freeway
T20230015225,2023/6/27,18:00:00,1,Collision with vehicle,2,Tuesday,130,REAR END(VEHICLES IN SAME LANE),9,49556,2,0,0,1,1,2,2,1,Cross intersection,3,60,Arterial Other
T20230014895,2023/6/27,5:48:00,1,Collision with vehicle,3,Tuesday,110,CROSS TRAFFIC(INTERSECTIONS ONLY),5,781863,2,0,1,0,1,2,1,1,Cross intersection,2,100,Arterial Other
T20230014945,2023/6/27,16:54:00,1,Collision with vehicle,2,Tuesday,111,RIGHT FAR (INTERSECTIONS ONLY),1,350174,2,0,0,1,3,4,1,2,T intersection,3,80,Arterial Other
T20230015758,2023/6/27,16:40:00,1,Collision with vehicle,3,Tuesday,121,RIGHT THROUGH,1,41549,2,0,0,2,2,4,1,1,Cross intersection,3,60,Arterial Highway
T20230015760,2023/6/27,18:00:00,1,Collision with vehicle,2,Tuesday,130,REAR END(VEHICLES IN SAME LANE),2,776927,2,0,0,1,1,2,2,5,Not at intersection,3,60,Arterial Other
T20230014952,2023/6/27,18:23:00,1,Collision with vehicle,2,Tuesday,121,RIGHT THROUGH,2,982,2,0,0,1,1,2,1,2,T intersection,3,50,Local Road
T20230014955,2023/6/27,19:03:00,1,Collision with vehicle,2,Tuesday,137,LEFT TURN SIDESWIPE,3,42287,2,0,0,1,3,4,1,2,T intersection,3,60,Arterial Other
T20230014960,2023/6/27,18:20:00,2,Struck Pedestrian,3,Tuesday,100,PED NEAR SIDE. PED HIT BY VEHICLE FROM THE RIGHT.,2,36675,1,0,0,1,1,2,1,2,T intersection,3,80,Arterial Other
T20230014965,2023/6/27,22:25:00,1,Collision with vehicle,3,Tuesday,130,REAR END(VEHICLES IN SAME LANE),3,783382,2,0,2,1,1,4,1,5,Not at intersection,2,50,Arterial Highway
T20230014990,2023/6/27,10:15:00,2,Struck Pedestrian,2,Tuesday,102,FAR SIDE. PED HIT BY VEHICLE FROM THE LEFT,1,782714,1,0,0,1,1,2,2,5,Not at intersection,3,40,Local Road
T20230021920,2023/6/27,6:55:00,1,Collision with vehicle,2,Tuesday,130,REAR END(VEHICLES IN SAME LANE),1,783391,2,0,0,1,1,2,1,5,Not at intersection,3,100,Freeway
T20230014912,2023/6/27,10:57:00,8,No collision and no object struck,2,Tuesday,174,OUT OF CONTROL ON CARRIAGEWAY (ON STRAIGHT),1,776442,1,0,0,1,0,1,1,5,Not at intersection,3,40,Local Road
T20230015092,2023/6/27,6:30:00,1,Collision with vehicle,3,Tuesday,113,RIGHT NEAR (INTERSECTIONS ONLY),6,283345,2,0,1,0,1,2,2,2,T intersection,2,60,Arterial Highway
T20230014914,2023/6/27,11:35:00,1,Collision with vehicle,3,Tuesday,134,LANE CHANGE RIGHT (NOT OVERTAKING),1,89459,2,0,1,0,1,2,1,5,Not at intersection,2,60,Arterial Other
T20230015569,2023/6/27,13:10:00,1,Collision with vehicle,3,Tuesday,148,VEHICLE OFF FOOTPATH STRIKES VEH ON CARRIAGEWAY,1,233,4,0,0,1,3,4,2,2,T intersection,3,999,Local Road
T20230015624,2023/6/27,6:30:00,1,Collision with vehicle,2,Tuesday,130,REAR END(VEHICLES IN SAME LANE),2,776975,3,0,0,1,3,4,1,5,Not at intersection,3,80,Freeway
T20230016434,2023/6/27,16:30:00,1,Collision with vehicle,2,Tuesday,130,REAR END(VEHICLES IN SAME LANE),9,795013,2,0,0,1,1,2,9,5,Not at intersection,3,999,Freeway
T20230014911,2023/6/27,8:00:00,1,Collision with vehicle,2,Tuesday,160,VEHICLE COLLIDES WITH VEHICLE PARKED ON LEFT OF ROAD,2,778029,3,0,0,1,1,2,1,5,Not at intersection,3,50,Local Road
T20230016570,2023/6/27,15:30:00,1,Collision with vehicle,2,Tuesday,130,REAR END(VEHICLES IN SAME LANE),9,89304,3,0,0,1,2,3,2,5,Not at intersection,3,60,Arterial Other
T20230014902,2023/6/27,8:30:00,1,Collision with vehicle,3,Tuesday,160,VEHICLE COLLIDES WITH VEHICLE PARKED ON LEFT OF ROAD,2,777871,2,0,0,1,0,1,1,5,Not at intersection,3,50,Local Road
T20230015260,2023/6/27,0:21:00,1,Collision with vehicle,3,Tuesday,111,RIGHT FAR (INTERSECTIONS ONLY),3,777055,2,0,0,1,1,2,1,4,Multiple intersection,3,60,Local Road
T20230015042,2023/6/28,14:30:00,1,Collision with vehicle,4,Wednesday,113,RIGHT NEAR (INTERSECTIONS ONLY),1,780433,2,0,1,0,1,2,1,2,T intersection,2,80,Arterial Other
T20230015041,2023/6/28,15:53:00,1,Collision with vehicle,3,Wednesday,130,REAR END(VEHICLES IN SAME LANE),1,777062,4,0,0,2,4,6,1,5,Not at intersection,3,60,Arterial Highway
T20230015037,2023/6/28,14:00:00,2,Struck Pedestrian,4,Wednesday,100,PED NEAR SIDE. PED HIT BY VEHICLE FROM THE RIGHT.,1,74274,1,0,0,1,1,2,2,1,Cross intersection,3,60,Arterial Other
T20230015036,2023/6/28,15:30:00,1,Collision with vehicle,4,Wednesday,163,VEHICLE STRIKES DOOR OF PARKED/STATIONARY VEHICLE,9,187611,2,0,0,1,1,2,2,5,Not at intersection,3,999,Local Road
T20230015035,2023/6/28,16:30:00,2,Struck Pedestrian,4,Wednesday,108,PED STRUCK WALKING TO/FROM OR BOARDING/ALIGHTING VEHICLE.,1,776528,1,0,1,0,1,2,1,5,Not at intersection,2,40,Arterial Other
T20230015033,2023/6/28,17:20:00,4,Collision with a fixed object,4,Wednesday,173,RIGHT OFF CARRIAGEWAY INTO OBJECT/PARKED VEHICLE,2,41871,2,0,0,1,1,2,1,2,T intersection,3,80,Arterial Highway
T20230015031,2023/6/28,17:50:00,1,Collision with vehicle,4,Wednesday,130,REAR END(VEHICLES IN SAME LANE),2,41931,2,0,0,3,0,3,1,2,T intersection,3,60,Arterial Other
T20230015030,2023/6/28,18:05:00,2,Struck Pedestrian,3,Wednesday,100,PED NEAR SIDE. PED HIT BY VEHICLE FROM THE RIGHT.,3,776551,1,0,1,0,1,2,1,5,Not at intersection,2,40,Arterial Other
T20230015029,2023/6/28,18:25:00,4,Collision with a fixed object,4,Wednesday,173,RIGHT OFF CARRIAGEWAY INTO OBJECT/PARKED VEHICLE,3,776622,1,0,1,0,0,1,1,1,Cross intersection,2,60,Arterial Other
T20230015027,2023/6/28,19:00:00,1,Collision with vehicle,4,Wednesday,130,REAR END(VEHICLES IN SAME LANE),3,776668,2,0,0,1,1,2,1,5,Not at intersection,3,60,Arterial Highway
T20230015026,2023/6/28,18:20:00,1,Collision with vehicle,4,Wednesday,130,REAR END(VEHICLES IN SAME LANE),2,777563,3,0,0,1,6,7,1,5,Not at intersection,3,80,Arterial Other
T20230015324,2023/6/28,18:45:00,1,Collision with vehicle,3,Wednesday,148,VEHICLE OFF FOOTPATH STRIKES VEH ON CARRIAGEWAY,9,35987,2,0,0,1,1,2,2,1,Cross intersection,3,40,Local Road
T20230015075,2023/6/28,12:20:00,1,Collision with vehicle,3,Wednesday,130,REAR END(VEHICLES IN SAME LANE),1,776930,2,0,0,1,1,2,2,5,Not at intersection,3,60,Arterial Other
T20230015025,2023/6/28,17:38:00,1,Collision with vehicle,3,Wednesday,113,RIGHT NEAR (INTERSECTIONS ONLY),2,61017,2,0,0,1,1,2,1,2,T intersection,3,60,Arterial Highway
T20230015024,2023/6/28,16:30:00,2,Struck Pedestrian,3,Wednesday,100,PED NEAR SIDE. PED HIT BY VEHICLE FROM THE RIGHT.,2,777054,1,0,0,1,4,5,1,5,Not at intersection,3,80,Arterial Highway
T20230015022,2023/6/28,13:35:00,1,Collision with vehicle,3,Wednesday,130,REAR END(VEHICLES IN SAME LANE),1,779801,3,0,0,1,2,3,9,5,Not at intersection,3,80,Freeway
T20230015019,2023/6/28,15:30:00,1,Collision with vehicle,4,Wednesday,120,HEAD ON (NOT OVERTAKING),1,776682,3,0,0,3,4,7,1,5,Not at intersection,3,60,Local Road
T20230015014,2023/6/28,15:20:00,1,Collision with vehicle,4,Wednesday,113,RIGHT NEAR (INTERSECTIONS ONLY),1,72973,2,0,1,0,2,3,1,2,T intersection,2,70,Arterial Other
T20230016210,2023/6/28,22:10:00,1,Collision with vehicle,3,Wednesday,110,CROSS TRAFFIC(INTERSECTIONS ONLY),3,781830,2,0,0,1,2,3,1,1,Cross intersection,3,80,Arterial Highway
T20230015006,2023/6/28,13:10:00,1,Collision with vehicle,4,Wednesday,140,U TURN,1,776572,2,0,0,1,3,4,1,5,Not at intersection,3,60,Arterial Highway
T20230015005,2023/6/28,11:50:00,7,Fall from or in moving vehicle,4,Wednesday,190,FELL IN/FROM VEHICLE,1,785124,1,0,0,1,0,1,1,5,Not at intersection,3,60,Arterial Other
T20230014996,2023/6/28,11:30:00,2,Struck Pedestrian,3,Wednesday,102,FAR SIDE. PED HIT BY VEHICLE FROM THE LEFT,9,783714,1,0,0,1,1,2,2,5,Not at intersection,3,999,Local Road
T20230015523,2023/6/28,7:00:00,1,Collision with vehicle,3,Wednesday,130,REAR END(VEHICLES IN SAME LANE),2,777445,3,0,0,1,2,3,2,5,Not at intersection,3,70,Arterial Highway
T20230016172,2023/6/28,7:50:00,1,Collision with vehicle,4,Wednesday,121,RIGHT THROUGH,1,780432,3,0,0,1,2,3,1,2,T intersection,3,60,Freeway
T20230016801,2023/6/28,18:20:00,1,Collision with vehicle,3,Wednesday,130,REAR END(VEHICLES IN SAME LANE),9,795020,3,0,0,1,2,3,9,5,Not at intersection,3,999,Freeway
T20230015179,2023/6/28,11:52:00,1,Collision with vehicle,3,Wednesday,130,REAR END(VEHICLES IN SAME LANE),1,11397,2,0,0,2,2,4,2,4,Multiple intersection,3,999,Freeway