ACCIDENT_NO,ACCIDENT_DATE,ACCIDENT_TIME,ACCIDENT_TYPE,ACCIDENT_TYPE_DESC,DAY_OF_WEEK,DAY_WEEK_DESC,DCA_CODE,DCA_DESC,LIGHT_CONDITION,NODE_ID,NO_OF_VEHICLES,NO_PERSONS_KILLED,NO_PERSONS_INJ_2,NO_PERSONS_INJ_3,NO_PERSONS_NOT_INJ,NO_PERSONS,POLICE_ATTEND,ROAD_GEOMETRY,ROAD_GEOMETRY_DESC,SEVERITY,SPEED_ZONE,RMA
T20230016487,2023/6/28,18:07:00,1,Collision with vehicle,3,Wednesday,120,HEAD ON (NOT OVERTAKING),2,777296,2,0,0,1,1,2,1,5,Not at intersection,3,40,Local Road
T20230014989,2023/6/28,6:43:00,1,Collision with vehicle,4,Wednesday,121,RIGHT THROUGH,3,37916,2,0,0,1,1,2,1,2,T intersection,3,60,Arterial Other
T20230017831,2023/6/28,22:00:00,1,Collision with vehicle,4,Wednesday,140,U TURN,3,778105,2,0,1,0,1,2,1,5,Not at intersection,2,60,Arterial Highway
T20230015676,2023/6/28,17:10:00,1,Collision with vehicle,3,Wednesday,135,LANE CHANGE LEFT (NOT OVERTAKING),1,783291,2,0,0,1,1,2,2,5,Not at intersection,3,70,Arterial Other
T20230015577,2023/6/28,12:30:00,1,Collision with vehicle,3,Wednesday,119,OTHER ADJACENT (INTERSECTIONS ONLY),1,10368,2,0,0,1,1,2,2,2,T intersection,3,50,
T20230017298,2023/6/28,15:30:00,1,Collision with vehicle,3,Wednesday,120,HEAD ON (NOT OVERTAKING),1,42541,2,0,1,0,1,2,1,2,T intersection,2,60,Arterial Other
T20230015062,2023/6/28,22:52:00,1,Collision with vehicle,3,Wednesday,140,U TURN,5,776529,2,0,0,1,1,2,1,2,T intersection,3,50,Local Road
T20230014966,2023/6/28,1:40:00,6,Vehicle overturned (no collision),3,Wednesday,174,OUT OF CONTROL ON CARRIAGEWAY (ON STRAIGHT),3,777053,1,0,2,0,0,2,1,5,Not at intersection,2,40,Local Road
T20230014967,2023/6/28,0:54:00,4,Collision with a fixed object,3,Wednesday,183,OFF LEFT BEND INTO OBJECT/PARKED VEHICLE,3,781822,1,0,1,0,0,1,1,5,Not at intersection,2,100,Arterial Highway
T20230014973,2023/6/28,4:37:00,4,Collision with a fixed object,3,Wednesday,171,LEFT OFF CARRIAGEWAY INTO OBJECT/PARKED VEHICLE,3,35725,1,0,1,0,0,1,1,2,T intersection,2,70,Arterial Highway
T20230014974,2023/6/28,2:10:00,1,Collision with vehicle,3,Wednesday,120,HEAD ON (NOT OVERTAKING),5,332439,2,0,0,1,1,2,1,5,Not at intersection,3,60,Arterial Other
T20230014986,2023/6/28,8:19:00,1,Collision with vehicle,4,Wednesday,154,PULLING OUT -REAR END,1,778431,2,1,2,0,1,4,1,5,Not at intersection,1,110,Freeway
T20230014993,2023/6/28,8:40:00,1,Collision with vehicle,4,Wednesday,121,RIGHT THROUGH,2,278496,2,0,1,1,3,5,1,5,Not at intersection,2,70,Local Road
T20230015061,2023/6/28,21:35:00,1,Collision with vehicle,3,Wednesday,179,OTHER ACCIDENTS-OFF STRAIGHT NOT INCLUDED IN DCAs 170-175,3,796758,3,0,0,4,3,7,1,5,Not at intersection,3,999,Arterial Highway
T20230015059,2023/6/28,16:12:00,2,Struck Pedestrian,4,Wednesday,102,FAR SIDE. PED HIT BY VEHICLE FROM THE LEFT,1,37220,1,1,0,0,3,4,1,1,Cross intersection,1,60,Arterial Other
T20230019028,2023/6/28,15:23:00,1,Collision with vehicle,3,Wednesday,132,RIGHT REAR.,9,778926,2,0,0,1,2,3,2,5,Not at intersection,3,80,Arterial Other
T20230015054,2023/6/28,20:40:00,1,Collision with vehicle,3,Wednesday,130,REAR END(VEHICLES IN SAME LANE),5,778267,2,0,0,1,0,1,1,5,Not at intersection,3,60,Local Road
T20230015052,2023/6/28,20:36:00,4,Collision with a fixed object,4,Wednesday,173,RIGHT OFF CARRIAGEWAY INTO OBJECT/PARKED VEHICLE,3,783286,1,0,1,0,0,1,1,5,Not at intersection,2,50,Local Road
T20230015051,2023/6/28,15:17:00,1,Collision with vehicle,3,Wednesday,135,LANE CHANGE LEFT (NOT OVERTAKING),1,795022,2,0,0,1,4,5,1,5,Not at intersection,3,80,
T20230015049,2023/6/28,19:58:00,1,Collision with vehicle,3,Wednesday,121,RIGHT THROUGH,3,327940,2,0,0,2,3,5,1,2,T intersection,3,60,Arterial Other
T20230015048,2023/6/28,18:00:00,1,Collision with vehicle,4,Wednesday,130,REAR END(VEHICLES IN SAME LANE),2,793933,3,0,0,1,2,3,1,5,Not at intersection,3,80,Freeway
T20230016176,2023/6/28,21:30:00,8,No collision and no object struck,4,Wednesday,174,OUT OF CONTROL ON CARRIAGEWAY (ON STRAIGHT),3,777119,1,0,1,0,0,1,2,5,Not at intersection,2,60,Arterial Other
T20230015121,2023/6/29,17:51:00,1,Collision with vehicle,5,Thursday,147,VEHICLE STRIKES ANOTHER VEH WHILE EMERGING FROM DRIVEWAY,2,778237,2,0,1,0,3,4,1,5,Not at intersection,2,60,Local Road
T20230015147,2023/6/29,19:35:00,1,Collision with vehicle,4,Thursday,130,REAR END(VEHICLES IN SAME LANE),3,776634,2,0,0,1,1,2,2,5,Not at intersection,3,70,Freeway
T20230015072,2023/6/29,6:13:00,4,Collision with a fixed object,4,Thursday,171,LEFT OFF CARRIAGEWAY INTO OBJECT/PARKED VEHICLE,3,783277,1,0,0,1,0,1,1,1,Cross intersection,3,80,Local Road
T20230015133,2023/6/29,21:10:00,4,Collision with a fixed object,5,Thursday,173,RIGHT OFF CARRIAGEWAY INTO OBJECT/PARKED VEHICLE,3,776627,1,0,1,0,0,1,1,6,Dead end,2,50,Local Road
T20230021181,2023/6/29,17:40:00,1,Collision with vehicle,4,Thursday,130,REAR END(VEHICLES IN SAME LANE),2,780584,2,0,0,1,1,2,2,5,Not at intersection,3,80,Arterial Other
T20230015166,2023/6/29,19:29:00,1,Collision with vehicle,5,Thursday,121,RIGHT THROUGH,5,45524,2,0,0,1,1,2,1,1,Cross intersection,3,60,Arterial Other
T20230015391,2023/6/29,19:08:00,1,Collision with vehicle,4,Thursday,121,RIGHT THROUGH,3,776660,3,0,0,1,3,4,1,2,T intersection,3,70,Arterial Other
T20230015066,2023/6/29,5:55:00,1,Collision with vehicle,4,Thursday,133,LANE SIDE SWIPE (VEHICLES IN PARALLEL LANES),2,797752,5,0,0,1,5,6,1,5,Not at intersection,3,80,Freeway
T20230015082,2023/6/29,11:45:00,1,Collision with vehicle,5,Thursday,142,LEAVING PARKING,1,776576,2,0,1,0,2,3,1,5,Not at intersection,2,50,Local Road
T20230015089,2023/6/29,9:20:00,1,Collision with vehicle,5,Thursday,120,HEAD ON (NOT OVERTAKING),1,47635,2,0,0,1,1,2,1,1,Cross intersection,3,60,Local Road
T20230015099,2023/6/29,14:32:00,2,Struck Pedestrian,5,Thursday,100,PED NEAR SIDE. PED HIT BY VEHICLE FROM THE RIGHT.,1,39404,1,0,1,0,1,2,1,2,T intersection,2,50,Arterial Other
T20230015943,2023/6/29,18:30:00,1,Collision with vehicle,5,Thursday,110,CROSS TRAFFIC(INTERSECTIONS ONLY),3,62819,2,0,0,1,1,2,2,1,Cross intersection,3,50,Local Road
T20230015080,2023/6/29,9:20:00,1,Collision with vehicle,4,Thursday,121,RIGHT THROUGH,1,41659,2,0,1,0,2,3,1,1,Cross intersection,2,60,Arterial Other
T20230015091,2023/6/29,6:48:00,1,Collision with vehicle,5,Thursday,148,VEHICLE OFF FOOTPATH STRIKES VEH ON CARRIAGEWAY,3,776631,2,0,1,0,2,3,1,5,Not at intersection,2,60,Arterial Other
T20230015106,2023/6/29,15:32:00,1,Collision with vehicle,4,Thursday,110,CROSS TRAFFIC(INTERSECTIONS ONLY),1,1254,2,0,0,3,1,4,1,1,Cross intersection,3,70,Arterial Highway
T20230015521,2023/6/29,18:00:00,1,Collision with vehicle,5,Thursday,130,REAR END(VEHICLES IN SAME LANE),2,322427,2,0,0,1,1,2,2,2,T intersection,3,60,Local Road
T20230015070,2023/6/29,8:07:00,1,Collision with vehicle,4,Thursday,110,CROSS TRAFFIC(INTERSECTIONS ONLY),1,19370,2,0,1,2,0,3,1,1,Cross intersection,2,100,Local Road
T20230015067,2023/6/29,6:47:00,1,Collision with vehicle,5,Thursday,120,HEAD ON (NOT OVERTAKING),5,776574,2,0,3,1,1,5,1,5,Not at intersection,2,60,Local Road
T20230015087,2023/6/29,10:04:00,1,Collision with vehicle,4,Thursday,130,REAR END(VEHICLES IN SAME LANE),1,776624,2,0,0,1,1,2,1,2,T intersection,3,70,Arterial Other
T20230015159,2023/6/29,16:50:00,1,Collision with vehicle,5,Thursday,120,HEAD ON (NOT OVERTAKING),2,778953,2,0,0,1,7,8,1,5,Not at intersection,3,80,Arterial Highway
T20230015068,2023/6/29,6:06:00,4,Collision with a fixed object,5,Thursday,175,OFF END OF ROAD/T-INTERSECTION.,5,63227,1,0,0,1,0,1,1,2,T intersection,3,888,Local Road
T20230015137,2023/6/29,6:15:00,1,Collision with vehicle,5,Thursday,130,REAR END(VEHICLES IN SAME LANE),2,626,2,0,0,1,1,2,1,1,Cross intersection,3,70,Arterial Highway
T20230015663,2023/6/29,12:30:00,1,Collision with vehicle,4,Thursday,130,REAR END(VEHICLES IN SAME LANE),1,282658,2,0,0,1,1,2,2,4,Multiple intersection,3,999,Freeway
T20230015599,2023/6/29,18:51:00,1,Collision with vehicle,5,Thursday,132,RIGHT REAR.,3,776917,2,0,0,1,1,2,1,5,Not at intersection,3,60,Arterial Other
T20230015110,2023/6/29,16:30:00,6,Vehicle overturned (no collision),4,Thursday,170,OFF CARRIAGEWAY TO LEFT,1,239799,2,0,0,1,1,2,2,4,Multiple intersection,3,40,Arterial Highway
T20230015111,2023/6/29,16:20:00,1,Collision with vehicle,4,Thursday,120,HEAD ON (NOT OVERTAKING),1,56602,2,0,0,1,1,2,2,2,T intersection,3,50,Arterial Other
T20230015116,2023/6/29,18:10:00,1,Collision with vehicle,5,Thursday,130,REAR END(VEHICLES IN SAME LANE),2,777787,2,0,0,3,2,5,1,5,Not at intersection,3,60,Arterial Other
T20230015117,2023/6/29,18:00:00,1,Collision with vehicle,5,Thursday,130,REAR END(VEHICLES IN SAME LANE),3,776635,3,0,1,0,3,4,1,5,Not at intersection,2,80,Arterial Other
T20230015085,2023/6/29,12:35:00,1,Collision with vehicle,5,Thursday,163,VEHICLE STRIKES DOOR OF PARKED/STATIONARY VEHICLE,1,776531,2,0,0,1,1,2,1,5,Not at intersection,3,40,Local Road
T20230015122,2023/6/29,18:30:00,1,Collision with vehicle,5,Thursday,130,REAR END(VEHICLES IN SAME LANE),2,778290,2,0,1,0,1,2,1,5,Not at intersection,2,80,Freeway
T20230015123,2023/6/29,17:22:00,8,No collision and no object struck,4,Thursday,184,OUT OF CONTROL ON CARRIAGEWAY (ON BEND),2,783284,1,0,0,1,0,1,1,5,Not at intersection,3,60,Local Road
T20230015125,2023/6/29,18:55:00,4,Collision with a fixed object,5,Thursday,171,LEFT OFF CARRIAGEWAY INTO OBJECT/PARKED VEHICLE,3,776630,1,0,1,0,0,1,1,5,Not at intersection,2,50,Local Road
T20230015128,2023/6/29,18:45:00,4,Collision with a fixed object,4,Thursday,173,RIGHT OFF CARRIAGEWAY INTO OBJECT/PARKED VEHICLE,3,48399,4,0,0,1,3,4,1,2,T intersection,3,60,Arterial Other
T20230015071,2023/6/29,6:40:00,2,Struck Pedestrian,5,Thursday,100,PED NEAR SIDE. PED HIT BY VEHICLE FROM THE RIGHT.,3,776516,1,1,0,0,1,2,1,5,Not at intersection,1,50,Local Road
T20230015129,2023/6/29,17:54:00,1,Collision with vehicle,5,Thursday,130,REAR END(VEHICLES IN SAME LANE),3,42994,3,0,0,3,1,4,1,2,T intersection,3,60,Local Road
T20230015177,2023/6/29,13:15:00,1,Collision with vehicle,5,Thursday,130,REAR END(VEHICLES IN SAME LANE),9,776753,3,0,0,1,2,3,2,5,Not at intersection,3,70,Arterial Highway
T20230015130,2023/6/29,17:15:00,2,Struck Pedestrian,4,Thursday,102,FAR SIDE. PED HIT BY VEHICLE FROM THE LEFT,3,777136,1,0,1,0,2,3,1,5,Not at intersection,2,50,Arterial Other
T20230016563,2023/6/29,7:10:00,1,Collision with vehicle,5,Thursday,113,RIGHT NEAR (INTERSECTIONS ONLY),1,44341,2,0,0,2,1,3,1,2,T intersection,3,60,Local Road
T20230015131,2023/6/29,20:09:00,1,Collision with vehicle,5,Thursday,120,HEAD ON (NOT OVERTAKING),3,778086,2,0,0,1,1,2,1,5,Not at intersection,3,60,Local Road
T20230015894,2023/6/29,16:10:00,1,Collision with vehicle,4,Thursday,110,CROSS TRAFFIC(INTERSECTIONS ONLY),1,235819,2,0,0,1,1,2,2,1,Cross intersection,3,50,Local Road
T20230015096,2023/6/29,13:14:00,1,Collision with vehicle,5,Thursday,134,LANE CHANGE RIGHT (NOT OVERTAKING),1,776947,2,0,1,0,1,2,1,5,Not at intersection,2,80,Arterial Other
T20230015601,2023/6/29,8:45:00,1,Collision with vehicle,4,Thursday,132,RIGHT REAR.,2,223100,2,0,0,1,4,5,1,1,Cross intersection,3,999,Local Road
T20230015101,2023/6/29,14:50:00,7,Fall from or in moving vehicle,4,Thursday,190,FELL IN/FROM VEHICLE,1,776598,1,0,0,1,0,1,1,5,Not at intersection,3,40,Local Road
T20230015103,2023/6/29,15:06:00,8,No collision and no object struck,4,Thursday,174,OUT OF CONTROL ON CARRIAGEWAY (ON STRAIGHT),1,783283,1,0,0,1,0,1,1,5,Not at intersection,3,60,Arterial Other
T20230015180,2023/6/30,16:30:00,1,Collision with vehicle,6,Friday,121,RIGHT THROUGH,1,48397,3,0,1,3,2,6,1,2,T intersection,2,60,Arterial Other
T20230015210,2023/6/30,5:00:00,1,Collision with vehicle,5,Friday,116,LEFT NEAR (INTERSECTIONS ONLY),3,796352,2,0,1,0,1,2,1,1,Cross intersection,2,60,Arterial Other
T20230015219,2023/6/30,12:09:00,1,Collision with vehicle,6,Friday,113,RIGHT NEAR (INTERSECTIONS ONLY),1,341432,2,0,1,0,1,2,1,2,T intersection,2,60,Arterial Other
T20230015220,2023/6/30,12:30:00,1,Collision with vehicle,5,Friday,121,RIGHT THROUGH,1,24034,2,0,0,1,2,3,1,1,Cross intersection,3,60,Arterial Highway
T20230016232,2023/6/30,18:40:00,1,Collision with vehicle,5,Friday,121,RIGHT THROUGH,3,359280,2,0,0,1,3,4,1,1,Cross intersection,3,60,Arterial Highway
T20230015150,2023/6/30,8:02:00,4,Collision with a fixed object,5,Friday,183,OFF LEFT BEND INTO OBJECT/PARKED VEHICLE,1,777141,1,0,0,1,0,1,1,5,Not at intersection,3,80,Local Road
T20230015931,2023/6/30,7:00:00,1,Collision with vehicle,6,Friday,130,REAR END(VEHICLES IN SAME LANE),2,777171,2,0,0,1,1,2,2,5,Not at intersection,3,80,Arterial Other
T20230015994,2023/6/30,20:20:00,1,Collision with vehicle,6,Friday,110,CROSS TRAFFIC(INTERSECTIONS ONLY),3,777064,2,0,1,0,1,2,2,1,Cross intersection,2,50,Arterial Other
T20230015151,2023/6/30,9:40:00,1,Collision with vehicle,5,Friday,130,REAR END(VEHICLES IN SAME LANE),1,348283,2,0,0,2,0,2,1,5,Not at intersection,3,100,Freeway
T20230015176,2023/6/30,13:28:00,1,Collision with vehicle,6,Friday,135,LANE CHANGE LEFT (NOT OVERTAKING),1,776607,2,0,0,1,1,2,2,5,Not at intersection,3,999,Arterial Other
T20230015716,2023/6/30,17:40:00,2,Struck Pedestrian,5,Friday,100,PED NEAR SIDE. PED HIT BY VEHICLE FROM THE RIGHT.,2,777972,1,0,0,1,1,2,2,5,Not at intersection,3,50,Local Road
T20230015173,2023/6/30,6:30:00,2,Struck Pedestrian,5,Friday,102,FAR SIDE. PED HIT BY VEHICLE FROM THE LEFT,3,852,1,0,0,1,1,2,1,2,T intersection,3,30,Arterial Other
T20230015171,2023/6/30,6:50:00,1,Collision with vehicle,6,Friday,120,HEAD ON (NOT OVERTAKING),2,794884,2,0,0,1,1,2,1,5,Not at intersection,3,60,Local Road
T20230015168,2023/6/30,10:07:00,1,Collision with vehicle,5,Friday,116,LEFT NEAR (INTERSECTIONS ONLY),1,659591,2,0,0,1,1,2,1,1,Cross intersection,3,80,Arterial Highway
T20230015406,2023/6/30,10:35:00,1,Collision with vehicle,6,Friday,130,REAR END(VEHICLES IN SAME LANE),9,42424,2,0,0,1,1,2,2,1,Cross intersection,3,999,Arterial Other
T20230015765,2023/6/30,11:15:00,1,Collision with vehicle,6,Friday,130,REAR END(VEHICLES IN SAME LANE),1,35970,2,0,1,0,1,2,2,1,Cross intersection,2,60,Local Road
T20230015206,2023/6/30,22:36:00,1,Collision with vehicle,5,Friday,160,VEHICLE COLLIDES WITH VEHICLE PARKED ON LEFT OF ROAD,3,795888,4,0,1,0,0,1,1,5,Not at intersection,2,60,Arterial Other
T20230029608,2023/6/30,15:15:00,1,Collision with vehicle,5,Friday,113,RIGHT NEAR (INTERSECTIONS ONLY),1,72036,2,0,1,0,1,2,1,1,Cross intersection,2,999,Local Road
T20230015636,2023/6/30,21:00:00,1,Collision with vehicle,5,Friday,147,VEHICLE STRIKES ANOTHER VEH WHILE EMERGING FROM DRIVEWAY,3,351649,2,0,0,1,2,3,9,5,Not at intersection,3,999,Local Road
T20230017664,2023/6/30,9:00:00,1,Collision with vehicle,6,Friday,130,REAR END(VEHICLES IN SAME LANE),9,912,2,0,0,1,2,3,2,1,Cross intersection,3,60,Arterial Other
T20230015541,2023/6/30,15:40:00,1,Collision with vehicle,5,Friday,130,REAR END(VEHICLES IN SAME LANE),1,794888,2,0,0,1,1,2,2,5,Not at intersection,3,60,Arterial Other
T20230016440,2023/6/30,8:30:00,1,Collision with vehicle,5,Friday,113,RIGHT NEAR (INTERSECTIONS ONLY),2,780436,2,0,0,1,1,2,2,2,T intersection,3,30,Arterial Other
T20230015163,2023/6/30,12:31:00,1,Collision with vehicle,6,Friday,111,RIGHT FAR (INTERSECTIONS ONLY),1,50761,2,0,1,0,1,2,1,1,Cross intersection,2,30,Local Road
T20230015140,2023/6/30,5:35:00,1,Collision with vehicle,6,Friday,110,CROSS TRAFFIC(INTERSECTIONS ONLY),3,776629,2,0,1,0,1,2,1,1,Cross intersection,2,80,Arterial Other
T20230016413,2023/6/30,7:30:00,1,Collision with vehicle,5,Friday,130,REAR END(VEHICLES IN SAME LANE),2,777223,4,0,0,2,3,5,2,5,Not at intersection,3,100,Freeway
T20230015142,2023/6/30,7:59:00,4,Collision with a fixed object,5,Friday,171,LEFT OFF CARRIAGEWAY INTO OBJECT/PARKED VEHICLE,1,783272,1,0,0,1,0,1,1,5,Not at intersection,3,80,Arterial Highway
T20230016384,2023/6/30,20:00:00,2,Struck Pedestrian,5,Friday,102,FAR SIDE. PED HIT BY VEHICLE FROM THE LEFT,9,794892,1,0,0,1,1,2,2,5,Not at intersection,3,777,Local Road
T20230015238,2023/6/30,17:45:00,4,Collision with a fixed object,5,Friday,183,OFF LEFT BEND INTO OBJECT/PARKED VEHICLE,5,783713,1,0,0,1,0,1,2,5,Not at intersection,3,100,Arterial Other
T20230015239,2023/6/30,12:00:00,2,Struck Pedestrian,6,Friday,100,PED NEAR SIDE. PED HIT BY VEHICLE FROM THE RIGHT.,1,41620,1,0,0,1,1,2,1,2,T intersection,3,50,Arterial Other
T20230029746,2023/6/30,11:45:00,1,Collision with vehicle,6,Friday,130,REAR END(VEHICLES IN SAME LANE),1,29904,2,0,0,1,1,2,2,5,Not at intersection,3,80,Freeway
T20230018124,2023/6/30,12:30:00,1,Collision with vehicle,6,Friday,149,OTHER MANOEUVRING NOT INCLUDED IN DCAs 140-148,1,778554,2,0,0,2,0,2,2,5,Not at intersection,3,80,Arterial Highway
T20230015202,2023/6/30,21:19:00,1,Collision with vehicle,5,Friday,121,RIGHT THROUGH,3,29592,2,0,0,1,2,3,1,1,Cross intersection,3,999,Arterial Highway
T20230015189,2023/6/30,19:25:00,1,Collision with vehicle,5,Friday,120,HEAD ON (NOT OVERTAKING),3,57858,2,0,0,1,3,4,1,3,Y intersection,3,80,Local Road
T20230015185,2023/6/30,14:23:00,1,Collision with vehicle,5,Friday,140,U TURN,1,776592,2,0,0,1,2,3,1,5,Not at intersection,3,999,Local Road
T20230017360,2023/6/30,9:00:00,1,Collision with vehicle,5,Friday,121,RIGHT THROUGH,1,47356,2,0,0,1,3,4,1,2,T intersection,3,60,Local Road
T20230015183,2023/6/30,17:42:00,4,Collision with a fixed object,5,Friday,181,OFF RIGHT BEND INTO OBJECT/PARKED VEHICLE,5,795030,1,0,0,1,0,1,1,5,Not at intersection,3,100,
T20230016350,2023/7/1,5:45:00,1,Collision with vehicle,7,Saturday,110,CROSS TRAFFIC(INTERSECTIONS ONLY),3,38709,2,0,1,0,1,2,1,1,Cross intersection,2,60,Arterial Other
T20230015269,2023/7/1,18:57:00,1,Collision with vehicle,6,Saturday,130,REAR END(VEHICLES IN SAME LANE),3,697220,3,0,0,1,5,6,1,5,Not at intersection,3,80,Freeway
T20230019826,2023/7/1,14:30:00,4,Collision with a fixed object,6,Saturday,179,OTHER ACCIDENTS-OFF STRAIGHT NOT INCLUDED IN DCAs 170-175,1,779582,1,0,0,1,0,1,2,5,Not at intersection,3,80,Local Road
T20230015272,2023/7/1,23:26:00,1,Collision with vehicle,6,Saturday,111,RIGHT FAR (INTERSECTIONS ONLY),3,794886,2,0,0,1,1,2,1,1,Cross intersection,3,60,Arterial Other
T20230016893,2023/7/1,19:32:00,1,Collision with vehicle,6,Saturday,163,VEHICLE STRIKES DOOR OF PARKED/STATIONARY VEHICLE,3,779424,2,0,0,1,1,2,2,5,Not at intersection,3,60,Arterial Other
T20230015234,2023/7/1,11:23:00,4,Collision with a fixed object,7,Saturday,171,LEFT OFF CARRIAGEWAY INTO OBJECT/PARKED VEHICLE,1,787085,1,0,0,2,0,2,1,5,Not at intersection,3,60,Arterial Other
T20230015236,2023/7/1,12:30:00,1,Collision with vehicle,6,Saturday,130,REAR END(VEHICLES IN SAME LANE),1,778896,2,0,0,2,2,4,1,5,Not at intersection,3,40,Arterial Highway
T20230015268,2023/7/1,20:13:00,2,Struck Pedestrian,7,Saturday,102,FAR SIDE. PED HIT BY VEHICLE FROM THE LEFT,3,776581,1,1,0,0,1,2,1,5,Not at intersection,1,60,Local Road
T20230015278,2023/7/1,23:30:00,4,Collision with a fixed object,6,Saturday,181,OFF RIGHT BEND INTO OBJECT/PARKED VEHICLE,3,787359,1,0,1,0,0,1,1,5,Not at intersection,2,60,Arterial Highway
T20230015321,2023/7/1,17:20:00,1,Collision with vehicle,7,Saturday,130,REAR END(VEHICLES IN SAME LANE),2,780825,2,0,0,1,1,2,2,5,Not at intersection,3,999,Arterial Other
T20230016005,2023/7/1,13:05:00,1,Collision with vehicle,6,Saturday,131,LEFT REAR,1,794890,2,0,0,1,1,2,2,1,Cross intersection,3,60,Local Road
T20230015328,2023/7/1,19:30:00,2,Struck Pedestrian,7,Saturday,102,FAR SIDE. PED HIT BY VEHICLE FROM THE LEFT,3,777018,1,0,1,0,1,2,1,5,Not at intersection,2,60,Local Road
T20230015987,2023/7/1,11:40:00,1,Collision with vehicle,6,Saturday,121,RIGHT THROUGH,1,63803,2,0,0,1,1,2,2,2,T intersection,3,999,Local Road
T20230015267,2023/7/1,19:15:00,4,Collision with a fixed object,6,Saturday,173,RIGHT OFF CARRIAGEWAY INTO OBJECT/PARKED VEHICLE,3,778238,1,0,0,2,0,2,1,5,Not at intersection,3,60,Arterial Other
T20230015242,2023/7/1,6:10:00,3,Struck animal,7,Saturday,167,STRUCK ANIMAL,5,776580,1,1,0,0,0,1,1,5,Not at intersection,1,100,Arterial Other
T20230016303,2023/7/1,23:20:00,1,Collision with vehicle,7,Saturday,121,RIGHT THROUGH,3,779227,2,0,2,0,1,3,1,2,T intersection,2,70,Arterial Other
T20230015265,2023/7/1,17:55:00,2,Struck Pedestrian,6,Saturday,103,PED PLAYING/LYING/WORKING/STANDING ON CARRIAGEWAY.,3,788502,1,0,0,1,1,2,1,5,Not at intersection,3,40,Local Road
T20230015376,2023/7/1,16:00:00,2,Struck Pedestrian,6,Saturday,108,PED STRUCK WALKING TO/FROM OR BOARDING/ALIGHTING VEHICLE.,2,777242,1,0,0,1,1,2,2,5,Not at intersection,3,40,Local Road
T20230015382,2023/7/1,18:30:00,1,Collision with vehicle,6,Saturday,121,RIGHT THROUGH,2,35468,2,0,0,1,1,2,1,2,T intersection,3,60,Arterial Other
T20230015482,2023/7/1,10:30:00,7,Fall from or in moving vehicle,7,Saturday,190,FELL IN/FROM VEHICLE,1,778282,1,0,1,0,0,1,2,5,Not at intersection,2,100,Local Road
T20230015440,2023/7/1,17:08:00,1,Collision with vehicle,6,Saturday,119,OTHER ADJACENT (INTERSECTIONS ONLY),2,50530,2,0,0,1,5,6,1,1,Cross intersection,3,50,Arterial Highway
T20230015275,2023/7/1,20:53:00,4,Collision with a fixed object,7,Saturday,171,LEFT OFF CARRIAGEWAY INTO OBJECT/PARKED VEHICLE,3,778089,1,0,0,1,1,2,1,5,Not at intersection,3,60,Arterial Other
T20230017557,2023/7/1,11:35:00,1,Collision with vehicle,7,Saturday,130,REAR END(VEHICLES IN SAME LANE),1,350211,3,0,0,2,3,5,1,1,Cross intersection,3,80,Arterial Highway
T20230015274,2023/7/1,21:04:00,1,Collision with vehicle,7,Saturday,130,REAR END(VEHICLES IN SAME LANE),3,777101,2,0,0,2,1,3,1,5,Not at intersection,3,80,Arterial Other
T20230015264,2023/7/1,18:51:00,2,Struck Pedestrian,7,Saturday,100,PED NEAR SIDE. PED HIT BY VEHICLE FROM THE RIGHT.,3,799005,1,0,1,0,1,2,1,5,Not at intersection,2,777,Local Road
T20230017732,2023/7/1,18:35:00,1,Collision with vehicle,7,Saturday,130,REAR END(VEHICLES IN SAME LANE),3,128784,3,0,0,1,2,3,1,5,Not at intersection,3,60,Arterial Other
T20230015231,2023/7/1,12:37:00,1,Collision with vehicle,6,Saturday,130,REAR END(VEHICLES IN SAME LANE),1,41201,2,0,1,0,1,2,1,1,Cross intersection,2,50,Arterial Other
T20230015244,2023/7/1,14:09:00,1,Collision with vehicle,6,Saturday,110,CROSS TRAFFIC(INTERSECTIONS ONLY),1,48598,2,0,0,1,1,2,1,1,Cross intersection,3,60,Arterial Other
T20230015245,2023/7/1,14:35:00,1,Collision with vehicle,7,Saturday,121,RIGHT THROUGH,1,39287,2,0,0,1,1,2,1,2,T intersection,3,60,Arterial Other
T20230015248,2023/7/1,23:15:00,4,Collision with a fixed object,6,Saturday,181,OFF RIGHT BEND INTO OBJECT/PARKED VEHICLE,5,787388,1,0,1,0,0,1,1,5,Not at intersection,2,80,
T20230015255,2023/7/1,18:10:00,1,Collision with vehicle,6,Saturday,135,LANE CHANGE LEFT (NOT OVERTAKING),2,777588,2,0,0,1,1,2,1,5,Not at intersection,3,100,Freeway
T20230015232,2023/7/1,11:55:00,1,Collision with vehicle,7,Saturday,120,HEAD ON (NOT OVERTAKING),1,776820,3,0,0,1,2,3,1,5,Not at intersection,3,60,Arterial Other
T20230015224,2023/7/1,6:05:00,4,Collision with a fixed object,6,Saturday,171,LEFT OFF CARRIAGEWAY INTO OBJECT/PARKED VEHICLE,5,777140,1,0,0,1,0,1,1,5,Not at intersection,3,100,Arterial Highway