ACCIDENT_NO,ACCIDENT_DATE,ACCIDENT_TIME,ACCIDENT_TYPE,ACCIDENT_TYPE_DESC,DAY_OF_WEEK,DAY_WEEK_DESC,DCA_CODE,DCA_DESC,LIGHT_CONDITION,NODE_ID,NO_OF_VEHICLES,NO_PERSONS_KILLED,NO_PERSONS_INJ_2,NO_PERSONS_INJ_3,NO_PERSONS_NOT_INJ,NO_PERSONS,POLICE_ATTEND,ROAD_GEOMETRY,ROAD_GEOMETRY_DESC,SEVERITY,SPEED_ZONE,RMA
T20230015273,2023/7/1,20:15:00,2,Struck Pedestrian,6,Saturday,100,PED NEAR SIDE. PED HIT BY VEHICLE FROM THE RIGHT.,3,776609,1,0,0,1,1,2,1,5,Not at intersection,3,50,Local Road
T20230029465,2023/7/1,11:00:00,1,Collision with vehicle,6,Saturday,130,REAR END(VEHICLES IN SAME LANE),1,118546,3,0,0,1,2,3,2,1,Cross intersection,3,60,Arterial Other
T20230015237,2023/7/1,13:57:00,1,Collision with vehicle,7,Saturday,111,RIGHT FAR (INTERSECTIONS ONLY),1,255810,2,0,0,3,1,4,1,1,Cross intersection,3,60,Arterial Other
T20230015326,2023/7/2,17:53:00,1,Collision with vehicle,1,Sunday,163,VEHICLE STRIKES DOOR OF PARKED/STATIONARY VEHICLE,3,776610,2,0,1,0,1,2,1,2,T intersection,2,40,Local Road
T20230015320,2023/7/2,13:45:00,1,Collision with vehicle,0,Sunday,121,RIGHT THROUGH,1,39718,2,0,0,1,1,2,1,2,T intersection,3,70,Arterial Other
T20230015309,2023/7/2,11:15:00,6,Vehicle overturned (no collision),0,Sunday,170,OFF CARRIAGEWAY TO LEFT,1,778090,1,0,1,0,0,1,1,5,Not at intersection,2,100,Arterial Other
T20230015308,2023/7/2,10:30:00,1,Collision with vehicle,1,Sunday,110,CROSS TRAFFIC(INTERSECTIONS ONLY),1,35942,2,0,1,0,1,2,1,1,Cross intersection,2,60,Arterial Other
T20230015307,2023/7/2,7:30:00,4,Collision with a fixed object,0,Sunday,171,LEFT OFF CARRIAGEWAY INTO OBJECT/PARKED VEHICLE,1,786419,1,0,0,1,0,1,1,5,Not at intersection,3,999,Local Road
T20230015306,2023/7/2,11:35:00,1,Collision with vehicle,1,Sunday,130,REAR END(VEHICLES IN SAME LANE),1,777056,5,0,0,2,5,7,1,5,Not at intersection,3,80,Freeway
T20230015305,2023/7/2,10:09:00,1,Collision with vehicle,1,Sunday,113,RIGHT NEAR (INTERSECTIONS ONLY),1,776694,3,0,1,0,3,4,1,2,T intersection,2,70,Arterial Other
T20230015302,2023/7/2,10:50:00,1,Collision with vehicle,0,Sunday,130,REAR END(VEHICLES IN SAME LANE),1,794887,2,0,0,1,2,3,1,5,Not at intersection,3,80,Local Road
T20230014948,2023/7/2,18:00:00,1,Collision with vehicle,0,Sunday,134,LANE CHANGE RIGHT (NOT OVERTAKING),2,777110,2,0,0,2,1,3,2,5,Not at intersection,3,999,Local Road
T20230015467,2023/7/2,12:00:00,3,Struck animal,1,Sunday,167,STRUCK ANIMAL,1,777243,1,0,0,1,0,1,2,5,Not at intersection,3,100,Local Road
T20230017056,2023/7/2,0:30:00,1,Collision with vehicle,0,Sunday,133,LANE SIDE SWIPE (VEHICLES IN PARALLEL LANES),3,777808,2,0,0,1,0,1,2,5,Not at intersection,3,60,Arterial Other
T20230016643,2023/7/2,18:15:00,1,Collision with vehicle,0,Sunday,130,REAR END(VEHICLES IN SAME LANE),2,234963,2,0,0,2,1,3,2,1,Cross intersection,3,80,Arterial Other
T20230016967,2023/7/2,0:31:00,1,Collision with vehicle,1,Sunday,130,REAR END(VEHICLES IN SAME LANE),3,91659,2,0,0,1,1,2,2,2,T intersection,3,80,Freeway
T20230017003,2023/7/2,12:45:00,6,Vehicle overturned (no collision),0,Sunday,174,OUT OF CONTROL ON CARRIAGEWAY (ON STRAIGHT),1,794895,1,0,0,1,0,1,2,1,Cross intersection,3,40,Arterial Other
T20230015347,2023/7/2,23:00:00,1,Collision with vehicle,1,Sunday,111,RIGHT FAR (INTERSECTIONS ONLY),3,29784,2,0,2,1,0,3,1,1,Cross intersection,2,80,Arterial Other
T20230015346,2023/7/2,22:30:00,1,Collision with vehicle,1,Sunday,120,HEAD ON (NOT OVERTAKING),3,779572,2,0,1,0,1,2,1,5,Not at intersection,2,60,Arterial Other
T20230015344,2023/7/2,23:09:00,4,Collision with a fixed object,1,Sunday,171,LEFT OFF CARRIAGEWAY INTO OBJECT/PARKED VEHICLE,5,776770,1,0,2,0,0,2,1,5,Not at intersection,2,80,Local Road
T20230015343,2023/7/2,18:10:00,4,Collision with a fixed object,0,Sunday,181,OFF RIGHT BEND INTO OBJECT/PARKED VEHICLE,2,787389,1,0,1,4,0,5,1,5,Not at intersection,2,100,Arterial Highway
T20230016787,2023/7/2,14:00:00,1,Collision with vehicle,0,Sunday,160,VEHICLE COLLIDES WITH VEHICLE PARKED ON LEFT OF ROAD,1,795974,2,0,1,0,1,2,1,5,Not at intersection,2,50,Local Road
T20230015340,2023/7/2,20:00:00,4,Collision with a fixed object,0,Sunday,175,OFF END OF ROAD/T-INTERSECTION.,3,751157,1,0,0,1,0,1,1,2,T intersection,3,50,Arterial Highway
T20230015339,2023/7/2,22:40:00,2,Struck Pedestrian,0,Sunday,102,FAR SIDE. PED HIT BY VEHICLE FROM THE LEFT,3,776754,1,0,0,1,1,2,1,5,Not at intersection,3,50,Local Road
T20230015338,2023/7/2,17:59:00,1,Collision with vehicle,1,Sunday,169,OTHER ON PATH,3,779225,3,0,0,1,0,1,1,5,Not at intersection,3,50,Local Road
T20230015337,2023/7/2,21:00:00,4,Collision with a fixed object,1,Sunday,171,LEFT OFF CARRIAGEWAY INTO OBJECT/PARKED VEHICLE,5,795439,1,0,0,2,0,2,1,5,Not at intersection,3,100,Arterial Highway
T20230015336,2023/7/2,16:55:00,1,Collision with vehicle,1,Sunday,115,RIGHT/LEFT FAR (INTERSECTIONS ONLY),1,795443,2,0,0,1,1,2,1,2,T intersection,3,60,
T20230015334,2023/7/2,18:41:00,2,Struck Pedestrian,1,Sunday,105,PED WALKING AGAINST TRAFFIC.,2,787122,2,0,1,0,1,2,1,5,Not at intersection,2,60,Arterial Highway
T20230015289,2023/7/2,3:50:00,1,Collision with vehicle,1,Sunday,133,LANE SIDE SWIPE (VEHICLES IN PARALLEL LANES),5,788188,2,0,0,1,1,2,1,5,Not at intersection,3,50,Local Road
T20230015288,2023/7/2,3:40:00,1,Collision with vehicle,1,Sunday,120,HEAD ON (NOT OVERTAKING),5,791003,2,0,0,1,1,2,1,5,Not at intersection,3,50,Local Road
T20230015286,2023/7/2,2:55:00,4,Collision with a fixed object,1,Sunday,175,OFF END OF ROAD/T-INTERSECTION.,3,71373,1,0,2,0,0,2,1,2,T intersection,2,80,Arterial Other
T20230015283,2023/7/2,0:02:00,8,No collision and no object struck,1,Sunday,174,OUT OF CONTROL ON CARRIAGEWAY (ON STRAIGHT),3,779514,1,0,1,0,0,1,1,5,Not at intersection,2,999,Local Road
T20230015282,2023/7/2,0:30:00,1,Collision with vehicle,1,Sunday,130,REAR END(VEHICLES IN SAME LANE),3,49240,2,0,4,1,0,5,1,1,Cross intersection,2,60,Arterial Other
T20230016502,2023/7/2,12:00:00,5,collision with some other object,0,Sunday,179,OTHER ACCIDENTS-OFF STRAIGHT NOT INCLUDED IN DCAs 170-175,1,777331,1,0,0,1,0,1,2,5,Not at intersection,3,888,Local Road
T20230015726,2023/7/2,13:55:00,1,Collision with vehicle,0,Sunday,116,LEFT NEAR (INTERSECTIONS ONLY),1,782608,2,0,0,1,1,2,2,2,T intersection,3,60,Arterial Highway
T20230015803,2023/7/2,2:48:00,1,Collision with vehicle,0,Sunday,110,CROSS TRAFFIC(INTERSECTIONS ONLY),3,29380,2,0,0,1,2,3,1,1,Cross intersection,3,40,Local Road
T20230015840,2023/7/2,17:20:00,1,Collision with vehicle,1,Sunday,119,OTHER ADJACENT (INTERSECTIONS ONLY),2,787138,2,0,1,0,1,2,2,1,Cross intersection,2,999,Local Road
T20230015327,2023/7/2,18:15:00,1,Collision with vehicle,1,Sunday,110,CROSS TRAFFIC(INTERSECTIONS ONLY),3,55175,2,0,0,1,2,3,1,1,Cross intersection,3,60,Arterial Other
T20230015614,2023/7/2,18:40:00,1,Collision with vehicle,0,Sunday,130,REAR END(VEHICLES IN SAME LANE),2,54497,2,0,0,1,1,2,2,2,T intersection,3,60,Arterial Highway
T20230015566,2023/7/2,18:00:00,2,Struck Pedestrian,1,Sunday,106,VEH STRIKES PED ON FOOTPATH/MEDIAN/TRAFFIC ISLAND.,2,795440,2,0,0,1,1,2,1,5,Not at intersection,3,999,Local Road
T20230016362,2023/7/3,16:00:00,1,Collision with vehicle,1,Monday,116,LEFT NEAR (INTERSECTIONS ONLY),2,247346,2,0,0,1,1,2,1,2,T intersection,3,60,Local Road
T20230015592,2023/7/3,17:50:00,1,Collision with vehicle,1,Monday,130,REAR END(VEHICLES IN SAME LANE),2,776806,2,0,0,1,1,2,2,5,Not at intersection,3,40,Local Road
T20230017217,2023/7/3,2:56:00,2,Struck Pedestrian,2,Monday,108,PED STRUCK WALKING TO/FROM OR BOARDING/ALIGHTING VEHICLE.,3,798534,1,0,1,0,1,2,2,5,Not at intersection,2,40,Local Road
T20230015483,2023/7/3,13:50:00,1,Collision with vehicle,1,Monday,121,RIGHT THROUGH,1,36249,2,0,2,0,1,3,1,2,T intersection,2,80,Arterial Other
T20230015478,2023/7/3,20:40:00,1,Collision with vehicle,2,Monday,121,RIGHT THROUGH,5,776686,2,1,2,0,0,3,1,5,Not at intersection,1,100,Arterial Other
T20230015426,2023/7/3,0:30:00,4,Collision with a fixed object,2,Monday,173,RIGHT OFF CARRIAGEWAY INTO OBJECT/PARKED VEHICLE,5,776675,1,0,2,0,0,2,1,5,Not at intersection,2,100,Arterial Other
T20230015459,2023/7/3,16:17:00,1,Collision with vehicle,2,Monday,113,RIGHT NEAR (INTERSECTIONS ONLY),1,141759,2,0,0,1,1,2,1,2,T intersection,3,80,Arterial Other
T20230015421,2023/7/3,20:35:00,7,Fall from or in moving vehicle,2,Monday,190,FELL IN/FROM VEHICLE,3,776755,2,0,0,1,3,4,1,5,Not at intersection,3,60,Local Road
T20230016083,2023/7/3,11:00:00,8,No collision and no object struck,1,Monday,170,OFF CARRIAGEWAY TO LEFT,1,787082,1,0,0,1,0,1,2,5,Not at intersection,3,100,
T20230015398,2023/7/3,17:19:00,1,Collision with vehicle,2,Monday,130,REAR END(VEHICLES IN SAME LANE),2,54737,2,0,0,1,1,2,1,2,T intersection,3,60,Arterial Other
T20230015392,2023/7/3,17:00:00,2,Struck Pedestrian,2,Monday,102,FAR SIDE. PED HIT BY VEHICLE FROM THE LEFT,1,43719,1,0,1,0,1,2,1,2,T intersection,2,60,Local Road
T20230015725,2023/7/3,16:50:00,1,Collision with vehicle,2,Monday,130,REAR END(VEHICLES IN SAME LANE),2,776925,2,0,0,1,2,3,2,2,T intersection,3,50,Local Road
T20230017675,2023/7/3,3:00:00,1,Collision with vehicle,2,Monday,134,LANE CHANGE RIGHT (NOT OVERTAKING),3,787144,2,0,0,1,1,2,2,5,Not at intersection,3,60,Local Road
T20230015407,2023/7/3,18:00:00,1,Collision with vehicle,1,Monday,137,LEFT TURN SIDESWIPE,2,47091,2,0,0,1,1,2,1,2,T intersection,3,60,Arterial Other
T20230015477,2023/7/3,12:10:00,1,Collision with vehicle,2,Monday,121,RIGHT THROUGH,1,29949,2,0,0,1,1,2,2,1,Cross intersection,3,60,Arterial Other
T20230015423,2023/7/3,21:07:00,4,Collision with a fixed object,2,Monday,171,LEFT OFF CARRIAGEWAY INTO OBJECT/PARKED VEHICLE,3,794812,1,0,1,0,0,1,1,5,Not at intersection,2,50,Arterial Other
T20230016141,2023/7/3,7:10:00,3,Struck animal,1,Monday,167,STRUCK ANIMAL,1,777137,1,0,0,1,0,1,9,5,Not at intersection,3,60,Arterial Other
T20230015532,2023/7/3,16:30:00,1,Collision with vehicle,1,Monday,130,REAR END(VEHICLES IN SAME LANE),2,776761,2,0,0,1,1,2,2,5,Not at intersection,3,60,Local Road
T20230015509,2023/7/3,0:18:00,3,Struck animal,2,Monday,167,STRUCK ANIMAL,5,776759,1,0,0,1,0,1,1,5,Not at intersection,3,110,Freeway
T20230015430,2023/7/3,8:30:00,1,Collision with vehicle,1,Monday,130,REAR END(VEHICLES IN SAME LANE),2,783091,2,0,0,1,1,2,1,5,Not at intersection,3,60,Arterial Other
T20230015560,2023/7/3,10:30:00,8,No collision and no object struck,2,Monday,170,OFF CARRIAGEWAY TO LEFT,1,777079,1,0,1,0,0,1,2,5,Not at intersection,2,100,Arterial Highway
T20230016878,2023/7/3,7:20:00,1,Collision with vehicle,1,Monday,130,REAR END(VEHICLES IN SAME LANE),2,777564,2,0,0,1,1,2,2,2,T intersection,3,60,Arterial Other
T20230015444,2023/7/3,10:00:00,1,Collision with vehicle,2,Monday,132,RIGHT REAR.,1,41865,2,0,0,1,1,2,2,2,T intersection,3,80,Arterial Other
T20230015390,2023/7/3,10:39:00,1,Collision with vehicle,2,Monday,110,CROSS TRAFFIC(INTERSECTIONS ONLY),1,795467,2,1,0,1,0,2,1,1,Cross intersection,1,100,
T20230015420,2023/7/3,4:10:00,1,Collision with vehicle,2,Monday,121,RIGHT THROUGH,3,776719,2,0,1,1,1,3,1,1,Cross intersection,2,60,Local Road
T20230015418,2023/7/3,17:30:00,1,Collision with vehicle,2,Monday,120,HEAD ON (NOT OVERTAKING),2,778539,2,0,2,0,0,2,1,5,Not at intersection,2,100,Arterial Other
T20230015415,2023/7/3,21:08:00,2,Struck Pedestrian,2,Monday,100,PED NEAR SIDE. PED HIT BY VEHICLE FROM THE RIGHT.,3,37405,1,0,1,0,1,2,1,1,Cross intersection,2,50,Local Road
T20230015414,2023/7/3,20:15:00,4,Collision with a fixed object,2,Monday,141,U TURN INTO FIXED OBJECT/PARKED VEHICLE,3,788234,2,0,0,2,3,5,1,5,Not at intersection,3,60,
T20230015413,2023/7/3,17:34:00,1,Collision with vehicle,2,Monday,139,OTHER SAME DIRECTION-MANOUEVRES NOT INCLUDED IN DCAs 130-137,3,776644,2,1,0,0,1,2,1,2,T intersection,1,60,Local Road
T20230015412,2023/7/3,19:33:00,1,Collision with vehicle,2,Monday,110,CROSS TRAFFIC(INTERSECTIONS ONLY),5,690196,2,0,1,1,0,2,1,1,Cross intersection,2,100,Arterial Highway
T20230015411,2023/7/3,15:30:00,4,Collision with a fixed object,2,Monday,181,OFF RIGHT BEND INTO OBJECT/PARKED VEHICLE,1,786017,1,0,0,1,0,1,1,5,Not at intersection,3,80,Arterial Other
T20230017021,2023/7/3,15:35:00,1,Collision with vehicle,1,Monday,121,RIGHT THROUGH,1,995,2,0,0,1,1,2,2,1,Cross intersection,3,50,Local Road
T20230015408,2023/7/3,17:45:00,1,Collision with vehicle,2,Monday,120,HEAD ON (NOT OVERTAKING),2,777557,2,0,1,1,0,2,1,5,Not at intersection,2,60,Arterial Other
T20230015404,2023/7/3,17:36:00,1,Collision with vehicle,2,Monday,130,REAR END(VEHICLES IN SAME LANE),3,580288,2,0,0,4,0,4,1,2,T intersection,3,60,Arterial Other
T20230015402,2023/7/3,18:26:00,1,Collision with vehicle,1,Monday,130,REAR END(VEHICLES IN SAME LANE),3,795055,3,0,1,2,2,5,1,5,Not at intersection,2,60,Local Road
T20230015400,2023/7/3,18:20:00,1,Collision with vehicle,1,Monday,130,REAR END(VEHICLES IN SAME LANE),2,777069,2,0,0,1,2,3,1,5,Not at intersection,3,80,Arterial Highway
T20230015389,2023/7/3,15:20:00,1,Collision with vehicle,2,Monday,133,LANE SIDE SWIPE (VEHICLES IN PARALLEL LANES),1,778091,2,0,1,1,0,2,1,5,Not at intersection,2,50,Local Road
T20230015388,2023/7/3,1:00:00,3,Struck animal,1,Monday,167,STRUCK ANIMAL,6,776717,1,0,0,1,0,1,2,5,Not at intersection,3,60,Arterial Highway
T20230015379,2023/7/3,12:18:00,1,Collision with vehicle,1,Monday,130,REAR END(VEHICLES IN SAME LANE),1,776716,3,0,0,1,1,2,1,5,Not at intersection,3,100,Freeway
T20230015374,2023/7/3,13:37:00,1,Collision with vehicle,2,Monday,140,U TURN,1,795975,2,0,1,0,1,2,1,2,T intersection,2,60,Arterial Other
T20230015365,2023/7/3,11:50:00,1,Collision with vehicle,1,Monday,140,U TURN,1,776658,2,0,0,1,1,2,1,5,Not at intersection,3,60,Arterial Other
T20230015354,2023/7/3,8:45:00,1,Collision with vehicle,2,Monday,140,U TURN,2,776657,2,0,0,1,1,2,1,5,Not at intersection,3,40,Local Road
T20230015351,2023/7/3,7:17:00,1,Collision with vehicle,2,Monday,130,REAR END(VEHICLES IN SAME LANE),1,67668,2,0,0,1,1,2,1,2,T intersection,3,60,Arterial Other
T20230015349,2023/7/3,6:40:00,4,Collision with a fixed object,2,Monday,175,OFF END OF ROAD/T-INTERSECTION.,5,777017,1,0,1,0,0,1,1,2,T intersection,2,999,Local Road
T20230015460,2023/7/4,8:55:00,8,No collision and no object struck,2,Tuesday,174,OUT OF CONTROL ON CARRIAGEWAY (ON STRAIGHT),9,62793,1,0,0,1,0,1,2,2,T intersection,3,60,Arterial Other
T20230015499,2023/7/4,14:53:00,4,Collision with a fixed object,3,Tuesday,194,PARKED CAR RUN AWAY,1,776774,1,0,1,0,0,1,1,5,Not at intersection,2,50,Arterial Other
T20230015458,2023/7/4,12:30:00,1,Collision with vehicle,3,Tuesday,160,VEHICLE COLLIDES WITH VEHICLE PARKED ON LEFT OF ROAD,1,777013,2,0,0,1,1,2,1,5,Not at intersection,3,50,Local Road
T20230015484,2023/7/4,17:45:00,1,Collision with vehicle,2,Tuesday,121,RIGHT THROUGH,3,358794,4,0,0,1,3,4,1,2,T intersection,3,80,Arterial Highway
T20230015451,2023/7/4,8:15:00,1,Collision with vehicle,3,Tuesday,163,VEHICLE STRIKES DOOR OF PARKED/STATIONARY VEHICLE,2,780136,2,0,1,0,2,3,1,5,Not at intersection,2,40,Local Road
T20230015494,2023/7/4,18:30:00,1,Collision with vehicle,3,Tuesday,130,REAR END(VEHICLES IN SAME LANE),3,44300,4,0,2,1,2,5,1,1,Cross intersection,2,60,Local Road
T20230015989,2023/7/4,18:00:00,1,Collision with vehicle,2,Tuesday,131,LEFT REAR,2,29726,2,0,0,2,1,3,2,1,Cross intersection,3,80,Arterial Highway
T20230016562,2023/7/4,18:00:00,1,Collision with vehicle,2,Tuesday,121,RIGHT THROUGH,3,36085,2,0,0,2,0,2,1,1,Cross intersection,3,60,Arterial Other
T20230015472,2023/7/4,10:50:00,1,Collision with vehicle,2,Tuesday,130,REAR END(VEHICLES IN SAME LANE),1,777211,2,0,0,1,2,3,2,2,T intersection,3,80,Local Road
T20230015466,2023/7/4,13:37:00,1,Collision with vehicle,3,Tuesday,110,CROSS TRAFFIC(INTERSECTIONS ONLY),1,795245,2,0,0,1,2,3,1,1,Cross intersection,3,50,Local Road
T20230015441,2023/7/4,8:25:00,1,Collision with vehicle,3,Tuesday,121,RIGHT THROUGH,1,55677,2,0,1,0,1,2,1,2,T intersection,2,60,Arterial Other
T20230015465,2023/7/4,13:56:00,4,Collision with a fixed object,2,Tuesday,173,RIGHT OFF CARRIAGEWAY INTO OBJECT/PARKED VEHICLE,1,777657,2,0,0,1,1,2,1,1,Cross intersection,3,50,Local Road
T20230015425,2023/7/4,0:12:00,1,Collision with vehicle,2,Tuesday,169,OTHER ON PATH,5,780027,3,0,0,1,0,1,1,5,Not at intersection,3,999,Local Road
T20230015981,2023/7/4,14:40:00,1,Collision with vehicle,2,Tuesday,116,LEFT NEAR (INTERSECTIONS ONLY),1,277270,2,0,0,1,1,2,2,4,Multiple intersection,3,60,Freeway
T20230015638,2023/7/4,17:10:00,1,Collision with vehicle,3,Tuesday,130,REAR END(VEHICLES IN SAME LANE),2,777434,2,0,0,1,1,2,2,5,Not at intersection,3,60,Arterial Other
T20230015476,2023/7/4,16:05:00,1,Collision with vehicle,3,Tuesday,194,PARKED CAR RUN AWAY,1,777000,2,0,0,1,1,2,1,5,Not at intersection,3,50,Arterial Highway
T20230015503,2023/7/4,16:45:00,5,collision with some other object,2,Tuesday,166,STRUCK OBJECT ON CARRIAGEWAY,1,795437,3,0,0,1,2,3,1,5,Not at intersection,3,80,
T20230017146,2023/7/4,22:45:00,1,Collision with vehicle,3,Tuesday,121,RIGHT THROUGH,3,38322,3,0,0,1,2,3,1,3,Y intersection,3,60,Arterial Other
T20230015495,2023/7/4,19:17:00,1,Collision with vehicle,2,Tuesday,121,RIGHT THROUGH,3,795976,2,0,2,0,1,3,1,2,T intersection,2,70,Freeway
T20230017047,2023/7/4,12:00:00,6,Vehicle overturned (no collision),2,Tuesday,179,OTHER ACCIDENTS-OFF STRAIGHT NOT INCLUDED IN DCAs 170-175,1,777593,1,0,0,1,0,1,2,5,Not at intersection,3,60,Arterial Other
T20230015433,2023/7/4,7:20:00,1,Collision with vehicle,3,Tuesday,113,RIGHT NEAR (INTERSECTIONS ONLY),2,779857,2,0,1,2,1,4,1,1,Cross intersection,2,80,Local Road
T20230015948,2023/7/4,17:40:00,1,Collision with vehicle,2,Tuesday,130,REAR END(VEHICLES IN SAME LANE),2,777617,2,0,1,0,1,2,2,5,Not at intersection,2,80,Arterial Other
T20230015480,2023/7/4,17:15:00,1,Collision with vehicle,3,Tuesday,137,LEFT TURN SIDESWIPE,2,776769,2,0,1,0,2,3,1,5,Not at intersection,2,70,Arterial Highway
T20230015481,2023/7/4,17:22:00,1,Collision with vehicle,2,Tuesday,121,RIGHT THROUGH,2,780865,2,0,1,1,0,2,1,2,T intersection,2,60,Arterial Other
T20230015854,2023/7/4,7:30:00,1,Collision with vehicle,2,Tuesday,130,REAR END(VEHICLES IN SAME LANE),2,233612,3,0,0,2,1,3,1,5,Not at intersection,3,80,Freeway
T20230015510,2023/7/4,17:58:00,1,Collision with vehicle,2,Tuesday,160,VEHICLE COLLIDES WITH VEHICLE PARKED ON LEFT OF ROAD,2,777791,2,0,0,1,0,1,1,5,Not at intersection,3,50,Local Road
T20230015496,2023/7/4,18:47:00,1,Collision with vehicle,3,Tuesday,116,LEFT NEAR (INTERSECTIONS ONLY),3,776758,2,0,0,1,3,4,1,2,T intersection,3,80,Arterial Other
T20230015515,2023/7/4,21:33:00,1,Collision with vehicle,3,Tuesday,133,LANE SIDE SWIPE (VEHICLES IN PARALLEL LANES),6,777134,2,0,1,1,3,5,1,5,Not at intersection,2,70,Arterial Highway
T20230015511,2023/7/4,15:05:00,2,Struck Pedestrian,3,Tuesday,100,PED NEAR SIDE. PED HIT BY VEHICLE FROM THE RIGHT.,1,119022,1,0,1,0,1,2,1,5,Not at intersection,2,60,Arterial Other
T20230015573,2023/7/4,7:30:00,8,No collision and no object struck,2,Tuesday,174,OUT OF CONTROL ON CARRIAGEWAY (ON STRAIGHT),9,776805,1,0,0,1,0,1,2,5,Not at intersection,3,50,Local Road
T20230015463,2023/7/4,10:20:00,4,Collision with a fixed object,3,Tuesday,173,RIGHT OFF CARRIAGEWAY INTO OBJECT/PARKED VEHICLE,1,776720,1,0,2,0,0,2,1,5,Not at intersection,2,40,Local Road
T20230015485,2023/7/4,15:45:00,1,Collision with vehicle,3,Tuesday,120,HEAD ON (NOT OVERTAKING),1,778239,3,0,3,0,1,4,1,1,Cross intersection,2,60,Arterial Other
T20230016973,2023/7/4,17:50:00,1,Collision with vehicle,2,Tuesday,120,HEAD ON (NOT OVERTAKING),2,777824,2,0,0,1,1,2,2,5,Not at intersection,3,80,Local Road
T20230015462,2023/7/4,13:50:00,1,Collision with vehicle,2,Tuesday,110,CROSS TRAFFIC(INTERSECTIONS ONLY),1,44427,2,0,0,1,2,3,1,1,Cross intersection,3,60,Arterial Other
T20230016623,2023/7/4,8:17:00,1,Collision with vehicle,3,Tuesday,131,LEFT REAR,1,795433,2,0,0,1,1,2,2,5,Not at intersection,3,60,
T20230015992,2023/7/4,9:50:00,1,Collision with vehicle,2,Tuesday,130,REAR END(VEHICLES IN SAME LANE),1,777007,2,0,0,1,1,2,2,5,Not at intersection,3,999,Arterial Other
T20230015587,2023/7/5,9:00:00,1,Collision with vehicle,3,Wednesday,133,LANE SIDE SWIPE (VEHICLES IN PARALLEL LANES),1,785848,2,0,0,1,1,2,2,5,Not at intersection,3,60,Arterial Other
T20230015588,2023/7/5,16:43:00,6,Vehicle overturned (no collision),3,Wednesday,172,OFF CARRIAGEWAY TO RIGHT,2,786906,1,0,0,2,0,2,1,5,Not at intersection,3,100,Arterial Highway
T20230015590,2023/7/5,18:22:00,1,Collision with vehicle,3,Wednesday,121,RIGHT THROUGH,3,259449,2,0,1,1,0,2,1,1,Cross intersection,2,60,Local Road
T20230015537,2023/7/5,9:30:00,1,Collision with vehicle,4,Wednesday,132,RIGHT REAR.,1,776916,2,0,1,0,1,2,1,5,Not at intersection,2,60,Arterial Highway
T20230015540,2023/7/5,11:00:00,1,Collision with vehicle,4,Wednesday,130,REAR END(VEHICLES IN SAME LANE),1,15433,2,0,2,1,1,4,1,2,T intersection,2,60,Arterial Highway
T20230015650,2023/7/5,23:15:00,5,collision with some other object,3,Wednesday,166,STRUCK OBJECT ON CARRIAGEWAY,3,777189,1,0,0,1,0,1,2,5,Not at intersection,3,80,Arterial Other
T20230018367,2023/7/5,6:45:00,1,Collision with vehicle,4,Wednesday,130,REAR END(VEHICLES IN SAME LANE),2,778469,2,0,0,1,1,2,1,5,Not at intersection,3,100,Freeway
T20230015550,2023/7/5,10:00:00,1,Collision with vehicle,4,Wednesday,121,RIGHT THROUGH,1,39305,2,0,0,1,1,2,1,2,T intersection,3,60,Arterial Other
T20230015646,2023/7/5,11:05:00,1,Collision with vehicle,3,Wednesday,130,REAR END(VEHICLES IN SAME LANE),1,776948,3,0,0,1,2,3,1,5,Not at intersection,3,60,Arterial Highway
T20230015551,2023/7/5,12:40:00,1,Collision with vehicle,4,Wednesday,110,CROSS TRAFFIC(INTERSECTIONS ONLY),1,44835,2,0,0,2,0,2,1,1,Cross intersection,3,60,Arterial Highway
T20230015619,2023/7/5,21:09:00,2,Struck Pedestrian,4,Wednesday,104,PED WALKING WITH TRAFFIC,3,776725,1,1,0,0,1,2,1,2,T intersection,1,60,Local Road
T20230015553,2023/7/5,11:47:00,4,Collision with a fixed object,4,Wednesday,173,RIGHT OFF CARRIAGEWAY INTO OBJECT/PARKED VEHICLE,1,777076,1,0,0,1,0,1,1,5,Not at intersection,3,80,Local Road
T20230015615,2023/7/5,16:40:00,1,Collision with vehicle,3,Wednesday,137,LEFT TURN SIDESWIPE,1,248402,2,0,0,1,1,2,1,1,Cross intersection,3,60,Local Road
T20230015556,2023/7/5,12:40:00,1,Collision with vehicle,4,Wednesday,120,HEAD ON (NOT OVERTAKING),1,777420,2,0,0,1,2,3,1,3,Y intersection,3,50,Local Road
T20230015612,2023/7/5,21:40:00,2,Struck Pedestrian,4,Wednesday,103,PED PLAYING/LYING/WORKING/STANDING ON CARRIAGEWAY.,6,777015,1,0,1,0,1,2,1,6,Dead end,2,60,Local Road
T20230015611,2023/7/5,19:15:00,2,Struck Pedestrian,4,Wednesday,194,PARKED CAR RUN AWAY,3,776813,2,0,1,0,0,1,1,5,Not at intersection,2,50,Local Road
T20230015610,2023/7/5,14:54:00,1,Collision with vehicle,4,Wednesday,132,RIGHT REAR.,1,787312,2,0,1,0,1,2,1,5,Not at intersection,2,999,Arterial Highway
T20230015557,2023/7/5,11:00:00,1,Collision with vehicle,3,Wednesday,110,CROSS TRAFFIC(INTERSECTIONS ONLY),1,46600,2,0,2,2,4,8,1,1,Cross intersection,2,50,Local Road