ACCIDENT_NO,ACCIDENT_DATE,ACCIDENT_TIME,ACCIDENT_TYPE,ACCIDENT_TYPE_DESC,DAY_OF_WEEK,DAY_WEEK_DESC,DCA_CODE,DCA_DESC,LIGHT_CONDITION,NODE_ID,NO_OF_VEHICLES,NO_PERSONS_KILLED,NO_PERSONS_INJ_2,NO_PERSONS_INJ_3,NO_PERSONS_NOT_INJ,NO_PERSONS,POLICE_ATTEND,ROAD_GEOMETRY,ROAD_GEOMETRY_DESC,SEVERITY,SPEED_ZONE,RMA
T20230015606,2023/7/5,17:51:00,2,Struck Pedestrian,4,Wednesday,102,FAR SIDE. PED HIT BY VEHICLE FROM THE LEFT,3,776918,1,0,1,0,1,2,1,2,T intersection,2,80,Arterial Highway
T20230015604,2023/7/5,18:45:00,1,Collision with vehicle,4,Wednesday,130,REAR END(VEHICLES IN SAME LANE),2,780145,4,0,1,1,6,8,1,5,Not at intersection,2,70,Arterial Highway
T20230015603,2023/7/5,18:57:00,1,Collision with vehicle,4,Wednesday,130,REAR END(VEHICLES IN SAME LANE),2,778699,3,0,1,0,2,3,1,2,T intersection,2,80,Arterial Other
T20230015701,2023/7/5,22:10:00,1,Collision with vehicle,4,Wednesday,130,REAR END(VEHICLES IN SAME LANE),3,777169,2,0,0,1,1,2,1,5,Not at intersection,3,80,Arterial Other
T20230015520,2023/7/5,0:05:00,1,Collision with vehicle,4,Wednesday,130,REAR END(VEHICLES IN SAME LANE),3,777071,2,0,0,1,1,2,1,5,Not at intersection,3,60,Local Road
T20230015527,2023/7/5,6:50:00,4,Collision with a fixed object,3,Wednesday,183,OFF LEFT BEND INTO OBJECT/PARKED VEHICLE,2,796000,1,0,0,1,0,1,1,5,Not at intersection,3,60,Arterial Other
T20230017312,2023/7/5,9:24:00,5,collision with some other object,3,Wednesday,171,LEFT OFF CARRIAGEWAY INTO OBJECT/PARKED VEHICLE,1,787089,1,0,0,1,0,1,2,5,Not at intersection,3,70,Arterial Other
T20230016301,2023/7/5,18:30:00,1,Collision with vehicle,3,Wednesday,133,LANE SIDE SWIPE (VEHICLES IN PARALLEL LANES),3,42396,3,0,0,1,3,4,2,1,Cross intersection,3,60,Arterial Other
T20230016215,2023/7/5,13:20:00,1,Collision with vehicle,3,Wednesday,135,LANE CHANGE LEFT (NOT OVERTAKING),1,777193,2,0,0,1,1,2,1,5,Not at intersection,3,80,Freeway
T20230015594,2023/7/5,16:08:00,1,Collision with vehicle,4,Wednesday,147,VEHICLE STRIKES ANOTHER VEH WHILE EMERGING FROM DRIVEWAY,1,776783,2,0,1,0,1,2,1,5,Not at intersection,2,50,Local Road
T20230018227,2023/7/5,18:25:00,1,Collision with vehicle,3,Wednesday,130,REAR END(VEHICLES IN SAME LANE),2,778398,2,0,0,1,1,2,2,1,Cross intersection,3,60,Local Road
T20230015563,2023/7/5,10:52:00,2,Struck Pedestrian,4,Wednesday,102,FAR SIDE. PED HIT BY VEHICLE FROM THE LEFT,1,778032,1,0,1,0,1,2,1,5,Not at intersection,2,60,Local Road
T20230016084,2023/7/5,6:00:00,1,Collision with vehicle,4,Wednesday,130,REAR END(VEHICLES IN SAME LANE),2,777170,2,0,1,0,1,2,2,5,Not at intersection,2,100,Freeway
T20230015698,2023/7/5,15:30:00,1,Collision with vehicle,4,Wednesday,121,RIGHT THROUGH,1,776950,2,0,0,1,1,2,2,5,Not at intersection,3,999,Arterial Other
T20230016559,2023/7/5,15:50:00,1,Collision with vehicle,4,Wednesday,113,RIGHT NEAR (INTERSECTIONS ONLY),1,52230,2,0,1,0,1,2,1,1,Cross intersection,2,60,Arterial Other
T20230016155,2023/7/5,8:33:00,1,Collision with vehicle,3,Wednesday,137,LEFT TURN SIDESWIPE,2,790637,2,0,0,1,1,2,2,5,Not at intersection,3,40,Local Road
T20230015572,2023/7/5,15:07:00,2,Struck Pedestrian,4,Wednesday,102,FAR SIDE. PED HIT BY VEHICLE FROM THE LEFT,1,37590,1,0,1,0,1,2,1,1,Cross intersection,2,60,Arterial Other
T20230015574,2023/7/5,12:30:00,1,Collision with vehicle,4,Wednesday,140,U TURN,1,777142,2,1,0,1,0,2,1,2,T intersection,1,100,Local Road
T20230019703,2023/7/5,13:20:00,1,Collision with vehicle,3,Wednesday,130,REAR END(VEHICLES IN SAME LANE),1,779445,2,0,0,1,2,3,9,5,Not at intersection,3,70,Arterial Other
T20230015914,2023/7/5,17:00:00,1,Collision with vehicle,3,Wednesday,130,REAR END(VEHICLES IN SAME LANE),1,777004,2,0,0,1,3,4,1,5,Not at intersection,3,80,Freeway
T20230015916,2023/7/5,17:13:00,1,Collision with vehicle,4,Wednesday,130,REAR END(VEHICLES IN SAME LANE),2,108283,2,0,0,1,2,3,2,5,Not at intersection,3,60,Arterial Other
T20230015617,2023/7/5,20:42:00,7,Fall from or in moving vehicle,3,Wednesday,190,FELL IN/FROM VEHICLE,4,776808,1,0,0,1,2,3,1,5,Not at intersection,3,50,Local Road
T20230015923,2023/7/5,18:10:00,1,Collision with vehicle,4,Wednesday,130,REAR END(VEHICLES IN SAME LANE),2,777431,3,0,0,1,3,4,2,5,Not at intersection,3,999,Local Road
T20230015655,2023/7/5,16:15:00,1,Collision with vehicle,4,Wednesday,130,REAR END(VEHICLES IN SAME LANE),2,779515,2,0,0,1,1,2,2,5,Not at intersection,3,60,Arterial Other
T20230015683,2023/7/5,7:30:00,1,Collision with vehicle,3,Wednesday,130,REAR END(VEHICLES IN SAME LANE),2,776919,3,0,0,1,2,3,2,5,Not at intersection,3,80,Arterial Highway
T20230018894,2023/7/5,9:30:00,4,Collision with a fixed object,3,Wednesday,189,OTHER ACCIDENTS ON CURVE NOT INCLUDED IN DCAs 180-184,9,779517,1,0,0,1,0,1,2,2,T intersection,3,999,Local Road
T20230015580,2023/7/5,16:00:00,1,Collision with vehicle,4,Wednesday,130,REAR END(VEHICLES IN SAME LANE),1,776782,4,0,0,1,3,4,1,5,Not at intersection,3,80,Freeway
T20230015665,2023/7/5,16:45:00,8,No collision and no object struck,4,Wednesday,174,OUT OF CONTROL ON CARRIAGEWAY (ON STRAIGHT),1,235928,1,0,0,1,0,1,2,5,Not at intersection,3,30,Local Road
T20230015542,2023/7/5,10:40:00,4,Collision with a fixed object,4,Wednesday,149,OTHER MANOEUVRING NOT INCLUDED IN DCAs 140-148,1,776785,1,0,0,1,1,2,1,2,T intersection,3,50,Local Road
T20230015721,2023/7/5,5:45:00,1,Collision with vehicle,3,Wednesday,133,LANE SIDE SWIPE (VEHICLES IN PARALLEL LANES),3,800476,2,0,0,1,1,2,2,5,Not at intersection,3,80,Freeway
T20230015719,2023/7/5,11:18:00,1,Collision with vehicle,4,Wednesday,130,REAR END(VEHICLES IN SAME LANE),1,776923,2,0,0,1,1,2,2,1,Cross intersection,3,50,Local Road
T20230015834,2023/7/5,7:30:00,1,Collision with vehicle,3,Wednesday,130,REAR END(VEHICLES IN SAME LANE),2,776981,2,0,0,1,1,2,2,5,Not at intersection,3,100,Freeway
T20230016271,2023/7/5,18:56:00,1,Collision with vehicle,4,Wednesday,130,REAR END(VEHICLES IN SAME LANE),2,61041,2,0,0,2,0,2,1,1,Cross intersection,3,60,Arterial Other
T20230015581,2023/7/5,16:44:00,1,Collision with vehicle,3,Wednesday,113,RIGHT NEAR (INTERSECTIONS ONLY),1,40493,2,0,0,1,1,2,1,2,T intersection,3,60,Arterial Other
T20230018953,2023/7/5,10:55:00,1,Collision with vehicle,3,Wednesday,142,LEAVING PARKING,1,779039,2,0,0,1,1,2,2,5,Not at intersection,3,50,Local Road
T20230015622,2023/7/6,4:09:00,1,Collision with vehicle,4,Thursday,111,RIGHT FAR (INTERSECTIONS ONLY),3,787363,2,0,0,3,1,4,1,2,T intersection,3,80,Arterial Other
T20230015694,2023/7/6,20:39:00,2,Struck Pedestrian,5,Thursday,100,PED NEAR SIDE. PED HIT BY VEHICLE FROM THE RIGHT.,3,776818,1,0,1,0,1,2,1,5,Not at intersection,2,60,Arterial Other
T20230016174,2023/7/6,21:30:00,2,Struck Pedestrian,4,Thursday,103,PED PLAYING/LYING/WORKING/STANDING ON CARRIAGEWAY.,9,777133,1,0,1,0,1,2,1,5,Not at intersection,2,999,Local Road
T20230015697,2023/7/6,21:15:00,2,Struck Pedestrian,5,Thursday,100,PED NEAR SIDE. PED HIT BY VEHICLE FROM THE RIGHT.,3,776921,1,0,1,0,1,2,1,2,T intersection,2,50,Local Road
T20230015668,2023/7/6,15:25:00,1,Collision with vehicle,5,Thursday,121,RIGHT THROUGH,1,776812,2,0,1,0,1,2,1,2,T intersection,2,60,Arterial Other
T20230015702,2023/7/6,9:15:00,2,Struck Pedestrian,4,Thursday,100,PED NEAR SIDE. PED HIT BY VEHICLE FROM THE RIGHT.,1,7126,1,0,0,1,1,2,2,1,Cross intersection,3,40,
T20230015660,2023/7/6,10:00:00,1,Collision with vehicle,5,Thursday,130,REAR END(VEHICLES IN SAME LANE),1,778240,2,0,0,1,1,2,2,5,Not at intersection,3,60,Arterial Highway
T20230015711,2023/7/6,11:45:00,1,Collision with vehicle,5,Thursday,110,CROSS TRAFFIC(INTERSECTIONS ONLY),1,776922,2,0,1,0,2,3,1,4,Multiple intersection,2,80,Arterial Highway
T20230015723,2023/7/6,16:00:00,1,Collision with vehicle,5,Thursday,131,LEFT REAR,2,331155,2,0,0,1,1,2,2,5,Not at intersection,3,60,Freeway
T20230015671,2023/7/6,16:20:00,2,Struck Pedestrian,5,Thursday,106,VEH STRIKES PED ON FOOTPATH/MEDIAN/TRAFFIC ISLAND.,1,777132,1,0,1,0,1,2,1,5,Not at intersection,2,60,Local Road
T20230015657,2023/7/6,13:55:00,1,Collision with vehicle,4,Thursday,110,CROSS TRAFFIC(INTERSECTIONS ONLY),1,38038,2,0,0,1,1,2,1,1,Cross intersection,3,50,Local Road
T20230015673,2023/7/6,16:48:00,1,Collision with vehicle,5,Thursday,110,CROSS TRAFFIC(INTERSECTIONS ONLY),1,278513,2,0,0,1,5,6,1,1,Cross intersection,3,50,Local Road
T20230015679,2023/7/6,18:10:00,1,Collision with vehicle,5,Thursday,140,U TURN,3,57059,2,0,1,0,1,2,1,1,Cross intersection,2,60,Local Road
T20230015953,2023/7/6,17:30:00,1,Collision with vehicle,5,Thursday,120,HEAD ON (NOT OVERTAKING),2,777821,2,0,0,1,1,2,2,5,Not at intersection,3,60,Local Road
T20230015682,2023/7/6,6:50:00,1,Collision with vehicle,5,Thursday,116,LEFT NEAR (INTERSECTIONS ONLY),2,7220,2,0,0,1,1,2,2,2,T intersection,3,50,
T20230017530,2023/7/6,23:09:00,1,Collision with vehicle,5,Thursday,130,REAR END(VEHICLES IN SAME LANE),3,45877,2,0,0,1,1,2,1,1,Cross intersection,3,60,Arterial Highway
T20230015648,2023/7/6,11:40:00,1,Collision with vehicle,4,Thursday,120,HEAD ON (NOT OVERTAKING),1,795978,2,0,1,0,1,2,1,5,Not at intersection,2,100,
T20230015690,2023/7/6,19:20:00,1,Collision with vehicle,5,Thursday,135,LANE CHANGE LEFT (NOT OVERTAKING),3,776920,2,0,0,1,1,2,1,5,Not at intersection,3,100,Arterial Other
T20230015642,2023/7/6,9:54:00,4,Collision with a fixed object,4,Thursday,171,LEFT OFF CARRIAGEWAY INTO OBJECT/PARKED VEHICLE,1,776990,1,0,1,1,0,2,1,5,Not at intersection,2,80,Arterial Other
T20230015699,2023/7/6,17:40:00,2,Struck Pedestrian,5,Thursday,100,PED NEAR SIDE. PED HIT BY VEHICLE FROM THE RIGHT.,2,780221,1,0,1,0,1,2,1,2,T intersection,2,50,Local Road
T20230015659,2023/7/6,12:55:00,1,Collision with vehicle,5,Thursday,110,CROSS TRAFFIC(INTERSECTIONS ONLY),1,44570,2,0,2,1,0,3,1,1,Cross intersection,2,50,Arterial Other
T20230015755,2023/7/6,11:30:00,1,Collision with vehicle,5,Thursday,134,LANE CHANGE RIGHT (NOT OVERTAKING),1,779773,2,0,0,2,3,5,2,5,Not at intersection,3,70,Arterial Highway
T20230018055,2023/7/6,13:30:00,1,Collision with vehicle,5,Thursday,130,REAR END(VEHICLES IN SAME LANE),9,45435,2,0,0,1,1,2,2,2,T intersection,3,60,Arterial Other
T20230015641,2023/7/6,8:55:00,1,Collision with vehicle,4,Thursday,137,LEFT TURN SIDESWIPE,1,65470,2,0,0,2,0,2,2,2,T intersection,3,60,Arterial Highway
T20240000743,2023/7/6,17:30:00,1,Collision with vehicle,4,Thursday,121,RIGHT THROUGH,3,36813,2,0,0,1,1,2,2,1,Cross intersection,3,999,Arterial Other
T20230016977,2023/7/6,16:30:00,1,Collision with vehicle,5,Thursday,134,LANE CHANGE RIGHT (NOT OVERTAKING),1,777717,2,0,0,1,1,2,2,5,Not at intersection,3,60,Arterial Highway
T20230016976,2023/7/6,12:48:00,1,Collision with vehicle,4,Thursday,130,REAR END(VEHICLES IN SAME LANE),1,135693,2,0,0,1,3,4,2,5,Not at intersection,3,50,Arterial Highway
T20230017185,2023/7/6,13:30:00,1,Collision with vehicle,4,Thursday,130,REAR END(VEHICLES IN SAME LANE),1,777927,2,0,0,1,1,2,2,5,Not at intersection,3,60,Arterial Other
T20230015792,2023/7/6,15:15:00,1,Collision with vehicle,5,Thursday,120,HEAD ON (NOT OVERTAKING),1,778453,3,0,0,2,5,7,1,4,Multiple intersection,3,60,Arterial Highway
T20230015684,2023/7/6,18:08:00,1,Collision with vehicle,4,Thursday,130,REAR END(VEHICLES IN SAME LANE),2,777124,2,0,0,2,1,3,1,5,Not at intersection,3,80,Freeway
T20230015630,2023/7/6,8:30:00,1,Collision with vehicle,4,Thursday,121,RIGHT THROUGH,1,57284,2,0,1,1,0,2,1,1,Cross intersection,2,60,Arterial Other
T20230016627,2023/7/6,15:35:00,1,Collision with vehicle,5,Thursday,145,REVERSING IN STREAM OF TRAFFIC,1,780463,2,0,0,1,1,2,2,5,Not at intersection,3,50,Local Road
T20230015686,2023/7/6,17:07:00,1,Collision with vehicle,4,Thursday,113,RIGHT NEAR (INTERSECTIONS ONLY),2,780389,2,0,0,1,2,3,2,2,T intersection,3,50,Local Road
T20230015639,2023/7/6,8:40:00,1,Collision with vehicle,5,Thursday,113,RIGHT NEAR (INTERSECTIONS ONLY),1,777001,2,0,0,1,2,3,1,2,T intersection,3,80,Arterial Highway
T20230015634,2023/7/6,9:50:00,1,Collision with vehicle,4,Thursday,130,REAR END(VEHICLES IN SAME LANE),1,776976,2,0,0,1,4,5,1,5,Not at intersection,3,999,Freeway
T20230015693,2023/7/6,14:55:00,1,Collision with vehicle,5,Thursday,130,REAR END(VEHICLES IN SAME LANE),1,777070,2,0,1,0,2,3,1,5,Not at intersection,2,100,Freeway
T20230016856,2023/7/6,8:30:00,1,Collision with vehicle,5,Thursday,121,RIGHT THROUGH,2,57573,2,0,0,3,0,3,2,2,T intersection,3,80,Arterial Highway
T20230015656,2023/7/6,10:45:00,1,Collision with vehicle,4,Thursday,130,REAR END(VEHICLES IN SAME LANE),1,777673,2,0,0,1,4,5,1,5,Not at intersection,3,60,Local Road
T20230015626,2023/7/6,6:28:00,1,Collision with vehicle,5,Thursday,121,RIGHT THROUGH,2,44697,2,0,1,0,1,2,1,1,Cross intersection,2,60,Arterial Other
T20230015901,2023/7/6,18:25:00,1,Collision with vehicle,4,Thursday,130,REAR END(VEHICLES IN SAME LANE),2,776983,2,0,0,2,1,3,2,5,Not at intersection,3,999,Local Road
T20230016661,2023/7/7,16:12:00,1,Collision with vehicle,5,Friday,120,HEAD ON (NOT OVERTAKING),1,227283,2,0,0,3,1,4,1,1,Cross intersection,3,80,Arterial Highway
T20230015794,2023/7/7,22:30:00,2,Struck Pedestrian,6,Friday,100,PED NEAR SIDE. PED HIT BY VEHICLE FROM THE RIGHT.,3,37705,1,0,1,0,1,2,1,1,Cross intersection,2,40,Arterial Other
T20230015793,2023/7/7,18:30:00,1,Collision with vehicle,6,Friday,110,CROSS TRAFFIC(INTERSECTIONS ONLY),2,890,2,0,0,2,0,2,1,1,Cross intersection,3,80,Arterial Highway
T20230015791,2023/7/7,21:34:00,1,Collision with vehicle,6,Friday,111,RIGHT FAR (INTERSECTIONS ONLY),3,777793,2,0,1,0,3,4,1,2,T intersection,2,80,Arterial Highway
T20230015790,2023/7/7,20:30:00,4,Collision with a fixed object,6,Friday,171,LEFT OFF CARRIAGEWAY INTO OBJECT/PARKED VEHICLE,3,349924,1,0,1,0,0,1,1,1,Cross intersection,2,60,Arterial Highway
T20230015789,2023/7/7,20:55:00,1,Collision with vehicle,6,Friday,169,OTHER ON PATH,3,777254,2,0,1,0,1,2,1,5,Not at intersection,2,60,Arterial Other
T20230015787,2023/7/7,17:35:00,1,Collision with vehicle,5,Friday,121,RIGHT THROUGH,2,36363,3,0,1,1,1,3,1,2,T intersection,2,80,Arterial Other
T20230015785,2023/7/7,19:11:00,1,Collision with vehicle,6,Friday,145,REVERSING IN STREAM OF TRAFFIC,3,777922,2,0,0,1,2,3,1,1,Cross intersection,3,60,Arterial Other
T20230016311,2023/7/7,14:43:00,7,Fall from or in moving vehicle,5,Friday,190,FELL IN/FROM VEHICLE,1,777215,1,0,0,1,0,1,2,5,Not at intersection,3,80,Freeway
T20230015782,2023/7/7,15:50:00,1,Collision with vehicle,5,Friday,147,VEHICLE STRIKES ANOTHER VEH WHILE EMERGING FROM DRIVEWAY,1,777792,4,0,0,1,2,3,1,5,Not at intersection,3,60,Arterial Other
T20230016606,2023/7/7,8:50:00,1,Collision with vehicle,5,Friday,113,RIGHT NEAR (INTERSECTIONS ONLY),2,40972,2,0,0,1,1,2,2,2,T intersection,3,60,Arterial Other
T20230015781,2023/7/7,14:30:00,1,Collision with vehicle,5,Friday,116,LEFT NEAR (INTERSECTIONS ONLY),1,45610,3,0,1,2,1,4,1,2,T intersection,2,60,Local Road
T20230015777,2023/7/7,17:55:00,2,Struck Pedestrian,6,Friday,102,FAR SIDE. PED HIT BY VEHICLE FROM THE LEFT,3,57515,1,0,1,0,2,3,1,1,Cross intersection,2,70,Arterial Highway
T20230015744,2023/7/7,7:15:00,1,Collision with vehicle,5,Friday,139,OTHER SAME DIRECTION-MANOUEVRES NOT INCLUDED IN DCAs 130-137,2,779022,2,0,0,1,2,3,1,5,Not at intersection,3,60,Local Road
T20230015775,2023/7/7,18:20:00,1,Collision with vehicle,6,Friday,130,REAR END(VEHICLES IN SAME LANE),3,795782,2,0,0,2,1,3,1,5,Not at intersection,3,60,Local Road
T20230015750,2023/7/7,12:44:00,1,Collision with vehicle,6,Friday,147,VEHICLE STRIKES ANOTHER VEH WHILE EMERGING FROM DRIVEWAY,1,776951,2,0,1,1,1,3,1,5,Not at intersection,2,50,Local Road
T20230015771,2023/7/7,15:52:00,1,Collision with vehicle,6,Friday,134,LANE CHANGE RIGHT (NOT OVERTAKING),1,777059,2,0,0,1,4,5,1,5,Not at intersection,3,100,Freeway
T20230015768,2023/7/7,17:30:00,1,Collision with vehicle,5,Friday,163,VEHICLE STRIKES DOOR OF PARKED/STATIONARY VEHICLE,3,776986,2,0,0,1,1,2,1,5,Not at intersection,3,50,Local Road
T20230016688,2023/7/7,20:08:00,1,Collision with vehicle,5,Friday,110,CROSS TRAFFIC(INTERSECTIONS ONLY),5,50003,3,0,0,2,1,3,1,1,Cross intersection,3,50,Local Road
T20230015738,2023/7/7,10:22:00,1,Collision with vehicle,6,Friday,160,VEHICLE COLLIDES WITH VEHICLE PARKED ON LEFT OF ROAD,1,777002,2,0,0,1,0,1,1,5,Not at intersection,3,60,Local Road
T20230028064,2023/7/7,6:00:00,1,Collision with vehicle,5,Friday,110,CROSS TRAFFIC(INTERSECTIONS ONLY),2,582283,2,0,0,1,1,2,9,1,Cross intersection,3,999,Arterial Other
T20230015734,2023/7/7,11:20:00,1,Collision with vehicle,5,Friday,110,CROSS TRAFFIC(INTERSECTIONS ONLY),1,52787,2,0,0,1,1,2,1,1,Cross intersection,3,60,Local Road
T20230015732,2023/7/7,13:04:00,1,Collision with vehicle,5,Friday,152,PULLING OUT (OVERTAKING),1,795781,2,0,0,1,0,1,1,5,Not at intersection,3,40,Local Road
T20230015730,2023/7/7,8:01:00,1,Collision with vehicle,5,Friday,136,RIGHT TURN SIDESWIPE,1,36278,2,0,0,1,1,2,1,1,Cross intersection,3,40,Local Road
T20230015724,2023/7/7,9:30:00,1,Collision with vehicle,5,Friday,110,CROSS TRAFFIC(INTERSECTIONS ONLY),1,22422,2,0,0,1,1,2,1,1,Cross intersection,3,100,Arterial Other
T20230021892,2023/7/7,17:30:00,1,Collision with vehicle,6,Friday,130,REAR END(VEHICLES IN SAME LANE),2,781061,2,0,0,1,1,2,2,5,Not at intersection,3,60,Arterial Highway
T20230015718,2023/7/7,9:20:00,1,Collision with vehicle,5,Friday,147,VEHICLE STRIKES ANOTHER VEH WHILE EMERGING FROM DRIVEWAY,1,777708,2,0,1,0,1,2,1,5,Not at intersection,2,50,Local Road
T20230015715,2023/7/7,6:15:00,1,Collision with vehicle,6,Friday,113,RIGHT NEAR (INTERSECTIONS ONLY),3,244,2,0,1,0,1,2,1,2,T intersection,2,80,Arterial Highway
T20230015717,2023/7/7,10:30:00,1,Collision with vehicle,6,Friday,121,RIGHT THROUGH,1,776811,2,0,1,0,1,2,1,2,T intersection,2,80,Local Road
T20230015710,2023/7/7,5:45:00,4,Collision with a fixed object,6,Friday,175,OFF END OF ROAD/T-INTERSECTION.,5,57703,1,0,1,0,0,1,1,2,T intersection,2,80,Arterial Other
T20230015705,2023/7/7,0:10:00,6,Vehicle overturned (no collision),5,Friday,151,OUT OF CONTROL (OVERTAKING),3,777658,1,0,0,1,0,1,1,4,Multiple intersection,3,60,Arterial Other
T20230015704,2023/7/7,1:17:00,4,Collision with a fixed object,6,Friday,183,OFF LEFT BEND INTO OBJECT/PARKED VEHICLE,3,778452,1,0,1,0,0,1,1,5,Not at intersection,2,80,Local Road
T20230016729,2023/7/7,18:20:00,1,Collision with vehicle,6,Friday,121,RIGHT THROUGH,2,40704,2,0,0,1,1,2,2,2,T intersection,3,60,Arterial Other
T20230016420,2023/7/7,17:00:00,1,Collision with vehicle,5,Friday,179,OTHER ACCIDENTS-OFF STRAIGHT NOT INCLUDED IN DCAs 170-175,2,781037,2,0,0,1,1,2,2,5,Not at intersection,3,999,Local Road
T20230016712,2023/7/7,17:45:00,2,Struck Pedestrian,5,Friday,102,FAR SIDE. PED HIT BY VEHICLE FROM THE LEFT,2,777340,1,0,0,1,1,2,2,5,Not at intersection,3,50,Local Road
T20230017988,2023/7/7,19:00:00,1,Collision with vehicle,5,Friday,110,CROSS TRAFFIC(INTERSECTIONS ONLY),2,60641,2,0,0,1,1,2,2,1,Cross intersection,3,60,Arterial Other
T20230021344,2023/7/7,15:55:00,1,Collision with vehicle,5,Friday,147,VEHICLE STRIKES ANOTHER VEH WHILE EMERGING FROM DRIVEWAY,1,795791,2,0,0,1,1,2,1,5,Not at intersection,3,60,Arterial Other
T20230015818,2023/7/7,15:45:00,1,Collision with vehicle,6,Friday,110,CROSS TRAFFIC(INTERSECTIONS ONLY),1,63428,2,0,1,0,1,2,2,1,Cross intersection,2,50,Local Road
T20230015819,2023/7/7,14:10:00,1,Collision with vehicle,5,Friday,147,VEHICLE STRIKES ANOTHER VEH WHILE EMERGING FROM DRIVEWAY,1,778262,2,0,0,1,5,6,1,5,Not at intersection,3,70,Arterial Other
T20230018370,2023/7/7,9:12:00,1,Collision with vehicle,5,Friday,130,REAR END(VEHICLES IN SAME LANE),1,795788,2,0,0,1,1,2,1,5,Not at intersection,3,60,Local Road
T20230016129,2023/7/7,14:45:00,7,Fall from or in moving vehicle,5,Friday,190,FELL IN/FROM VEHICLE,1,781135,1,0,1,0,2,3,2,5,Not at intersection,2,100,Local Road
T20230015841,2023/7/7,17:10:00,1,Collision with vehicle,5,Friday,121,RIGHT THROUGH,2,787390,2,0,1,0,1,2,1,2,T intersection,2,60,Local Road
T20230015848,2023/7/7,18:14:00,1,Collision with vehicle,5,Friday,113,RIGHT NEAR (INTERSECTIONS ONLY),3,776955,2,0,0,1,2,3,1,2,T intersection,3,50,Local Road
T20230023229,2023/7/7,10:31:00,1,Collision with vehicle,5,Friday,110,CROSS TRAFFIC(INTERSECTIONS ONLY),1,39805,2,0,0,1,1,2,2,1,Cross intersection,3,60,Local Road
T20230018531,2023/7/7,16:00:00,6,Vehicle overturned (no collision),6,Friday,180,OFF CARRIAGEWAY ON RIGHT BEND,2,786034,1,0,0,1,0,1,2,5,Not at intersection,3,100,Arterial Other
T20230016956,2023/7/7,10:00:00,1,Collision with vehicle,5,Friday,116,LEFT NEAR (INTERSECTIONS ONLY),1,253310,2,0,0,1,1,2,2,1,Cross intersection,3,60,Arterial Other
T20230016621,2023/7/7,16:00:00,1,Collision with vehicle,6,Friday,130,REAR END(VEHICLES IN SAME LANE),2,277991,2,0,0,1,1,2,2,1,Cross intersection,3,999,Freeway
T20230019000,2023/7/7,20:30:00,5,collision with some other object,5,Friday,166,STRUCK OBJECT ON CARRIAGEWAY,5,778921,1,0,0,1,0,1,2,5,Not at intersection,3,110,Freeway
T20230016372,2023/7/7,19:30:00,1,Collision with vehicle,5,Friday,110,CROSS TRAFFIC(INTERSECTIONS ONLY),3,63401,2,0,0,1,1,2,9,1,Cross intersection,3,50,Local Road
T20230016243,2023/7/7,16:00:00,1,Collision with vehicle,5,Friday,110,CROSS TRAFFIC(INTERSECTIONS ONLY),2,49140,2,0,0,1,2,3,2,1,Cross intersection,3,50,Arterial Other
T20230015742,2023/7/7,12:13:00,1,Collision with vehicle,5,Friday,140,U TURN,1,795998,2,0,0,1,1,2,1,5,Not at intersection,3,60,
T20230016591,2023/7/7,20:15:00,1,Collision with vehicle,6,Friday,130,REAR END(VEHICLES IN SAME LANE),3,777304,2,0,0,1,1,2,2,5,Not at intersection,3,777,Local Road
T20230017385,2023/7/7,12:00:00,1,Collision with vehicle,5,Friday,130,REAR END(VEHICLES IN SAME LANE),1,777888,2,0,0,1,1,2,2,5,Not at intersection,3,999,Local Road
T20230015807,2023/7/7,10:15:00,4,Collision with a fixed object,5,Friday,151,OUT OF CONTROL (OVERTAKING),1,787512,1,0,0,1,0,1,1,5,Not at intersection,3,60,Local Road
T20230015795,2023/7/7,18:00:00,2,Struck Pedestrian,6,Friday,102,FAR SIDE. PED HIT BY VEHICLE FROM THE LEFT,3,784428,1,0,1,0,1,2,1,5,Not at intersection,2,60,Local Road
T20230015900,2023/7/7,21:15:00,1,Collision with vehicle,5,Friday,133,LANE SIDE SWIPE (VEHICLES IN PARALLEL LANES),3,244237,2,0,0,1,1,2,2,5,Not at intersection,3,40,Arterial Other
T20230017175,2023/7/7,7:07:00,1,Collision with vehicle,6,Friday,130,REAR END(VEHICLES IN SAME LANE),2,777662,3,0,0,1,2,3,1,5,Not at intersection,3,80,Freeway
T20230015865,2023/7/8,18:46:00,1,Collision with vehicle,7,Saturday,120,HEAD ON (NOT OVERTAKING),5,778092,5,0,2,1,7,10,1,5,Not at intersection,2,80,Arterial Other
T20230015971,2023/7/8,15:15:00,8,No collision and no object struck,7,Saturday,174,OUT OF CONTROL ON CARRIAGEWAY (ON STRAIGHT),1,777105,1,0,1,0,0,1,1,5,Not at intersection,2,50,Local Road
T20230015838,2023/7/8,11:30:00,1,Collision with vehicle,7,Saturday,113,RIGHT NEAR (INTERSECTIONS ONLY),1,777128,2,0,1,2,1,4,1,4,Multiple intersection,2,70,Freeway
T20230015859,2023/7/8,13:30:00,2,Struck Pedestrian,6,Saturday,108,PED STRUCK WALKING TO/FROM OR BOARDING/ALIGHTING VEHICLE.,1,795993,1,0,0,1,1,2,2,5,Not at intersection,3,40,Local Road