ACCIDENT_NO,ACCIDENT_DATE,ACCIDENT_TIME,ACCIDENT_TYPE,ACCIDENT_TYPE_DESC,DAY_OF_WEEK,DAY_WEEK_DESC,DCA_CODE,DCA_DESC,LIGHT_CONDITION,NODE_ID,NO_OF_VEHICLES,NO_PERSONS_KILLED,NO_PERSONS_INJ_2,NO_PERSONS_INJ_3,NO_PERSONS_NOT_INJ,NO_PERSONS,POLICE_ATTEND,ROAD_GEOMETRY,ROAD_GEOMETRY_DESC,SEVERITY,SPEED_ZONE,RMA
T20230015857,2023/7/8,17:50:00,1,Collision with vehicle,6,Saturday,121,RIGHT THROUGH,5,47156,3,0,0,1,4,5,1,2,T intersection,3,60,Arterial Other
T20230017219,2023/7/8,23:30:00,5,collision with some other object,6,Saturday,179,OTHER ACCIDENTS-OFF STRAIGHT NOT INCLUDED IN DCAs 170-175,5,792942,1,0,0,2,2,4,2,5,Not at intersection,3,110,Arterial Highway
T20230016251,2023/7/8,17:55:00,1,Collision with vehicle,6,Saturday,130,REAR END(VEHICLES IN SAME LANE),2,795786,3,0,0,1,2,3,1,5,Not at intersection,3,80,Freeway
T20230015862,2023/7/8,18:20:00,2,Struck Pedestrian,6,Saturday,100,PED NEAR SIDE. PED HIT BY VEHICLE FROM THE RIGHT.,6,795783,1,0,0,1,1,2,2,2,T intersection,3,60,Local Road
T20230015869,2023/7/8,18:30:00,1,Collision with vehicle,7,Saturday,130,REAR END(VEHICLES IN SAME LANE),2,776982,2,0,1,0,1,2,1,5,Not at intersection,2,60,Local Road
T20230015892,2023/7/8,16:15:00,4,Collision with a fixed object,7,Saturday,171,LEFT OFF CARRIAGEWAY INTO OBJECT/PARKED VEHICLE,2,787092,1,0,0,1,0,1,1,5,Not at intersection,3,60,Arterial Other
T20230019676,2023/7/8,14:30:00,5,collision with some other object,6,Saturday,166,STRUCK OBJECT ON CARRIAGEWAY,1,779443,1,0,0,1,0,1,2,4,Multiple intersection,3,80,Local Road
T20230015881,2023/7/8,23:40:00,4,Collision with a fixed object,6,Saturday,181,OFF RIGHT BEND INTO OBJECT/PARKED VEHICLE,5,780222,1,0,0,1,0,1,1,5,Not at intersection,3,100,Arterial Other
T20230015845,2023/7/8,14:45:00,1,Collision with vehicle,7,Saturday,130,REAR END(VEHICLES IN SAME LANE),1,779023,2,0,4,0,1,5,1,5,Not at intersection,2,80,Arterial Highway
T20230018892,2023/7/8,13:40:00,6,Vehicle overturned (no collision),6,Saturday,179,OTHER ACCIDENTS-OFF STRAIGHT NOT INCLUDED IN DCAs 170-175,1,719529,1,0,0,1,0,1,1,5,Not at intersection,3,80,Arterial Highway
T20230015836,2023/7/8,11:00:00,6,Vehicle overturned (no collision),7,Saturday,182,OFF CARRIAGEWAY ON LEFT BEND,1,776989,1,0,1,0,3,4,1,5,Not at intersection,2,40,Arterial Other
T20230015880,2023/7/8,21:00:00,1,Collision with vehicle,7,Saturday,160,VEHICLE COLLIDES WITH VEHICLE PARKED ON LEFT OF ROAD,3,796568,4,0,1,1,0,2,1,5,Not at intersection,2,40,Local Road
T20230017399,2023/7/8,10:35:00,8,No collision and no object struck,6,Saturday,151,OUT OF CONTROL (OVERTAKING),1,777815,1,0,0,1,0,1,2,5,Not at intersection,3,100,Arterial Highway
T20230015805,2023/7/8,7:25:00,1,Collision with vehicle,7,Saturday,130,REAR END(VEHICLES IN SAME LANE),1,776953,2,0,1,0,5,6,1,5,Not at intersection,2,60,Arterial Other
T20230015863,2023/7/8,17:55:00,1,Collision with vehicle,7,Saturday,130,REAR END(VEHICLES IN SAME LANE),3,777060,2,0,0,1,1,2,2,5,Not at intersection,3,100,Freeway
T20230015835,2023/7/8,12:15:00,1,Collision with vehicle,7,Saturday,136,RIGHT TURN SIDESWIPE,1,787835,5,0,1,0,7,8,1,5,Not at intersection,2,80,Arterial Highway
T20230015799,2023/7/8,3:01:00,4,Collision with a fixed object,7,Saturday,181,OFF RIGHT BEND INTO OBJECT/PARKED VEHICLE,5,776978,1,0,1,0,3,4,1,5,Not at intersection,2,80,Arterial Other
T20230016674,2023/7/8,11:00:00,8,No collision and no object struck,6,Saturday,151,OUT OF CONTROL (OVERTAKING),1,777406,1,0,0,1,0,1,2,5,Not at intersection,3,999,Local Road
T20230015815,2023/7/8,8:30:00,4,Collision with a fixed object,6,Saturday,183,OFF LEFT BEND INTO OBJECT/PARKED VEHICLE,1,777073,1,0,0,2,0,2,1,5,Not at intersection,3,80,Local Road
T20230015866,2023/7/8,16:30:00,1,Collision with vehicle,7,Saturday,163,VEHICLE STRIKES DOOR OF PARKED/STATIONARY VEHICLE,1,777061,2,0,1,0,1,2,1,5,Not at intersection,2,40,Local Road
T20230015908,2023/7/8,18:30:00,1,Collision with vehicle,6,Saturday,163,VEHICLE STRIKES DOOR OF PARKED/STATIONARY VEHICLE,3,777063,3,0,0,2,5,7,2,5,Not at intersection,3,40,Arterial Other
T20230017468,2023/7/8,15:30:00,6,Vehicle overturned (no collision),7,Saturday,170,OFF CARRIAGEWAY TO LEFT,1,777957,1,0,0,1,0,1,2,5,Not at intersection,3,888,Local Road
T20230015831,2023/7/8,11:30:00,1,Collision with vehicle,6,Saturday,120,HEAD ON (NOT OVERTAKING),1,782831,2,0,1,0,1,2,1,5,Not at intersection,2,60,Local Road
T20230015829,2023/7/8,11:19:00,4,Collision with a fixed object,7,Saturday,181,OFF RIGHT BEND INTO OBJECT/PARKED VEHICLE,1,777074,1,0,0,1,3,4,1,5,Not at intersection,3,110,Freeway
T20230015825,2023/7/8,11:30:00,1,Collision with vehicle,6,Saturday,163,VEHICLE STRIKES DOOR OF PARKED/STATIONARY VEHICLE,1,777003,2,0,0,1,1,2,2,5,Not at intersection,3,999,Arterial Other
T20230015817,2023/7/8,10:25:00,4,Collision with a fixed object,7,Saturday,183,OFF LEFT BEND INTO OBJECT/PARKED VEHICLE,1,793433,1,0,0,1,0,1,1,2,T intersection,3,50,Local Road
T20230017528,2023/7/8,18:40:00,1,Collision with vehicle,6,Saturday,135,LANE CHANGE LEFT (NOT OVERTAKING),2,257301,2,0,0,1,1,2,2,1,Cross intersection,3,50,Arterial Other
T20230015858,2023/7/8,15:18:00,1,Collision with vehicle,6,Saturday,152,PULLING OUT (OVERTAKING),1,68700,2,0,1,0,2,3,1,2,T intersection,2,50,Local Road
T20230015877,2023/7/8,22:50:00,4,Collision with a fixed object,6,Saturday,183,OFF LEFT BEND INTO OBJECT/PARKED VEHICLE,5,787391,1,0,1,0,0,1,1,5,Not at intersection,2,40,Arterial Other
T20230015813,2023/7/8,10:20:00,1,Collision with vehicle,7,Saturday,134,LANE CHANGE RIGHT (NOT OVERTAKING),1,776985,3,0,1,0,3,4,1,5,Not at intersection,2,40,Local Road
T20230015811,2023/7/8,7:14:00,5,collision with some other object,7,Saturday,166,STRUCK OBJECT ON CARRIAGEWAY,2,776979,1,0,1,0,0,1,1,5,Not at intersection,2,60,Arterial Other
T20230015878,2023/7/8,16:30:00,1,Collision with vehicle,7,Saturday,130,REAR END(VEHICLES IN SAME LANE),2,778820,2,0,0,1,1,2,1,5,Not at intersection,3,100,Arterial Highway
T20230015872,2023/7/8,19:09:00,2,Struck Pedestrian,7,Saturday,102,FAR SIDE. PED HIT BY VEHICLE FROM THE LEFT,3,777131,1,0,1,0,1,2,1,5,Not at intersection,2,60,Local Road
T20230015904,2023/7/8,22:30:00,4,Collision with a fixed object,6,Saturday,171,LEFT OFF CARRIAGEWAY INTO OBJECT/PARKED VEHICLE,5,795990,1,0,0,1,0,1,1,5,Not at intersection,3,100,Arterial Other
T20230015938,2023/7/9,20:20:00,1,Collision with vehicle,0,Sunday,113,RIGHT NEAR (INTERSECTIONS ONLY),3,225346,2,0,0,1,1,2,1,2,T intersection,3,60,Arterial Other
T20230015979,2023/7/9,10:34:00,1,Collision with vehicle,1,Sunday,130,REAR END(VEHICLES IN SAME LANE),1,670995,2,0,0,2,1,3,2,2,T intersection,3,60,Arterial Highway
T20230015940,2023/7/9,21:59:00,1,Collision with vehicle,1,Sunday,110,CROSS TRAFFIC(INTERSECTIONS ONLY),3,339220,2,0,1,0,1,2,1,1,Cross intersection,2,80,Arterial Highway
T20230019436,2023/7/9,16:50:00,1,Collision with vehicle,1,Sunday,131,LEFT REAR,1,289584,2,0,0,1,1,2,2,1,Cross intersection,3,80,Arterial Highway
T20230017126,2023/7/9,19:00:00,1,Collision with vehicle,1,Sunday,135,LANE CHANGE LEFT (NOT OVERTAKING),2,787834,2,0,0,3,3,6,2,5,Not at intersection,3,80,Arterial Highway
T20230017187,2023/7/9,17:40:00,1,Collision with vehicle,0,Sunday,130,REAR END(VEHICLES IN SAME LANE),2,777664,2,0,0,1,1,2,1,5,Not at intersection,3,70,Arterial Other
T20240004478,2023/7/9,11:00:00,1,Collision with vehicle,0,Sunday,130,REAR END(VEHICLES IN SAME LANE),1,37055,4,0,0,1,2,3,2,2,T intersection,3,999,Arterial Highway
T20230015886,2023/7/9,3:00:00,4,Collision with a fixed object,1,Sunday,173,RIGHT OFF CARRIAGEWAY INTO OBJECT/PARKED VEHICLE,3,126743,1,0,1,0,0,1,1,5,Not at intersection,2,70,Arterial Other
T20230017843,2023/7/9,8:40:00,8,No collision and no object struck,0,Sunday,174,OUT OF CONTROL ON CARRIAGEWAY (ON STRAIGHT),1,53272,1,0,1,0,0,1,2,2,T intersection,2,40,Local Road
T20230017044,2023/7/9,18:00:00,2,Struck Pedestrian,0,Sunday,100,PED NEAR SIDE. PED HIT BY VEHICLE FROM THE RIGHT.,2,717408,1,0,0,1,1,2,2,2,T intersection,3,50,Arterial Other
T20230015937,2023/7/9,19:40:00,1,Collision with vehicle,1,Sunday,121,RIGHT THROUGH,3,30033,2,0,1,1,1,3,1,1,Cross intersection,2,999,Arterial Other
T20230015936,2023/7/9,20:30:00,1,Collision with vehicle,1,Sunday,133,LANE SIDE SWIPE (VEHICLES IN PARALLEL LANES),3,777005,2,0,0,1,2,3,1,5,Not at intersection,3,60,Arterial Highway
T20230015933,2023/7/9,20:00:00,1,Collision with vehicle,0,Sunday,121,RIGHT THROUGH,3,39959,2,0,2,0,3,5,1,1,Cross intersection,2,60,Arterial Other
T20230015932,2023/7/9,18:20:00,1,Collision with vehicle,1,Sunday,130,REAR END(VEHICLES IN SAME LANE),2,41183,2,0,0,4,0,4,1,2,T intersection,3,60,Arterial Other
T20230015929,2023/7/9,19:40:00,3,Struck animal,0,Sunday,167,STRUCK ANIMAL,5,778283,1,0,0,1,1,2,1,5,Not at intersection,3,100,Arterial Other
T20230015927,2023/7/9,17:25:00,1,Collision with vehicle,1,Sunday,121,RIGHT THROUGH,5,795785,2,0,1,0,1,2,1,2,T intersection,2,80,Arterial Other
T20230015891,2023/7/9,6:40:00,1,Collision with vehicle,0,Sunday,160,VEHICLE COLLIDES WITH VEHICLE PARKED ON LEFT OF ROAD,3,781416,2,0,2,0,0,2,1,5,Not at intersection,2,80,Arterial Highway
T20230016615,2023/7/9,11:00:00,8,No collision and no object struck,0,Sunday,189,OTHER ACCIDENTS ON CURVE NOT INCLUDED IN DCAs 180-184,9,777335,1,0,0,1,0,1,2,5,Not at intersection,3,888,Local Road
T20230015949,2023/7/9,22:15:00,4,Collision with a fixed object,1,Sunday,181,OFF RIGHT BEND INTO OBJECT/PARKED VEHICLE,5,779024,1,1,2,0,0,3,1,5,Not at intersection,1,80,Arterial Other
T20230015895,2023/7/9,5:48:00,4,Collision with a fixed object,1,Sunday,171,LEFT OFF CARRIAGEWAY INTO OBJECT/PARKED VEHICLE,3,787093,1,0,0,1,0,1,1,5,Not at intersection,3,60,Arterial Highway
T20230015947,2023/7/9,23:19:00,4,Collision with a fixed object,1,Sunday,183,OFF LEFT BEND INTO OBJECT/PARKED VEHICLE,5,788007,1,0,1,1,0,2,1,5,Not at intersection,2,60,Arterial Other
T20230015903,2023/7/9,8:45:00,1,Collision with vehicle,0,Sunday,118,TWO LEFT TURNING (INTERSECTIONS ONLY),2,776984,2,0,0,1,1,2,2,3,Y intersection,3,999,Local Road
T20230016049,2023/7/9,18:33:00,2,Struck Pedestrian,0,Sunday,106,VEH STRIKES PED ON FOOTPATH/MEDIAN/TRAFFIC ISLAND.,3,795989,1,0,0,1,1,2,1,5,Not at intersection,3,60,Arterial Highway
T20230019020,2023/7/10,17:20:00,1,Collision with vehicle,1,Monday,133,LANE SIDE SWIPE (VEHICLES IN PARALLEL LANES),1,288809,2,0,0,1,1,2,2,5,Not at intersection,3,60,Freeway
T20230015996,2023/7/10,16:15:00,1,Collision with vehicle,2,Monday,147,VEHICLE STRIKES ANOTHER VEH WHILE EMERGING FROM DRIVEWAY,1,777008,4,0,2,0,1,3,1,5,Not at intersection,2,50,Local Road
T20230017248,2023/7/10,18:00:00,1,Collision with vehicle,1,Monday,147,VEHICLE STRIKES ANOTHER VEH WHILE EMERGING FROM DRIVEWAY,2,777720,2,0,0,1,1,2,1,5,Not at intersection,3,50,Local Road
T20230015975,2023/7/10,13:01:00,2,Struck Pedestrian,1,Monday,108,PED STRUCK WALKING TO/FROM OR BOARDING/ALIGHTING VEHICLE.,1,264032,1,0,1,0,1,2,1,5,Not at intersection,2,40,Arterial Other
T20230015997,2023/7/10,17:35:00,1,Collision with vehicle,1,Monday,130,REAR END(VEHICLES IN SAME LANE),2,777659,3,0,0,2,2,4,1,5,Not at intersection,3,60,Arterial Highway
T20230016001,2023/7/10,14:33:00,1,Collision with vehicle,2,Monday,121,RIGHT THROUGH,1,221405,2,0,0,1,1,2,1,2,T intersection,3,80,Arterial Other
T20230016020,2023/7/10,23:20:00,4,Collision with a fixed object,2,Monday,173,RIGHT OFF CARRIAGEWAY INTO OBJECT/PARKED VEHICLE,5,788009,1,0,1,0,0,1,1,5,Not at intersection,2,90,
T20230015978,2023/7/10,14:00:00,4,Collision with a fixed object,1,Monday,183,OFF LEFT BEND INTO OBJECT/PARKED VEHICLE,1,788232,1,0,0,1,0,1,2,5,Not at intersection,3,999,
T20230016096,2023/7/10,19:20:00,1,Collision with vehicle,2,Monday,110,CROSS TRAFFIC(INTERSECTIONS ONLY),2,38643,2,0,0,1,1,2,2,1,Cross intersection,3,80,Arterial Highway
T20230016018,2023/7/10,22:48:00,4,Collision with a fixed object,1,Monday,181,OFF RIGHT BEND INTO OBJECT/PARKED VEHICLE,3,796193,1,0,1,0,0,1,1,5,Not at intersection,2,888,Local Road
T20230016016,2023/7/10,18:20:00,1,Collision with vehicle,2,Monday,121,RIGHT THROUGH,5,791069,2,0,1,1,0,2,1,2,T intersection,2,100,Arterial Highway
T20230023153,2023/7/10,7:10:00,3,Struck animal,2,Monday,167,STRUCK ANIMAL,2,782391,1,0,0,1,0,1,2,5,Not at intersection,3,80,Local Road
T20230015952,2023/7/10,6:45:00,1,Collision with vehicle,2,Monday,133,LANE SIDE SWIPE (VEHICLES IN PARALLEL LANES),2,777103,6,0,1,2,3,6,1,5,Not at intersection,2,110,Freeway
T20230015950,2023/7/10,4:50:00,4,Collision with a fixed object,1,Monday,181,OFF RIGHT BEND INTO OBJECT/PARKED VEHICLE,3,786009,1,0,0,1,0,1,1,5,Not at intersection,3,50,Arterial Other
T20230017206,2023/7/10,15:00:00,1,Collision with vehicle,2,Monday,113,RIGHT NEAR (INTERSECTIONS ONLY),1,777981,2,0,0,1,1,2,2,2,T intersection,3,50,Local Road
T20230017877,2023/7/10,18:15:00,1,Collision with vehicle,2,Monday,131,LEFT REAR,2,778368,2,0,0,1,1,2,2,5,Not at intersection,3,50,Local Road
T20230017845,2023/7/10,17:45:00,1,Collision with vehicle,1,Monday,121,RIGHT THROUGH,2,29397,2,0,0,1,1,2,2,1,Cross intersection,3,60,Arterial Other
T20230016013,2023/7/10,21:45:00,1,Collision with vehicle,2,Monday,130,REAR END(VEHICLES IN SAME LANE),3,779734,2,0,1,0,2,3,1,5,Not at intersection,2,60,Freeway
T20230016002,2023/7/10,14:40:00,1,Collision with vehicle,1,Monday,147,VEHICLE STRIKES ANOTHER VEH WHILE EMERGING FROM DRIVEWAY,1,788486,2,0,0,1,1,2,2,5,Not at intersection,3,888,Arterial Other
T20230016045,2023/7/10,20:40:00,4,Collision with a fixed object,2,Monday,171,LEFT OFF CARRIAGEWAY INTO OBJECT/PARKED VEHICLE,3,43119,1,0,1,0,0,1,1,1,Cross intersection,2,60,Local Road
T20230015977,2023/7/10,12:30:00,6,Vehicle overturned (no collision),2,Monday,172,OFF CARRIAGEWAY TO RIGHT,1,787392,1,0,2,0,0,2,1,5,Not at intersection,2,100,Arterial Highway
T20230015954,2023/7/10,8:45:00,1,Collision with vehicle,1,Monday,147,VEHICLE STRIKES ANOTHER VEH WHILE EMERGING FROM DRIVEWAY,2,777158,2,0,0,2,0,2,1,5,Not at intersection,3,60,Arterial Other
T20230016010,2023/7/10,11:30:00,1,Collision with vehicle,1,Monday,147,VEHICLE STRIKES ANOTHER VEH WHILE EMERGING FROM DRIVEWAY,1,794418,2,0,0,1,1,2,2,5,Not at intersection,3,60,Arterial Other
T20230016007,2023/7/10,18:34:00,6,Vehicle overturned (no collision),1,Monday,170,OFF CARRIAGEWAY TO LEFT,2,338480,1,0,0,1,0,1,1,1,Cross intersection,3,60,Arterial Other
T20230015995,2023/7/10,15:43:00,2,Struck Pedestrian,2,Monday,102,FAR SIDE. PED HIT BY VEHICLE FROM THE LEFT,1,777244,1,0,1,0,1,2,1,5,Not at intersection,2,50,Local Road
T20230015957,2023/7/10,9:43:00,2,Struck Pedestrian,2,Monday,100,PED NEAR SIDE. PED HIT BY VEHICLE FROM THE RIGHT.,1,777104,1,0,1,0,1,2,1,5,Not at intersection,2,80,Local Road
T20230018139,2023/7/10,7:30:00,8,No collision and no object struck,2,Monday,174,OUT OF CONTROL ON CARRIAGEWAY (ON STRAIGHT),1,36902,2,0,0,1,1,2,2,2,T intersection,3,50,Local Road
T20230016006,2023/7/10,17:20:00,1,Collision with vehicle,2,Monday,130,REAR END(VEHICLES IN SAME LANE),2,779991,2,0,1,2,3,6,1,2,T intersection,2,100,Arterial Highway
T20230016715,2023/7/10,12:55:00,1,Collision with vehicle,1,Monday,130,REAR END(VEHICLES IN SAME LANE),1,795913,3,0,0,1,2,3,1,5,Not at intersection,3,80,Arterial Highway
T20230016379,2023/7/10,10:30:00,4,Collision with a fixed object,2,Monday,173,RIGHT OFF CARRIAGEWAY INTO OBJECT/PARKED VEHICLE,1,788230,1,0,1,0,0,1,2,5,Not at intersection,2,110,
T20230015985,2023/7/10,12:30:00,1,Collision with vehicle,2,Monday,130,REAR END(VEHICLES IN SAME LANE),9,777532,2,0,0,1,1,2,9,2,T intersection,3,100,Local Road
T20230016087,2023/7/11,16:00:00,1,Collision with vehicle,2,Tuesday,136,RIGHT TURN SIDESWIPE,1,295113,2,0,0,1,1,2,1,5,Not at intersection,3,40,Arterial Other
T20230016086,2023/7/11,16:20:00,1,Collision with vehicle,3,Tuesday,120,HEAD ON (NOT OVERTAKING),1,777068,2,0,2,0,0,2,1,5,Not at intersection,2,60,Arterial Other
T20230016072,2023/7/11,12:25:00,4,Collision with a fixed object,3,Tuesday,173,RIGHT OFF CARRIAGEWAY INTO OBJECT/PARKED VEHICLE,1,786905,1,0,1,0,0,1,1,5,Not at intersection,2,100,Arterial Highway
T20230016061,2023/7/11,12:36:00,1,Collision with vehicle,2,Tuesday,194,PARKED CAR RUN AWAY,1,788228,2,0,0,1,0,1,1,5,Not at intersection,3,50,
T20230016059,2023/7/11,9:25:00,6,Vehicle overturned (no collision),2,Tuesday,170,OFF CARRIAGEWAY TO LEFT,2,777710,1,0,0,1,0,1,1,5,Not at intersection,3,80,Arterial Other
T20230016055,2023/7/11,9:00:00,1,Collision with vehicle,2,Tuesday,130,REAR END(VEHICLES IN SAME LANE),1,777190,3,0,0,2,2,4,1,5,Not at intersection,3,60,Arterial Other
T20230016052,2023/7/11,9:00:00,1,Collision with vehicle,2,Tuesday,130,REAR END(VEHICLES IN SAME LANE),1,777067,2,0,0,2,0,2,1,5,Not at intersection,3,40,Local Road
T20230016023,2023/7/11,5:09:00,1,Collision with vehicle,3,Tuesday,121,RIGHT THROUGH,2,779309,2,0,2,0,0,2,1,2,T intersection,2,80,Arterial Other
T20230016026,2023/7/11,6:15:00,1,Collision with vehicle,3,Tuesday,160,VEHICLE COLLIDES WITH VEHICLE PARKED ON LEFT OF ROAD,2,778093,2,0,0,1,0,1,1,5,Not at intersection,3,60,Local Road
T20230016028,2023/7/11,7:05:00,1,Collision with vehicle,2,Tuesday,121,RIGHT THROUGH,1,796019,2,0,0,1,1,2,1,1,Cross intersection,3,80,Arterial Other
T20230016030,2023/7/11,8:24:00,1,Collision with vehicle,3,Tuesday,130,REAR END(VEHICLES IN SAME LANE),2,777875,4,0,1,0,3,4,1,5,Not at intersection,2,60,Arterial Other
T20230016033,2023/7/11,7:30:00,6,Vehicle overturned (no collision),2,Tuesday,174,OUT OF CONTROL ON CARRIAGEWAY (ON STRAIGHT),2,777479,1,0,0,1,0,1,2,5,Not at intersection,3,100,Arterial Highway
T20230016036,2023/7/11,6:52:00,1,Collision with vehicle,3,Tuesday,160,VEHICLE COLLIDES WITH VEHICLE PARKED ON LEFT OF ROAD,2,778033,2,0,0,1,0,1,1,5,Not at intersection,3,60,Arterial Other
T20230016037,2023/7/11,9:54:00,1,Collision with vehicle,2,Tuesday,160,VEHICLE COLLIDES WITH VEHICLE PARKED ON LEFT OF ROAD,1,778034,2,0,1,0,0,1,1,5,Not at intersection,2,50,Local Road
T20230016367,2023/7/11,9:20:00,1,Collision with vehicle,2,Tuesday,113,RIGHT NEAR (INTERSECTIONS ONLY),1,796022,2,0,0,1,1,2,1,2,T intersection,3,60,Local Road
T20230016038,2023/7/11,10:30:00,4,Collision with a fixed object,3,Tuesday,171,LEFT OFF CARRIAGEWAY INTO OBJECT/PARKED VEHICLE,1,777122,1,0,1,0,0,1,2,5,Not at intersection,2,100,Arterial Other
T20230016997,2023/7/11,8:34:00,1,Collision with vehicle,2,Tuesday,130,REAR END(VEHICLES IN SAME LANE),2,777567,2,0,0,1,1,2,2,5,Not at intersection,3,80,Freeway
T20230016336,2023/7/11,18:30:00,8,No collision and no object struck,3,Tuesday,174,OUT OF CONTROL ON CARRIAGEWAY (ON STRAIGHT),4,38625,1,0,0,1,0,1,2,2,T intersection,3,50,Arterial Other
T20230016041,2023/7/11,6:59:00,1,Collision with vehicle,2,Tuesday,121,RIGHT THROUGH,2,64153,2,0,1,0,1,2,1,2,T intersection,2,50,Local Road
T20230016065,2023/7/11,7:45:00,1,Collision with vehicle,2,Tuesday,116,LEFT NEAR (INTERSECTIONS ONLY),9,777121,2,0,0,1,1,2,2,2,T intersection,3,999,Local Road
T20230016048,2023/7/11,10:40:00,1,Collision with vehicle,2,Tuesday,121,RIGHT THROUGH,1,44907,2,0,0,1,1,2,1,2,T intersection,3,70,Arterial Other
T20230016185,2023/7/11,11:23:00,1,Collision with vehicle,3,Tuesday,121,RIGHT THROUGH,1,852,2,0,1,0,2,3,1,2,T intersection,2,60,Arterial Other
T20230016700,2023/7/11,8:30:00,1,Collision with vehicle,2,Tuesday,110,CROSS TRAFFIC(INTERSECTIONS ONLY),2,37842,2,0,0,1,1,2,1,1,Cross intersection,3,60,Local Road
T20230016181,2023/7/11,17:45:00,1,Collision with vehicle,3,Tuesday,148,VEHICLE OFF FOOTPATH STRIKES VEH ON CARRIAGEWAY,3,777125,2,0,0,1,1,2,1,5,Not at intersection,3,60,Local Road
T20230016088,2023/7/11,16:30:00,2,Struck Pedestrian,3,Tuesday,100,PED NEAR SIDE. PED HIT BY VEHICLE FROM THE RIGHT.,2,777114,1,0,0,1,1,2,1,2,T intersection,3,50,Local Road
T20230016089,2023/7/11,18:47:00,1,Collision with vehicle,2,Tuesday,130,REAR END(VEHICLES IN SAME LANE),5,796145,3,0,0,1,2,3,1,5,Not at intersection,3,100,Freeway
T20230016766,2023/7/11,8:45:00,1,Collision with vehicle,2,Tuesday,130,REAR END(VEHICLES IN SAME LANE),2,96434,2,0,0,1,1,2,2,5,Not at intersection,3,60,Arterial Highway
T20230016091,2023/7/11,17:52:00,1,Collision with vehicle,3,Tuesday,130,REAR END(VEHICLES IN SAME LANE),3,777192,2,0,1,0,1,2,1,5,Not at intersection,2,100,Freeway
T20230016095,2023/7/11,19:45:00,6,Vehicle overturned (no collision),3,Tuesday,151,OUT OF CONTROL (OVERTAKING),3,787517,1,0,1,0,0,1,1,5,Not at intersection,2,60,Arterial Highway
T20230016098,2023/7/11,17:30:00,1,Collision with vehicle,3,Tuesday,130,REAR END(VEHICLES IN SAME LANE),2,779420,2,0,1,3,0,4,1,1,Cross intersection,2,100,Arterial Other
T20230019590,2023/7/11,20:00:00,1,Collision with vehicle,2,Tuesday,113,RIGHT NEAR (INTERSECTIONS ONLY),3,45051,2,0,0,1,3,4,1,2,T intersection,3,60,Arterial Other
T20230016101,2023/7/11,18:48:00,2,Struck Pedestrian,2,Tuesday,100,PED NEAR SIDE. PED HIT BY VEHICLE FROM THE RIGHT.,2,778705,1,0,2,0,0,2,1,2,T intersection,2,80,Arterial Highway
T20230020589,2023/7/11,13:30:00,1,Collision with vehicle,2,Tuesday,147,VEHICLE STRIKES ANOTHER VEH WHILE EMERGING FROM DRIVEWAY,1,788485,2,0,0,1,1,2,2,5,Not at intersection,3,888,Arterial Highway
T20230016104,2023/7/11,16:07:00,4,Collision with a fixed object,3,Tuesday,171,LEFT OFF CARRIAGEWAY INTO OBJECT/PARKED VEHICLE,1,788190,1,0,2,0,0,2,1,2,T intersection,2,50,Local Road
T20230016257,2023/7/11,15:00:00,2,Struck Pedestrian,2,Tuesday,100,PED NEAR SIDE. PED HIT BY VEHICLE FROM THE RIGHT.,1,777194,1,0,0,1,1,2,2,5,Not at intersection,3,50,Local Road
T20230016105,2023/7/11,18:10:00,1,Collision with vehicle,3,Tuesday,120,HEAD ON (NOT OVERTAKING),2,778292,5,0,0,2,3,5,1,5,Not at intersection,3,60,Local Road
T20230016107,2023/7/11,20:35:00,1,Collision with vehicle,2,Tuesday,113,RIGHT NEAR (INTERSECTIONS ONLY),3,58798,2,0,0,4,1,5,1,3,Y intersection,3,80,Arterial Highway
T20230016108,2023/7/11,20:46:00,1,Collision with vehicle,2,Tuesday,130,REAR END(VEHICLES IN SAME LANE),2,780826,2,0,0,1,2,3,1,2,T intersection,3,60,Arterial Highway
T20230016902,2023/7/11,9:30:00,1,Collision with vehicle,2,Tuesday,110,CROSS TRAFFIC(INTERSECTIONS ONLY),1,1309,2,0,0,1,1,2,2,1,Cross intersection,3,60,Arterial Other
T20230016109,2023/7/11,23:20:00,1,Collision with vehicle,2,Tuesday,110,CROSS TRAFFIC(INTERSECTIONS ONLY),3,51063,2,0,0,1,1,2,1,1,Cross intersection,3,40,Local Road
T20230016111,2023/7/11,22:20:00,1,Collision with vehicle,2,Tuesday,110,CROSS TRAFFIC(INTERSECTIONS ONLY),3,796020,2,0,1,0,1,2,1,1,Cross intersection,2,60,Local Road
T20230020275,2023/7/11,14:28:00,1,Collision with vehicle,2,Tuesday,110,CROSS TRAFFIC(INTERSECTIONS ONLY),1,779926,2,0,0,1,1,2,1,1,Cross intersection,3,100,Arterial Highway
T20230016151,2023/7/11,12:31:00,1,Collision with vehicle,3,Tuesday,121,RIGHT THROUGH,1,777117,2,0,1,0,1,2,1,5,Not at intersection,2,60,Local Road
T20230017065,2023/7/11,19:00:00,1,Collision with vehicle,2,Tuesday,148,VEHICLE OFF FOOTPATH STRIKES VEH ON CARRIAGEWAY,3,65743,2,0,0,1,1,2,2,1,Cross intersection,3,40,Local Road