ACCIDENT_NO,ACCIDENT_DATE,ACCIDENT_TIME,ACCIDENT_TYPE,ACCIDENT_TYPE_DESC,DAY_OF_WEEK,DAY_WEEK_DESC,DCA_CODE,DCA_DESC,LIGHT_CONDITION,NODE_ID,NO_OF_VEHICLES,NO_PERSONS_KILLED,NO_PERSONS_INJ_2,NO_PERSONS_INJ_3,NO_PERSONS_NOT_INJ,NO_PERSONS,POLICE_ATTEND,ROAD_GEOMETRY,ROAD_GEOMETRY_DESC,SEVERITY,SPEED_ZONE,RMA
T20230016135,2023/7/11,12:05:00,2,Struck Pedestrian,2,Tuesday,101,PED EMERGES FROM IN FRONT OF PARKED OR STATIONARY VEHICLE,1,787323,1,0,0,1,1,2,1,5,Not at intersection,3,40,Local Road
T20230016131,2023/7/11,6:49:00,1,Collision with vehicle,2,Tuesday,130,REAR END(VEHICLES IN SAME LANE),3,799190,2,0,0,1,1,2,2,1,Cross intersection,3,30,Arterial Other
T20230016519,2023/7/11,18:00:00,1,Collision with vehicle,3,Tuesday,130,REAR END(VEHICLES IN SAME LANE),2,36481,2,0,0,1,1,2,2,1,Cross intersection,3,50,Arterial Other
T20230017542,2023/7/11,10:27:00,1,Collision with vehicle,2,Tuesday,130,REAR END(VEHICLES IN SAME LANE),1,779324,2,0,0,1,1,2,1,5,Not at intersection,3,60,Arterial Other
T20230016114,2023/7/11,8:00:00,1,Collision with vehicle,3,Tuesday,130,REAR END(VEHICLES IN SAME LANE),2,781829,2,0,0,1,1,2,9,5,Not at intersection,3,80,Freeway
T20230016113,2023/7/11,8:15:00,1,Collision with vehicle,2,Tuesday,130,REAR END(VEHICLES IN SAME LANE),1,796021,2,0,1,0,1,2,2,5,Not at intersection,2,80,Arterial Other
T20230016161,2023/7/12,15:00:00,4,Collision with a fixed object,3,Wednesday,173,RIGHT OFF CARRIAGEWAY INTO OBJECT/PARKED VEHICLE,1,795981,1,0,1,0,0,1,1,5,Not at intersection,2,100,
T20230016213,2023/7/12,7:00:00,1,Collision with vehicle,3,Wednesday,110,CROSS TRAFFIC(INTERSECTIONS ONLY),3,43460,2,0,0,1,1,2,2,1,Cross intersection,3,60,Local Road
T20230016179,2023/7/12,19:00:00,1,Collision with vehicle,4,Wednesday,134,LANE CHANGE RIGHT (NOT OVERTAKING),3,780391,2,0,2,0,0,2,1,5,Not at intersection,2,80,Freeway
T20230016407,2023/7/12,9:30:00,1,Collision with vehicle,4,Wednesday,130,REAR END(VEHICLES IN SAME LANE),1,777923,2,0,0,1,2,3,2,2,T intersection,3,40,Arterial Other
T20230024453,2023/7/12,16:00:00,1,Collision with vehicle,3,Wednesday,130,REAR END(VEHICLES IN SAME LANE),2,789764,2,0,0,1,1,2,2,5,Not at intersection,3,60,Local Road
T20230016118,2023/7/12,7:05:00,4,Collision with a fixed object,4,Wednesday,175,OFF END OF ROAD/T-INTERSECTION.,1,795987,1,0,1,0,0,1,1,2,T intersection,2,80,
T20230016200,2023/7/12,16:30:00,1,Collision with vehicle,4,Wednesday,154,PULLING OUT -REAR END,1,794608,2,1,0,0,1,2,1,5,Not at intersection,1,100,
T20230016280,2023/7/12,15:20:00,1,Collision with vehicle,3,Wednesday,130,REAR END(VEHICLES IN SAME LANE),1,777213,2,0,0,1,1,2,2,5,Not at intersection,3,100,Freeway
T20230016120,2023/7/12,8:37:00,1,Collision with vehicle,3,Wednesday,121,RIGHT THROUGH,1,777115,2,0,1,0,1,2,1,2,T intersection,2,50,Arterial Highway
T20230016196,2023/7/12,11:54:00,1,Collision with vehicle,4,Wednesday,120,HEAD ON (NOT OVERTAKING),1,777081,2,1,1,0,0,2,1,5,Not at intersection,1,100,Arterial Highway
T20230016126,2023/7/12,9:50:00,1,Collision with vehicle,4,Wednesday,110,CROSS TRAFFIC(INTERSECTIONS ONLY),1,17751,2,0,1,1,0,2,1,1,Cross intersection,2,100,Local Road
T20230018869,2023/7/12,20:00:00,1,Collision with vehicle,3,Wednesday,130,REAR END(VEHICLES IN SAME LANE),3,796429,2,0,0,1,3,4,1,2,T intersection,3,60,Arterial Highway
T20230016193,2023/7/12,20:00:00,4,Collision with a fixed object,3,Wednesday,183,OFF LEFT BEND INTO OBJECT/PARKED VEHICLE,5,787394,1,0,1,0,0,1,1,5,Not at intersection,2,70,Arterial Other
T20230016191,2023/7/12,20:27:00,1,Collision with vehicle,3,Wednesday,130,REAR END(VEHICLES IN SAME LANE),3,788179,2,0,0,1,1,2,1,5,Not at intersection,3,60,Arterial Other
T20230016180,2023/7/12,15:40:00,2,Struck Pedestrian,3,Wednesday,102,FAR SIDE. PED HIT BY VEHICLE FROM THE LEFT,1,778242,1,0,1,0,1,2,1,5,Not at intersection,2,40,Local Road
T20230016128,2023/7/12,7:50:00,1,Collision with vehicle,3,Wednesday,130,REAR END(VEHICLES IN SAME LANE),2,777212,2,0,0,1,1,2,2,5,Not at intersection,3,60,Local Road
T20230016130,2023/7/12,9:25:00,2,Struck Pedestrian,3,Wednesday,102,FAR SIDE. PED HIT BY VEHICLE FROM THE LEFT,1,260370,1,0,0,1,1,2,1,1,Cross intersection,3,50,Local Road
T20230016133,2023/7/12,10:53:00,4,Collision with a fixed object,4,Wednesday,171,LEFT OFF CARRIAGEWAY INTO OBJECT/PARKED VEHICLE,1,777127,1,0,0,1,0,1,1,5,Not at intersection,3,80,Local Road
T20230016134,2023/7/12,8:45:00,2,Struck Pedestrian,3,Wednesday,100,PED NEAR SIDE. PED HIT BY VEHICLE FROM THE RIGHT.,2,777282,1,0,0,1,1,2,1,5,Not at intersection,3,50,Local Road
T20230016143,2023/7/12,8:00:00,4,Collision with a fixed object,4,Wednesday,181,OFF RIGHT BEND INTO OBJECT/PARKED VEHICLE,1,794159,1,0,1,0,0,1,1,5,Not at intersection,2,100,
T20230016144,2023/7/12,11:26:00,6,Vehicle overturned (no collision),3,Wednesday,189,OTHER ACCIDENTS ON CURVE NOT INCLUDED IN DCAs 180-184,1,777804,1,0,0,1,0,1,1,5,Not at intersection,3,50,Arterial Other
T20230016146,2023/7/12,11:39:00,1,Collision with vehicle,4,Wednesday,130,REAR END(VEHICLES IN SAME LANE),1,783195,2,0,1,0,1,2,1,5,Not at intersection,2,100,Freeway
T20230016147,2023/7/12,8:20:00,1,Collision with vehicle,4,Wednesday,110,CROSS TRAFFIC(INTERSECTIONS ONLY),1,777116,2,0,1,0,1,2,1,1,Cross intersection,2,50,Local Road
T20230016152,2023/7/12,7:01:00,2,Struck Pedestrian,4,Wednesday,100,PED NEAR SIDE. PED HIT BY VEHICLE FROM THE RIGHT.,2,777160,1,0,0,1,1,2,1,2,T intersection,3,50,Local Road
T20230016154,2023/7/12,11:45:00,4,Collision with a fixed object,3,Wednesday,173,RIGHT OFF CARRIAGEWAY INTO OBJECT/PARKED VEHICLE,1,796409,1,0,1,0,0,1,1,5,Not at intersection,2,100,Local Road
T20230016491,2023/7/12,10:52:00,1,Collision with vehicle,3,Wednesday,113,RIGHT NEAR (INTERSECTIONS ONLY),1,48852,2,0,0,1,1,2,1,2,T intersection,3,60,Local Road
T20230016160,2023/7/12,15:15:00,1,Collision with vehicle,4,Wednesday,136,RIGHT TURN SIDESWIPE,1,72763,2,0,1,0,1,2,1,1,Cross intersection,2,80,Local Road
T20230019336,2023/7/12,19:00:00,4,Collision with a fixed object,3,Wednesday,171,LEFT OFF CARRIAGEWAY INTO OBJECT/PARKED VEHICLE,9,788010,1,0,1,0,1,2,2,5,Not at intersection,2,80,Local Road
T20230016164,2023/7/12,15:48:00,1,Collision with vehicle,3,Wednesday,121,RIGHT THROUGH,1,51034,2,0,2,0,1,3,1,1,Cross intersection,2,100,Local Road
T20230016165,2023/7/12,15:00:00,4,Collision with a fixed object,4,Wednesday,183,OFF LEFT BEND INTO OBJECT/PARKED VEHICLE,1,777130,1,0,1,0,0,1,1,5,Not at intersection,2,100,Local Road
T20230016304,2023/7/12,9:45:00,1,Collision with vehicle,3,Wednesday,130,REAR END(VEHICLES IN SAME LANE),1,49429,2,0,0,1,1,2,1,2,T intersection,3,60,Arterial Other
T20230016170,2023/7/12,18:01:00,1,Collision with vehicle,3,Wednesday,130,REAR END(VEHICLES IN SAME LANE),5,796372,2,0,2,0,2,4,1,5,Not at intersection,2,80,Arterial Highway
T20230016166,2023/7/12,6:13:00,6,Vehicle overturned (no collision),4,Wednesday,174,OUT OF CONTROL ON CARRIAGEWAY (ON STRAIGHT),3,777118,1,0,1,0,0,1,1,5,Not at intersection,2,60,Arterial Other
T20230016171,2023/7/12,16:22:00,1,Collision with vehicle,4,Wednesday,110,CROSS TRAFFIC(INTERSECTIONS ONLY),1,777164,2,0,1,0,1,2,1,1,Cross intersection,2,40,Local Road
T20230016226,2023/7/12,10:11:00,1,Collision with vehicle,3,Wednesday,135,LANE CHANGE LEFT (NOT OVERTAKING),1,777166,2,0,0,2,0,2,1,3,Y intersection,3,40,Local Road
T20230016173,2023/7/12,3:30:00,4,Collision with a fixed object,3,Wednesday,181,OFF RIGHT BEND INTO OBJECT/PARKED VEHICLE,5,796410,1,0,1,0,0,1,1,5,Not at intersection,2,100,Local Road
T20230016253,2023/7/12,18:50:00,2,Struck Pedestrian,4,Wednesday,102,FAR SIDE. PED HIT BY VEHICLE FROM THE LEFT,2,787337,1,0,1,0,1,2,2,5,Not at intersection,2,50,Local Road
T20230016175,2023/7/12,17:25:00,1,Collision with vehicle,4,Wednesday,130,REAR END(VEHICLES IN SAME LANE),2,777165,5,0,0,2,3,5,1,5,Not at intersection,3,70,Arterial Other
T20230016177,2023/7/12,17:56:00,1,Collision with vehicle,3,Wednesday,121,RIGHT THROUGH,2,778035,2,0,0,1,1,2,1,1,Cross intersection,3,60,Local Road
T20230016899,2023/7/12,8:10:00,6,Vehicle overturned (no collision),3,Wednesday,151,OUT OF CONTROL (OVERTAKING),2,777490,1,0,0,1,0,1,2,5,Not at intersection,3,50,Local Road
T20230016261,2023/7/12,16:10:00,1,Collision with vehicle,3,Wednesday,132,RIGHT REAR.,1,246534,2,0,0,1,1,2,1,1,Cross intersection,3,100,Arterial Other
T20230016270,2023/7/12,17:50:00,1,Collision with vehicle,4,Wednesday,130,REAR END(VEHICLES IN SAME LANE),2,292163,2,0,0,1,1,2,2,1,Cross intersection,3,80,Arterial Other
T20230016324,2023/7/12,13:45:00,1,Collision with vehicle,4,Wednesday,110,CROSS TRAFFIC(INTERSECTIONS ONLY),1,43598,2,0,1,0,1,2,2,1,Cross intersection,2,60,Arterial Other
T20230016178,2023/7/12,8:20:00,1,Collision with vehicle,3,Wednesday,130,REAR END(VEHICLES IN SAME LANE),1,44593,2,0,0,1,1,2,2,1,Cross intersection,3,60,Arterial Other
T20230022201,2023/7/12,23:30:00,2,Struck Pedestrian,3,Wednesday,103,PED PLAYING/LYING/WORKING/STANDING ON CARRIAGEWAY.,3,799642,1,0,0,1,3,4,2,5,Not at intersection,3,50,Local Road
T20230016214,2023/7/12,19:48:00,1,Collision with vehicle,4,Wednesday,121,RIGHT THROUGH,3,778797,2,0,1,4,1,6,1,5,Not at intersection,2,60,Arterial Other
T20230016706,2023/7/13,18:50:00,8,No collision and no object struck,4,Thursday,174,OUT OF CONTROL ON CARRIAGEWAY (ON STRAIGHT),9,779517,2,0,0,1,1,2,2,2,T intersection,3,999,Local Road
T20230016285,2023/7/13,16:35:00,1,Collision with vehicle,4,Thursday,130,REAR END(VEHICLES IN SAME LANE),2,777167,2,0,0,1,1,2,1,5,Not at intersection,3,100,Freeway
T20230016283,2023/7/13,20:12:00,6,Vehicle overturned (no collision),4,Thursday,174,OUT OF CONTROL ON CARRIAGEWAY (ON STRAIGHT),3,788013,1,0,1,0,0,1,1,5,Not at intersection,2,50,Arterial Other
T20230016282,2023/7/13,6:54:00,1,Collision with vehicle,4,Thursday,133,LANE SIDE SWIPE (VEHICLES IN PARALLEL LANES),2,778899,2,0,0,1,1,2,2,5,Not at intersection,3,80,Arterial Highway
T20230016679,2023/7/13,11:30:00,2,Struck Pedestrian,4,Thursday,109,ANY MANOEUVRE INVOLVING PED NOT INCLUDED IN DCAs 100-108.,1,787856,1,0,0,1,2,3,2,5,Not at intersection,3,60,Arterial Highway
T20230016278,2023/7/13,17:34:00,1,Collision with vehicle,4,Thursday,134,LANE CHANGE RIGHT (NOT OVERTAKING),3,796375,2,0,0,1,1,2,1,5,Not at intersection,3,80,Freeway
T20230016275,2023/7/13,18:03:00,2,Struck Pedestrian,4,Thursday,102,FAR SIDE. PED HIT BY VEHICLE FROM THE LEFT,2,777877,1,0,0,1,1,2,1,5,Not at intersection,3,50,Local Road
T20230016274,2023/7/13,14:20:00,1,Collision with vehicle,4,Thursday,113,RIGHT NEAR (INTERSECTIONS ONLY),1,47857,3,0,0,1,2,3,1,2,T intersection,3,80,Arterial Highway
T20230016205,2023/7/13,3:09:00,1,Collision with vehicle,4,Thursday,160,VEHICLE COLLIDES WITH VEHICLE PARKED ON LEFT OF ROAD,3,796373,2,0,1,0,0,1,1,5,Not at intersection,2,50,Local Road
T20230016209,2023/7/13,5:23:00,1,Collision with vehicle,5,Thursday,121,RIGHT THROUGH,3,35304,2,0,0,2,0,2,1,1,Cross intersection,3,60,Arterial Other
T20230017545,2023/7/13,15:38:00,1,Collision with vehicle,5,Thursday,130,REAR END(VEHICLES IN SAME LANE),1,784655,2,0,0,1,3,4,2,5,Not at intersection,3,70,Arterial Other
T20230016216,2023/7/13,6:45:00,1,Collision with vehicle,5,Thursday,130,REAR END(VEHICLES IN SAME LANE),2,777350,3,0,1,2,0,3,1,5,Not at intersection,2,100,Freeway
T20230020128,2023/7/13,18:20:00,1,Collision with vehicle,4,Thursday,130,REAR END(VEHICLES IN SAME LANE),3,30033,2,0,0,1,1,2,1,1,Cross intersection,3,60,Arterial Other
T20230016220,2023/7/13,7:43:00,1,Collision with vehicle,5,Thursday,116,LEFT NEAR (INTERSECTIONS ONLY),2,292865,2,0,1,0,1,2,1,3,Y intersection,2,60,Local Road
T20230019004,2023/7/13,3:30:00,3,Struck animal,4,Thursday,167,STRUCK ANIMAL,5,779861,1,0,0,1,0,1,2,5,Not at intersection,3,60,Local Road
T20230016777,2023/7/13,19:50:00,1,Collision with vehicle,5,Thursday,130,REAR END(VEHICLES IN SAME LANE),3,292957,2,0,0,1,1,2,2,5,Not at intersection,3,80,Arterial Other
T20230016783,2023/7/13,16:13:00,1,Collision with vehicle,4,Thursday,134,LANE CHANGE RIGHT (NOT OVERTAKING),1,796428,2,0,0,1,1,2,2,5,Not at intersection,3,80,Arterial Other
T20230016268,2023/7/13,17:55:00,1,Collision with vehicle,5,Thursday,121,RIGHT THROUGH,3,45186,2,0,0,1,2,3,1,1,Cross intersection,3,60,Arterial Highway
T20230016267,2023/7/13,13:52:00,1,Collision with vehicle,4,Thursday,121,RIGHT THROUGH,1,292174,2,0,0,1,1,2,1,1,Cross intersection,3,60,Arterial Highway
T20230016263,2023/7/13,16:22:00,1,Collision with vehicle,4,Thursday,130,REAR END(VEHICLES IN SAME LANE),2,777255,2,0,0,1,1,2,1,5,Not at intersection,3,60,Arterial Highway
T20230016258,2023/7/13,14:20:00,1,Collision with vehicle,5,Thursday,140,U TURN,1,777232,2,0,0,2,0,2,1,5,Not at intersection,3,999,Arterial Other
T20230016318,2023/7/13,14:30:00,2,Struck Pedestrian,4,Thursday,107,PED ON FOOTHPATH STRUCK BY VEHENTERING/LEAVING DRIVEWAY.,9,779086,1,0,1,0,1,2,2,5,Not at intersection,2,999,Local Road
T20230016256,2023/7/13,14:54:00,1,Collision with vehicle,4,Thursday,110,CROSS TRAFFIC(INTERSECTIONS ONLY),1,50689,2,0,1,0,1,2,1,4,Multiple intersection,2,50,Arterial Highway
T20230016249,2023/7/13,6:02:00,1,Collision with vehicle,4,Thursday,111,RIGHT FAR (INTERSECTIONS ONLY),2,29841,2,0,0,1,1,2,1,2,T intersection,3,50,Arterial Other
T20230016241,2023/7/13,7:00:00,2,Struck Pedestrian,5,Thursday,104,PED WALKING WITH TRAFFIC,5,777876,1,0,1,1,0,2,1,5,Not at intersection,2,80,Arterial Other
T20230016229,2023/7/13,9:48:00,1,Collision with vehicle,5,Thursday,113,RIGHT NEAR (INTERSECTIONS ONLY),1,187355,2,0,1,1,1,3,1,3,Y intersection,2,80,Local Road
T20230016561,2023/7/13,14:17:00,2,Struck Pedestrian,4,Thursday,108,PED STRUCK WALKING TO/FROM OR BOARDING/ALIGHTING VEHICLE.,1,777300,1,0,0,1,1,2,2,5,Not at intersection,3,40,Local Road
T20230017387,2023/7/13,10:30:00,2,Struck Pedestrian,4,Thursday,102,FAR SIDE. PED HIT BY VEHICLE FROM THE LEFT,1,226603,1,0,0,1,1,2,2,1,Cross intersection,3,80,Arterial Other
T20230016297,2023/7/13,23:45:00,1,Collision with vehicle,4,Thursday,130,REAR END(VEHICLES IN SAME LANE),3,790978,2,0,0,1,1,2,1,5,Not at intersection,3,70,
T20230016290,2023/7/13,22:10:00,1,Collision with vehicle,4,Thursday,110,CROSS TRAFFIC(INTERSECTIONS ONLY),3,56552,2,0,0,2,0,2,1,1,Cross intersection,3,60,Local Road
T20230016289,2023/7/13,16:00:00,2,Struck Pedestrian,4,Thursday,100,PED NEAR SIDE. PED HIT BY VEHICLE FROM THE RIGHT.,2,777195,1,0,0,1,1,2,1,5,Not at intersection,3,60,Local Road
T20230016260,2023/7/13,14:49:00,1,Collision with vehicle,4,Thursday,121,RIGHT THROUGH,1,778895,2,0,0,1,1,2,1,5,Not at intersection,3,60,Arterial Other
T20230016348,2023/7/13,18:02:00,1,Collision with vehicle,5,Thursday,111,RIGHT FAR (INTERSECTIONS ONLY),2,29403,2,0,1,0,1,2,1,1,Cross intersection,2,40,Arterial Other
T20230016380,2023/7/14,20:20:00,4,Collision with a fixed object,5,Friday,171,LEFT OFF CARRIAGEWAY INTO OBJECT/PARKED VEHICLE,3,43241,1,0,1,0,0,1,1,2,T intersection,2,60,Local Road
T20230016393,2023/7/14,22:50:00,2,Struck Pedestrian,5,Friday,100,PED NEAR SIDE. PED HIT BY VEHICLE FROM THE RIGHT.,3,777246,1,0,0,1,1,2,1,5,Not at intersection,3,40,Local Road
T20230016358,2023/7/14,8:30:00,1,Collision with vehicle,5,Friday,133,LANE SIDE SWIPE (VEHICLES IN PARALLEL LANES),2,777219,2,0,0,1,1,2,2,5,Not at intersection,3,60,Local Road
T20230016338,2023/7/14,7:10:00,1,Collision with vehicle,5,Friday,130,REAR END(VEHICLES IN SAME LANE),2,715627,2,0,0,1,1,2,1,5,Not at intersection,3,60,Freeway
T20230017684,2023/7/14,9:10:00,1,Collision with vehicle,5,Friday,111,RIGHT FAR (INTERSECTIONS ONLY),1,35549,2,0,0,1,1,2,2,1,Cross intersection,3,999,Arterial Other
T20230016580,2023/7/14,8:55:00,1,Collision with vehicle,5,Friday,130,REAR END(VEHICLES IN SAME LANE),2,777831,2,0,0,1,1,2,2,5,Not at intersection,3,40,Local Road
T20230017493,2023/7/14,8:40:00,1,Collision with vehicle,5,Friday,183,OFF LEFT BEND INTO OBJECT/PARKED VEHICLE,1,796420,4,0,0,1,1,2,1,5,Not at intersection,3,50,Local Road
T20230016657,2023/7/14,11:34:00,1,Collision with vehicle,6,Friday,113,RIGHT NEAR (INTERSECTIONS ONLY),1,335399,2,0,1,0,1,2,2,2,T intersection,2,80,Local Road
T20230018709,2023/7/14,10:50:00,8,No collision and no object struck,5,Friday,149,OTHER MANOEUVRING NOT INCLUDED IN DCAs 140-148,1,780069,1,0,0,1,0,1,2,2,T intersection,3,100,Local Road
T20230016356,2023/7/14,14:45:00,4,Collision with a fixed object,5,Friday,179,OTHER ACCIDENTS-OFF STRAIGHT NOT INCLUDED IN DCAs 170-175,1,777285,1,0,0,1,0,1,1,5,Not at intersection,3,100,Local Road
T20230018153,2023/7/14,8:30:00,4,Collision with a fixed object,6,Friday,173,RIGHT OFF CARRIAGEWAY INTO OBJECT/PARKED VEHICLE,2,778347,1,0,0,2,2,4,1,5,Not at intersection,3,60,Arterial Highway
T20230016490,2023/7/14,9:14:00,1,Collision with vehicle,5,Friday,130,REAR END(VEHICLES IN SAME LANE),2,778957,2,0,0,1,1,2,2,5,Not at intersection,3,60,Arterial Other
T20230016385,2023/7/14,19:10:00,4,Collision with a fixed object,5,Friday,179,OTHER ACCIDENTS-OFF STRAIGHT NOT INCLUDED IN DCAs 170-175,3,248937,1,0,1,0,1,2,1,2,T intersection,2,60,Arterial Highway
T20230016389,2023/7/14,21:45:00,2,Struck Pedestrian,5,Friday,101,PED EMERGES FROM IN FRONT OF PARKED OR STATIONARY VEHICLE,3,788181,1,0,0,1,2,3,1,2,T intersection,3,60,Local Road
T20230016707,2023/7/14,15:40:00,6,Vehicle overturned (no collision),5,Friday,180,OFF CARRIAGEWAY ON RIGHT BEND,1,778545,2,0,1,0,2,3,1,5,Not at intersection,2,100,Local Road
T20230016696,2023/7/14,17:40:00,1,Collision with vehicle,5,Friday,130,REAR END(VEHICLES IN SAME LANE),2,777734,3,0,0,2,3,5,2,5,Not at intersection,3,80,Freeway
T20230016390,2023/7/14,20:24:00,1,Collision with vehicle,6,Friday,121,RIGHT THROUGH,3,779774,2,0,0,2,0,2,1,1,Cross intersection,3,70,Local Road
T20230016437,2023/7/14,21:05:00,5,collision with some other object,5,Friday,171,LEFT OFF CARRIAGEWAY INTO OBJECT/PARKED VEHICLE,5,779775,1,0,0,1,1,2,1,5,Not at intersection,3,80,Local Road
T20230016357,2023/7/14,14:30:00,1,Collision with vehicle,6,Friday,130,REAR END(VEHICLES IN SAME LANE),1,43706,6,0,1,2,5,8,1,1,Cross intersection,2,60,Arterial Other
T20230018349,2023/7/14,8:00:00,1,Collision with vehicle,5,Friday,132,RIGHT REAR.,2,778401,2,0,0,1,1,2,2,5,Not at intersection,3,50,Local Road
T20230016359,2023/7/14,6:55:00,1,Collision with vehicle,5,Friday,116,LEFT NEAR (INTERSECTIONS ONLY),2,287772,2,0,0,1,1,2,2,1,Cross intersection,3,60,Arterial Other
T20230016341,2023/7/14,12:06:00,1,Collision with vehicle,5,Friday,134,LANE CHANGE RIGHT (NOT OVERTAKING),1,777245,2,0,0,1,1,2,1,1,Cross intersection,3,50,Local Road
T20230016660,2023/7/14,17:00:00,1,Collision with vehicle,5,Friday,130,REAR END(VEHICLES IN SAME LANE),1,796381,2,0,0,2,1,3,2,5,Not at intersection,3,80,Arterial Other
T20230016343,2023/7/14,14:08:00,4,Collision with a fixed object,6,Friday,173,RIGHT OFF CARRIAGEWAY INTO OBJECT/PARKED VEHICLE,1,777265,1,0,1,0,0,1,1,5,Not at intersection,2,60,Arterial Other
T20230016345,2023/7/14,13:14:00,6,Vehicle overturned (no collision),6,Friday,151,OUT OF CONTROL (OVERTAKING),1,788021,1,0,0,1,0,1,1,5,Not at intersection,3,100,
T20230016360,2023/7/14,15:05:00,1,Collision with vehicle,5,Friday,110,CROSS TRAFFIC(INTERSECTIONS ONLY),1,36192,2,0,0,1,2,3,2,1,Cross intersection,3,50,Local Road
T20230016987,2023/7/14,19:10:00,1,Collision with vehicle,5,Friday,110,CROSS TRAFFIC(INTERSECTIONS ONLY),3,29588,2,0,0,1,1,2,2,1,Cross intersection,3,60,Arterial Other
T20230016361,2023/7/14,17:57:00,2,Struck Pedestrian,6,Friday,100,PED NEAR SIDE. PED HIT BY VEHICLE FROM THE RIGHT.,5,777266,1,0,1,0,1,2,1,5,Not at intersection,2,60,Arterial Other
T20230016365,2023/7/14,13:38:00,1,Collision with vehicle,5,Friday,112,LEFT FAR (INTERSECTIONS ONLY),1,778314,2,0,0,1,1,2,1,2,T intersection,3,60,Local Road
T20230016368,2023/7/14,15:30:00,2,Struck Pedestrian,5,Friday,101,PED EMERGES FROM IN FRONT OF PARKED OR STATIONARY VEHICLE,1,788019,1,0,1,0,1,2,1,5,Not at intersection,2,40,Local Road
T20230016373,2023/7/14,19:00:00,1,Collision with vehicle,6,Friday,140,U TURN,3,777287,2,0,0,1,1,2,1,5,Not at intersection,3,80,Arterial Highway
T20230016375,2023/7/14,15:40:00,1,Collision with vehicle,6,Friday,130,REAR END(VEHICLES IN SAME LANE),1,777897,3,0,1,0,2,3,1,5,Not at intersection,2,100,Freeway
T20230016619,2023/7/14,19:00:00,2,Struck Pedestrian,5,Friday,100,PED NEAR SIDE. PED HIT BY VEHICLE FROM THE RIGHT.,2,791641,1,0,0,1,1,2,2,5,Not at intersection,3,999,
T20230016376,2023/7/14,15:05:00,2,Struck Pedestrian,5,Friday,100,PED NEAR SIDE. PED HIT BY VEHICLE FROM THE RIGHT.,1,780467,2,0,3,0,1,4,1,5,Not at intersection,2,80,Arterial Highway
T20230016377,2023/7/14,19:05:00,2,Struck Pedestrian,5,Friday,104,PED WALKING WITH TRAFFIC,5,788022,1,0,1,0,2,3,1,5,Not at intersection,2,80,Local Road
T20230016347,2023/7/14,8:00:00,1,Collision with vehicle,5,Friday,110,CROSS TRAFFIC(INTERSECTIONS ONLY),1,279270,2,0,1,0,1,2,1,1,Cross intersection,2,80,Freeway
T20230016327,2023/7/14,6:30:00,1,Collision with vehicle,6,Friday,147,VEHICLE STRIKES ANOTHER VEH WHILE EMERGING FROM DRIVEWAY,2,777196,3,0,0,2,1,3,1,5,Not at intersection,3,50,Local Road
T20230018158,2023/7/14,17:15:00,1,Collision with vehicle,6,Friday,148,VEHICLE OFF FOOTPATH STRIKES VEH ON CARRIAGEWAY,1,810,2,0,0,1,1,2,2,2,T intersection,3,999,Local Road
T20230016790,2023/7/14,19:00:00,1,Collision with vehicle,5,Friday,113,RIGHT NEAR (INTERSECTIONS ONLY),3,72560,2,0,0,2,2,4,1,3,Y intersection,3,60,Arterial Other
T20230016549,2023/7/14,10:48:00,1,Collision with vehicle,5,Friday,160,VEHICLE COLLIDES WITH VEHICLE PARKED ON LEFT OF ROAD,1,796379,3,0,0,1,0,1,1,5,Not at intersection,3,50,Local Road
T20230016351,2023/7/14,12:00:00,5,collision with some other object,5,Friday,166,STRUCK OBJECT ON CARRIAGEWAY,1,787514,1,0,0,1,1,2,1,5,Not at intersection,3,110,Freeway
T20230016352,2023/7/14,16:10:00,1,Collision with vehicle,6,Friday,110,CROSS TRAFFIC(INTERSECTIONS ONLY),2,51645,2,0,1,1,0,2,1,1,Cross intersection,2,60,Arterial Other
T20230016332,2023/7/14,6:57:00,1,Collision with vehicle,6,Friday,113,RIGHT NEAR (INTERSECTIONS ONLY),2,42852,2,0,1,0,1,2,1,2,T intersection,2,80,Arterial Other
T20230016654,2023/7/14,11:20:00,1,Collision with vehicle,5,Friday,136,RIGHT TURN SIDESWIPE,1,796418,2,0,0,2,3,5,1,5,Not at intersection,3,70,Arterial Other
T20230016307,2023/7/14,8:44:00,1,Collision with vehicle,6,Friday,110,CROSS TRAFFIC(INTERSECTIONS ONLY),2,29430,2,0,0,1,4,5,1,1,Cross intersection,3,50,Local Road
T20230016306,2023/7/14,6:45:00,1,Collision with vehicle,5,Friday,163,VEHICLE STRIKES DOOR OF PARKED/STATIONARY VEHICLE,2,777214,2,0,0,1,1,2,1,5,Not at intersection,3,40,Arterial Other
T20230016354,2023/7/14,17:05:00,1,Collision with vehicle,6,Friday,130,REAR END(VEHICLES IN SAME LANE),2,777218,2,0,0,1,1,2,1,5,Not at intersection,3,110,Freeway
T20230016586,2023/7/14,18:46:00,1,Collision with vehicle,5,Friday,112,LEFT FAR (INTERSECTIONS ONLY),2,55865,2,0,0,1,1,2,1,2,T intersection,3,60,Local Road