ACCIDENT_NO,ACCIDENT_DATE,ACCIDENT_TIME,ACCIDENT_TYPE,ACCIDENT_TYPE_DESC,DAY_OF_WEEK,DAY_WEEK_DESC,DCA_CODE,DCA_DESC,LIGHT_CONDITION,NODE_ID,NO_OF_VEHICLES,NO_PERSONS_KILLED,NO_PERSONS_INJ_2,NO_PERSONS_INJ_3,NO_PERSONS_NOT_INJ,NO_PERSONS,POLICE_ATTEND,ROAD_GEOMETRY,ROAD_GEOMETRY_DESC,SEVERITY,SPEED_ZONE,RMA
T20230016302,2023/7/14,2:45:00,4,Collision with a fixed object,5,Friday,179,OTHER ACCIDENTS-OFF STRAIGHT NOT INCLUDED IN DCAs 170-175,3,65743,1,0,0,1,0,1,1,1,Cross intersection,3,40,Local Road
T20230016298,2023/7/14,2:46:00,2,Struck Pedestrian,6,Friday,100,PED NEAR SIDE. PED HIT BY VEHICLE FROM THE RIGHT.,3,45547,1,0,1,0,1,2,1,1,Cross intersection,2,50,Arterial Other
T20230016636,2023/7/14,22:30:00,1,Collision with vehicle,5,Friday,130,REAR END(VEHICLES IN SAME LANE),6,777337,2,0,0,1,1,2,2,5,Not at intersection,3,999,Arterial Other
T20230016293,2023/7/14,0:04:00,4,Collision with a fixed object,6,Friday,171,LEFT OFF CARRIAGEWAY INTO OBJECT/PARKED VEHICLE,3,781414,1,0,0,1,0,1,1,5,Not at intersection,3,80,Arterial Other
T20230016454,2023/7/15,16:33:00,2,Struck Pedestrian,6,Saturday,100,PED NEAR SIDE. PED HIT BY VEHICLE FROM THE RIGHT.,2,777290,1,0,0,1,3,4,1,5,Not at intersection,3,40,Local Road
T20230016453,2023/7/15,14:10:00,1,Collision with vehicle,7,Saturday,130,REAR END(VEHICLES IN SAME LANE),1,779025,3,0,0,1,2,3,1,5,Not at intersection,3,60,Local Road
T20230016449,2023/7/15,11:30:00,1,Collision with vehicle,6,Saturday,130,REAR END(VEHICLES IN SAME LANE),1,777248,2,0,0,1,1,2,2,2,T intersection,3,60,Arterial Highway
T20230017062,2023/7/15,13:00:00,8,No collision and no object struck,6,Saturday,174,OUT OF CONTROL ON CARRIAGEWAY (ON STRAIGHT),1,788024,1,0,1,0,0,1,2,5,Not at intersection,2,50,Local Road
T20230016853,2023/7/15,14:30:00,7,Fall from or in moving vehicle,6,Saturday,190,FELL IN/FROM VEHICLE,1,777489,1,0,0,1,0,1,2,5,Not at intersection,3,100,Local Road
T20230016841,2023/7/15,10:30:00,8,No collision and no object struck,6,Saturday,174,OUT OF CONTROL ON CARRIAGEWAY (ON STRAIGHT),1,777488,1,0,1,0,0,1,2,5,Not at intersection,2,60,Local Road
T20230016443,2023/7/15,16:36:00,1,Collision with vehicle,7,Saturday,121,RIGHT THROUGH,2,39326,3,0,0,1,3,4,1,2,T intersection,3,60,Arterial Other
T20230016455,2023/7/15,17:55:00,1,Collision with vehicle,7,Saturday,121,RIGHT THROUGH,2,410,2,0,0,2,3,5,1,1,Cross intersection,3,50,Arterial Highway
T20230016475,2023/7/15,17:30:00,4,Collision with a fixed object,6,Saturday,151,OUT OF CONTROL (OVERTAKING),2,778903,1,0,0,2,0,2,1,5,Not at intersection,3,100,Local Road
T20230016474,2023/7/15,20:10:00,1,Collision with vehicle,6,Saturday,121,RIGHT THROUGH,3,346616,2,0,0,4,2,6,1,1,Cross intersection,3,80,Freeway
T20230016993,2023/7/15,11:30:00,1,Collision with vehicle,7,Saturday,130,REAR END(VEHICLES IN SAME LANE),1,780918,2,0,0,1,1,2,2,5,Not at intersection,3,80,Arterial Other
T20230016472,2023/7/15,18:14:00,1,Collision with vehicle,7,Saturday,130,REAR END(VEHICLES IN SAME LANE),2,779052,4,0,1,1,6,8,1,5,Not at intersection,2,80,Freeway
T20230017893,2023/7/15,17:00:00,1,Collision with vehicle,6,Saturday,121,RIGHT THROUGH,2,778112,2,0,0,1,1,2,2,5,Not at intersection,3,60,Arterial Other
T20230017138,2023/7/15,14:00:00,8,No collision and no object struck,6,Saturday,184,OUT OF CONTROL ON CARRIAGEWAY (ON BEND),1,793432,1,0,1,0,0,1,2,5,Not at intersection,2,999,
T20230016471,2023/7/15,20:17:00,2,Struck Pedestrian,7,Saturday,100,PED NEAR SIDE. PED HIT BY VEHICLE FROM THE RIGHT.,3,780123,1,0,1,0,1,2,1,5,Not at intersection,2,60,Arterial Highway
T20230016470,2023/7/15,18:35:00,3,Struck animal,6,Saturday,167,STRUCK ANIMAL,2,777330,1,0,0,1,0,1,1,5,Not at intersection,3,100,Arterial Highway
T20230016468,2023/7/15,21:04:00,1,Collision with vehicle,6,Saturday,120,HEAD ON (NOT OVERTAKING),3,777974,2,0,0,2,1,3,1,5,Not at intersection,3,60,Arterial Other
T20230016476,2023/7/15,21:32:00,1,Collision with vehicle,6,Saturday,121,RIGHT THROUGH,3,588708,2,0,1,1,0,2,1,1,Cross intersection,2,60,Arterial Highway
T20230016466,2023/7/15,19:00:00,2,Struck Pedestrian,6,Saturday,109,ANY MANOEUVRE INVOLVING PED NOT INCLUDED IN DCAs 100-108.,9,787861,1,0,0,1,0,1,2,5,Not at intersection,3,50,Local Road
T20230022538,2023/7/15,23:15:00,1,Collision with vehicle,6,Saturday,163,VEHICLE STRIKES DOOR OF PARKED/STATIONARY VEHICLE,6,787513,2,0,0,1,1,2,2,5,Not at intersection,3,999,Arterial Other
T20230016463,2023/7/15,17:45:00,4,Collision with a fixed object,6,Saturday,151,OUT OF CONTROL (OVERTAKING),2,792025,2,0,0,1,2,3,1,5,Not at intersection,3,50,
T20230016396,2023/7/15,1:41:00,1,Collision with vehicle,6,Saturday,110,CROSS TRAFFIC(INTERSECTIONS ONLY),3,35355,2,0,0,1,1,2,1,1,Cross intersection,3,40,Local Road
T20230016408,2023/7/15,4:47:00,1,Collision with vehicle,7,Saturday,130,REAR END(VEHICLES IN SAME LANE),3,783540,3,0,2,0,1,3,1,5,Not at intersection,2,80,Arterial Other
T20230016412,2023/7/15,9:50:00,2,Struck Pedestrian,6,Saturday,102,FAR SIDE. PED HIT BY VEHICLE FROM THE LEFT,1,777222,1,0,0,1,1,2,1,4,Multiple intersection,3,70,Arterial Highway
T20230016462,2023/7/15,18:10:00,1,Collision with vehicle,7,Saturday,130,REAR END(VEHICLES IN SAME LANE),2,777295,5,0,0,1,4,5,1,5,Not at intersection,3,100,Freeway
T20230016419,2023/7/15,11:25:00,1,Collision with vehicle,6,Saturday,121,RIGHT THROUGH,1,6899,2,0,0,1,3,4,1,1,Cross intersection,3,60,Arterial Other
T20230018837,2023/7/15,16:28:00,1,Collision with vehicle,6,Saturday,113,RIGHT NEAR (INTERSECTIONS ONLY),2,45435,2,0,0,1,1,2,1,1,Cross intersection,3,60,Arterial Other
T20230016423,2023/7/15,12:35:00,1,Collision with vehicle,7,Saturday,113,RIGHT NEAR (INTERSECTIONS ONLY),1,29622,2,0,0,1,3,4,1,1,Cross intersection,3,60,Arterial Other
T20240003793,2023/7/15,14:15:00,1,Collision with vehicle,6,Saturday,130,REAR END(VEHICLES IN SAME LANE),1,1254,2,0,0,1,1,2,2,1,Cross intersection,3,70,Arterial Highway
T20230017820,2023/7/15,14:00:00,6,Vehicle overturned (no collision),6,Saturday,175,OFF END OF ROAD/T-INTERSECTION.,1,778170,1,0,0,1,0,1,2,5,Not at intersection,3,999,Local Road
T20230016435,2023/7/15,12:36:00,3,Struck animal,6,Saturday,167,STRUCK ANIMAL,1,777288,1,0,1,0,0,1,1,5,Not at intersection,2,100,Local Road
T20230016429,2023/7/15,13:00:00,1,Collision with vehicle,6,Saturday,110,CROSS TRAFFIC(INTERSECTIONS ONLY),1,29975,2,0,0,1,2,3,1,1,Cross intersection,3,60,Local Road
T20230016460,2023/7/15,19:30:00,6,Vehicle overturned (no collision),6,Saturday,170,OFF CARRIAGEWAY TO LEFT,5,658258,1,0,0,1,0,1,1,5,Not at intersection,3,100,Arterial Other
T20230016438,2023/7/15,13:20:00,1,Collision with vehicle,7,Saturday,110,CROSS TRAFFIC(INTERSECTIONS ONLY),1,704626,2,0,0,3,0,3,1,1,Cross intersection,3,999,Local Road
T20230016457,2023/7/15,11:30:00,1,Collision with vehicle,7,Saturday,136,RIGHT TURN SIDESWIPE,9,42463,2,0,0,1,1,2,2,3,Y intersection,3,999,Arterial Other
T20230016442,2023/7/15,15:00:00,2,Struck Pedestrian,7,Saturday,107,PED ON FOOTHPATH STRUCK BY VEHENTERING/LEAVING DRIVEWAY.,1,777224,1,0,0,1,1,2,1,5,Not at intersection,3,50,Local Road
T20230016478,2023/7/15,20:52:00,2,Struck Pedestrian,7,Saturday,102,FAR SIDE. PED HIT BY VEHICLE FROM THE LEFT,3,653495,1,0,1,0,1,2,1,2,T intersection,2,70,Arterial Other
T20230021899,2023/7/15,19:00:00,3,Struck animal,6,Saturday,167,STRUCK ANIMAL,5,781152,1,0,0,1,0,1,2,5,Not at intersection,3,999,Local Road
T20230016446,2023/7/15,16:55:00,8,No collision and no object struck,6,Saturday,174,OUT OF CONTROL ON CARRIAGEWAY (ON STRAIGHT),2,777805,1,0,1,0,0,1,1,5,Not at intersection,2,60,Local Road
T20230016448,2023/7/15,15:16:00,2,Struck Pedestrian,7,Saturday,102,FAR SIDE. PED HIT BY VEHICLE FROM THE LEFT,1,796376,1,0,1,0,1,2,1,5,Not at intersection,2,60,Arterial Highway
T20230016451,2023/7/15,16:25:00,4,Collision with a fixed object,6,Saturday,171,LEFT OFF CARRIAGEWAY INTO OBJECT/PARKED VEHICLE,2,784234,1,0,0,1,0,1,1,5,Not at intersection,3,50,Local Road
T20230016751,2023/7/15,20:30:00,1,Collision with vehicle,6,Saturday,110,CROSS TRAFFIC(INTERSECTIONS ONLY),3,41324,2,0,0,1,1,2,1,1,Cross intersection,3,50,Local Road
T20230016498,2023/7/15,11:30:00,2,Struck Pedestrian,7,Saturday,101,PED EMERGES FROM IN FRONT OF PARKED OR STATIONARY VEHICLE,1,778342,1,0,0,1,1,2,1,3,Y intersection,3,60,Arterial Other
T20230016557,2023/7/16,22:01:00,4,Collision with a fixed object,0,Sunday,179,OTHER ACCIDENTS-OFF STRAIGHT NOT INCLUDED IN DCAs 170-175,3,788625,1,0,0,1,0,1,1,5,Not at intersection,3,60,Local Road
T20230017122,2023/7/16,11:05:00,1,Collision with vehicle,0,Sunday,147,VEHICLE STRIKES ANOTHER VEH WHILE EMERGING FROM DRIVEWAY,1,788670,2,0,0,1,2,3,1,5,Not at intersection,3,60,Arterial Other
T20230017309,2023/7/16,19:00:00,1,Collision with vehicle,0,Sunday,134,LANE CHANGE RIGHT (NOT OVERTAKING),3,796671,2,0,0,1,1,2,2,1,Cross intersection,3,60,Arterial Other
T20230016553,2023/7/16,21:30:00,3,Struck animal,0,Sunday,167,STRUCK ANIMAL,5,777333,1,0,0,2,1,3,1,5,Not at intersection,3,110,Freeway
T20230017171,2023/7/16,13:00:00,4,Collision with a fixed object,0,Sunday,171,LEFT OFF CARRIAGEWAY INTO OBJECT/PARKED VEHICLE,1,788630,1,0,0,2,1,3,1,5,Not at intersection,3,60,Local Road
T20230016509,2023/7/16,12:34:00,6,Vehicle overturned (no collision),1,Sunday,184,OUT OF CONTROL ON CARRIAGEWAY (ON BEND),1,777297,1,0,1,0,0,1,1,5,Not at intersection,2,80,Local Road
T20230016594,2023/7/16,18:30:00,1,Collision with vehicle,1,Sunday,130,REAR END(VEHICLES IN SAME LANE),2,777978,2,0,0,2,0,2,2,5,Not at intersection,3,70,Arterial Highway
T20230016568,2023/7/16,16:30:00,4,Collision with a fixed object,0,Sunday,171,LEFT OFF CARRIAGEWAY INTO OBJECT/PARKED VEHICLE,1,799158,1,0,1,0,0,1,1,5,Not at intersection,2,50,Arterial Highway
T20230016535,2023/7/16,13:55:00,1,Collision with vehicle,1,Sunday,121,RIGHT THROUGH,1,53180,2,0,1,0,4,5,1,1,Cross intersection,2,80,Freeway
T20230016517,2023/7/16,14:45:00,1,Collision with vehicle,1,Sunday,130,REAR END(VEHICLES IN SAME LANE),1,777250,2,0,1,0,1,2,1,5,Not at intersection,2,70,Arterial Highway
T20230016883,2023/7/16,21:00:00,4,Collision with a fixed object,1,Sunday,175,OFF END OF ROAD/T-INTERSECTION.,5,788631,1,0,0,1,0,1,1,2,T intersection,3,100,Local Road
T20230017572,2023/7/16,14:15:00,2,Struck Pedestrian,0,Sunday,103,PED PLAYING/LYING/WORKING/STANDING ON CARRIAGEWAY.,1,789011,1,0,0,1,1,2,2,5,Not at intersection,3,777,Local Road
T20230016505,2023/7/16,11:56:00,1,Collision with vehicle,0,Sunday,130,REAR END(VEHICLES IN SAME LANE),1,778394,2,0,0,1,2,3,1,2,T intersection,3,60,Arterial Other
T20230016537,2023/7/16,18:00:00,5,collision with some other object,0,Sunday,166,STRUCK OBJECT ON CARRIAGEWAY,2,777526,1,0,0,1,0,1,1,5,Not at intersection,3,50,Local Road
T20230016544,2023/7/16,19:26:00,4,Collision with a fixed object,1,Sunday,173,RIGHT OFF CARRIAGEWAY INTO OBJECT/PARKED VEHICLE,4,780912,1,0,1,0,0,1,1,5,Not at intersection,2,60,Arterial Other
T20230016546,2023/7/16,19:00:00,4,Collision with a fixed object,0,Sunday,183,OFF LEFT BEND INTO OBJECT/PARKED VEHICLE,5,793428,1,0,1,1,0,2,1,5,Not at intersection,2,60,
T20230016503,2023/7/16,8:00:00,1,Collision with vehicle,0,Sunday,113,RIGHT NEAR (INTERSECTIONS ONLY),1,329220,2,0,0,2,0,2,1,1,Cross intersection,3,60,Freeway
T20230016514,2023/7/16,11:40:00,4,Collision with a fixed object,0,Sunday,181,OFF RIGHT BEND INTO OBJECT/PARKED VEHICLE,1,777404,1,0,1,0,0,1,1,5,Not at intersection,2,80,Arterial Highway
T20230016555,2023/7/16,15:30:00,1,Collision with vehicle,1,Sunday,130,REAR END(VEHICLES IN SAME LANE),1,796380,2,0,0,1,1,2,2,5,Not at intersection,3,80,Arterial Other
T20230016520,2023/7/16,14:17:00,1,Collision with vehicle,1,Sunday,139,OTHER SAME DIRECTION-MANOUEVRES NOT INCLUDED IN DCAs 130-137,1,777481,2,0,0,2,5,7,1,1,Cross intersection,3,100,Arterial Highway
T20230016554,2023/7/16,21:10:00,1,Collision with vehicle,1,Sunday,113,RIGHT NEAR (INTERSECTIONS ONLY),3,71600,2,0,1,0,2,3,1,2,T intersection,2,60,Arterial Other
T20230017112,2023/7/16,12:10:00,5,collision with some other object,0,Sunday,179,OTHER ACCIDENTS-OFF STRAIGHT NOT INCLUDED IN DCAs 170-175,1,777594,1,0,0,1,0,1,2,5,Not at intersection,3,50,Local Road
T20230016984,2023/7/16,18:40:00,1,Collision with vehicle,1,Sunday,163,VEHICLE STRIKES DOOR OF PARKED/STATIONARY VEHICLE,2,777565,2,0,0,1,1,2,1,1,Cross intersection,3,60,Arterial Other
T20230016524,2023/7/16,16:00:00,3,Struck animal,1,Sunday,167,STRUCK ANIMAL,1,777264,1,0,1,0,0,1,1,5,Not at intersection,2,50,Local Road
T20230016526,2023/7/16,11:10:00,1,Collision with vehicle,1,Sunday,120,HEAD ON (NOT OVERTAKING),1,779085,3,1,0,1,1,3,1,5,Not at intersection,1,100,Local Road
T20230016484,2023/7/16,1:05:00,4,Collision with a fixed object,1,Sunday,183,OFF LEFT BEND INTO OBJECT/PARKED VEHICLE,5,777249,1,0,1,1,1,3,1,5,Not at intersection,2,60,Local Road
T20230016515,2023/7/16,13:10:00,1,Collision with vehicle,1,Sunday,153,CUTTING IN (OVERTAKING),1,780962,3,0,1,1,2,4,1,5,Not at intersection,2,80,Arterial Highway
T20230016499,2023/7/16,10:12:00,4,Collision with a fixed object,1,Sunday,171,LEFT OFF CARRIAGEWAY INTO OBJECT/PARKED VEHICLE,1,778315,1,0,2,0,0,2,1,2,T intersection,2,70,Arterial Other
T20230016511,2023/7/16,14:25:00,1,Collision with vehicle,1,Sunday,130,REAR END(VEHICLES IN SAME LANE),1,777332,2,0,0,1,5,6,1,5,Not at intersection,3,80,Arterial Highway
T20230016756,2023/7/16,17:45:00,7,Fall from or in moving vehicle,0,Sunday,190,FELL IN/FROM VEHICLE,2,36800,1,0,0,1,1,2,2,1,Cross intersection,3,999,Local Road
T20230020276,2023/7/16,8:27:00,4,Collision with a fixed object,1,Sunday,173,RIGHT OFF CARRIAGEWAY INTO OBJECT/PARKED VEHICLE,1,796416,1,0,0,1,0,1,1,5,Not at intersection,3,100,Arterial Other
T20230016528,2023/7/16,15:00:00,1,Collision with vehicle,1,Sunday,130,REAR END(VEHICLES IN SAME LANE),1,777298,3,0,1,0,2,3,1,5,Not at intersection,2,999,Arterial Other
T20230016497,2023/7/16,10:38:00,1,Collision with vehicle,1,Sunday,140,U TURN,1,779115,2,0,0,2,2,4,1,5,Not at intersection,3,80,Arterial Other
T20230016529,2023/7/16,16:02:00,1,Collision with vehicle,0,Sunday,163,VEHICLE STRIKES DOOR OF PARKED/STATIONARY VEHICLE,2,796378,2,0,0,1,1,2,1,5,Not at intersection,3,60,Arterial Other
T20230018919,2023/7/16,14:45:00,8,No collision and no object struck,1,Sunday,174,OUT OF CONTROL ON CARRIAGEWAY (ON STRAIGHT),1,778843,1,0,0,1,0,1,2,5,Not at intersection,3,888,Local Road
T20230020547,2023/7/16,2:17:00,1,Collision with vehicle,0,Sunday,135,LANE CHANGE LEFT (NOT OVERTAKING),3,124659,2,0,0,1,1,2,1,5,Not at intersection,3,40,Local Road
T20230016492,2023/7/16,4:41:00,1,Collision with vehicle,1,Sunday,160,VEHICLE COLLIDES WITH VEHICLE PARKED ON LEFT OF ROAD,3,777344,2,0,0,1,1,2,1,5,Not at intersection,3,40,Local Road
T20230016500,2023/7/16,9:45:00,2,Struck Pedestrian,0,Sunday,104,PED WALKING WITH TRAFFIC,9,777879,1,0,0,2,0,2,2,2,T intersection,3,60,Arterial Other
T20230016566,2023/7/16,9:10:00,8,No collision and no object struck,0,Sunday,149,OTHER MANOEUVRING NOT INCLUDED IN DCAs 140-148,2,47695,1,0,0,1,0,1,2,1,Cross intersection,3,70,Arterial Other
T20230019693,2023/7/16,2:47:00,4,Collision with a fixed object,0,Sunday,183,OFF LEFT BEND INTO OBJECT/PARKED VEHICLE,3,779536,1,0,0,1,0,1,1,5,Not at intersection,3,50,Local Road
T20230016551,2023/7/16,19:00:00,4,Collision with a fixed object,1,Sunday,171,LEFT OFF CARRIAGEWAY INTO OBJECT/PARKED VEHICLE,5,778978,1,0,2,0,0,2,1,5,Not at intersection,2,100,Freeway
T20230016617,2023/7/16,15:15:00,1,Collision with vehicle,0,Sunday,133,LANE SIDE SWIPE (VEHICLES IN PARALLEL LANES),1,777308,2,0,0,1,1,2,2,5,Not at intersection,3,50,Local Road
T20230016552,2023/7/16,20:55:00,1,Collision with vehicle,0,Sunday,160,VEHICLE COLLIDES WITH VEHICLE PARKED ON LEFT OF ROAD,3,779896,2,0,0,1,1,2,1,5,Not at intersection,3,60,Arterial Other
T20230016485,2023/7/16,1:35:00,4,Collision with a fixed object,0,Sunday,171,LEFT OFF CARRIAGEWAY INTO OBJECT/PARKED VEHICLE,5,796206,1,0,1,0,0,1,1,5,Not at intersection,2,100,Arterial Other
T20230017130,2023/7/16,15:26:00,5,collision with some other object,1,Sunday,189,OTHER ACCIDENTS ON CURVE NOT INCLUDED IN DCAs 180-184,1,777596,1,0,0,1,0,1,2,5,Not at intersection,3,999,Local Road
T20230016630,2023/7/17,18:15:00,2,Struck Pedestrian,2,Monday,100,PED NEAR SIDE. PED HIT BY VEHICLE FROM THE RIGHT.,3,41927,1,0,1,0,1,2,1,1,Cross intersection,2,80,Arterial Highway
T20230016651,2023/7/17,21:00:00,5,collision with some other object,1,Monday,179,OTHER ACCIDENTS-OFF STRAIGHT NOT INCLUDED IN DCAs 170-175,3,778166,1,0,0,1,0,1,1,5,Not at intersection,3,40,Local Road
T20230016607,2023/7/17,13:39:00,1,Collision with vehicle,1,Monday,163,VEHICLE STRIKES DOOR OF PARKED/STATIONARY VEHICLE,1,46242,2,0,0,1,1,2,2,2,T intersection,3,60,Local Road
T20230016648,2023/7/17,15:05:00,1,Collision with vehicle,2,Monday,110,CROSS TRAFFIC(INTERSECTIONS ONLY),1,777586,2,0,1,0,1,2,1,1,Cross intersection,2,50,Local Road
T20230016585,2023/7/17,8:30:00,1,Collision with vehicle,1,Monday,113,RIGHT NEAR (INTERSECTIONS ONLY),1,60630,2,0,1,0,1,2,1,2,T intersection,2,100,Arterial Other
T20230016620,2023/7/17,16:05:00,1,Collision with vehicle,1,Monday,110,CROSS TRAFFIC(INTERSECTIONS ONLY),1,59609,2,0,0,1,1,2,1,1,Cross intersection,2,50,Local Road
T20230016647,2023/7/17,18:00:00,1,Collision with vehicle,2,Monday,110,CROSS TRAFFIC(INTERSECTIONS ONLY),2,674211,2,0,0,2,0,2,1,1,Cross intersection,3,999,Local Road
T20230016645,2023/7/17,20:40:00,4,Collision with a fixed object,1,Monday,173,RIGHT OFF CARRIAGEWAY INTO OBJECT/PARKED VEHICLE,3,796464,1,0,0,1,0,1,1,5,Not at intersection,3,50,Arterial Other
T20230016587,2023/7/17,10:57:00,5,collision with some other object,1,Monday,171,LEFT OFF CARRIAGEWAY INTO OBJECT/PARKED VEHICLE,1,789248,1,0,0,1,0,1,1,5,Not at intersection,3,100,Arterial Highway
T20230016641,2023/7/17,20:00:00,4,Collision with a fixed object,2,Monday,181,OFF RIGHT BEND INTO OBJECT/PARKED VEHICLE,5,788252,1,0,1,2,0,3,1,5,Not at intersection,2,110,Freeway
T20230016640,2023/7/17,17:00:00,1,Collision with vehicle,1,Monday,110,CROSS TRAFFIC(INTERSECTIONS ONLY),3,238,2,0,0,1,1,2,1,1,Cross intersection,3,30,Local Road
T20230016637,2023/7/17,17:58:00,1,Collision with vehicle,1,Monday,130,REAR END(VEHICLES IN SAME LANE),2,796502,3,0,0,1,5,6,1,5,Not at intersection,3,60,Arterial Other
T20230016592,2023/7/17,10:35:00,1,Collision with vehicle,2,Monday,130,REAR END(VEHICLES IN SAME LANE),1,777482,3,0,0,1,3,4,1,5,Not at intersection,3,999,Arterial Highway
T20230016635,2023/7/17,18:50:00,2,Struck Pedestrian,1,Monday,102,FAR SIDE. PED HIT BY VEHICLE FROM THE LEFT,2,343873,1,0,0,1,1,2,1,1,Cross intersection,3,60,Arterial Other
T20230016595,2023/7/17,12:10:00,1,Collision with vehicle,2,Monday,120,HEAD ON (NOT OVERTAKING),1,780274,2,1,0,0,1,2,1,5,Not at intersection,1,80,Arterial Other
T20230016663,2023/7/17,9:10:00,1,Collision with vehicle,2,Monday,130,REAR END(VEHICLES IN SAME LANE),1,777835,3,0,0,1,3,4,1,5,Not at intersection,3,60,Arterial Other
T20230016600,2023/7/17,12:30:00,4,Collision with a fixed object,1,Monday,171,LEFT OFF CARRIAGEWAY INTO OBJECT/PARKED VEHICLE,1,32830,1,0,1,0,0,1,1,2,T intersection,2,100,Arterial Highway
T20230017125,2023/7/17,8:18:00,1,Collision with vehicle,1,Monday,130,REAR END(VEHICLES IN SAME LANE),2,780593,2,0,0,1,3,4,2,5,Not at intersection,3,80,Arterial Highway
T20230016601,2023/7/17,10:59:00,1,Collision with vehicle,2,Monday,137,LEFT TURN SIDESWIPE,1,792039,2,0,1,0,1,2,1,5,Not at intersection,2,60,Arterial Other
T20230016602,2023/7/17,7:40:00,2,Struck Pedestrian,1,Monday,101,PED EMERGES FROM IN FRONT OF PARKED OR STATIONARY VEHICLE,2,779776,1,0,1,0,1,2,1,5,Not at intersection,2,50,Local Road
T20230017099,2023/7/17,1:28:00,2,Struck Pedestrian,1,Monday,109,ANY MANOEUVRE INVOLVING PED NOT INCLUDED IN DCAs 100-108.,3,795139,2,0,0,1,2,3,1,5,Not at intersection,3,50,Arterial Other
T20230017096,2023/7/17,6:15:00,1,Collision with vehicle,2,Monday,133,LANE SIDE SWIPE (VEHICLES IN PARALLEL LANES),2,780572,2,0,0,1,1,2,1,5,Not at intersection,3,100,Freeway
T20230016656,2023/7/17,23:45:00,1,Collision with vehicle,2,Monday,113,RIGHT NEAR (INTERSECTIONS ONLY),3,224257,2,0,1,0,1,2,1,2,T intersection,2,60,Local Road
T20230016605,2023/7/17,11:30:00,6,Vehicle overturned (no collision),1,Monday,184,OUT OF CONTROL ON CARRIAGEWAY (ON BEND),1,777334,1,0,1,0,0,1,1,5,Not at intersection,2,80,Arterial Other
T20230017858,2023/7/17,7:35:00,4,Collision with a fixed object,2,Monday,181,OFF RIGHT BEND INTO OBJECT/PARKED VEHICLE,2,796501,1,0,0,1,0,1,1,5,Not at intersection,3,80,
T20230016957,2023/7/17,16:00:00,1,Collision with vehicle,2,Monday,139,OTHER SAME DIRECTION-MANOUEVRES NOT INCLUDED IN DCAs 130-137,2,1185,2,0,0,2,0,2,2,1,Cross intersection,3,60,Arterial Other
T20230017875,2023/7/17,7:40:00,1,Collision with vehicle,1,Monday,110,CROSS TRAFFIC(INTERSECTIONS ONLY),2,37504,2,0,0,1,1,2,1,1,Cross intersection,3,50,Local Road
T20230017445,2023/7/17,15:50:00,8,No collision and no object struck,1,Monday,174,OUT OF CONTROL ON CARRIAGEWAY (ON STRAIGHT),1,788255,1,0,0,1,0,1,1,5,Not at intersection,3,60,Arterial Other
T20230016558,2023/7/17,2:19:00,7,Fall from or in moving vehicle,1,Monday,190,FELL IN/FROM VEHICLE,3,36220,1,0,0,1,1,2,1,2,T intersection,3,60,Arterial Other
T20230018785,2023/7/17,8:00:00,1,Collision with vehicle,2,Monday,130,REAR END(VEHICLES IN SAME LANE),2,779049,2,0,0,1,1,2,1,5,Not at intersection,3,60,Freeway
T20230019546,2023/7/17,6:43:00,1,Collision with vehicle,2,Monday,135,LANE CHANGE LEFT (NOT OVERTAKING),2,788668,2,0,1,0,1,2,1,5,Not at intersection,2,80,Freeway
T20230017293,2023/7/17,20:45:00,1,Collision with vehicle,2,Monday,121,RIGHT THROUGH,3,36155,2,0,0,1,2,3,1,2,T intersection,3,60,Arterial Other
T20230017053,2023/7/17,18:15:00,1,Collision with vehicle,2,Monday,130,REAR END(VEHICLES IN SAME LANE),2,55301,2,0,0,1,2,3,2,1,Cross intersection,3,999,Local Road
T20230016709,2023/7/17,8:10:00,1,Collision with vehicle,1,Monday,147,VEHICLE STRIKES ANOTHER VEH WHILE EMERGING FROM DRIVEWAY,2,777409,2,0,0,1,1,2,2,5,Not at intersection,3,50,Arterial Other
T20230017292,2023/7/17,5:58:00,1,Collision with vehicle,1,Monday,111,RIGHT FAR (INTERSECTIONS ONLY),2,777722,2,0,0,1,1,2,1,1,Cross intersection,3,70,Local Road
T20230017281,2023/7/17,16:34:00,1,Collision with vehicle,2,Monday,130,REAR END(VEHICLES IN SAME LANE),2,777721,2,0,0,1,1,2,2,5,Not at intersection,3,999,Local Road
T20230021973,2023/7/17,15:30:00,1,Collision with vehicle,1,Monday,130,REAR END(VEHICLES IN SAME LANE),1,781257,3,0,0,1,2,3,2,5,Not at intersection,3,60,Arterial Other
T20230017480,2023/7/17,8:10:00,1,Collision with vehicle,2,Monday,110,CROSS TRAFFIC(INTERSECTIONS ONLY),1,62085,2,0,1,1,4,6,2,1,Cross intersection,2,50,Local Road
T20230018653,2023/7/17,17:20:00,1,Collision with vehicle,2,Monday,111,RIGHT FAR (INTERSECTIONS ONLY),2,52369,2,0,0,1,2,3,2,1,Cross intersection,3,80,Arterial Highway
T20230019865,2023/7/17,13:50:00,1,Collision with vehicle,1,Monday,119,OTHER ADJACENT (INTERSECTIONS ONLY),1,788249,3,0,0,1,1,2,1,2,T intersection,3,50,Arterial Other