ACCIDENT_NO,ACCIDENT_DATE,ACCIDENT_TIME,ACCIDENT_TYPE,ACCIDENT_TYPE_DESC,DAY_OF_WEEK,DAY_WEEK_DESC,DCA_CODE,DCA_DESC,LIGHT_CONDITION,NODE_ID,NO_OF_VEHICLES,NO_PERSONS_KILLED,NO_PERSONS_INJ_2,NO_PERSONS_INJ_3,NO_PERSONS_NOT_INJ,NO_PERSONS,POLICE_ATTEND,ROAD_GEOMETRY,ROAD_GEOMETRY_DESC,SEVERITY,SPEED_ZONE,RMA
T20230016571,2023/7/17,7:45:00,1,Collision with vehicle,1,Monday,110,CROSS TRAFFIC(INTERSECTIONS ONLY),1,54963,2,0,0,1,1,2,1,1,Cross intersection,3,50,Local Road
T20230016720,2023/7/17,13:56:00,4,Collision with a fixed object,2,Monday,181,OFF RIGHT BEND INTO OBJECT/PARKED VEHICLE,1,686855,1,0,1,0,0,1,1,5,Not at intersection,2,100,Freeway
T20230016755,2023/7/17,12:50:00,1,Collision with vehicle,2,Monday,130,REAR END(VEHICLES IN SAME LANE),1,777410,2,0,0,1,1,2,2,2,T intersection,3,60,Local Road
T20230016724,2023/7/17,18:05:00,1,Collision with vehicle,1,Monday,130,REAR END(VEHICLES IN SAME LANE),2,777610,2,0,0,1,1,2,2,5,Not at intersection,3,60,Arterial Highway
T20230016573,2023/7/17,8:50:00,1,Collision with vehicle,2,Monday,130,REAR END(VEHICLES IN SAME LANE),2,777301,2,0,0,1,1,2,1,5,Not at intersection,3,80,Freeway
T20230016574,2023/7/17,9:10:00,2,Struck Pedestrian,2,Monday,100,PED NEAR SIDE. PED HIT BY VEHICLE FROM THE RIGHT.,1,663,1,0,1,0,2,3,2,1,Cross intersection,2,50,Arterial Other
T20230016577,2023/7/17,8:18:00,1,Collision with vehicle,1,Monday,130,REAR END(VEHICLES IN SAME LANE),1,796463,5,0,0,1,4,5,1,5,Not at intersection,3,80,Freeway
T20230016582,2023/7/17,6:46:00,1,Collision with vehicle,2,Monday,130,REAR END(VEHICLES IN SAME LANE),2,778060,5,0,0,1,4,5,1,5,Not at intersection,3,999,Freeway
T20230016583,2023/7/17,8:25:00,2,Struck Pedestrian,2,Monday,102,FAR SIDE. PED HIT BY VEHICLE FROM THE LEFT,1,778293,1,0,0,1,1,2,1,2,T intersection,3,50,Local Road
T20230016584,2023/7/17,7:25:00,1,Collision with vehicle,2,Monday,110,CROSS TRAFFIC(INTERSECTIONS ONLY),1,55513,2,0,1,0,1,2,1,1,Cross intersection,2,40,Local Road
T20230016782,2023/7/18,14:30:00,4,Collision with a fixed object,3,Tuesday,183,OFF LEFT BEND INTO OBJECT/PARKED VEHICLE,1,777559,1,0,1,1,0,2,1,5,Not at intersection,2,100,Arterial Other
T20230016781,2023/7/18,17:00:00,1,Collision with vehicle,2,Tuesday,139,OTHER SAME DIRECTION-MANOUEVRES NOT INCLUDED IN DCAs 130-137,1,777424,2,0,0,1,1,2,2,5,Not at intersection,3,80,Freeway
T20230016733,2023/7/18,17:29:00,1,Collision with vehicle,3,Tuesday,121,RIGHT THROUGH,2,778844,2,0,0,1,1,2,1,5,Not at intersection,3,60,Arterial Other
T20230016669,2023/7/18,9:50:00,1,Collision with vehicle,2,Tuesday,110,CROSS TRAFFIC(INTERSECTIONS ONLY),1,44565,2,0,0,1,2,3,1,1,Cross intersection,3,50,Arterial Highway
T20230016695,2023/7/18,9:00:00,2,Struck Pedestrian,2,Tuesday,100,PED NEAR SIDE. PED HIT BY VEHICLE FROM THE RIGHT.,1,799432,1,0,2,0,1,3,1,1,Cross intersection,2,60,Arterial Other
T20230016734,2023/7/18,15:55:00,1,Collision with vehicle,2,Tuesday,130,REAR END(VEHICLES IN SAME LANE),1,778458,2,0,0,1,2,3,1,2,T intersection,3,60,Local Road
T20230016857,2023/7/18,7:15:00,3,Struck animal,2,Tuesday,167,STRUCK ANIMAL,2,788694,1,0,0,1,0,1,2,5,Not at intersection,3,80,Arterial Highway
T20230016668,2023/7/18,8:15:00,1,Collision with vehicle,3,Tuesday,147,VEHICLE STRIKES ANOTHER VEH WHILE EMERGING FROM DRIVEWAY,2,779234,2,0,1,0,1,2,1,5,Not at intersection,2,100,Arterial Other
T20230016735,2023/7/18,16:16:00,1,Collision with vehicle,2,Tuesday,163,VEHICLE STRIKES DOOR OF PARKED/STATIONARY VEHICLE,1,125627,2,0,0,1,2,3,1,5,Not at intersection,3,40,Local Road
T20230016772,2023/7/18,17:30:00,1,Collision with vehicle,2,Tuesday,121,RIGHT THROUGH,3,35354,2,0,0,1,1,2,2,1,Cross intersection,3,40,Local Road
T20230016710,2023/7/18,15:25:00,2,Struck Pedestrian,2,Tuesday,101,PED EMERGES FROM IN FRONT OF PARKED OR STATIONARY VEHICLE,1,788665,1,0,0,1,1,2,1,5,Not at intersection,3,40,Local Road
T20230016739,2023/7/18,19:30:00,1,Collision with vehicle,2,Tuesday,146,REVERSING INTO FIXED OBJECT/PARKED VEHICLE,3,796613,2,0,0,1,1,2,2,5,Not at intersection,3,50,Local Road
T20230016703,2023/7/18,13:33:00,4,Collision with a fixed object,2,Tuesday,181,OFF RIGHT BEND INTO OBJECT/PARKED VEHICLE,1,777806,1,0,0,2,0,2,1,5,Not at intersection,3,60,Arterial Other
T20230016892,2023/7/18,18:00:00,1,Collision with vehicle,3,Tuesday,163,VEHICLE STRIKES DOOR OF PARKED/STATIONARY VEHICLE,2,778459,2,0,1,0,1,2,2,5,Not at intersection,2,60,Arterial Other
T20230016745,2023/7/18,6:15:00,1,Collision with vehicle,3,Tuesday,110,CROSS TRAFFIC(INTERSECTIONS ONLY),2,29932,2,0,2,1,0,3,1,1,Cross intersection,2,60,Freeway
T20230016702,2023/7/18,12:44:00,2,Struck Pedestrian,3,Tuesday,102,FAR SIDE. PED HIT BY VEHICLE FROM THE LEFT,1,39323,1,0,1,1,0,2,1,1,Cross intersection,2,60,Arterial Other
T20230017418,2023/7/18,8:45:00,1,Collision with vehicle,2,Tuesday,121,RIGHT THROUGH,2,45522,2,0,0,1,1,2,1,5,Not at intersection,3,60,Arterial Other
T20230016671,2023/7/18,9:13:00,1,Collision with vehicle,2,Tuesday,148,VEHICLE OFF FOOTPATH STRIKES VEH ON CARRIAGEWAY,1,775442,2,0,1,0,1,2,1,5,Not at intersection,2,50,Local Road
T20230016718,2023/7/18,16:05:00,1,Collision with vehicle,3,Tuesday,113,RIGHT NEAR (INTERSECTIONS ONLY),2,777712,2,0,1,0,3,4,1,2,T intersection,2,50,Local Road
T20230016719,2023/7/18,15:50:00,1,Collision with vehicle,3,Tuesday,130,REAR END(VEHICLES IN SAME LANE),1,777652,3,0,0,1,4,5,1,5,Not at intersection,3,80,Arterial Other
T20230016694,2023/7/18,11:40:00,1,Collision with vehicle,3,Tuesday,110,CROSS TRAFFIC(INTERSECTIONS ONLY),1,784370,2,0,0,1,2,3,1,4,Multiple intersection,3,80,Arterial Other
T20230016722,2023/7/18,16:45:00,2,Struck Pedestrian,3,Tuesday,102,FAR SIDE. PED HIT BY VEHICLE FROM THE LEFT,1,222107,1,0,1,0,1,2,1,1,Cross intersection,2,80,Arterial Highway
T20230016723,2023/7/18,17:45:00,2,Struck Pedestrian,2,Tuesday,102,FAR SIDE. PED HIT BY VEHICLE FROM THE LEFT,2,788685,1,0,0,1,1,2,1,5,Not at intersection,3,50,
T20230016743,2023/7/18,17:40:00,1,Collision with vehicle,3,Tuesday,130,REAR END(VEHICLES IN SAME LANE),2,70821,2,0,0,2,0,2,1,2,T intersection,3,80,Arterial Highway
T20230016727,2023/7/18,17:45:00,1,Collision with vehicle,2,Tuesday,130,REAR END(VEHICLES IN SAME LANE),2,777672,2,0,0,1,2,3,1,5,Not at intersection,3,60,Arterial Other
T20230016728,2023/7/18,14:50:00,2,Struck Pedestrian,2,Tuesday,102,FAR SIDE. PED HIT BY VEHICLE FROM THE LEFT,1,778612,1,0,0,1,1,2,1,5,Not at intersection,3,60,Arterial Highway
T20230018044,2023/7/18,18:00:00,4,Collision with a fixed object,3,Tuesday,181,OFF RIGHT BEND INTO OBJECT/PARKED VEHICLE,3,713280,1,0,0,1,0,1,2,5,Not at intersection,3,40,Local Road
T20230016672,2023/7/18,9:00:00,1,Collision with vehicle,2,Tuesday,130,REAR END(VEHICLES IN SAME LANE),1,777339,2,0,0,1,1,2,1,5,Not at intersection,3,80,Arterial Highway
T20230016697,2023/7/18,9:56:00,1,Collision with vehicle,3,Tuesday,114,TWO RIGHT TURNING (INTERSECTIONS ONLY),1,278628,2,0,1,1,0,2,1,1,Cross intersection,2,80,Arterial Highway
T20230016869,2023/7/18,15:30:00,1,Collision with vehicle,3,Tuesday,130,REAR END(VEHICLES IN SAME LANE),9,778095,2,0,0,1,1,2,2,5,Not at intersection,3,999,Freeway
T20230016667,2023/7/18,8:29:00,1,Collision with vehicle,2,Tuesday,121,RIGHT THROUGH,2,779959,3,0,0,1,2,3,1,3,Y intersection,3,60,Arterial Other
T20230016692,2023/7/18,8:39:00,2,Struck Pedestrian,2,Tuesday,102,FAR SIDE. PED HIT BY VEHICLE FROM THE LEFT,1,777483,1,0,0,1,1,2,1,1,Cross intersection,3,60,Arterial Highway
T20230017002,2023/7/18,6:00:00,1,Collision with vehicle,2,Tuesday,130,REAR END(VEHICLES IN SAME LANE),2,777837,3,0,0,2,1,3,2,5,Not at intersection,3,100,Freeway
T20230016732,2023/7/18,8:10:00,1,Collision with vehicle,2,Tuesday,130,REAR END(VEHICLES IN SAME LANE),2,313325,2,0,0,1,2,3,2,2,T intersection,3,60,Arterial Other
T20230017492,2023/7/18,11:30:00,1,Collision with vehicle,3,Tuesday,130,REAR END(VEHICLES IN SAME LANE),1,38731,2,0,0,1,1,2,2,1,Cross intersection,3,70,Arterial Highway
T20230016682,2023/7/18,10:07:00,1,Collision with vehicle,2,Tuesday,110,CROSS TRAFFIC(INTERSECTIONS ONLY),1,15453,2,0,3,0,0,3,1,1,Cross intersection,2,100,Arterial Other
T20230016744,2023/7/18,19:40:00,2,Struck Pedestrian,3,Tuesday,102,FAR SIDE. PED HIT BY VEHICLE FROM THE LEFT,3,70391,1,1,0,0,1,2,1,2,T intersection,1,50,Local Road
T20230016850,2023/7/18,8:50:00,1,Collision with vehicle,2,Tuesday,130,REAR END(VEHICLES IN SAME LANE),2,778167,2,0,0,1,1,2,2,5,Not at intersection,3,999,Arterial Highway
T20230016681,2023/7/18,9:45:00,1,Collision with vehicle,3,Tuesday,121,RIGHT THROUGH,1,44528,2,0,1,0,1,2,1,1,Cross intersection,2,50,Arterial Other
T20230016753,2023/7/18,10:20:00,1,Collision with vehicle,3,Tuesday,130,REAR END(VEHICLES IN SAME LANE),1,777484,2,0,0,1,1,2,1,1,Cross intersection,3,60,Arterial Highway
T20230016765,2023/7/18,15:35:00,1,Collision with vehicle,3,Tuesday,130,REAR END(VEHICLES IN SAME LANE),1,779945,3,0,0,1,2,3,1,5,Not at intersection,3,80,Arterial Other
T20230016785,2023/7/18,13:15:00,6,Vehicle overturned (no collision),2,Tuesday,174,OUT OF CONTROL ON CARRIAGEWAY (ON STRAIGHT),1,788692,1,0,0,1,0,1,2,2,T intersection,3,999,Local Road
T20230019163,2023/7/18,14:50:00,1,Collision with vehicle,2,Tuesday,130,REAR END(VEHICLES IN SAME LANE),1,168,2,0,0,1,1,2,2,2,T intersection,3,999,Arterial Highway
T20230016803,2023/7/18,17:30:00,1,Collision with vehicle,3,Tuesday,130,REAR END(VEHICLES IN SAME LANE),2,778700,2,0,0,1,1,2,2,5,Not at intersection,3,60,Local Road
T20230019432,2023/7/18,15:05:00,1,Collision with vehicle,2,Tuesday,110,CROSS TRAFFIC(INTERSECTIONS ONLY),1,52495,2,0,0,1,1,2,1,1,Cross intersection,3,50,Local Road
T20230017393,2023/7/18,18:00:00,1,Collision with vehicle,3,Tuesday,137,LEFT TURN SIDESWIPE,3,777932,2,0,1,0,1,2,2,5,Not at intersection,2,60,Arterial Highway
T20230018401,2023/7/18,6:40:00,1,Collision with vehicle,3,Tuesday,130,REAR END(VEHICLES IN SAME LANE),2,778557,2,0,0,1,1,2,2,1,Cross intersection,3,60,Arterial Other
T20230016867,2023/7/18,17:50:00,1,Collision with vehicle,3,Tuesday,148,VEHICLE OFF FOOTPATH STRIKES VEH ON CARRIAGEWAY,3,250019,2,0,0,1,1,2,2,1,Cross intersection,3,60,Arterial Other
T20230020807,2023/7/18,8:20:00,1,Collision with vehicle,2,Tuesday,148,VEHICLE OFF FOOTPATH STRIKES VEH ON CARRIAGEWAY,1,780399,2,0,0,1,1,2,2,2,T intersection,3,50,Arterial Other
T20230016658,2023/7/18,3:42:00,1,Collision with vehicle,3,Tuesday,120,HEAD ON (NOT OVERTAKING),3,98991,2,0,1,0,1,2,1,5,Not at intersection,2,60,Arterial Highway
T20230016795,2023/7/18,18:15:00,1,Collision with vehicle,2,Tuesday,121,RIGHT THROUGH,2,779523,2,0,0,1,1,2,2,5,Not at intersection,3,999,Local Road
T20230016708,2023/7/18,12:00:00,1,Collision with vehicle,3,Tuesday,130,REAR END(VEHICLES IN SAME LANE),1,91446,4,0,1,0,3,4,1,5,Not at intersection,2,60,Arterial Other
T20230016705,2023/7/18,12:35:00,1,Collision with vehicle,2,Tuesday,143,ENTERING PARKING,1,777408,2,0,0,1,1,2,1,5,Not at intersection,3,40,Local Road
T20230016704,2023/7/18,7:40:00,1,Collision with vehicle,3,Tuesday,120,HEAD ON (NOT OVERTAKING),2,778245,2,0,0,1,1,2,1,5,Not at intersection,3,100,Arterial Highway
T20230016778,2023/7/19,12:20:00,1,Collision with vehicle,4,Wednesday,110,CROSS TRAFFIC(INTERSECTIONS ONLY),1,73874,2,0,0,1,1,2,1,1,Cross intersection,3,50,Local Road
T20230016776,2023/7/19,11:48:00,1,Collision with vehicle,3,Wednesday,148,VEHICLE OFF FOOTPATH STRIKES VEH ON CARRIAGEWAY,1,304790,2,0,1,0,1,2,1,5,Not at intersection,2,40,Local Road
T20230016767,2023/7/19,10:09:00,4,Collision with a fixed object,4,Wednesday,171,LEFT OFF CARRIAGEWAY INTO OBJECT/PARKED VEHICLE,1,777485,1,0,0,1,0,1,1,2,T intersection,3,50,Local Road
T20230017975,2023/7/19,12:30:00,1,Collision with vehicle,4,Wednesday,133,LANE SIDE SWIPE (VEHICLES IN PARALLEL LANES),1,788659,2,0,0,1,1,2,2,5,Not at intersection,3,100,Freeway
T20230016822,2023/7/19,16:30:00,2,Struck Pedestrian,4,Wednesday,102,FAR SIDE. PED HIT BY VEHICLE FROM THE LEFT,2,777536,1,0,1,0,1,2,1,5,Not at intersection,2,60,Arterial Other
T20230016821,2023/7/19,19:50:00,1,Collision with vehicle,3,Wednesday,130,REAR END(VEHICLES IN SAME LANE),3,777487,2,0,0,1,1,2,1,5,Not at intersection,3,60,Arterial Other
T20230016820,2023/7/19,19:19:00,2,Struck Pedestrian,4,Wednesday,100,PED NEAR SIDE. PED HIT BY VEHICLE FROM THE RIGHT.,3,777621,1,0,1,0,1,2,1,5,Not at intersection,2,50,Arterial Other
T20230016819,2023/7/19,10:30:00,1,Collision with vehicle,3,Wednesday,145,REVERSING IN STREAM OF TRAFFIC,1,788706,2,0,0,1,1,2,2,5,Not at intersection,3,777,Local Road
T20230016818,2023/7/19,19:20:00,1,Collision with vehicle,3,Wednesday,110,CROSS TRAFFIC(INTERSECTIONS ONLY),3,332439,2,0,1,0,1,2,1,1,Cross intersection,2,40,Arterial Other
T20230016817,2023/7/19,16:34:00,4,Collision with a fixed object,4,Wednesday,181,OFF RIGHT BEND INTO OBJECT/PARKED VEHICLE,1,779116,3,0,1,0,0,1,1,5,Not at intersection,2,50,Local Road
T20230016816,2023/7/19,18:58:00,1,Collision with vehicle,4,Wednesday,130,REAR END(VEHICLES IN SAME LANE),2,777715,4,0,1,0,3,4,1,5,Not at intersection,2,60,Arterial Other
T20230017605,2023/7/19,15:00:00,1,Collision with vehicle,3,Wednesday,148,VEHICLE OFF FOOTPATH STRIKES VEH ON CARRIAGEWAY,1,230257,2,0,0,1,1,2,2,2,T intersection,3,60,Local Road
T20230016815,2023/7/19,19:26:00,1,Collision with vehicle,4,Wednesday,130,REAR END(VEHICLES IN SAME LANE),3,777486,3,0,0,1,2,3,1,5,Not at intersection,3,60,Arterial Other
T20230016749,2023/7/19,1:48:00,9,Other accident,4,Wednesday,179,OTHER ACCIDENTS-OFF STRAIGHT NOT INCLUDED IN DCAs 170-175,9,52531,1,0,1,0,0,1,1,5,Not at intersection,2,999,Arterial Highway
T20230016750,2023/7/19,1:30:00,6,Vehicle overturned (no collision),3,Wednesday,170,OFF CARRIAGEWAY TO LEFT,5,780073,1,0,0,1,0,1,1,5,Not at intersection,3,100,Local Road
T20230016834,2023/7/19,14:03:00,1,Collision with vehicle,4,Wednesday,133,LANE SIDE SWIPE (VEHICLES IN PARALLEL LANES),1,777371,3,1,1,1,1,4,1,5,Not at intersection,1,100,Arterial Other
T20230016814,2023/7/19,20:05:00,1,Collision with vehicle,3,Wednesday,121,RIGHT THROUGH,3,35500,2,0,1,0,1,2,1,1,Cross intersection,2,40,Arterial Highway
T20230016877,2023/7/19,17:36:00,1,Collision with vehicle,3,Wednesday,111,RIGHT FAR (INTERSECTIONS ONLY),2,41124,2,0,0,1,1,2,2,1,Cross intersection,3,60,Arterial Other
T20230017207,2023/7/19,7:00:00,1,Collision with vehicle,3,Wednesday,130,REAR END(VEHICLES IN SAME LANE),2,296274,2,0,0,1,1,2,2,2,T intersection,3,70,Arterial Other
T20230017481,2023/7/19,11:00:00,1,Collision with vehicle,3,Wednesday,135,LANE CHANGE LEFT (NOT OVERTAKING),1,777935,3,0,0,1,2,3,1,5,Not at intersection,3,100,Freeway
T20230016813,2023/7/19,18:15:00,1,Collision with vehicle,3,Wednesday,160,VEHICLE COLLIDES WITH VEHICLE PARKED ON LEFT OF ROAD,2,778195,2,0,0,1,2,3,1,5,Not at intersection,3,50,Arterial Other
T20230016855,2023/7/19,13:15:00,1,Collision with vehicle,4,Wednesday,116,LEFT NEAR (INTERSECTIONS ONLY),9,43751,2,0,0,1,1,2,2,2,T intersection,3,999,Local Road
T20230016812,2023/7/19,20:32:00,1,Collision with vehicle,3,Wednesday,163,VEHICLE STRIKES DOOR OF PARKED/STATIONARY VEHICLE,3,777535,2,0,0,1,1,2,1,5,Not at intersection,3,40,Arterial Other
T20230016833,2023/7/19,4:44:00,4,Collision with a fixed object,4,Wednesday,171,LEFT OFF CARRIAGEWAY INTO OBJECT/PARKED VEHICLE,3,788636,1,0,0,1,0,1,1,5,Not at intersection,3,60,Arterial Highway
T20230019579,2023/7/19,7:16:00,1,Collision with vehicle,4,Wednesday,121,RIGHT THROUGH,2,39042,2,0,0,1,1,2,1,2,T intersection,3,60,Arterial Other
T20230016832,2023/7/19,23:28:00,4,Collision with a fixed object,4,Wednesday,173,RIGHT OFF CARRIAGEWAY INTO OBJECT/PARKED VEHICLE,5,777620,1,0,1,0,0,1,1,5,Not at intersection,2,110,Freeway
T20230016810,2023/7/19,16:35:00,1,Collision with vehicle,3,Wednesday,123,RIGHT/LEFT. ONE VEH TURNING RIGHT THE OTHER LEFT.,1,271113,2,0,0,1,1,2,1,1,Cross intersection,3,80,Arterial Other
T20230016809,2023/7/19,16:00:00,1,Collision with vehicle,4,Wednesday,130,REAR END(VEHICLES IN SAME LANE),2,777924,3,0,0,4,3,7,1,2,T intersection,3,60,Local Road
T20230016807,2023/7/19,8:15:00,1,Collision with vehicle,4,Wednesday,137,LEFT TURN SIDESWIPE,1,343981,2,0,0,1,1,2,2,5,Not at intersection,3,50,Local Road
T20230016805,2023/7/19,16:40:00,1,Collision with vehicle,4,Wednesday,116,LEFT NEAR (INTERSECTIONS ONLY),1,47118,2,0,1,0,1,2,1,2,T intersection,2,60,Local Road
T20230016824,2023/7/19,19:10:00,1,Collision with vehicle,4,Wednesday,121,RIGHT THROUGH,3,788641,2,0,1,0,1,2,1,2,T intersection,2,60,
T20230016802,2023/7/19,10:15:00,2,Struck Pedestrian,4,Wednesday,107,PED ON FOOTHPATH STRUCK BY VEHENTERING/LEAVING DRIVEWAY.,1,788646,1,0,1,0,1,2,2,5,Not at intersection,2,60,Arterial Highway
T20230017813,2023/7/19,17:40:00,1,Collision with vehicle,4,Wednesday,130,REAR END(VEHICLES IN SAME LANE),2,778270,2,0,0,1,1,2,2,5,Not at intersection,3,999,Local Road
T20230017495,2023/7/19,15:20:00,1,Collision with vehicle,3,Wednesday,130,REAR END(VEHICLES IN SAME LANE),1,779875,2,0,0,1,1,2,2,5,Not at intersection,3,60,Arterial Other
T20230017250,2023/7/19,8:00:00,1,Collision with vehicle,3,Wednesday,133,LANE SIDE SWIPE (VEHICLES IN PARALLEL LANES),1,788705,2,0,0,1,1,2,2,5,Not at intersection,3,80,Freeway
T20230018803,2023/7/19,16:00:00,6,Vehicle overturned (no collision),3,Wednesday,174,OUT OF CONTROL ON CARRIAGEWAY (ON STRAIGHT),9,778911,1,0,0,1,0,1,2,2,T intersection,3,999,Local Road
T20230016983,2023/7/19,9:30:00,1,Collision with vehicle,4,Wednesday,130,REAR END(VEHICLES IN SAME LANE),1,777543,2,0,0,1,1,2,1,5,Not at intersection,3,80,Arterial Highway
T20230016811,2023/7/19,15:00:00,1,Collision with vehicle,3,Wednesday,147,VEHICLE STRIKES ANOTHER VEH WHILE EMERGING FROM DRIVEWAY,1,777534,2,0,0,1,1,2,2,5,Not at intersection,3,50,Local Road
T20230017197,2023/7/19,16:20:00,1,Collision with vehicle,3,Wednesday,116,LEFT NEAR (INTERSECTIONS ONLY),1,68806,2,0,0,1,1,2,2,2,T intersection,3,60,Arterial Other
T20230016823,2023/7/19,19:40:00,4,Collision with a fixed object,4,Wednesday,171,LEFT OFF CARRIAGEWAY INTO OBJECT/PARKED VEHICLE,5,788635,1,0,0,1,0,1,1,2,T intersection,3,100,Arterial Other
T20230016797,2023/7/19,16:45:00,2,Struck Pedestrian,4,Wednesday,107,PED ON FOOTHPATH STRUCK BY VEHENTERING/LEAVING DRIVEWAY.,1,788661,1,0,1,0,1,2,1,5,Not at intersection,2,50,Local Road
T20230017008,2023/7/19,22:30:00,3,Struck animal,4,Wednesday,167,STRUCK ANIMAL,5,777545,1,0,0,1,0,1,2,5,Not at intersection,3,100,Arterial Other
T20230016796,2023/7/19,14:00:00,1,Collision with vehicle,3,Wednesday,149,OTHER MANOEUVRING NOT INCLUDED IN DCAs 140-148,1,788651,2,0,0,1,1,2,1,5,Not at intersection,3,70,Arterial Other
T20230017704,2023/7/19,8:30:00,1,Collision with vehicle,3,Wednesday,130,REAR END(VEHICLES IN SAME LANE),2,777961,2,0,1,0,1,2,2,5,Not at intersection,2,50,Arterial Other
T20230016792,2023/7/19,15:38:00,2,Struck Pedestrian,4,Wednesday,102,FAR SIDE. PED HIT BY VEHICLE FROM THE LEFT,1,777425,1,0,1,0,1,2,1,5,Not at intersection,2,60,Arterial Other
T20230017305,2023/7/19,16:40:00,1,Collision with vehicle,4,Wednesday,130,REAR END(VEHICLES IN SAME LANE),2,777812,2,0,0,1,1,2,2,5,Not at intersection,3,60,Local Road
T20230017392,2023/7/19,14:47:00,1,Collision with vehicle,3,Wednesday,113,RIGHT NEAR (INTERSECTIONS ONLY),1,353176,2,0,0,1,1,2,1,1,Cross intersection,3,80,Arterial Other
T20230020149,2023/7/19,15:00:00,1,Collision with vehicle,4,Wednesday,110,CROSS TRAFFIC(INTERSECTIONS ONLY),1,50330,2,0,1,0,1,2,1,1,Cross intersection,2,50,Local Road
T20230018535,2023/7/19,17:55:00,1,Collision with vehicle,4,Wednesday,135,LANE CHANGE LEFT (NOT OVERTAKING),3,788702,2,0,0,1,1,2,1,5,Not at intersection,3,80,Arterial Highway
T20230016779,2023/7/19,12:18:00,1,Collision with vehicle,3,Wednesday,130,REAR END(VEHICLES IN SAME LANE),1,778294,4,0,0,3,3,6,1,5,Not at intersection,3,40,Arterial Other
T20230016799,2023/7/19,17:05:00,1,Collision with vehicle,3,Wednesday,121,RIGHT THROUGH,2,777533,2,0,0,3,1,4,1,2,T intersection,3,80,Local Road
T20230016894,2023/7/20,17:18:00,1,Collision with vehicle,5,Thursday,110,CROSS TRAFFIC(INTERSECTIONS ONLY),3,37074,2,0,1,0,1,2,1,1,Cross intersection,2,50,Local Road
T20230016895,2023/7/20,16:20:00,1,Collision with vehicle,5,Thursday,130,REAR END(VEHICLES IN SAME LANE),2,777539,2,0,0,2,1,3,1,5,Not at intersection,3,60,Arterial Highway
T20230016845,2023/7/20,7:03:00,1,Collision with vehicle,5,Thursday,130,REAR END(VEHICLES IN SAME LANE),2,778613,2,0,1,0,1,2,1,3,Y intersection,2,100,Arterial Highway
T20230016844,2023/7/20,6:45:00,2,Struck Pedestrian,4,Thursday,102,FAR SIDE. PED HIT BY VEHICLE FROM THE LEFT,5,45619,1,0,0,1,1,2,1,2,T intersection,3,50,Local Road
T20230016921,2023/7/20,15:30:00,2,Struck Pedestrian,5,Thursday,100,PED NEAR SIDE. PED HIT BY VEHICLE FROM THE RIGHT.,1,780011,1,0,0,1,1,2,1,5,Not at intersection,3,40,Local Road
T20230016843,2023/7/20,6:50:00,1,Collision with vehicle,5,Thursday,121,RIGHT THROUGH,2,44550,2,0,1,0,1,2,1,1,Cross intersection,2,60,Arterial Other
T20230016927,2023/7/20,20:10:00,6,Vehicle overturned (no collision),5,Thursday,170,OFF CARRIAGEWAY TO LEFT,3,788669,1,0,3,0,0,3,1,5,Not at intersection,2,80,Arterial Other
T20230016896,2023/7/20,15:39:00,4,Collision with a fixed object,5,Thursday,171,LEFT OFF CARRIAGEWAY INTO OBJECT/PARKED VEHICLE,1,778124,1,0,1,0,0,1,1,5,Not at intersection,2,100,Arterial Other
T20230016897,2023/7/20,16:35:00,1,Collision with vehicle,4,Thursday,110,CROSS TRAFFIC(INTERSECTIONS ONLY),1,51175,2,0,0,1,1,2,1,1,Cross intersection,3,50,Arterial Highway
T20230016928,2023/7/20,19:10:00,1,Collision with vehicle,4,Thursday,110,CROSS TRAFFIC(INTERSECTIONS ONLY),5,17566,2,0,0,1,1,2,1,1,Cross intersection,3,100,Arterial Other
T20230019819,2023/7/20,8:30:00,1,Collision with vehicle,4,Thursday,140,U TURN,1,788666,2,0,0,1,1,2,2,5,Not at intersection,3,999,Arterial Other
T20230017004,2023/7/20,10:30:00,1,Collision with vehicle,5,Thursday,163,VEHICLE STRIKES DOOR OF PARKED/STATIONARY VEHICLE,9,277641,2,0,0,1,1,2,2,5,Not at intersection,3,999,Local Road
T20230016929,2023/7/20,21:40:00,1,Collision with vehicle,5,Thursday,121,RIGHT THROUGH,3,778037,2,0,0,2,3,5,1,2,T intersection,3,80,Arterial Highway
T20230017166,2023/7/20,20:15:00,2,Struck Pedestrian,4,Thursday,100,PED NEAR SIDE. PED HIT BY VEHICLE FROM THE RIGHT.,9,777661,1,0,0,1,1,2,2,5,Not at intersection,3,999,Local Road
T20230017316,2023/7/20,12:45:00,1,Collision with vehicle,4,Thursday,163,VEHICLE STRIKES DOOR OF PARKED/STATIONARY VEHICLE,1,779895,2,0,0,1,1,2,2,5,Not at intersection,3,999,Arterial Other
T20230016901,2023/7/20,14:15:00,1,Collision with vehicle,5,Thursday,160,VEHICLE COLLIDES WITH VEHICLE PARKED ON LEFT OF ROAD,1,233535,2,0,0,1,0,1,1,5,Not at intersection,3,60,Arterial Other
T20230021019,2023/7/20,18:00:00,1,Collision with vehicle,4,Thursday,121,RIGHT THROUGH,1,35726,2,0,0,1,1,2,1,2,T intersection,3,60,Arterial Other
T20230017461,2023/7/20,18:35:00,2,Struck Pedestrian,5,Thursday,106,VEH STRIKES PED ON FOOTPATH/MEDIAN/TRAFFIC ISLAND.,6,45501,1,0,0,1,1,2,2,2,T intersection,3,60,Arterial Other