ACCIDENT_NO,ACCIDENT_DATE,ACCIDENT_TIME,ACCIDENT_TYPE,ACCIDENT_TYPE_DESC,DAY_OF_WEEK,DAY_WEEK_DESC,DCA_CODE,DCA_DESC,LIGHT_CONDITION,NODE_ID,NO_OF_VEHICLES,NO_PERSONS_KILLED,NO_PERSONS_INJ_2,NO_PERSONS_INJ_3,NO_PERSONS_NOT_INJ,NO_PERSONS,POLICE_ATTEND,ROAD_GEOMETRY,ROAD_GEOMETRY_DESC,SEVERITY,SPEED_ZONE,RMA
T20230020100,2023/7/20,16:58:00,6,Vehicle overturned (no collision),4,Thursday,172,OFF CARRIAGEWAY TO RIGHT,2,788703,1,0,0,1,0,1,1,5,Not at intersection,3,100,Arterial Highway
T20230016861,2023/7/20,9:55:00,7,Fall from or in moving vehicle,5,Thursday,190,FELL IN/FROM VEHICLE,1,778546,1,0,1,0,1,2,1,2,T intersection,2,40,Arterial Other
T20230016935,2023/7/20,21:45:00,1,Collision with vehicle,5,Thursday,111,RIGHT FAR (INTERSECTIONS ONLY),3,777463,2,1,0,1,0,2,1,2,T intersection,1,80,Arterial Highway
T20230016862,2023/7/20,10:21:00,1,Collision with vehicle,4,Thursday,110,CROSS TRAFFIC(INTERSECTIONS ONLY),1,777537,2,0,0,2,1,3,1,1,Cross intersection,3,100,Local Road
T20230016859,2023/7/20,11:15:00,1,Collision with vehicle,5,Thursday,113,RIGHT NEAR (INTERSECTIONS ONLY),1,777716,2,0,3,0,0,3,1,2,T intersection,2,60,Local Road
T20230016903,2023/7/20,15:46:00,1,Collision with vehicle,4,Thursday,130,REAR END(VEHICLES IN SAME LANE),1,796800,2,0,1,0,1,2,1,5,Not at intersection,2,100,Freeway
T20230016904,2023/7/20,17:55:00,1,Collision with vehicle,5,Thursday,110,CROSS TRAFFIC(INTERSECTIONS ONLY),3,788700,2,0,1,0,1,2,1,1,Cross intersection,2,60,Arterial Other
T20230016909,2023/7/20,18:30:00,8,No collision and no object struck,5,Thursday,174,OUT OF CONTROL ON CARRIAGEWAY (ON STRAIGHT),3,777540,2,0,1,0,1,2,1,5,Not at intersection,2,50,Local Road
T20230019140,2023/7/20,10:00:00,1,Collision with vehicle,5,Thursday,116,LEFT NEAR (INTERSECTIONS ONLY),1,63695,2,0,0,1,1,2,1,1,Cross intersection,3,60,Arterial Other
T20230019142,2023/7/20,17:00:00,6,Vehicle overturned (no collision),5,Thursday,174,OUT OF CONTROL ON CARRIAGEWAY (ON STRAIGHT),1,779174,1,0,1,0,0,1,2,5,Not at intersection,2,100,Arterial Highway
T20230016954,2023/7/20,15:38:00,1,Collision with vehicle,5,Thursday,147,VEHICLE STRIKES ANOTHER VEH WHILE EMERGING FROM DRIVEWAY,1,788653,2,0,0,1,1,2,1,5,Not at intersection,3,999,Local Road
T20230016911,2023/7/20,18:58:00,4,Collision with a fixed object,4,Thursday,183,OFF LEFT BEND INTO OBJECT/PARKED VEHICLE,3,778125,1,0,1,0,0,1,1,5,Not at intersection,2,60,Arterial Other
T20230016913,2023/7/20,17:12:00,1,Collision with vehicle,5,Thursday,120,HEAD ON (NOT OVERTAKING),2,780137,3,0,0,1,2,3,1,5,Not at intersection,3,60,Local Road
T20230016916,2023/7/20,19:18:00,4,Collision with a fixed object,4,Thursday,171,LEFT OFF CARRIAGEWAY INTO OBJECT/PARKED VEHICLE,5,777619,1,0,1,0,0,1,1,5,Not at intersection,2,100,Arterial Other
T20230016851,2023/7/20,9:50:00,1,Collision with vehicle,5,Thursday,147,VEHICLE STRIKES ANOTHER VEH WHILE EMERGING FROM DRIVEWAY,1,778259,2,0,0,1,1,2,2,5,Not at intersection,3,50,Arterial Highway
T20230017121,2023/7/20,16:00:00,1,Collision with vehicle,4,Thursday,147,VEHICLE STRIKES ANOTHER VEH WHILE EMERGING FROM DRIVEWAY,1,778168,2,0,0,1,1,2,1,5,Not at intersection,3,60,Arterial Other
T20230016917,2023/7/20,18:49:00,1,Collision with vehicle,4,Thursday,121,RIGHT THROUGH,3,36771,2,0,0,1,1,2,1,2,T intersection,3,60,Arterial Other
T20230016920,2023/7/20,14:49:00,1,Collision with vehicle,5,Thursday,110,CROSS TRAFFIC(INTERSECTIONS ONLY),1,222037,3,0,1,0,2,3,2,1,Cross intersection,2,60,Arterial Other
T20230017135,2023/7/20,23:20:00,1,Collision with vehicle,4,Thursday,110,CROSS TRAFFIC(INTERSECTIONS ONLY),3,1152,2,0,0,1,3,4,9,1,Cross intersection,3,999,Arterial Other
T20230017128,2023/7/20,8:25:00,1,Collision with vehicle,5,Thursday,109,ANY MANOEUVRE INVOLVING PED NOT INCLUDED IN DCAs 100-108.,1,777595,2,0,0,1,1,2,2,5,Not at intersection,3,999,Local Road
T20230017205,2023/7/20,17:10:00,1,Collision with vehicle,4,Thursday,121,RIGHT THROUGH,2,777611,2,0,0,1,1,2,1,5,Not at intersection,3,60,Arterial Other
T20230027261,2023/7/20,11:30:00,3,Struck animal,4,Thursday,167,STRUCK ANIMAL,1,788166,1,0,0,1,0,1,2,5,Not at intersection,3,100,Arterial Other
T20230017194,2023/7/20,21:45:00,8,No collision and no object struck,4,Thursday,179,OTHER ACCIDENTS-OFF STRAIGHT NOT INCLUDED IN DCAs 170-175,5,777665,1,0,0,1,0,1,2,5,Not at intersection,3,80,Local Road
T20230018920,2023/7/20,15:30:00,1,Collision with vehicle,4,Thursday,130,REAR END(VEHICLES IN SAME LANE),1,871,2,0,1,1,0,2,1,1,Cross intersection,2,60,Arterial Highway
T20230017266,2023/7/20,17:55:00,1,Collision with vehicle,4,Thursday,121,RIGHT THROUGH,2,54890,2,0,0,1,2,3,2,2,T intersection,3,50,Local Road
T20230016865,2023/7/20,7:00:00,1,Collision with vehicle,4,Thursday,121,RIGHT THROUGH,5,42027,2,0,0,1,1,2,1,2,T intersection,3,60,Arterial Other
T20230017734,2023/7/20,20:25:00,1,Collision with vehicle,5,Thursday,120,HEAD ON (NOT OVERTAKING),5,778046,2,0,0,1,1,2,1,5,Not at intersection,3,60,Arterial Other
T20230021958,2023/7/20,20:30:00,6,Vehicle overturned (no collision),4,Thursday,170,OFF CARRIAGEWAY TO LEFT,5,796823,1,0,0,1,0,1,2,5,Not at intersection,3,80,
T20230018680,2023/7/20,1:23:00,2,Struck Pedestrian,5,Thursday,106,VEH STRIKES PED ON FOOTPATH/MEDIAN/TRAFFIC ISLAND.,3,794224,1,0,0,1,1,2,1,5,Not at intersection,3,50,Local Road
T20230016868,2023/7/20,8:12:00,1,Collision with vehicle,5,Thursday,130,REAR END(VEHICLES IN SAME LANE),1,782996,2,0,1,0,1,2,1,5,Not at intersection,2,50,Local Road
T20230016876,2023/7/20,14:40:00,2,Struck Pedestrian,5,Thursday,102,FAR SIDE. PED HIT BY VEHICLE FROM THE LEFT,1,779423,1,0,1,0,1,2,2,5,Not at intersection,2,60,Local Road
T20230017000,2023/7/20,18:15:00,1,Collision with vehicle,4,Thursday,110,CROSS TRAFFIC(INTERSECTIONS ONLY),3,42592,2,0,0,1,1,2,1,1,Cross intersection,3,60,Arterial Other
T20230016880,2023/7/20,8:06:00,3,Struck animal,5,Thursday,167,STRUCK ANIMAL,1,777538,3,0,0,1,2,3,1,5,Not at intersection,3,110,Freeway
T20230016887,2023/7/20,15:44:00,4,Collision with a fixed object,5,Thursday,173,RIGHT OFF CARRIAGEWAY INTO OBJECT/PARKED VEHICLE,1,782412,1,0,0,1,0,1,1,5,Not at intersection,3,80,Arterial Other
T20230017276,2023/7/20,10:09:00,2,Struck Pedestrian,4,Thursday,100,PED NEAR SIDE. PED HIT BY VEHICLE FROM THE RIGHT.,1,341350,1,0,1,0,1,2,1,2,T intersection,2,70,Non Arterial
T20230016888,2023/7/20,16:00:00,1,Collision with vehicle,4,Thursday,137,LEFT TURN SIDESWIPE,9,36928,2,0,0,1,1,2,2,2,T intersection,3,999,Local Road
T20230016889,2023/7/20,16:01:00,1,Collision with vehicle,5,Thursday,110,CROSS TRAFFIC(INTERSECTIONS ONLY),1,49250,2,0,0,1,2,3,1,1,Cross intersection,3,60,Local Road
T20230016891,2023/7/20,14:00:00,4,Collision with a fixed object,5,Thursday,171,LEFT OFF CARRIAGEWAY INTO OBJECT/PARKED VEHICLE,1,793275,1,0,0,1,0,1,1,5,Not at intersection,3,60,
T20230016949,2023/7/21,8:36:00,1,Collision with vehicle,5,Friday,110,CROSS TRAFFIC(INTERSECTIONS ONLY),1,349,2,0,0,1,1,2,1,1,Cross intersection,3,40,Local Road
T20230018517,2023/7/21,8:00:00,1,Collision with vehicle,5,Friday,130,REAR END(VEHICLES IN SAME LANE),1,796764,3,0,0,1,4,5,1,5,Not at intersection,3,60,Freeway
T20230016992,2023/7/21,15:34:00,2,Struck Pedestrian,5,Friday,102,FAR SIDE. PED HIT BY VEHICLE FROM THE LEFT,1,778822,1,0,1,0,1,2,1,5,Not at intersection,2,60,Arterial Other
T20230016991,2023/7/21,14:50:00,2,Struck Pedestrian,6,Friday,106,VEH STRIKES PED ON FOOTPATH/MEDIAN/TRAFFIC ISLAND.,1,777566,1,0,1,0,1,2,1,1,Cross intersection,2,40,Local Road
T20230016990,2023/7/21,13:39:00,1,Collision with vehicle,5,Friday,113,RIGHT NEAR (INTERSECTIONS ONLY),1,41762,2,0,0,2,0,2,1,2,T intersection,3,80,Arterial Highway
T20230016989,2023/7/21,12:30:00,1,Collision with vehicle,6,Friday,113,RIGHT NEAR (INTERSECTIONS ONLY),1,788834,2,0,0,1,1,2,1,2,T intersection,3,60,Local Road
T20230018176,2023/7/21,15:45:00,1,Collision with vehicle,5,Friday,121,RIGHT THROUGH,1,42021,2,0,0,1,1,2,2,1,Cross intersection,3,70,Arterial Other
T20230019487,2023/7/21,18:45:00,1,Collision with vehicle,6,Friday,148,VEHICLE OFF FOOTPATH STRIKES VEH ON CARRIAGEWAY,3,54453,2,0,0,1,1,2,2,1,Cross intersection,3,40,Arterial Other
T20230017024,2023/7/21,21:55:00,1,Collision with vehicle,6,Friday,130,REAR END(VEHICLES IN SAME LANE),3,780179,3,0,0,2,1,3,1,5,Not at intersection,3,60,Local Road
T20230017023,2023/7/21,15:57:00,1,Collision with vehicle,6,Friday,147,VEHICLE STRIKES ANOTHER VEH WHILE EMERGING FROM DRIVEWAY,1,777569,2,0,0,2,2,4,1,5,Not at intersection,3,50,Local Road
T20230016981,2023/7/21,12:55:00,1,Collision with vehicle,6,Friday,130,REAR END(VEHICLES IN SAME LANE),1,666541,4,0,0,1,5,6,1,5,Not at intersection,3,70,Arterial Other
T20230016947,2023/7/21,7:20:00,2,Struck Pedestrian,5,Friday,106,VEH STRIKES PED ON FOOTPATH/MEDIAN/TRAFFIC ISLAND.,2,788835,1,0,0,1,1,2,1,1,Cross intersection,3,50,Local Road
T20230016980,2023/7/21,10:15:00,6,Vehicle overturned (no collision),5,Friday,184,OUT OF CONTROL ON CARRIAGEWAY (ON BEND),1,793273,1,0,1,0,0,1,1,5,Not at intersection,2,100,
T20230016948,2023/7/21,8:45:00,1,Collision with vehicle,6,Friday,130,REAR END(VEHICLES IN SAME LANE),2,779707,3,0,1,0,2,3,1,5,Not at intersection,2,80,Arterial Other
T20230017020,2023/7/21,20:52:00,1,Collision with vehicle,6,Friday,110,CROSS TRAFFIC(INTERSECTIONS ONLY),3,52701,2,0,0,1,2,3,2,1,Cross intersection,3,50,Local Road
T20230016950,2023/7/21,7:57:00,4,Collision with a fixed object,6,Friday,181,OFF RIGHT BEND INTO OBJECT/PARKED VEHICLE,2,778123,1,0,1,0,0,1,1,5,Not at intersection,2,100,Arterial Other
T20230016951,2023/7/21,8:39:00,1,Collision with vehicle,5,Friday,133,LANE SIDE SWIPE (VEHICLES IN PARALLEL LANES),1,75748,2,0,0,1,1,2,1,5,Not at intersection,3,40,Local Road
T20230016953,2023/7/21,9:10:00,1,Collision with vehicle,6,Friday,147,VEHICLE STRIKES ANOTHER VEH WHILE EMERGING FROM DRIVEWAY,1,777807,2,0,1,1,3,5,1,5,Not at intersection,2,40,Arterial Other
T20230016961,2023/7/21,9:24:00,1,Collision with vehicle,6,Friday,160,VEHICLE COLLIDES WITH VEHICLE PARKED ON LEFT OF ROAD,1,780821,2,0,1,0,1,2,1,5,Not at intersection,2,60,Arterial Other
T20230016963,2023/7/21,9:51:00,1,Collision with vehicle,6,Friday,113,RIGHT NEAR (INTERSECTIONS ONLY),1,298110,2,0,0,1,2,3,1,1,Cross intersection,3,80,Arterial Other
T20230016966,2023/7/21,9:49:00,1,Collision with vehicle,6,Friday,120,HEAD ON (NOT OVERTAKING),1,693558,2,0,0,2,1,3,2,5,Not at intersection,3,60,Arterial Other
T20230016968,2023/7/21,10:10:00,2,Struck Pedestrian,5,Friday,100,PED NEAR SIDE. PED HIT BY VEHICLE FROM THE RIGHT.,1,270675,1,0,0,1,1,2,2,5,Not at intersection,3,40,Arterial Other
T20230016972,2023/7/21,9:20:00,1,Collision with vehicle,6,Friday,137,LEFT TURN SIDESWIPE,1,778096,2,0,1,0,1,2,1,2,T intersection,2,50,Local Road
T20230017405,2023/7/21,19:10:00,1,Collision with vehicle,5,Friday,111,RIGHT FAR (INTERSECTIONS ONLY),3,788833,2,0,0,1,1,2,2,2,T intersection,3,60,Local Road
T20230021494,2023/7/21,17:30:00,1,Collision with vehicle,5,Friday,116,LEFT NEAR (INTERSECTIONS ONLY),1,235005,2,0,0,1,1,2,1,1,Cross intersection,3,70,Arterial Highway
T20230017010,2023/7/21,19:20:00,2,Struck Pedestrian,6,Friday,100,PED NEAR SIDE. PED HIT BY VEHICLE FROM THE RIGHT.,3,779320,1,0,0,1,1,2,1,1,Cross intersection,3,60,Arterial Other
T20230017016,2023/7/21,14:31:00,1,Collision with vehicle,6,Friday,115,RIGHT/LEFT FAR (INTERSECTIONS ONLY),1,883,2,0,1,0,1,2,1,1,Cross intersection,2,60,Arterial Other
T20230017005,2023/7/21,9:00:00,1,Collision with vehicle,5,Friday,140,U TURN,2,779708,2,0,0,1,1,2,2,5,Not at intersection,3,40,Local Road
T20230017012,2023/7/21,17:35:00,1,Collision with vehicle,5,Friday,129,OTHER OPPOSING MANOEUVRES NOT INCLUDED IN DCAs 120-125.,6,778039,3,0,0,1,1,2,1,5,Not at intersection,3,999,Local Road
T20230017776,2023/7/21,20:00:00,1,Collision with vehicle,5,Friday,121,RIGHT THROUGH,9,778048,2,0,0,2,2,4,2,5,Not at intersection,3,999,Local Road
T20230017805,2023/7/21,15:20:00,2,Struck Pedestrian,5,Friday,100,PED NEAR SIDE. PED HIT BY VEHICLE FROM THE RIGHT.,1,778102,1,0,1,0,1,2,1,2,T intersection,2,50,Local Road
T20230017872,2023/7/21,22:20:00,1,Collision with vehicle,5,Friday,130,REAR END(VEHICLES IN SAME LANE),3,54947,2,0,0,1,1,2,1,1,Cross intersection,3,60,Local Road
T20230016999,2023/7/21,15:25:00,1,Collision with vehicle,6,Friday,153,CUTTING IN (OVERTAKING),1,778739,3,0,0,2,2,4,1,5,Not at intersection,3,50,Local Road
T20230016998,2023/7/21,15:40:00,1,Collision with vehicle,6,Friday,130,REAR END(VEHICLES IN SAME LANE),1,780170,2,0,0,1,1,2,1,5,Not at intersection,3,100,Arterial Other
T20230017143,2023/7/21,11:40:00,1,Collision with vehicle,5,Friday,110,CROSS TRAFFIC(INTERSECTIONS ONLY),1,38070,2,0,0,1,1,2,1,1,Cross intersection,3,60,Arterial Other
T20230016996,2023/7/21,12:33:00,1,Collision with vehicle,6,Friday,160,VEHICLE COLLIDES WITH VEHICLE PARKED ON LEFT OF ROAD,1,778460,2,0,0,2,0,2,1,5,Not at intersection,3,40,Local Road
T20230017015,2023/7/21,15:40:00,1,Collision with vehicle,6,Friday,120,HEAD ON (NOT OVERTAKING),1,777925,2,0,1,1,0,2,1,5,Not at intersection,2,80,Arterial Other
T20230016994,2023/7/21,13:44:00,2,Struck Pedestrian,6,Friday,102,FAR SIDE. PED HIT BY VEHICLE FROM THE LEFT,1,778295,1,0,1,0,1,2,1,5,Not at intersection,2,50,Local Road
T20230017081,2023/7/22,18:10:00,6,Vehicle overturned (no collision),6,Saturday,174,OUT OF CONTROL ON CARRIAGEWAY (ON STRAIGHT),2,788693,1,0,0,1,0,1,1,5,Not at intersection,3,50,Local Road
T20230017104,2023/7/22,20:35:00,1,Collision with vehicle,6,Saturday,142,LEAVING PARKING,3,31768,2,0,0,1,2,3,1,2,T intersection,3,40,Local Road
T20230020417,2023/7/22,14:00:00,8,No collision and no object struck,6,Saturday,170,OFF CARRIAGEWAY TO LEFT,1,780034,1,0,0,1,0,1,2,5,Not at intersection,3,100,Local Road
T20230017102,2023/7/22,22:43:00,8,No collision and no object struck,7,Saturday,174,OUT OF CONTROL ON CARRIAGEWAY (ON STRAIGHT),3,779994,1,0,1,0,0,1,1,2,T intersection,2,50,Local Road
T20230017101,2023/7/22,21:20:00,1,Collision with vehicle,6,Saturday,130,REAR END(VEHICLES IN SAME LANE),3,695006,2,0,0,1,1,2,1,5,Not at intersection,3,60,Arterial Other
T20230024913,2023/7/22,19:00:00,6,Vehicle overturned (no collision),7,Saturday,149,OTHER MANOEUVRING NOT INCLUDED IN DCAs 140-148,3,792444,2,0,0,1,1,2,2,2,T intersection,3,50,Local Road
T20230017100,2023/7/22,0:25:00,4,Collision with a fixed object,6,Saturday,183,OFF LEFT BEND INTO OBJECT/PARKED VEHICLE,3,793266,1,0,1,0,0,1,1,2,T intersection,2,50,Local Road
T20230018546,2023/7/22,17:00:00,1,Collision with vehicle,6,Saturday,110,CROSS TRAFFIC(INTERSECTIONS ONLY),1,762501,2,0,0,1,1,2,2,1,Cross intersection,3,40,Local Road
T20230017098,2023/7/22,19:10:00,2,Struck Pedestrian,6,Saturday,101,PED EMERGES FROM IN FRONT OF PARKED OR STATIONARY VEHICLE,3,778701,1,0,0,1,7,8,1,5,Not at intersection,3,40,Arterial Other
T20230017093,2023/7/22,20:15:00,4,Collision with a fixed object,7,Saturday,173,RIGHT OFF CARRIAGEWAY INTO OBJECT/PARKED VEHICLE,5,781039,1,0,1,0,0,1,1,5,Not at intersection,2,80,Local Road
T20230017090,2023/7/22,17:55:00,1,Collision with vehicle,7,Saturday,140,U TURN,2,35319,2,0,1,0,4,5,1,1,Cross intersection,2,40,Arterial Other
T20230017086,2023/7/22,15:50:00,1,Collision with vehicle,6,Saturday,113,RIGHT NEAR (INTERSECTIONS ONLY),1,48705,2,0,0,1,5,6,1,1,Cross intersection,3,50,Arterial Other
T20230017085,2023/7/22,18:33:00,1,Collision with vehicle,7,Saturday,130,REAR END(VEHICLES IN SAME LANE),2,777572,4,0,1,2,6,9,1,1,Cross intersection,2,60,Arterial Highway
T20230017031,2023/7/22,7:15:00,2,Struck Pedestrian,6,Saturday,100,PED NEAR SIDE. PED HIT BY VEHICLE FROM THE RIGHT.,1,781750,1,0,1,0,1,2,1,5,Not at intersection,2,60,Local Road
T20230017034,2023/7/22,7:40:00,1,Collision with vehicle,7,Saturday,130,REAR END(VEHICLES IN SAME LANE),2,777570,7,0,1,1,5,7,1,5,Not at intersection,2,60,Arterial Other
T20230017035,2023/7/22,2:40:00,2,Struck Pedestrian,7,Saturday,107,PED ON FOOTHPATH STRUCK BY VEHENTERING/LEAVING DRIVEWAY.,3,778205,1,0,0,1,1,2,1,5,Not at intersection,3,50,Local Road
T20230017055,2023/7/22,10:25:00,3,Struck animal,6,Saturday,167,STRUCK ANIMAL,1,779321,1,0,1,0,0,1,1,5,Not at intersection,2,100,Local Road
T20230017037,2023/7/22,5:10:00,1,Collision with vehicle,7,Saturday,130,REAR END(VEHICLES IN SAME LANE),2,778823,2,0,1,0,3,4,1,2,T intersection,2,80,Arterial Other
T20230019225,2023/7/22,15:03:00,1,Collision with vehicle,7,Saturday,130,REAR END(VEHICLES IN SAME LANE),1,779348,2,0,0,1,1,2,2,5,Not at intersection,3,110,Freeway
T20230017042,2023/7/22,8:00:00,9,Other accident,6,Saturday,179,OTHER ACCIDENTS-OFF STRAIGHT NOT INCLUDED IN DCAs 170-175,1,793265,1,0,1,0,0,1,1,5,Not at intersection,2,888,
T20230017333,2023/7/22,14:12:00,1,Collision with vehicle,6,Saturday,130,REAR END(VEHICLES IN SAME LANE),1,777899,2,0,0,1,1,2,2,5,Not at intersection,3,60,Arterial Other
T20230017043,2023/7/22,10:15:00,1,Collision with vehicle,6,Saturday,130,REAR END(VEHICLES IN SAME LANE),1,777571,2,0,0,1,3,4,1,2,T intersection,3,60,Arterial Other
T20230017046,2023/7/22,10:35:00,1,Collision with vehicle,7,Saturday,130,REAR END(VEHICLES IN SAME LANE),1,777841,2,0,0,1,2,3,1,5,Not at intersection,3,60,Arterial Other
T20230018649,2023/7/22,18:45:00,1,Collision with vehicle,7,Saturday,114,TWO RIGHT TURNING (INTERSECTIONS ONLY),3,683116,2,0,0,1,1,2,2,2,T intersection,3,999,Arterial Other
T20230017826,2023/7/22,20:30:00,1,Collision with vehicle,7,Saturday,119,OTHER ADJACENT (INTERSECTIONS ONLY),6,44550,2,0,0,1,2,3,2,1,Cross intersection,3,60,Arterial Other
T20230017827,2023/7/22,15:45:00,1,Collision with vehicle,7,Saturday,110,CROSS TRAFFIC(INTERSECTIONS ONLY),1,53889,2,0,0,1,1,2,2,1,Cross intersection,3,60,Arterial Other
T20230017420,2023/7/22,8:45:00,5,collision with some other object,6,Saturday,166,STRUCK OBJECT ON CARRIAGEWAY,1,796820,1,0,0,1,0,1,2,5,Not at intersection,3,80,
T20230017049,2023/7/22,11:25:00,2,Struck Pedestrian,6,Saturday,103,PED PLAYING/LYING/WORKING/STANDING ON CARRIAGEWAY.,1,777926,1,0,0,1,1,2,1,5,Not at intersection,3,100,Freeway
T20230017879,2023/7/22,14:28:00,1,Collision with vehicle,7,Saturday,147,VEHICLE STRIKES ANOTHER VEH WHILE EMERGING FROM DRIVEWAY,1,796763,2,0,0,1,1,2,1,5,Not at intersection,3,60,Local Road
T20230021874,2023/7/22,18:15:00,2,Struck Pedestrian,7,Saturday,108,PED STRUCK WALKING TO/FROM OR BOARDING/ALIGHTING VEHICLE.,5,784357,1,0,0,1,3,4,2,5,Not at intersection,3,100,Arterial Highway
T20230019312,2023/7/22,11:00:00,6,Vehicle overturned (no collision),6,Saturday,174,OUT OF CONTROL ON CARRIAGEWAY (ON STRAIGHT),1,779184,1,0,0,1,0,1,2,5,Not at intersection,3,888,Local Road
T20230019265,2023/7/22,13:20:00,1,Collision with vehicle,7,Saturday,163,VEHICLE STRIKES DOOR OF PARKED/STATIONARY VEHICLE,1,259676,2,0,0,1,1,2,2,5,Not at intersection,3,40,Arterial Other
T20230017054,2023/7/22,9:45:00,4,Collision with a fixed object,6,Saturday,173,RIGHT OFF CARRIAGEWAY INTO OBJECT/PARKED VEHICLE,1,778097,1,0,0,1,0,1,1,5,Not at intersection,3,100,Freeway
T20230017059,2023/7/22,12:15:00,1,Collision with vehicle,7,Saturday,160,VEHICLE COLLIDES WITH VEHICLE PARKED ON LEFT OF ROAD,1,778669,3,0,1,0,0,1,1,5,Not at intersection,2,50,Local Road
T20230017060,2023/7/22,10:12:00,1,Collision with vehicle,7,Saturday,110,CROSS TRAFFIC(INTERSECTIONS ONLY),1,49389,2,0,1,3,1,5,1,1,Cross intersection,2,110,Freeway
T20230017476,2023/7/22,18:50:00,1,Collision with vehicle,7,Saturday,121,RIGHT THROUGH,2,294710,2,0,1,0,2,3,2,2,T intersection,2,999,Arterial Other
T20230017907,2023/7/22,9:15:00,1,Collision with vehicle,7,Saturday,120,HEAD ON (NOT OVERTAKING),1,778190,3,0,0,1,2,3,2,5,Not at intersection,3,50,Local Road
T20230017064,2023/7/22,12:54:00,1,Collision with vehicle,7,Saturday,130,REAR END(VEHICLES IN SAME LANE),1,784005,2,0,1,0,1,2,1,2,T intersection,2,50,Local Road
T20230017066,2023/7/22,14:15:00,2,Struck Pedestrian,6,Saturday,100,PED NEAR SIDE. PED HIT BY VEHICLE FROM THE RIGHT.,1,795988,1,0,0,1,1,2,1,5,Not at intersection,3,40,Arterial Other
T20230017273,2023/7/22,15:10:00,6,Vehicle overturned (no collision),6,Saturday,174,OUT OF CONTROL ON CARRIAGEWAY (ON STRAIGHT),1,777811,1,0,0,1,0,1,2,5,Not at intersection,3,40,Arterial Highway
T20230017069,2023/7/22,12:50:00,1,Collision with vehicle,6,Saturday,130,REAR END(VEHICLES IN SAME LANE),1,780488,2,0,0,1,1,2,1,5,Not at intersection,3,60,Freeway
T20230017074,2023/7/22,14:00:00,1,Collision with vehicle,6,Saturday,137,LEFT TURN SIDESWIPE,1,45975,2,0,0,1,4,5,1,2,T intersection,3,50,Arterial Highway
T20230017076,2023/7/22,12:55:00,4,Collision with a fixed object,6,Saturday,171,LEFT OFF CARRIAGEWAY INTO OBJECT/PARKED VEHICLE,1,793269,1,0,1,0,0,1,1,5,Not at intersection,2,100,
T20230017079,2023/7/22,14:50:00,1,Collision with vehicle,7,Saturday,130,REAR END(VEHICLES IN SAME LANE),1,779703,2,0,0,2,1,3,2,5,Not at intersection,3,50,Local Road
T20230017280,2023/7/22,1:15:00,1,Collision with vehicle,7,Saturday,130,REAR END(VEHICLES IN SAME LANE),3,778351,2,0,1,0,2,3,2,2,T intersection,2,80,Local Road
T20230017080,2023/7/22,15:35:00,4,Collision with a fixed object,6,Saturday,171,LEFT OFF CARRIAGEWAY INTO OBJECT/PARKED VEHICLE,1,40514,1,0,0,1,0,1,1,1,Cross intersection,3,50,Local Road
T20230017978,2023/7/22,14:45:00,6,Vehicle overturned (no collision),6,Saturday,184,OUT OF CONTROL ON CARRIAGEWAY (ON BEND),1,796799,1,0,1,0,1,2,2,5,Not at intersection,2,80,Arterial Other
T20230017285,2023/7/22,21:30:00,2,Struck Pedestrian,6,Saturday,103,PED PLAYING/LYING/WORKING/STANDING ON CARRIAGEWAY.,3,779632,1,0,0,1,1,2,2,2,T intersection,3,40,Local Road
T20230018051,2023/7/22,14:00:00,1,Collision with vehicle,7,Saturday,137,LEFT TURN SIDESWIPE,1,36338,2,0,1,0,1,2,2,1,Cross intersection,2,40,Local Road
T20230017084,2023/7/22,15:31:00,4,Collision with a fixed object,7,Saturday,183,OFF LEFT BEND INTO OBJECT/PARKED VEHICLE,1,778122,1,0,1,0,0,1,1,5,Not at intersection,2,70,Arterial Other
T20230017027,2023/7/22,1:14:00,1,Collision with vehicle,7,Saturday,112,LEFT FAR (INTERSECTIONS ONLY),3,780468,3,0,1,0,2,3,1,2,T intersection,2,50,Local Road
T20230017156,2023/7/22,21:45:00,1,Collision with vehicle,6,Saturday,121,RIGHT THROUGH,5,605900,2,0,0,2,1,3,2,5,Not at intersection,3,40,Arterial Other
T20230017116,2023/7/22,8:00:00,1,Collision with vehicle,6,Saturday,110,CROSS TRAFFIC(INTERSECTIONS ONLY),1,788691,2,0,0,1,1,2,2,1,Cross intersection,3,40,Local Road
T20230017109,2023/7/22,23:45:00,4,Collision with a fixed object,6,Saturday,171,LEFT OFF CARRIAGEWAY INTO OBJECT/PARKED VEHICLE,5,784348,1,0,1,0,0,1,1,5,Not at intersection,2,888,Arterial Other
T20230017107,2023/7/22,18:40:00,1,Collision with vehicle,7,Saturday,130,REAR END(VEHICLES IN SAME LANE),2,778010,2,0,0,1,2,3,1,5,Not at intersection,3,60,Local Road
T20230017106,2023/7/22,21:03:00,1,Collision with vehicle,6,Saturday,133,LANE SIDE SWIPE (VEHICLES IN PARALLEL LANES),3,781751,2,0,0,1,2,3,1,5,Not at intersection,3,100,Freeway