ACCIDENT_NO,ACCIDENT_DATE,ACCIDENT_TIME,ACCIDENT_TYPE,ACCIDENT_TYPE_DESC,DAY_OF_WEEK,DAY_WEEK_DESC,DCA_CODE,DCA_DESC,LIGHT_CONDITION,NODE_ID,NO_OF_VEHICLES,NO_PERSONS_KILLED,NO_PERSONS_INJ_2,NO_PERSONS_INJ_3,NO_PERSONS_NOT_INJ,NO_PERSONS,POLICE_ATTEND,ROAD_GEOMETRY,ROAD_GEOMETRY_DESC,SEVERITY,SPEED_ZONE,RMA
T20230018756,2023/7/23,18:15:00,3,Struck animal,0,Sunday,167,STRUCK ANIMAL,5,778837,1,0,0,1,0,1,1,5,Not at intersection,3,80,Local Road
T20230017169,2023/7/23,18:24:00,2,Struck Pedestrian,1,Sunday,102,FAR SIDE. PED HIT BY VEHICLE FROM THE LEFT,3,798207,1,0,1,0,1,2,1,2,T intersection,2,60,Local Road
T20230017164,2023/7/23,18:37:00,1,Collision with vehicle,0,Sunday,173,RIGHT OFF CARRIAGEWAY INTO OBJECT/PARKED VEHICLE,3,799395,2,0,0,1,0,1,1,2,T intersection,3,50,Local Road
T20230017163,2023/7/23,17:46:00,1,Collision with vehicle,1,Sunday,110,CROSS TRAFFIC(INTERSECTIONS ONLY),3,57700,2,0,2,0,0,2,1,1,Cross intersection,2,70,Arterial Highway
T20230017132,2023/7/23,11:05:00,1,Collision with vehicle,1,Sunday,113,RIGHT NEAR (INTERSECTIONS ONLY),1,44014,2,0,2,0,0,2,1,2,T intersection,2,80,Arterial Highway
T20230017161,2023/7/23,17:59:00,1,Collision with vehicle,0,Sunday,110,CROSS TRAFFIC(INTERSECTIONS ONLY),9,45264,2,0,0,1,1,2,2,1,Cross intersection,3,50,Local Road
T20230017160,2023/7/23,14:42:00,1,Collision with vehicle,1,Sunday,120,HEAD ON (NOT OVERTAKING),1,777979,2,0,1,0,1,2,1,2,T intersection,2,50,Local Road
T20230017136,2023/7/23,13:55:00,1,Collision with vehicle,0,Sunday,111,RIGHT FAR (INTERSECTIONS ONLY),1,40895,2,0,0,1,4,5,1,2,T intersection,3,80,Arterial Other
T20230026459,2023/7/23,22:00:00,1,Collision with vehicle,1,Sunday,160,VEHICLE COLLIDES WITH VEHICLE PARKED ON LEFT OF ROAD,5,786512,2,0,0,1,2,3,2,5,Not at intersection,3,50,Local Road
T20230021334,2023/7/23,2:37:00,4,Collision with a fixed object,1,Sunday,171,LEFT OFF CARRIAGEWAY INTO OBJECT/PARKED VEHICLE,6,296062,1,0,0,1,0,1,1,1,Cross intersection,3,60,Arterial Highway
T20230017139,2023/7/23,3:07:00,2,Struck Pedestrian,0,Sunday,103,PED PLAYING/LYING/WORKING/STANDING ON CARRIAGEWAY.,3,793264,1,0,1,0,1,2,1,5,Not at intersection,2,80,Arterial Other
T20230017395,2023/7/23,9:45:00,6,Vehicle overturned (no collision),0,Sunday,174,OUT OF CONTROL ON CARRIAGEWAY (ON STRAIGHT),1,777814,2,0,0,1,1,2,2,1,Cross intersection,3,40,Arterial Other
T20230017142,2023/7/23,13:40:00,2,Struck Pedestrian,1,Sunday,104,PED WALKING WITH TRAFFIC,1,777751,1,1,0,0,3,4,1,5,Not at intersection,1,50,Local Road
T20230017170,2023/7/23,15:06:00,1,Collision with vehicle,0,Sunday,148,VEHICLE OFF FOOTPATH STRIKES VEH ON CARRIAGEWAY,1,777980,2,0,1,0,1,2,1,5,Not at intersection,2,50,Local Road
T20230017172,2023/7/23,19:00:00,4,Collision with a fixed object,1,Sunday,175,OFF END OF ROAD/T-INTERSECTION.,5,318378,1,1,0,0,0,1,1,2,T intersection,1,60,Arterial Other
T20230017189,2023/7/23,15:49:00,1,Collision with vehicle,0,Sunday,113,RIGHT NEAR (INTERSECTIONS ONLY),1,70105,2,0,0,1,1,2,1,2,T intersection,3,50,Local Road
T20230017190,2023/7/23,20:40:00,4,Collision with a fixed object,1,Sunday,183,OFF LEFT BEND INTO OBJECT/PARKED VEHICLE,5,788660,1,0,0,1,0,1,1,5,Not at intersection,3,110,Arterial Highway
T20230017226,2023/7/23,14:00:00,4,Collision with a fixed object,0,Sunday,171,LEFT OFF CARRIAGEWAY INTO OBJECT/PARKED VEHICLE,1,800547,1,0,0,1,3,4,2,5,Not at intersection,3,50,Local Road
T20230017145,2023/7/23,14:05:00,1,Collision with vehicle,1,Sunday,110,CROSS TRAFFIC(INTERSECTIONS ONLY),1,291786,2,0,0,1,3,4,1,1,Cross intersection,3,60,Arterial Other
T20230017147,2023/7/23,14:38:00,1,Collision with vehicle,1,Sunday,113,RIGHT NEAR (INTERSECTIONS ONLY),1,777883,2,0,1,0,1,2,1,2,T intersection,2,60,Arterial Other
T20230017120,2023/7/23,3:50:00,4,Collision with a fixed object,0,Sunday,171,LEFT OFF CARRIAGEWAY INTO OBJECT/PARKED VEHICLE,3,793262,1,0,1,0,0,1,1,5,Not at intersection,2,100,
T20230017119,2023/7/23,8:56:00,1,Collision with vehicle,0,Sunday,121,RIGHT THROUGH,1,39642,2,0,0,1,1,2,1,2,T intersection,3,60,Arterial Other
T20230019130,2023/7/23,6:30:00,3,Struck animal,0,Sunday,167,STRUCK ANIMAL,5,237834,1,0,0,1,0,1,2,2,T intersection,3,80,Local Road
T20230017114,2023/7/23,3:45:00,4,Collision with a fixed object,1,Sunday,173,RIGHT OFF CARRIAGEWAY INTO OBJECT/PARKED VEHICLE,5,793256,1,0,0,2,0,2,1,5,Not at intersection,3,100,Arterial Highway
T20230017113,2023/7/23,2:00:00,1,Collision with vehicle,1,Sunday,120,HEAD ON (NOT OVERTAKING),5,796798,2,0,1,0,1,2,1,5,Not at intersection,2,80,Freeway
T20230017153,2023/7/23,13:25:00,1,Collision with vehicle,0,Sunday,113,RIGHT NEAR (INTERSECTIONS ONLY),1,237748,2,0,0,1,1,2,1,2,T intersection,3,80,Arterial Other
T20230017154,2023/7/23,16:30:00,8,No collision and no object struck,0,Sunday,170,OFF CARRIAGEWAY TO LEFT,1,796797,1,0,1,0,0,1,2,5,Not at intersection,2,100,
T20230017267,2023/7/23,21:30:00,4,Collision with a fixed object,0,Sunday,171,LEFT OFF CARRIAGEWAY INTO OBJECT/PARKED VEHICLE,5,42658,2,0,0,1,1,2,1,1,Cross intersection,3,80,Arterial Highway
T20230017105,2023/7/23,0:30:00,2,Struck Pedestrian,0,Sunday,100,PED NEAR SIDE. PED HIT BY VEHICLE FROM THE RIGHT.,3,777718,1,0,0,1,1,2,1,1,Cross intersection,3,60,Arterial Highway
T20240006528,2023/7/23,18:00:00,1,Collision with vehicle,1,Sunday,121,RIGHT THROUGH,1,29535,2,0,0,1,1,2,2,2,T intersection,3,999,Arterial Other
T20230020437,2023/7/24,9:00:00,1,Collision with vehicle,2,Monday,113,RIGHT NEAR (INTERSECTIONS ONLY),1,780833,2,0,0,2,1,3,2,2,T intersection,3,999,Local Road
T20230018149,2023/7/24,5:55:00,1,Collision with vehicle,2,Monday,160,VEHICLE COLLIDES WITH VEHICLE PARKED ON LEFT OF ROAD,2,778301,2,0,0,1,0,1,2,2,T intersection,3,60,Arterial Other
T20230018952,2023/7/24,15:30:00,1,Collision with vehicle,1,Monday,142,LEAVING PARKING,9,778846,2,0,0,1,1,2,2,5,Not at intersection,3,50,Local Road
T20230018303,2023/7/24,8:00:00,1,Collision with vehicle,2,Monday,130,REAR END(VEHICLES IN SAME LANE),2,779162,2,0,0,1,1,2,2,5,Not at intersection,3,110,Freeway
T20230017192,2023/7/24,8:05:00,4,Collision with a fixed object,1,Monday,181,OFF RIGHT BEND INTO OBJECT/PARKED VEHICLE,1,796835,1,0,0,1,0,1,1,5,Not at intersection,3,110,Freeway
T20230018924,2023/7/24,8:20:00,1,Collision with vehicle,1,Monday,110,CROSS TRAFFIC(INTERSECTIONS ONLY),1,778913,2,0,0,1,3,4,2,1,Cross intersection,3,60,Local Road
T20230017179,2023/7/24,1:37:00,1,Collision with vehicle,1,Monday,150,HEAD ON(OVERTAKING),3,783092,2,0,0,1,1,2,1,5,Not at intersection,3,50,Local Road
T20230017186,2023/7/24,9:40:00,1,Collision with vehicle,1,Monday,121,RIGHT THROUGH,1,678425,2,0,0,1,2,3,1,2,T intersection,3,888,Local Road
T20230018066,2023/7/24,16:39:00,1,Collision with vehicle,1,Monday,130,REAR END(VEHICLES IN SAME LANE),2,778344,4,0,0,1,3,4,1,5,Not at intersection,3,80,Arterial Other
T20230017519,2023/7/24,8:45:00,1,Collision with vehicle,1,Monday,140,U TURN,1,781864,2,0,0,1,1,2,2,5,Not at intersection,3,80,Arterial Highway
T20230017241,2023/7/24,17:41:00,1,Collision with vehicle,2,Monday,132,RIGHT REAR.,2,778041,3,0,1,0,3,4,1,5,Not at intersection,2,60,Arterial Other
T20230017232,2023/7/24,19:30:00,1,Collision with vehicle,1,Monday,153,CUTTING IN (OVERTAKING),5,796990,2,0,0,1,1,2,2,5,Not at intersection,3,100,
T20230017203,2023/7/24,12:10:00,1,Collision with vehicle,1,Monday,132,RIGHT REAR.,1,779902,2,0,0,1,1,2,1,5,Not at intersection,3,50,Local Road
T20230017231,2023/7/24,15:42:00,1,Collision with vehicle,1,Monday,147,VEHICLE STRIKES ANOTHER VEH WHILE EMERGING FROM DRIVEWAY,1,777809,2,0,0,1,1,2,1,5,Not at intersection,3,60,Arterial Other
T20230017247,2023/7/24,5:40:00,1,Collision with vehicle,2,Monday,121,RIGHT THROUGH,2,778410,2,0,0,1,1,2,1,5,Not at intersection,3,60,Arterial Other
T20230017227,2023/7/24,15:30:00,1,Collision with vehicle,1,Monday,130,REAR END(VEHICLES IN SAME LANE),1,478,2,0,0,1,1,2,2,4,Multiple intersection,3,50,Arterial Other
T20230017243,2023/7/24,21:35:00,6,Vehicle overturned (no collision),1,Monday,174,OUT OF CONTROL ON CARRIAGEWAY (ON STRAIGHT),3,777928,1,0,0,1,0,1,1,5,Not at intersection,3,60,Arterial Other
T20230017897,2023/7/24,15:30:00,8,No collision and no object struck,2,Monday,174,OUT OF CONTROL ON CARRIAGEWAY (ON STRAIGHT),1,778297,1,0,1,0,0,1,2,5,Not at intersection,2,999,Local Road
T20230017259,2023/7/24,16:10:00,6,Vehicle overturned (no collision),2,Monday,174,OUT OF CONTROL ON CARRIAGEWAY (ON STRAIGHT),1,36123,1,0,1,0,1,2,2,1,Cross intersection,2,40,Local Road
T20230017225,2023/7/24,16:25:00,4,Collision with a fixed object,2,Monday,173,RIGHT OFF CARRIAGEWAY INTO OBJECT/PARKED VEHICLE,1,788837,1,0,0,1,0,1,1,5,Not at intersection,3,100,
T20230017182,2023/7/24,7:30:00,1,Collision with vehicle,2,Monday,130,REAR END(VEHICLES IN SAME LANE),2,779105,3,0,0,2,1,3,1,5,Not at intersection,3,60,Arterial Other
T20230017222,2023/7/24,13:10:00,1,Collision with vehicle,2,Monday,120,HEAD ON (NOT OVERTAKING),1,777641,2,1,0,1,0,2,1,5,Not at intersection,1,100,Arterial Highway
T20230017218,2023/7/24,15:30:00,1,Collision with vehicle,2,Monday,116,LEFT NEAR (INTERSECTIONS ONLY),1,777884,2,0,1,0,2,3,1,2,T intersection,2,80,Arterial Other
T20230017216,2023/7/24,11:28:00,1,Collision with vehicle,2,Monday,110,CROSS TRAFFIC(INTERSECTIONS ONLY),1,58190,2,0,2,1,0,3,1,1,Cross intersection,2,100,Local Road
T20230017268,2023/7/25,8:50:00,1,Collision with vehicle,2,Tuesday,121,RIGHT THROUGH,1,796991,2,0,0,1,2,3,1,1,Cross intersection,3,60,Arterial Other
T20230017265,2023/7/25,6:20:00,1,Collision with vehicle,3,Tuesday,130,REAR END(VEHICLES IN SAME LANE),2,778057,4,0,1,0,3,4,1,5,Not at intersection,2,60,Arterial Other
T20230017264,2023/7/25,8:35:00,1,Collision with vehicle,3,Tuesday,130,REAR END(VEHICLES IN SAME LANE),2,777898,3,0,1,0,3,4,1,5,Not at intersection,2,60,Arterial Other
T20230017263,2023/7/25,8:00:00,1,Collision with vehicle,3,Tuesday,130,REAR END(VEHICLES IN SAME LANE),2,777929,3,0,0,3,2,5,1,5,Not at intersection,3,80,Arterial Highway
T20230017262,2023/7/25,8:30:00,1,Collision with vehicle,3,Tuesday,121,RIGHT THROUGH,1,40181,2,0,1,0,1,2,1,1,Cross intersection,2,50,Local Road
T20230018245,2023/7/25,22:43:00,8,No collision and no object struck,2,Tuesday,174,OUT OF CONTROL ON CARRIAGEWAY (ON STRAIGHT),3,778321,1,0,1,0,0,1,1,5,Not at intersection,2,50,Arterial Other
T20230018082,2023/7/25,15:50:00,6,Vehicle overturned (no collision),3,Tuesday,174,OUT OF CONTROL ON CARRIAGEWAY (ON STRAIGHT),1,278869,2,0,0,1,1,2,2,1,Cross intersection,3,999,Local Road
T20230019576,2023/7/25,0:30:00,6,Vehicle overturned (no collision),3,Tuesday,174,OUT OF CONTROL ON CARRIAGEWAY (ON STRAIGHT),2,48637,1,0,0,1,0,1,2,1,Cross intersection,3,999,Local Road
T20230018191,2023/7/25,18:12:00,2,Struck Pedestrian,3,Tuesday,109,ANY MANOEUVRE INVOLVING PED NOT INCLUDED IN DCAs 100-108.,2,784330,1,0,1,0,2,3,2,5,Not at intersection,2,999,Arterial Other
T20230017323,2023/7/25,17:12:00,1,Collision with vehicle,3,Tuesday,111,RIGHT FAR (INTERSECTIONS ONLY),1,29730,2,0,1,0,1,2,1,1,Cross intersection,2,60,Arterial Highway
T20230019293,2023/7/25,17:15:00,1,Collision with vehicle,2,Tuesday,130,REAR END(VEHICLES IN SAME LANE),3,789242,2,0,0,1,1,2,2,2,T intersection,3,60,
T20230017631,2023/7/25,9:50:00,1,Collision with vehicle,2,Tuesday,133,LANE SIDE SWIPE (VEHICLES IN PARALLEL LANES),1,35355,3,0,0,1,2,3,2,1,Cross intersection,3,40,Local Road
T20230017555,2023/7/25,11:53:00,1,Collision with vehicle,2,Tuesday,134,LANE CHANGE RIGHT (NOT OVERTAKING),1,789214,2,0,0,1,1,2,1,2,T intersection,3,80,Arterial Highway
T20230017448,2023/7/25,15:40:00,2,Struck Pedestrian,2,Tuesday,100,PED NEAR SIDE. PED HIT BY VEHICLE FROM THE RIGHT.,1,38060,1,0,0,2,0,2,1,1,Cross intersection,3,60,Arterial Other
T20230018529,2023/7/25,18:00:00,1,Collision with vehicle,3,Tuesday,130,REAR END(VEHICLES IN SAME LANE),2,778562,3,0,0,1,2,3,2,5,Not at intersection,3,999,Arterial Highway
T20230017432,2023/7/25,19:15:00,1,Collision with vehicle,2,Tuesday,113,RIGHT NEAR (INTERSECTIONS ONLY),2,780440,2,0,0,1,1,2,1,8,Private property,3,60,Arterial Other
T20230017426,2023/7/25,20:50:00,1,Collision with vehicle,2,Tuesday,130,REAR END(VEHICLES IN SAME LANE),5,796903,2,0,1,0,1,2,1,5,Not at intersection,2,110,Freeway
T20230017378,2023/7/25,9:50:00,1,Collision with vehicle,2,Tuesday,121,RIGHT THROUGH,1,62376,2,0,0,2,0,2,1,2,T intersection,3,80,Arterial Other
T20230017413,2023/7/25,17:00:00,1,Collision with vehicle,3,Tuesday,130,REAR END(VEHICLES IN SAME LANE),2,29396,2,0,0,1,1,2,2,1,Cross intersection,3,40,Local Road
T20230017874,2023/7/25,19:55:00,1,Collision with vehicle,2,Tuesday,130,REAR END(VEHICLES IN SAME LANE),3,796887,2,0,0,1,1,2,1,2,T intersection,3,999,Local Road
T20230017592,2023/7/25,17:00:00,1,Collision with vehicle,2,Tuesday,116,LEFT NEAR (INTERSECTIONS ONLY),2,798077,2,0,0,1,1,2,2,2,T intersection,3,40,Local Road
T20230017349,2023/7/25,8:27:00,6,Vehicle overturned (no collision),2,Tuesday,170,OFF CARRIAGEWAY TO LEFT,1,789225,1,0,0,1,0,1,1,1,Cross intersection,3,50,
T20230017332,2023/7/25,15:00:00,4,Collision with a fixed object,2,Tuesday,173,RIGHT OFF CARRIAGEWAY INTO OBJECT/PARKED VEHICLE,1,789254,1,0,0,1,2,3,1,2,T intersection,3,50,Local Road
T20230017330,2023/7/25,17:46:00,1,Collision with vehicle,3,Tuesday,121,RIGHT THROUGH,2,36808,2,0,1,0,1,2,1,1,Cross intersection,2,40,Arterial Other
T20230017327,2023/7/25,15:20:00,1,Collision with vehicle,3,Tuesday,147,VEHICLE STRIKES ANOTHER VEH WHILE EMERGING FROM DRIVEWAY,1,777886,2,0,1,0,1,2,1,5,Not at intersection,2,50,Local Road
T20230017322,2023/7/25,14:20:00,2,Struck Pedestrian,3,Tuesday,103,PED PLAYING/LYING/WORKING/STANDING ON CARRIAGEWAY.,1,784331,2,0,2,0,0,2,1,5,Not at intersection,2,50,Local Road
T20230017321,2023/7/25,17:21:00,1,Collision with vehicle,2,Tuesday,113,RIGHT NEAR (INTERSECTIONS ONLY),2,777982,2,0,0,1,4,5,1,2,T intersection,3,60,Local Road
T20230017320,2023/7/25,17:09:00,1,Collision with vehicle,3,Tuesday,121,RIGHT THROUGH,2,40223,2,0,0,1,2,3,1,1,Cross intersection,3,70,Arterial Highway
T20230017318,2023/7/25,17:07:00,7,Fall from or in moving vehicle,3,Tuesday,190,FELL IN/FROM VEHICLE,2,325897,2,0,1,0,1,2,1,2,T intersection,2,40,Arterial Highway
T20230017317,2023/7/25,15:15:00,1,Collision with vehicle,3,Tuesday,121,RIGHT THROUGH,1,282647,2,0,1,1,0,2,1,2,T intersection,2,60,Local Road
T20230017315,2023/7/25,17:00:00,1,Collision with vehicle,3,Tuesday,110,CROSS TRAFFIC(INTERSECTIONS ONLY),2,51117,2,0,0,1,1,2,1,1,Cross intersection,3,50,Local Road
T20230017313,2023/7/25,16:28:00,1,Collision with vehicle,2,Tuesday,121,RIGHT THROUGH,2,41659,2,0,0,1,2,3,1,1,Cross intersection,3,60,Arterial Other
T20230017311,2023/7/25,14:20:00,1,Collision with vehicle,3,Tuesday,116,LEFT NEAR (INTERSECTIONS ONLY),1,37540,2,0,1,0,1,2,1,2,T intersection,2,50,Local Road
T20230017310,2023/7/25,15:54:00,2,Struck Pedestrian,3,Tuesday,100,PED NEAR SIDE. PED HIT BY VEHICLE FROM THE RIGHT.,1,39433,2,0,1,0,2,3,1,2,T intersection,2,70,Arterial Other
T20230017301,2023/7/25,9:10:00,1,Collision with vehicle,3,Tuesday,121,RIGHT THROUGH,1,64056,2,0,1,0,1,2,1,2,T intersection,2,40,Local Road
T20230017296,2023/7/25,8:30:00,2,Struck Pedestrian,2,Tuesday,102,FAR SIDE. PED HIT BY VEHICLE FROM THE LEFT,1,38365,1,0,0,1,1,2,1,2,T intersection,3,60,Local Road
T20230017291,2023/7/25,6:35:00,2,Struck Pedestrian,2,Tuesday,100,PED NEAR SIDE. PED HIT BY VEHICLE FROM THE RIGHT.,2,288676,1,0,1,0,1,2,1,4,Multiple intersection,2,60,Freeway
T20230017290,2023/7/25,9:00:00,2,Struck Pedestrian,3,Tuesday,104,PED WALKING WITH TRAFFIC,1,779282,1,1,0,0,1,2,1,5,Not at intersection,1,60,Arterial Other
T20230017287,2023/7/25,7:00:00,2,Struck Pedestrian,3,Tuesday,100,PED NEAR SIDE. PED HIT BY VEHICLE FROM THE RIGHT.,2,35565,1,0,1,0,1,2,1,2,T intersection,2,60,Arterial Other
T20230017278,2023/7/25,8:50:00,1,Collision with vehicle,3,Tuesday,113,RIGHT NEAR (INTERSECTIONS ONLY),1,42342,2,0,1,0,1,2,1,2,T intersection,2,60,Arterial Other
T20230017274,2023/7/25,10:15:00,1,Collision with vehicle,3,Tuesday,121,RIGHT THROUGH,1,930,2,0,1,0,1,2,1,2,T intersection,2,80,Arterial Highway
T20230017272,2023/7/25,10:00:00,4,Collision with a fixed object,3,Tuesday,181,OFF RIGHT BEND INTO OBJECT/PARKED VEHICLE,1,789206,1,0,1,0,0,1,1,5,Not at intersection,2,70,Local Road
T20230017271,2023/7/25,10:38:00,4,Collision with a fixed object,3,Tuesday,173,RIGHT OFF CARRIAGEWAY INTO OBJECT/PARKED VEHICLE,1,777810,1,0,1,0,0,1,1,5,Not at intersection,2,50,Local Road
T20230019686,2023/7/26,8:05:00,1,Collision with vehicle,3,Wednesday,121,RIGHT THROUGH,2,677995,2,0,0,1,1,2,1,5,Not at intersection,3,70,Arterial Highway
T20230017382,2023/7/26,12:00:00,1,Collision with vehicle,3,Wednesday,173,RIGHT OFF CARRIAGEWAY INTO OBJECT/PARKED VEHICLE,1,777998,2,0,0,1,0,1,1,5,Not at intersection,3,50,Local Road
T20230017434,2023/7/26,16:44:00,2,Struck Pedestrian,4,Wednesday,102,FAR SIDE. PED HIT BY VEHICLE FROM THE LEFT,1,777889,1,0,0,1,3,4,1,5,Not at intersection,3,60,Arterial Other
T20230017435,2023/7/26,19:00:00,1,Collision with vehicle,4,Wednesday,121,RIGHT THROUGH,2,1288,2,0,1,0,1,2,1,2,T intersection,2,60,Arterial Other
T20230017439,2023/7/26,14:00:00,1,Collision with vehicle,4,Wednesday,130,REAR END(VEHICLES IN SAME LANE),1,777933,2,0,0,1,1,2,2,2,T intersection,3,80,Arterial Highway
T20230017381,2023/7/26,13:30:00,1,Collision with vehicle,4,Wednesday,121,RIGHT THROUGH,1,50917,2,0,0,1,2,3,1,2,T intersection,3,60,Local Road
T20230017441,2023/7/26,23:50:00,1,Collision with vehicle,4,Wednesday,110,CROSS TRAFFIC(INTERSECTIONS ONLY),3,52865,2,0,3,2,1,6,1,1,Cross intersection,2,70,Arterial Other
T20230017375,2023/7/26,12:35:00,2,Struck Pedestrian,3,Wednesday,106,VEH STRIKES PED ON FOOTPATH/MEDIAN/TRAFFIC ISLAND.,1,784654,1,0,0,1,1,2,1,5,Not at intersection,3,40,Local Road
T20230017372,2023/7/26,8:42:00,1,Collision with vehicle,3,Wednesday,135,LANE CHANGE LEFT (NOT OVERTAKING),1,751,2,0,0,1,2,3,2,1,Cross intersection,3,50,Arterial Other
T20230017370,2023/7/26,7:19:00,1,Collision with vehicle,4,Wednesday,110,CROSS TRAFFIC(INTERSECTIONS ONLY),2,52868,2,0,0,1,1,2,1,1,Cross intersection,3,50,Arterial Other
T20230017369,2023/7/26,11:00:00,1,Collision with vehicle,4,Wednesday,130,REAR END(VEHICLES IN SAME LANE),1,777931,2,0,1,0,1,2,1,5,Not at intersection,2,100,Freeway
T20230017366,2023/7/26,9:30:00,1,Collision with vehicle,3,Wednesday,130,REAR END(VEHICLES IN SAME LANE),1,77396,2,0,0,1,1,2,2,1,Cross intersection,3,80,Arterial Other
T20230017363,2023/7/26,10:56:00,7,Fall from or in moving vehicle,3,Wednesday,190,FELL IN/FROM VEHICLE,1,779322,1,0,1,0,1,2,1,5,Not at intersection,2,50,Local Road
T20230017354,2023/7/26,7:40:00,1,Collision with vehicle,3,Wednesday,130,REAR END(VEHICLES IN SAME LANE),1,797141,4,0,1,0,3,4,1,5,Not at intersection,2,60,Arterial Other
T20230017351,2023/7/26,6:50:00,1,Collision with vehicle,4,Wednesday,130,REAR END(VEHICLES IN SAME LANE),2,789034,2,0,1,0,1,2,2,5,Not at intersection,2,80,Freeway
T20230017348,2023/7/26,3:17:00,4,Collision with a fixed object,4,Wednesday,171,LEFT OFF CARRIAGEWAY INTO OBJECT/PARKED VEHICLE,5,780223,1,0,1,0,0,1,1,5,Not at intersection,2,50,Local Road
T20230017347,2023/7/26,1:38:00,4,Collision with a fixed object,4,Wednesday,173,RIGHT OFF CARRIAGEWAY INTO OBJECT/PARKED VEHICLE,5,778661,1,1,0,0,0,1,1,5,Not at intersection,1,80,Local Road
T20230017344,2023/7/26,2:41:00,1,Collision with vehicle,4,Wednesday,130,REAR END(VEHICLES IN SAME LANE),3,777887,2,0,0,2,0,2,1,5,Not at intersection,3,100,Arterial Other
T20230017343,2023/7/26,0:33:00,1,Collision with vehicle,3,Wednesday,140,U TURN,3,782490,2,0,2,0,5,7,1,1,Cross intersection,2,60,Arterial Highway
T20230017342,2023/7/26,0:32:00,2,Struck Pedestrian,4,Wednesday,103,PED PLAYING/LYING/WORKING/STANDING ON CARRIAGEWAY.,3,781417,1,0,1,0,1,2,1,5,Not at intersection,2,60,Arterial Highway
T20230020426,2023/7/26,9:30:00,1,Collision with vehicle,4,Wednesday,135,LANE CHANGE LEFT (NOT OVERTAKING),9,224287,2,0,0,1,1,2,2,2,T intersection,3,60,Arterial Highway
T20230017482,2023/7/26,18:40:00,1,Collision with vehicle,3,Wednesday,130,REAR END(VEHICLES IN SAME LANE),3,781845,2,0,0,1,1,2,2,2,T intersection,3,60,Arterial Other
T20230017911,2023/7/26,16:30:00,1,Collision with vehicle,4,Wednesday,130,REAR END(VEHICLES IN SAME LANE),2,778113,2,0,1,1,0,2,2,5,Not at intersection,2,40,Local Road
T20230017500,2023/7/26,17:30:00,1,Collision with vehicle,3,Wednesday,130,REAR END(VEHICLES IN SAME LANE),2,86682,2,0,0,3,1,4,2,5,Not at intersection,3,60,Arterial Other
T20230018116,2023/7/26,14:30:00,1,Collision with vehicle,3,Wednesday,110,CROSS TRAFFIC(INTERSECTIONS ONLY),1,316255,2,0,0,1,1,2,2,1,Cross intersection,3,40,Local Road
T20230017888,2023/7/26,6:30:00,4,Collision with a fixed object,3,Wednesday,179,OTHER ACCIDENTS-OFF STRAIGHT NOT INCLUDED IN DCAs 170-175,1,779035,1,0,1,0,0,1,1,5,Not at intersection,2,999,Local Road
T20230017429,2023/7/26,17:40:00,1,Collision with vehicle,3,Wednesday,110,CROSS TRAFFIC(INTERSECTIONS ONLY),2,65718,2,0,0,1,2,3,1,1,Cross intersection,3,50,Local Road
T20230017427,2023/7/26,18:15:00,2,Struck Pedestrian,4,Wednesday,102,FAR SIDE. PED HIT BY VEHICLE FROM THE LEFT,3,789057,1,0,1,0,1,2,1,1,Cross intersection,2,40,Local Road
T20230017585,2023/7/26,17:08:00,1,Collision with vehicle,3,Wednesday,130,REAR END(VEHICLES IN SAME LANE),2,779433,4,0,0,1,3,4,1,5,Not at intersection,3,80,Arterial Other
T20230017497,2023/7/26,19:00:00,2,Struck Pedestrian,3,Wednesday,108,PED STRUCK WALKING TO/FROM OR BOARDING/ALIGHTING VEHICLE.,2,792101,1,0,0,1,1,2,2,5,Not at intersection,3,999,Local Road
T20230017423,2023/7/26,17:00:00,1,Collision with vehicle,4,Wednesday,130,REAR END(VEHICLES IN SAME LANE),2,37555,2,0,1,0,1,2,1,1,Cross intersection,2,40,Local Road
T20230017421,2023/7/26,16:55:00,1,Collision with vehicle,3,Wednesday,110,CROSS TRAFFIC(INTERSECTIONS ONLY),1,39359,2,0,0,1,2,3,1,1,Cross intersection,3,50,Local Road
T20230017419,2023/7/26,16:40:00,1,Collision with vehicle,4,Wednesday,113,RIGHT NEAR (INTERSECTIONS ONLY),1,40053,2,0,1,0,2,3,1,2,T intersection,2,50,Arterial Other
T20230017412,2023/7/26,17:02:00,1,Collision with vehicle,4,Wednesday,121,RIGHT THROUGH,2,779778,2,0,1,0,3,4,1,3,Y intersection,2,50,Local Road
T20230017408,2023/7/26,16:00:00,1,Collision with vehicle,3,Wednesday,130,REAR END(VEHICLES IN SAME LANE),2,778056,2,0,0,1,2,3,1,5,Not at intersection,3,80,Freeway
T20230018311,2023/7/26,14:50:00,1,Collision with vehicle,3,Wednesday,130,REAR END(VEHICLES IN SAME LANE),1,778618,3,0,0,1,2,3,1,5,Not at intersection,3,80,Arterial Other
T20230017669,2023/7/26,6:45:00,1,Collision with vehicle,3,Wednesday,130,REAR END(VEHICLES IN SAME LANE),2,777959,3,0,0,1,2,3,2,2,T intersection,3,60,Arterial Other
T20230017603,2023/7/26,18:30:00,4,Collision with a fixed object,3,Wednesday,183,OFF LEFT BEND INTO OBJECT/PARKED VEHICLE,5,797221,1,0,0,1,0,1,2,5,Not at intersection,3,999,Arterial Other