ACCIDENT_NO,ACCIDENT_DATE,ACCIDENT_TIME,ACCIDENT_TYPE,ACCIDENT_TYPE_DESC,DAY_OF_WEEK,DAY_WEEK_DESC,DCA_CODE,DCA_DESC,LIGHT_CONDITION,NODE_ID,NO_OF_VEHICLES,NO_PERSONS_KILLED,NO_PERSONS_INJ_2,NO_PERSONS_INJ_3,NO_PERSONS_NOT_INJ,NO_PERSONS,POLICE_ATTEND,ROAD_GEOMETRY,ROAD_GEOMETRY_DESC,SEVERITY,SPEED_ZONE,RMA
T20230018627,2023/7/26,14:45:00,1,Collision with vehicle,4,Wednesday,130,REAR END(VEHICLES IN SAME LANE),1,780226,2,0,0,1,1,2,9,5,Not at intersection,3,60,Arterial Highway
T20230018619,2023/7/26,5:33:00,8,No collision and no object struck,3,Wednesday,174,OUT OF CONTROL ON CARRIAGEWAY (ON STRAIGHT),6,29974,1,0,0,1,0,1,2,2,T intersection,3,60,Local Road
T20230028220,2023/7/26,7:50:00,1,Collision with vehicle,3,Wednesday,110,CROSS TRAFFIC(INTERSECTIONS ONLY),2,791182,2,0,0,1,1,2,2,1,Cross intersection,3,60,
T20230020776,2023/7/26,12:45:00,4,Collision with a fixed object,3,Wednesday,179,OTHER ACCIDENTS-OFF STRAIGHT NOT INCLUDED IN DCAs 170-175,1,789087,1,0,0,1,1,2,2,5,Not at intersection,3,50,
T20230017915,2023/7/26,8:30:00,1,Collision with vehicle,3,Wednesday,111,RIGHT FAR (INTERSECTIONS ONLY),1,37493,2,0,0,1,1,2,2,1,Cross intersection,3,60,Local Road
T20230017359,2023/7/26,8:15:00,1,Collision with vehicle,4,Wednesday,130,REAR END(VEHICLES IN SAME LANE),2,777930,3,0,0,1,2,3,1,2,T intersection,3,80,Arterial Other
T20230017406,2023/7/26,14:58:00,1,Collision with vehicle,3,Wednesday,130,REAR END(VEHICLES IN SAME LANE),1,36117,2,0,1,0,2,3,1,2,T intersection,2,60,Arterial Other
T20230017403,2023/7/26,8:20:00,1,Collision with vehicle,3,Wednesday,137,LEFT TURN SIDESWIPE,1,789081,2,0,0,1,1,2,2,5,Not at intersection,3,999,
T20230017402,2023/7/26,16:00:00,1,Collision with vehicle,3,Wednesday,130,REAR END(VEHICLES IN SAME LANE),1,797142,2,0,0,1,2,3,2,5,Not at intersection,3,999,Freeway
T20230017401,2023/7/26,14:50:00,1,Collision with vehicle,4,Wednesday,110,CROSS TRAFFIC(INTERSECTIONS ONLY),1,70501,2,0,1,0,3,4,1,1,Cross intersection,2,50,Local Road
T20230017398,2023/7/26,8:30:00,1,Collision with vehicle,4,Wednesday,130,REAR END(VEHICLES IN SAME LANE),1,796837,2,0,1,0,1,2,1,2,T intersection,2,50,Local Road
T20230017397,2023/7/26,14:30:00,4,Collision with a fixed object,4,Wednesday,171,LEFT OFF CARRIAGEWAY INTO OBJECT/PARKED VEHICLE,1,778200,1,0,1,0,0,1,1,5,Not at intersection,2,100,Arterial Other
T20230017396,2023/7/26,14:25:00,1,Collision with vehicle,3,Wednesday,147,VEHICLE STRIKES ANOTHER VEH WHILE EMERGING FROM DRIVEWAY,1,49284,3,0,0,2,2,4,1,1,Cross intersection,3,999,Arterial Other
T20230017394,2023/7/26,14:45:00,1,Collision with vehicle,3,Wednesday,131,LEFT REAR,1,58017,2,0,0,1,2,3,1,2,T intersection,3,60,Arterial Highway
T20230017390,2023/7/26,12:13:00,1,Collision with vehicle,3,Wednesday,121,RIGHT THROUGH,1,306589,2,0,0,1,1,2,1,1,Cross intersection,3,60,Freeway
T20230017389,2023/7/26,14:20:00,2,Struck Pedestrian,4,Wednesday,107,PED ON FOOTHPATH STRUCK BY VEHENTERING/LEAVING DRIVEWAY.,1,797194,1,0,1,0,2,3,1,5,Not at intersection,2,70,Arterial Highway
T20230017388,2023/7/26,14:30:00,7,Fall from or in moving vehicle,3,Wednesday,190,FELL IN/FROM VEHICLE,1,777956,1,0,0,1,0,1,1,2,T intersection,3,40,Local Road
T20230017384,2023/7/26,12:50:00,1,Collision with vehicle,4,Wednesday,111,RIGHT FAR (INTERSECTIONS ONLY),1,7018,2,0,1,0,1,2,1,1,Cross intersection,2,60,
T20230017537,2023/7/27,20:30:00,1,Collision with vehicle,4,Thursday,120,HEAD ON (NOT OVERTAKING),3,714011,2,0,0,1,1,2,1,5,Not at intersection,3,60,Local Road
T20230017567,2023/7/27,7:30:00,1,Collision with vehicle,4,Thursday,110,CROSS TRAFFIC(INTERSECTIONS ONLY),9,35995,2,0,0,1,1,2,2,1,Cross intersection,3,50,Local Road
T20230019437,2023/7/27,10:29:00,1,Collision with vehicle,4,Thursday,133,LANE SIDE SWIPE (VEHICLES IN PARALLEL LANES),1,779644,3,0,0,2,1,3,1,5,Not at intersection,3,40,Arterial Other
T20230017449,2023/7/27,7:50:00,3,Struck animal,4,Thursday,167,STRUCK ANIMAL,1,777890,1,0,0,1,0,1,1,5,Not at intersection,3,100,Arterial Other
T20230017455,2023/7/27,7:10:00,1,Collision with vehicle,5,Thursday,173,RIGHT OFF CARRIAGEWAY INTO OBJECT/PARKED VEHICLE,2,777983,3,0,0,1,0,1,1,5,Not at intersection,3,50,Local Road
T20230017456,2023/7/27,6:49:00,4,Collision with a fixed object,4,Thursday,171,LEFT OFF CARRIAGEWAY INTO OBJECT/PARKED VEHICLE,2,71609,1,0,0,1,1,2,1,1,Cross intersection,3,60,Arterial Other
T20230017457,2023/7/27,8:28:00,1,Collision with vehicle,4,Thursday,121,RIGHT THROUGH,2,53976,2,0,0,1,1,2,1,2,T intersection,3,100,Arterial Other
T20230017458,2023/7/27,8:30:00,1,Collision with vehicle,5,Thursday,130,REAR END(VEHICLES IN SAME LANE),2,777891,2,0,2,0,0,2,1,5,Not at intersection,2,50,Local Road
T20230017459,2023/7/27,9:00:00,2,Struck Pedestrian,4,Thursday,100,PED NEAR SIDE. PED HIT BY VEHICLE FROM THE RIGHT.,1,69938,1,0,1,0,1,2,1,2,T intersection,2,50,Arterial Other
T20230017460,2023/7/27,6:30:00,1,Collision with vehicle,5,Thursday,130,REAR END(VEHICLES IN SAME LANE),2,779061,2,0,0,1,3,4,1,2,T intersection,3,60,Local Road
T20230017467,2023/7/27,7:50:00,1,Collision with vehicle,5,Thursday,160,VEHICLE COLLIDES WITH VEHICLE PARKED ON LEFT OF ROAD,1,797222,3,0,0,1,0,1,1,5,Not at intersection,3,50,Arterial Other
T20230017462,2023/7/27,6:24:00,1,Collision with vehicle,4,Thursday,150,HEAD ON(OVERTAKING),3,788928,3,0,0,3,3,6,1,5,Not at intersection,3,60,Arterial Other
T20230017464,2023/7/27,8:46:00,1,Collision with vehicle,5,Thursday,110,CROSS TRAFFIC(INTERSECTIONS ONLY),1,221405,2,0,0,1,1,2,1,1,Cross intersection,3,80,Arterial Other
T20230017534,2023/7/27,16:40:00,6,Vehicle overturned (no collision),4,Thursday,172,OFF CARRIAGEWAY TO RIGHT,1,789010,1,0,0,1,0,1,2,5,Not at intersection,3,100,Local Road
T20230018354,2023/7/27,21:13:00,1,Collision with vehicle,4,Thursday,110,CROSS TRAFFIC(INTERSECTIONS ONLY),3,46824,2,0,0,1,1,2,1,1,Cross intersection,3,70,Arterial Highway
T20230017533,2023/7/27,15:54:00,1,Collision with vehicle,5,Thursday,120,HEAD ON (NOT OVERTAKING),1,778099,2,0,0,2,0,2,1,5,Not at intersection,3,40,Local Road
T20230018382,2023/7/27,15:10:00,9,Other accident,4,Thursday,179,OTHER ACCIDENTS-OFF STRAIGHT NOT INCLUDED IN DCAs 170-175,1,778470,1,0,1,0,0,1,2,5,Not at intersection,2,50,Local Road
T20230017494,2023/7/27,12:23:00,4,Collision with a fixed object,4,Thursday,179,OTHER ACCIDENTS-OFF STRAIGHT NOT INCLUDED IN DCAs 170-175,1,788861,1,0,0,2,3,5,1,5,Not at intersection,3,40,Local Road
T20230017486,2023/7/27,9:20:00,1,Collision with vehicle,4,Thursday,130,REAR END(VEHICLES IN SAME LANE),1,777936,4,0,0,1,3,4,1,5,Not at intersection,3,100,Freeway
T20230017485,2023/7/27,10:10:00,1,Collision with vehicle,4,Thursday,110,CROSS TRAFFIC(INTERSECTIONS ONLY),1,61601,2,0,1,0,1,2,1,1,Cross intersection,2,50,Local Road
T20230019850,2023/7/27,8:15:00,1,Collision with vehicle,4,Thursday,110,CROSS TRAFFIC(INTERSECTIONS ONLY),1,779863,2,0,0,1,1,2,2,1,Cross intersection,3,50,Local Road
T20230017625,2023/7/27,18:00:00,1,Collision with vehicle,4,Thursday,135,LANE CHANGE LEFT (NOT OVERTAKING),2,777987,2,0,0,1,2,3,2,5,Not at intersection,3,80,Arterial Highway
T20230019698,2023/7/27,16:22:00,1,Collision with vehicle,5,Thursday,121,RIGHT THROUGH,2,37537,2,0,0,2,1,3,1,2,T intersection,3,60,Local Road
T20230017660,2023/7/27,10:20:00,3,Struck animal,5,Thursday,167,STRUCK ANIMAL,1,778121,1,0,1,0,0,1,1,5,Not at intersection,2,100,Arterial Other
T20230019447,2023/7/27,11:02:00,2,Struck Pedestrian,5,Thursday,106,VEH STRIKES PED ON FOOTPATH/MEDIAN/TRAFFIC ISLAND.,1,780059,2,0,0,1,2,3,1,2,T intersection,3,60,Local Road
T20230017588,2023/7/27,16:00:00,1,Collision with vehicle,4,Thursday,134,LANE CHANGE RIGHT (NOT OVERTAKING),1,52955,2,0,0,1,1,2,2,2,T intersection,3,60,Arterial Highway
T20230017484,2023/7/27,12:15:00,4,Collision with a fixed object,4,Thursday,171,LEFT OFF CARRIAGEWAY INTO OBJECT/PARKED VEHICLE,1,797223,1,0,0,1,0,1,1,2,T intersection,3,40,Local Road
T20230019277,2023/7/27,16:00:00,1,Collision with vehicle,5,Thursday,130,REAR END(VEHICLES IN SAME LANE),2,340664,2,0,0,1,2,3,2,1,Cross intersection,3,999,Freeway
T20230017522,2023/7/27,19:10:00,1,Collision with vehicle,4,Thursday,113,RIGHT NEAR (INTERSECTIONS ONLY),3,48622,2,0,0,2,4,6,1,2,T intersection,3,60,Arterial Other
T20230017520,2023/7/27,18:09:00,1,Collision with vehicle,5,Thursday,121,RIGHT THROUGH,2,780150,2,0,1,0,2,3,1,5,Not at intersection,2,80,Local Road
T20230018763,2023/7/27,7:05:00,1,Collision with vehicle,5,Thursday,130,REAR END(VEHICLES IN SAME LANE),2,779062,3,0,0,2,2,4,1,5,Not at intersection,3,80,Local Road
T20230017517,2023/7/27,18:17:00,2,Struck Pedestrian,4,Thursday,102,FAR SIDE. PED HIT BY VEHICLE FROM THE LEFT,3,784323,1,0,1,0,1,2,1,2,T intersection,2,80,Arterial Other
T20230017514,2023/7/27,18:25:00,1,Collision with vehicle,5,Thursday,130,REAR END(VEHICLES IN SAME LANE),2,778430,4,0,1,0,3,4,1,5,Not at intersection,2,100,Freeway
T20230018808,2023/7/27,8:30:00,1,Collision with vehicle,5,Thursday,130,REAR END(VEHICLES IN SAME LANE),2,778750,2,0,0,1,1,2,2,5,Not at intersection,3,80,Freeway
T20230019288,2023/7/27,10:20:00,1,Collision with vehicle,4,Thursday,130,REAR END(VEHICLES IN SAME LANE),1,789012,3,0,0,1,3,4,2,5,Not at intersection,3,999,Arterial Other
T20230018975,2023/7/27,17:54:00,1,Collision with vehicle,4,Thursday,130,REAR END(VEHICLES IN SAME LANE),3,715941,4,0,0,1,3,4,1,1,Cross intersection,3,60,Arterial Other
T20230018126,2023/7/27,10:11:00,4,Collision with a fixed object,5,Thursday,171,LEFT OFF CARRIAGEWAY INTO OBJECT/PARKED VEHICLE,1,784319,1,0,1,0,0,1,1,5,Not at intersection,2,100,Arterial Highway
T20230017806,2023/7/27,9:30:00,1,Collision with vehicle,4,Thursday,130,REAR END(VEHICLES IN SAME LANE),1,778551,2,0,0,1,1,2,2,5,Not at intersection,3,80,Arterial Highway
T20230018142,2023/7/27,17:55:00,1,Collision with vehicle,4,Thursday,130,REAR END(VEHICLES IN SAME LANE),2,778428,3,0,0,1,2,3,1,5,Not at intersection,3,60,Arterial Other
T20230019381,2023/7/27,16:20:00,1,Collision with vehicle,5,Thursday,130,REAR END(VEHICLES IN SAME LANE),2,779645,2,0,0,1,1,2,2,1,Cross intersection,3,60,Arterial Other
T20230017538,2023/7/27,23:17:00,1,Collision with vehicle,4,Thursday,130,REAR END(VEHICLES IN SAME LANE),3,797143,3,0,1,0,4,5,1,5,Not at intersection,2,40,Freeway
T20230017539,2023/7/27,15:14:00,1,Collision with vehicle,4,Thursday,121,RIGHT THROUGH,1,778856,2,0,0,1,5,6,1,5,Not at intersection,3,50,Local Road
T20230017541,2023/7/27,23:15:00,3,Struck animal,4,Thursday,167,STRUCK ANIMAL,5,778043,1,0,0,1,0,1,1,5,Not at intersection,3,100,Arterial Other
T20230017513,2023/7/27,18:20:00,1,Collision with vehicle,5,Thursday,130,REAR END(VEHICLES IN SAME LANE),2,780663,2,0,0,2,1,3,1,5,Not at intersection,3,80,Arterial Highway
T20230017536,2023/7/27,18:08:00,1,Collision with vehicle,5,Thursday,130,REAR END(VEHICLES IN SAME LANE),2,780144,3,0,1,0,5,6,1,5,Not at intersection,2,80,Arterial Other
T20230017510,2023/7/27,16:00:00,1,Collision with vehicle,4,Thursday,113,RIGHT NEAR (INTERSECTIONS ONLY),1,282804,2,0,0,1,1,2,1,1,Cross intersection,3,60,Arterial Other
T20230017509,2023/7/27,16:10:00,2,Struck Pedestrian,4,Thursday,100,PED NEAR SIDE. PED HIT BY VEHICLE FROM THE RIGHT.,1,778119,1,0,1,0,2,3,1,2,T intersection,2,70,Arterial Other
T20230017543,2023/7/27,2:10:00,6,Vehicle overturned (no collision),5,Thursday,184,OUT OF CONTROL ON CARRIAGEWAY (ON BEND),5,778120,1,0,0,1,0,1,1,5,Not at intersection,3,40,Arterial Other
T20230017502,2023/7/27,8:40:00,4,Collision with a fixed object,5,Thursday,181,OFF RIGHT BEND INTO OBJECT/PARKED VEHICLE,1,784322,1,0,1,0,0,1,1,5,Not at intersection,2,100,Arterial Other
T20230017498,2023/7/27,9:25:00,2,Struck Pedestrian,4,Thursday,100,PED NEAR SIDE. PED HIT BY VEHICLE FROM THE RIGHT.,1,779779,1,0,0,1,1,2,2,1,Cross intersection,3,40,Local Road
T20230017920,2023/7/27,15:00:00,1,Collision with vehicle,4,Thursday,130,REAR END(VEHICLES IN SAME LANE),1,778429,3,0,0,1,2,3,1,5,Not at intersection,3,50,Arterial Other
T20230028125,2023/7/27,18:44:00,1,Collision with vehicle,4,Thursday,110,CROSS TRAFFIC(INTERSECTIONS ONLY),2,278589,2,0,0,1,1,2,2,1,Cross intersection,3,60,Local Road
T20230019620,2023/7/27,16:45:00,6,Vehicle overturned (no collision),4,Thursday,174,OUT OF CONTROL ON CARRIAGEWAY (ON STRAIGHT),9,780968,1,0,1,0,0,1,2,5,Not at intersection,2,50,Local Road
T20230017474,2023/7/27,11:28:00,2,Struck Pedestrian,5,Thursday,100,PED NEAR SIDE. PED HIT BY VEHICLE FROM THE RIGHT.,1,779323,1,0,1,0,1,2,1,1,Cross intersection,2,70,Local Road
T20230018226,2023/7/27,14:30:00,8,No collision and no object struck,5,Thursday,174,OUT OF CONTROL ON CARRIAGEWAY (ON STRAIGHT),1,778556,1,0,0,1,0,1,2,2,T intersection,3,50,Local Road
T20230017472,2023/7/27,7:00:00,2,Struck Pedestrian,5,Thursday,102,FAR SIDE. PED HIT BY VEHICLE FROM THE LEFT,2,36321,1,0,1,0,1,2,1,1,Cross intersection,2,60,Arterial Highway
T20230017470,2023/7/27,7:13:00,1,Collision with vehicle,5,Thursday,110,CROSS TRAFFIC(INTERSECTIONS ONLY),1,777934,2,0,1,0,2,3,1,1,Cross intersection,2,80,Arterial Other
T20230017535,2023/7/27,21:30:00,4,Collision with a fixed object,4,Thursday,181,OFF RIGHT BEND INTO OBJECT/PARKED VEHICLE,5,790532,1,0,1,0,0,1,2,5,Not at intersection,2,80,Local Road
T20230017683,2023/7/28,16:50:00,1,Collision with vehicle,5,Friday,132,RIGHT REAR.,2,777960,2,0,0,2,1,3,1,2,T intersection,3,60,Local Road
T20230017583,2023/7/28,12:57:00,1,Collision with vehicle,6,Friday,133,LANE SIDE SWIPE (VEHICLES IN PARALLEL LANES),1,789020,2,0,0,1,1,2,1,5,Not at intersection,3,100,
T20230017688,2023/7/28,21:20:00,2,Struck Pedestrian,5,Friday,102,FAR SIDE. PED HIT BY VEHICLE FROM THE LEFT,3,44937,1,0,0,1,1,2,2,2,T intersection,3,40,Arterial Other
T20230019506,2023/7/28,9:10:00,1,Collision with vehicle,5,Friday,133,LANE SIDE SWIPE (VEHICLES IN PARALLEL LANES),1,798062,2,0,0,1,1,2,2,5,Not at intersection,3,70,Local Road
T20230017860,2023/7/28,23:00:00,1,Collision with vehicle,6,Friday,130,REAR END(VEHICLES IN SAME LANE),3,778904,3,0,0,4,2,6,1,5,Not at intersection,3,100,Freeway
T20230017886,2023/7/28,7:50:00,1,Collision with vehicle,5,Friday,130,REAR END(VEHICLES IN SAME LANE),2,778427,2,0,0,1,1,2,2,5,Not at intersection,3,80,Arterial Other
T20230017655,2023/7/28,19:55:00,1,Collision with vehicle,6,Friday,120,HEAD ON (NOT OVERTAKING),5,777941,2,1,3,0,0,4,1,5,Not at intersection,1,100,Local Road
T20230018159,2023/7/28,6:45:00,1,Collision with vehicle,6,Friday,110,CROSS TRAFFIC(INTERSECTIONS ONLY),2,43987,2,0,0,1,1,2,2,1,Cross intersection,3,60,Local Road
T20230017647,2023/7/28,23:34:00,1,Collision with vehicle,5,Friday,130,REAR END(VEHICLES IN SAME LANE),3,797227,2,0,0,1,1,2,1,1,Cross intersection,3,60,Arterial Other
T20230017637,2023/7/28,19:59:00,2,Struck Pedestrian,5,Friday,105,PED WALKING AGAINST TRAFFIC.,5,789006,1,0,0,1,1,2,1,5,Not at intersection,3,999,Arterial Other
T20230017611,2023/7/28,14:00:00,4,Collision with a fixed object,5,Friday,146,REVERSING INTO FIXED OBJECT/PARKED VEHICLE,1,789013,1,0,0,1,0,1,1,5,Not at intersection,3,40,Local Road
T20230017615,2023/7/28,15:15:00,1,Collision with vehicle,5,Friday,110,CROSS TRAFFIC(INTERSECTIONS ONLY),1,44019,2,0,0,1,1,2,1,1,Cross intersection,3,80,Local Road
T20230017617,2023/7/28,17:00:00,1,Collision with vehicle,5,Friday,130,REAR END(VEHICLES IN SAME LANE),1,302967,2,0,0,1,1,2,1,1,Cross intersection,3,80,Arterial Other
T20230017622,2023/7/28,14:45:00,1,Collision with vehicle,5,Friday,160,VEHICLE COLLIDES WITH VEHICLE PARKED ON LEFT OF ROAD,1,788991,2,0,0,3,0,3,1,5,Not at intersection,3,50,Local Road
T20230017912,2023/7/28,6:20:00,1,Collision with vehicle,6,Friday,130,REAR END(VEHICLES IN SAME LANE),2,778171,3,0,1,0,2,3,2,5,Not at intersection,2,60,Arterial Highway
T20230017623,2023/7/28,14:57:00,1,Collision with vehicle,5,Friday,130,REAR END(VEHICLES IN SAME LANE),1,778350,2,0,0,1,1,2,2,5,Not at intersection,3,60,Arterial Other
T20230018096,2023/7/28,18:10:00,1,Collision with vehicle,5,Friday,147,VEHICLE STRIKES ANOTHER VEH WHILE EMERGING FROM DRIVEWAY,2,797200,2,0,1,0,1,2,2,5,Not at intersection,2,80,Local Road
T20230017716,2023/7/28,22:20:00,1,Collision with vehicle,5,Friday,148,VEHICLE OFF FOOTPATH STRIKES VEH ON CARRIAGEWAY,6,779603,2,0,0,1,1,2,1,5,Not at intersection,3,40,Local Road
T20230017762,2023/7/28,18:45:00,1,Collision with vehicle,5,Friday,121,RIGHT THROUGH,2,39539,2,0,0,1,2,3,2,2,T intersection,3,60,Arterial Other
T20230017621,2023/7/28,15:09:00,2,Struck Pedestrian,6,Friday,100,PED NEAR SIDE. PED HIT BY VEHICLE FROM THE RIGHT.,1,777939,1,0,1,0,1,2,1,5,Not at intersection,2,40,Local Road
T20230017678,2023/7/28,18:19:00,1,Collision with vehicle,5,Friday,121,RIGHT THROUGH,2,778857,2,0,0,1,1,2,1,2,T intersection,3,60,Arterial Highway
T20230017643,2023/7/28,23:08:00,8,No collision and no object struck,5,Friday,179,OTHER ACCIDENTS-OFF STRAIGHT NOT INCLUDED IN DCAs 170-175,3,144419,1,0,1,0,0,1,1,5,Not at intersection,2,40,Local Road
T20230017547,2023/7/28,6:30:00,1,Collision with vehicle,6,Friday,130,REAR END(VEHICLES IN SAME LANE),3,777958,2,0,1,0,1,2,1,5,Not at intersection,2,100,Freeway
T20230017548,2023/7/28,6:25:00,1,Collision with vehicle,5,Friday,121,RIGHT THROUGH,2,226252,3,0,0,1,2,3,1,5,Not at intersection,3,60,Local Road
T20230017554,2023/7/28,8:47:00,1,Collision with vehicle,6,Friday,113,RIGHT NEAR (INTERSECTIONS ONLY),1,22509,2,0,0,1,1,2,1,2,T intersection,3,50,Arterial Other
T20230019014,2023/7/28,13:42:00,1,Collision with vehicle,5,Friday,113,RIGHT NEAR (INTERSECTIONS ONLY),1,226252,2,0,0,1,1,2,1,2,T intersection,3,60,Local Road
T20230020738,2023/7/28,17:00:00,1,Collision with vehicle,5,Friday,130,REAR END(VEHICLES IN SAME LANE),2,780234,2,0,0,1,1,2,2,5,Not at intersection,3,80,Arterial Highway
T20230017559,2023/7/28,6:33:00,1,Collision with vehicle,5,Friday,130,REAR END(VEHICLES IN SAME LANE),2,1195,2,0,0,1,1,2,2,1,Cross intersection,3,70,Arterial Highway
T20230017561,2023/7/28,8:20:00,1,Collision with vehicle,6,Friday,121,RIGHT THROUGH,1,38595,2,0,0,1,2,3,1,2,T intersection,3,60,Arterial Other
T20230017563,2023/7/28,10:00:00,1,Collision with vehicle,6,Friday,121,RIGHT THROUGH,1,84,3,0,2,1,1,4,1,1,Cross intersection,2,70,Arterial Highway
T20230017573,2023/7/28,11:56:00,6,Vehicle overturned (no collision),6,Friday,170,OFF CARRIAGEWAY TO LEFT,1,778118,1,0,1,0,0,1,1,5,Not at intersection,2,40,Local Road
T20230017575,2023/7/28,6:48:00,1,Collision with vehicle,6,Friday,120,HEAD ON (NOT OVERTAKING),2,778054,2,0,1,0,1,2,1,5,Not at intersection,2,50,Local Road
T20230017577,2023/7/28,11:08:00,1,Collision with vehicle,6,Friday,120,HEAD ON (NOT OVERTAKING),1,778055,2,0,3,0,0,3,1,5,Not at intersection,2,60,Arterial Other
T20230017578,2023/7/28,12:10:00,1,Collision with vehicle,6,Friday,121,RIGHT THROUGH,1,50178,2,0,1,0,1,2,1,1,Cross intersection,2,60,Arterial Other
T20230017581,2023/7/28,12:10:00,1,Collision with vehicle,6,Friday,110,CROSS TRAFFIC(INTERSECTIONS ONLY),1,797204,2,0,1,0,1,2,1,1,Cross intersection,2,70,
T20230017624,2023/7/28,16:07:00,1,Collision with vehicle,5,Friday,111,RIGHT FAR (INTERSECTIONS ONLY),1,29398,3,0,0,1,1,2,1,1,Cross intersection,3,50,Arterial Other
T20230017584,2023/7/28,8:53:00,1,Collision with vehicle,5,Friday,121,RIGHT THROUGH,1,39336,2,0,0,1,1,2,1,1,Cross intersection,3,60,Arterial Other
T20230017586,2023/7/28,12:26:00,1,Collision with vehicle,6,Friday,135,LANE CHANGE LEFT (NOT OVERTAKING),1,789009,2,0,1,0,1,2,1,5,Not at intersection,2,100,Freeway
T20230017587,2023/7/28,13:00:00,1,Collision with vehicle,5,Friday,121,RIGHT THROUGH,1,778100,3,0,0,1,3,4,1,2,T intersection,3,70,Arterial Other
T20230020099,2023/7/28,18:00:00,1,Collision with vehicle,5,Friday,121,RIGHT THROUGH,3,38552,2,0,0,1,2,3,1,2,T intersection,3,60,Arterial Other
T20230017582,2023/7/28,9:10:00,1,Collision with vehicle,5,Friday,110,CROSS TRAFFIC(INTERSECTIONS ONLY),1,42194,2,0,1,0,1,2,1,1,Cross intersection,2,50,Local Road
T20230017627,2023/7/28,16:22:00,2,Struck Pedestrian,5,Friday,100,PED NEAR SIDE. PED HIT BY VEHICLE FROM THE RIGHT.,1,789008,1,0,0,1,1,2,2,2,T intersection,3,50,Local Road
T20230017630,2023/7/28,15:25:00,1,Collision with vehicle,6,Friday,132,RIGHT REAR.,1,778264,2,0,1,0,2,3,1,5,Not at intersection,2,70,Arterial Other
T20230017633,2023/7/28,16:05:00,1,Collision with vehicle,5,Friday,113,RIGHT NEAR (INTERSECTIONS ONLY),1,57345,2,0,0,2,0,2,1,2,T intersection,3,100,Local Road
T20230017590,2023/7/28,12:58:00,1,Collision with vehicle,6,Friday,120,HEAD ON (NOT OVERTAKING),1,778188,2,0,0,1,1,2,1,5,Not at intersection,3,60,Arterial Other
T20230017881,2023/7/28,13:55:00,1,Collision with vehicle,5,Friday,111,RIGHT FAR (INTERSECTIONS ONLY),1,778109,2,0,0,1,1,2,2,1,Cross intersection,3,50,Local Road
T20230017841,2023/7/28,23:15:00,1,Collision with vehicle,5,Friday,113,RIGHT NEAR (INTERSECTIONS ONLY),3,947,2,0,0,1,1,2,2,1,Cross intersection,3,70,Arterial Highway
T20230017594,2023/7/28,15:08:00,1,Collision with vehicle,6,Friday,120,HEAD ON (NOT OVERTAKING),1,779260,2,0,1,0,1,2,1,5,Not at intersection,2,999,Local Road
T20230017599,2023/7/28,7:30:00,1,Collision with vehicle,5,Friday,120,HEAD ON (NOT OVERTAKING),2,797145,2,0,1,0,1,2,1,5,Not at intersection,2,90,Arterial Other
T20230017634,2023/7/28,19:35:00,4,Collision with a fixed object,6,Friday,183,OFF LEFT BEND INTO OBJECT/PARKED VEHICLE,3,778372,1,0,1,0,0,1,1,5,Not at intersection,2,60,Arterial Other
T20230017602,2023/7/28,15:05:00,1,Collision with vehicle,5,Friday,110,CROSS TRAFFIC(INTERSECTIONS ONLY),1,52853,2,0,2,0,2,4,1,1,Cross intersection,2,40,Arterial Other
T20230018566,2023/7/28,13:00:00,1,Collision with vehicle,6,Friday,130,REAR END(VEHICLES IN SAME LANE),1,778624,2,0,1,0,2,3,1,2,T intersection,2,60,Arterial Other
T20230017672,2023/7/28,14:40:00,1,Collision with vehicle,6,Friday,113,RIGHT NEAR (INTERSECTIONS ONLY),1,40169,2,0,1,0,1,2,1,1,Cross intersection,2,60,Arterial Other
T20230017906,2023/7/28,14:40:00,1,Collision with vehicle,6,Friday,130,REAR END(VEHICLES IN SAME LANE),1,787642,3,0,1,0,4,5,1,5,Not at intersection,2,60,Arterial Other
T20230017685,2023/7/29,11:05:00,4,Collision with a fixed object,7,Saturday,173,RIGHT OFF CARRIAGEWAY INTO OBJECT/PARKED VEHICLE,1,778371,1,0,0,1,0,1,1,5,Not at intersection,3,80,Arterial Highway
T20230017690,2023/7/29,15:07:00,1,Collision with vehicle,7,Saturday,121,RIGHT THROUGH,1,322198,2,0,1,1,3,5,1,2,T intersection,2,60,Arterial Highway
T20230017692,2023/7/29,12:45:00,1,Collision with vehicle,7,Saturday,130,REAR END(VEHICLES IN SAME LANE),1,783652,2,0,0,2,0,2,1,5,Not at intersection,3,60,Arterial Other
T20230017697,2023/7/29,17:12:00,1,Collision with vehicle,7,Saturday,121,RIGHT THROUGH,2,777988,2,0,1,1,0,2,1,2,T intersection,2,60,Local Road
T20230017699,2023/7/29,16:20:00,1,Collision with vehicle,6,Saturday,154,PULLING OUT -REAR END,1,789015,2,0,0,1,1,2,2,5,Not at intersection,3,80,Local Road
T20230017701,2023/7/29,14:04:00,1,Collision with vehicle,6,Saturday,134,LANE CHANGE RIGHT (NOT OVERTAKING),1,777989,2,0,0,1,1,2,1,2,T intersection,3,60,Arterial Highway