ACCIDENT_NO,ACCIDENT_DATE,ACCIDENT_TIME,ACCIDENT_TYPE,ACCIDENT_TYPE_DESC,DAY_OF_WEEK,DAY_WEEK_DESC,DCA_CODE,DCA_DESC,LIGHT_CONDITION,NODE_ID,NO_OF_VEHICLES,NO_PERSONS_KILLED,NO_PERSONS_INJ_2,NO_PERSONS_INJ_3,NO_PERSONS_NOT_INJ,NO_PERSONS,POLICE_ATTEND,ROAD_GEOMETRY,ROAD_GEOMETRY_DESC,SEVERITY,SPEED_ZONE,RMA
T20230017702,2023/7/29,18:10:00,1,Collision with vehicle,6,Saturday,113,RIGHT NEAR (INTERSECTIONS ONLY),3,20803,2,0,0,1,2,3,1,2,T intersection,3,80,Arterial Other
T20230017809,2023/7/29,20:45:00,1,Collision with vehicle,6,Saturday,130,REAR END(VEHICLES IN SAME LANE),9,788292,3,0,0,1,2,3,2,5,Not at intersection,3,70,Arterial Other
T20230017717,2023/7/29,22:28:00,1,Collision with vehicle,7,Saturday,110,CROSS TRAFFIC(INTERSECTIONS ONLY),6,67966,2,0,0,2,2,4,2,1,Cross intersection,3,999,Local Road
T20230017703,2023/7/29,16:42:00,4,Collision with a fixed object,7,Saturday,171,LEFT OFF CARRIAGEWAY INTO OBJECT/PARKED VEHICLE,1,778169,1,0,0,1,0,1,1,5,Not at intersection,3,100,Local Road
T20230017705,2023/7/29,19:15:00,1,Collision with vehicle,6,Saturday,121,RIGHT THROUGH,3,8496,2,0,0,1,2,3,1,1,Cross intersection,3,60,Arterial Highway
T20230017707,2023/7/29,15:25:00,1,Collision with vehicle,7,Saturday,121,RIGHT THROUGH,1,778858,2,0,0,1,2,3,1,5,Not at intersection,3,999,Arterial Other
T20230017709,2023/7/29,19:40:00,4,Collision with a fixed object,6,Saturday,173,RIGHT OFF CARRIAGEWAY INTO OBJECT/PARKED VEHICLE,3,777990,1,0,0,1,1,2,1,5,Not at intersection,3,100,Freeway
T20230017681,2023/7/29,12:01:00,1,Collision with vehicle,7,Saturday,121,RIGHT THROUGH,1,8031,2,0,0,1,1,2,1,2,T intersection,3,60,
T20230025110,2023/7/29,16:00:00,6,Vehicle overturned (no collision),6,Saturday,174,OUT OF CONTROL ON CARRIAGEWAY (ON STRAIGHT),9,784929,1,0,0,1,0,1,9,5,Not at intersection,3,60,Local Road
T20230018518,2023/7/29,10:30:00,1,Collision with vehicle,6,Saturday,110,CROSS TRAFFIC(INTERSECTIONS ONLY),1,63801,2,0,0,1,1,2,2,1,Cross intersection,3,40,Local Road
T20230017710,2023/7/29,18:50:00,1,Collision with vehicle,6,Saturday,130,REAR END(VEHICLES IN SAME LANE),3,797148,2,0,0,1,2,3,1,5,Not at intersection,3,40,Local Road
T20230017711,2023/7/29,18:45:00,4,Collision with a fixed object,6,Saturday,173,RIGHT OFF CARRIAGEWAY INTO OBJECT/PARKED VEHICLE,5,784297,1,0,1,0,0,1,1,5,Not at intersection,2,100,Arterial Other
T20230017714,2023/7/29,19:00:00,2,Struck Pedestrian,6,Saturday,102,FAR SIDE. PED HIT BY VEHICLE FROM THE LEFT,3,38731,1,0,1,0,1,2,1,1,Cross intersection,2,60,Arterial Highway
T20230018710,2023/7/29,19:00:00,3,Struck animal,6,Saturday,167,STRUCK ANIMAL,5,797150,1,0,0,1,0,1,2,5,Not at intersection,3,999,Arterial Other
T20230018704,2023/7/29,15:30:00,1,Collision with vehicle,7,Saturday,130,REAR END(VEHICLES IN SAME LANE),1,778710,2,0,0,1,1,2,2,5,Not at intersection,3,80,Arterial Other
T20230017753,2023/7/29,22:15:00,4,Collision with a fixed object,7,Saturday,171,LEFT OFF CARRIAGEWAY INTO OBJECT/PARKED VEHICLE,5,778047,1,0,1,0,0,1,1,5,Not at intersection,2,80,Local Road
T20230018512,2023/7/29,10:46:00,1,Collision with vehicle,6,Saturday,130,REAR END(VEHICLES IN SAME LANE),1,779065,2,0,0,1,1,2,2,5,Not at intersection,3,60,Arterial Other
T20230020413,2023/7/29,14:30:00,4,Collision with a fixed object,6,Saturday,179,OTHER ACCIDENTS-OFF STRAIGHT NOT INCLUDED IN DCAs 170-175,1,792938,1,0,0,1,0,1,2,5,Not at intersection,3,100,
T20230018980,2023/7/29,13:30:00,1,Collision with vehicle,7,Saturday,130,REAR END(VEHICLES IN SAME LANE),1,781448,2,0,1,0,1,2,2,5,Not at intersection,2,60,Local Road
T20230017968,2023/7/29,13:35:00,1,Collision with vehicle,7,Saturday,110,CROSS TRAFFIC(INTERSECTIONS ONLY),1,42129,3,0,0,1,2,3,1,1,Cross intersection,3,60,Local Road
T20230018474,2023/7/29,17:40:00,1,Collision with vehicle,6,Saturday,130,REAR END(VEHICLES IN SAME LANE),2,119981,2,0,0,1,1,2,2,5,Not at intersection,3,70,Arterial Other
T20230017650,2023/7/29,3:10:00,4,Collision with a fixed object,6,Saturday,171,LEFT OFF CARRIAGEWAY INTO OBJECT/PARKED VEHICLE,3,789019,1,0,0,1,0,1,1,5,Not at intersection,3,50,Local Road
T20230017663,2023/7/29,9:30:00,1,Collision with vehicle,6,Saturday,140,U TURN,1,797147,2,0,0,2,2,4,1,2,T intersection,3,50,Local Road
T20230019512,2023/7/29,16:40:00,1,Collision with vehicle,7,Saturday,113,RIGHT NEAR (INTERSECTIONS ONLY),1,797152,2,0,0,2,1,3,1,2,T intersection,3,60,Local Road
T20230017673,2023/7/29,12:40:00,1,Collision with vehicle,7,Saturday,110,CROSS TRAFFIC(INTERSECTIONS ONLY),1,336613,2,0,0,2,1,3,1,1,Cross intersection,3,70,Freeway
T20230017674,2023/7/29,11:39:00,8,No collision and no object struck,6,Saturday,179,OTHER ACCIDENTS-OFF STRAIGHT NOT INCLUDED IN DCAs 170-175,1,49547,1,0,0,1,0,1,2,1,Cross intersection,3,60,Local Road
T20230017738,2023/7/29,13:43:00,1,Collision with vehicle,7,Saturday,134,LANE CHANGE RIGHT (NOT OVERTAKING),1,780945,2,0,0,1,1,2,1,5,Not at intersection,3,40,Arterial Highway
T20230017726,2023/7/29,20:59:00,2,Struck Pedestrian,7,Saturday,103,PED PLAYING/LYING/WORKING/STANDING ON CARRIAGEWAY.,5,777962,2,1,0,0,2,3,1,5,Not at intersection,1,100,Arterial Other
T20230017676,2023/7/29,8:58:00,1,Collision with vehicle,6,Saturday,116,LEFT NEAR (INTERSECTIONS ONLY),1,43852,2,0,1,0,2,3,1,1,Cross intersection,2,80,Arterial Highway
T20230017720,2023/7/29,22:10:00,4,Collision with a fixed object,6,Saturday,171,LEFT OFF CARRIAGEWAY INTO OBJECT/PARKED VEHICLE,5,789016,1,0,0,1,0,1,1,5,Not at intersection,3,100,Local Road
T20230020433,2023/7/29,20:30:00,1,Collision with vehicle,6,Saturday,131,LEFT REAR,3,44363,2,0,0,1,1,2,1,2,T intersection,3,60,Arterial Other
T20230017932,2023/7/29,10:00:00,1,Collision with vehicle,6,Saturday,163,VEHICLE STRIKES DOOR OF PARKED/STATIONARY VEHICLE,1,780269,2,0,1,0,1,2,2,5,Not at intersection,2,60,Local Road
T20230017789,2023/7/30,11:45:00,4,Collision with a fixed object,1,Sunday,173,RIGHT OFF CARRIAGEWAY INTO OBJECT/PARKED VEHICLE,1,777993,1,0,1,0,0,1,2,5,Not at intersection,2,888,Local Road
T20230017758,2023/7/30,13:00:00,1,Collision with vehicle,1,Sunday,120,HEAD ON (NOT OVERTAKING),1,779432,2,0,1,0,1,2,1,3,Y intersection,2,100,Local Road
T20230017749,2023/7/30,8:30:00,1,Collision with vehicle,0,Sunday,113,RIGHT NEAR (INTERSECTIONS ONLY),1,68792,3,0,0,1,2,3,2,2,T intersection,3,60,Local Road
T20230017736,2023/7/30,0:30:00,6,Vehicle overturned (no collision),0,Sunday,180,OFF CARRIAGEWAY ON RIGHT BEND,5,797206,1,0,1,0,0,1,1,5,Not at intersection,2,100,
T20230017767,2023/7/30,15:35:00,7,Fall from or in moving vehicle,0,Sunday,190,FELL IN/FROM VEHICLE,2,778296,1,0,1,0,4,5,2,1,Cross intersection,2,100,Local Road
T20230017994,2023/7/30,11:30:00,1,Collision with vehicle,0,Sunday,163,VEHICLE STRIKES DOOR OF PARKED/STATIONARY VEHICLE,1,779524,2,0,0,1,1,2,2,5,Not at intersection,3,50,Local Road
T20230018412,2023/7/30,16:40:00,8,No collision and no object struck,0,Sunday,174,OUT OF CONTROL ON CARRIAGEWAY (ON STRAIGHT),1,778405,1,0,0,1,0,1,2,5,Not at intersection,3,60,Local Road
T20230017759,2023/7/30,14:30:00,1,Collision with vehicle,1,Sunday,110,CROSS TRAFFIC(INTERSECTIONS ONLY),1,65895,2,0,0,1,1,2,2,1,Cross intersection,3,50,Local Road
T20230017752,2023/7/30,13:45:00,1,Collision with vehicle,1,Sunday,110,CROSS TRAFFIC(INTERSECTIONS ONLY),1,627736,2,0,0,1,1,2,1,1,Cross intersection,3,70,Arterial Other
T20230017774,2023/7/30,16:58:00,4,Collision with a fixed object,0,Sunday,171,LEFT OFF CARRIAGEWAY INTO OBJECT/PARKED VEHICLE,1,789026,1,0,0,1,0,1,1,1,Cross intersection,3,50,Local Road
T20230017786,2023/7/30,15:00:00,4,Collision with a fixed object,1,Sunday,171,LEFT OFF CARRIAGEWAY INTO OBJECT/PARKED VEHICLE,1,778550,1,0,1,0,0,1,1,5,Not at intersection,2,100,Arterial Other
T20230017750,2023/7/30,14:00:00,4,Collision with a fixed object,0,Sunday,171,LEFT OFF CARRIAGEWAY INTO OBJECT/PARKED VEHICLE,1,797209,1,0,1,0,0,1,1,2,T intersection,2,50,Local Road
T20230020066,2023/7/30,12:00:00,4,Collision with a fixed object,1,Sunday,179,OTHER ACCIDENTS-OFF STRAIGHT NOT INCLUDED IN DCAs 170-175,1,779720,1,0,1,0,0,1,2,5,Not at intersection,2,999,Arterial Other
T20230017754,2023/7/30,11:35:00,4,Collision with a fixed object,1,Sunday,179,OTHER ACCIDENTS-OFF STRAIGHT NOT INCLUDED IN DCAs 170-175,1,780392,2,0,1,0,2,3,1,2,T intersection,2,60,Arterial Other
T20230017742,2023/7/30,10:40:00,1,Collision with vehicle,0,Sunday,130,REAR END(VEHICLES IN SAME LANE),1,778397,2,0,0,1,1,2,1,5,Not at intersection,3,70,Arterial Other
T20230018143,2023/7/30,19:35:00,4,Collision with a fixed object,1,Sunday,179,OTHER ACCIDENTS-OFF STRAIGHT NOT INCLUDED IN DCAs 170-175,3,789024,2,0,0,2,0,2,1,5,Not at intersection,3,888,Local Road
T20230017777,2023/7/30,16:44:00,1,Collision with vehicle,1,Sunday,120,HEAD ON (NOT OVERTAKING),1,778207,2,1,0,1,0,2,1,5,Not at intersection,1,80,Arterial Other
T20230019849,2023/7/30,15:00:00,8,No collision and no object struck,1,Sunday,174,OUT OF CONTROL ON CARRIAGEWAY (ON STRAIGHT),1,789072,1,0,1,0,0,1,2,5,Not at intersection,2,888,Local Road
T20230017981,2023/7/30,15:00:00,1,Collision with vehicle,0,Sunday,134,LANE CHANGE RIGHT (NOT OVERTAKING),1,715941,2,0,0,1,1,2,2,5,Not at intersection,3,70,Arterial Other
T20230017880,2023/7/30,13:00:00,4,Collision with a fixed object,1,Sunday,173,RIGHT OFF CARRIAGEWAY INTO OBJECT/PARKED VEHICLE,1,778191,2,0,1,0,1,2,1,5,Not at intersection,2,100,Local Road
T20230017851,2023/7/30,23:20:00,4,Collision with a fixed object,0,Sunday,173,RIGHT OFF CARRIAGEWAY INTO OBJECT/PARKED VEHICLE,3,39922,1,0,0,1,0,1,1,2,T intersection,3,60,Arterial Other
T20230017761,2023/7/30,16:05:00,1,Collision with vehicle,1,Sunday,160,VEHICLE COLLIDES WITH VEHICLE PARKED ON LEFT OF ROAD,2,779239,2,0,0,1,0,1,1,5,Not at intersection,3,50,Arterial Highway
T20230018777,2023/7/30,10:30:00,3,Struck animal,0,Sunday,179,OTHER ACCIDENTS-OFF STRAIGHT NOT INCLUDED IN DCAs 170-175,1,778749,1,0,0,1,0,1,2,5,Not at intersection,3,999,Local Road
T20230017772,2023/7/30,15:20:00,4,Collision with a fixed object,1,Sunday,173,RIGHT OFF CARRIAGEWAY INTO OBJECT/PARKED VEHICLE,1,778101,1,0,1,1,0,2,1,5,Not at intersection,2,50,Local Road
T20230018813,2023/7/30,19:30:00,1,Collision with vehicle,1,Sunday,130,REAR END(VEHICLES IN SAME LANE),2,778713,2,0,0,1,1,2,2,5,Not at intersection,3,60,Arterial Other
T20230017855,2023/7/31,16:26:00,4,Collision with a fixed object,2,Monday,171,LEFT OFF CARRIAGEWAY INTO OBJECT/PARKED VEHICLE,1,789074,1,0,1,0,0,1,1,5,Not at intersection,2,60,Arterial Other
T20230017956,2023/7/31,10:28:00,1,Collision with vehicle,2,Monday,130,REAR END(VEHICLES IN SAME LANE),1,778172,2,0,0,1,1,2,2,5,Not at intersection,3,50,Local Road
T20230019515,2023/7/31,9:07:00,1,Collision with vehicle,2,Monday,131,LEFT REAR,2,779530,2,0,0,1,3,4,2,5,Not at intersection,3,70,Arterial Other
T20230018047,2023/7/31,7:00:00,1,Collision with vehicle,1,Monday,113,RIGHT NEAR (INTERSECTIONS ONLY),2,42107,2,0,0,1,1,2,2,2,T intersection,3,60,Arterial Other
T20230017790,2023/7/31,1:40:00,4,Collision with a fixed object,2,Monday,171,LEFT OFF CARRIAGEWAY INTO OBJECT/PARKED VEHICLE,3,779722,1,0,2,1,1,4,1,5,Not at intersection,2,60,Arterial Highway
T20230018623,2023/7/31,13:07:00,1,Collision with vehicle,1,Monday,142,LEAVING PARKING,1,784294,2,0,1,0,1,2,2,5,Not at intersection,2,60,Arterial Other
T20230018708,2023/7/31,17:20:00,1,Collision with vehicle,2,Monday,130,REAR END(VEHICLES IN SAME LANE),2,778834,2,0,0,1,1,2,2,5,Not at intersection,3,80,Arterial Highway
T20230017867,2023/7/31,16:25:00,1,Collision with vehicle,1,Monday,140,U TURN,2,778108,2,0,0,1,1,2,1,5,Not at intersection,3,60,Arterial Other
T20230017837,2023/7/31,15:35:00,1,Collision with vehicle,1,Monday,147,VEHICLE STRIKES ANOTHER VEH WHILE EMERGING FROM DRIVEWAY,1,778189,2,0,1,0,5,6,1,5,Not at intersection,2,40,Local Road
T20230017836,2023/7/31,16:00:00,2,Struck Pedestrian,2,Monday,100,PED NEAR SIDE. PED HIT BY VEHICLE FROM THE RIGHT.,1,43715,1,0,1,0,1,2,1,2,T intersection,2,60,Local Road
T20230022723,2023/7/31,14:30:00,1,Collision with vehicle,2,Monday,130,REAR END(VEHICLES IN SAME LANE),9,349964,2,0,0,2,2,4,9,1,Cross intersection,3,999,Arterial Highway
T20230018064,2023/7/31,17:30:00,1,Collision with vehicle,1,Monday,130,REAR END(VEHICLES IN SAME LANE),1,797236,3,0,0,1,2,3,2,5,Not at intersection,3,50,Local Road
T20230017901,2023/7/31,6:05:00,1,Collision with vehicle,2,Monday,130,REAR END(VEHICLES IN SAME LANE),2,39785,2,0,0,1,1,2,2,1,Cross intersection,3,999,Arterial Other
T20230017854,2023/7/31,17:51:00,1,Collision with vehicle,2,Monday,130,REAR END(VEHICLES IN SAME LANE),2,778107,2,0,1,0,1,2,1,5,Not at intersection,2,100,Freeway
T20230017834,2023/7/31,15:30:00,8,No collision and no object struck,2,Monday,174,OUT OF CONTROL ON CARRIAGEWAY (ON STRAIGHT),1,789076,1,0,0,1,0,1,2,5,Not at intersection,3,40,Local Road
T20230017853,2023/7/31,18:49:00,8,No collision and no object struck,1,Monday,184,OUT OF CONTROL ON CARRIAGEWAY (ON BEND),3,778552,1,0,1,0,0,1,1,5,Not at intersection,2,50,Local Road
T20230017830,2023/7/31,6:25:00,1,Collision with vehicle,2,Monday,110,CROSS TRAFFIC(INTERSECTIONS ONLY),3,789077,2,0,1,0,1,2,1,1,Cross intersection,2,60,Arterial Other
T20230017828,2023/7/31,9:06:00,1,Collision with vehicle,1,Monday,113,RIGHT NEAR (INTERSECTIONS ONLY),1,50584,2,0,4,1,0,5,1,2,T intersection,2,80,Arterial Other
T20230017852,2023/7/31,17:20:00,1,Collision with vehicle,2,Monday,130,REAR END(VEHICLES IN SAME LANE),2,41734,3,0,2,2,2,6,1,1,Cross intersection,2,70,Arterial Other
T20230018253,2023/7/31,15:04:00,2,Struck Pedestrian,1,Monday,105,PED WALKING AGAINST TRAFFIC.,1,45096,1,0,0,1,1,2,1,1,Cross intersection,3,60,Arterial Highway
T20230017873,2023/7/31,9:30:00,1,Collision with vehicle,1,Monday,136,RIGHT TURN SIDESWIPE,1,778905,2,0,0,1,1,2,2,5,Not at intersection,3,40,Local Road
T20230019196,2023/7/31,9:30:00,6,Vehicle overturned (no collision),1,Monday,174,OUT OF CONTROL ON CARRIAGEWAY (ON STRAIGHT),1,61663,1,0,0,1,0,1,2,2,T intersection,3,60,Arterial Other
T20230017822,2023/7/31,7:30:00,1,Collision with vehicle,1,Monday,121,RIGHT THROUGH,2,289646,2,0,1,0,1,2,1,2,T intersection,2,60,Arterial Other
T20230017821,2023/7/31,12:49:00,4,Collision with a fixed object,2,Monday,173,RIGHT OFF CARRIAGEWAY INTO OBJECT/PARKED VEHICLE,1,778104,1,0,2,0,0,2,1,5,Not at intersection,2,60,Local Road
T20230017818,2023/7/31,12:18:00,1,Collision with vehicle,1,Monday,140,U TURN,1,779325,2,0,0,2,1,3,1,5,Not at intersection,3,60,Arterial Other
T20230019661,2023/7/31,14:42:00,1,Collision with vehicle,1,Monday,113,RIGHT NEAR (INTERSECTIONS ONLY),1,779604,2,0,0,1,1,2,1,8,Private property,3,60,Local Road
T20230017814,2023/7/31,12:20:00,1,Collision with vehicle,2,Monday,111,RIGHT FAR (INTERSECTIONS ONLY),1,779781,2,0,1,0,1,2,1,1,Cross intersection,2,50,Local Road
T20230019116,2023/7/31,11:00:00,1,Collision with vehicle,1,Monday,119,OTHER ADJACENT (INTERSECTIONS ONLY),1,318649,2,0,1,0,1,2,2,2,T intersection,2,100,Arterial Other
T20230018372,2023/7/31,8:10:00,1,Collision with vehicle,2,Monday,110,CROSS TRAFFIC(INTERSECTIONS ONLY),1,45041,2,0,0,1,1,2,1,1,Cross intersection,3,60,Arterial Other
T20230017811,2023/7/31,10:50:00,1,Collision with vehicle,1,Monday,130,REAR END(VEHICLES IN SAME LANE),1,779169,2,0,0,1,1,2,1,5,Not at intersection,3,60,Arterial Other
T20230018102,2023/7/31,6:30:00,1,Collision with vehicle,2,Monday,163,VEHICLE STRIKES DOOR OF PARKED/STATIONARY VEHICLE,2,778366,2,0,0,1,1,2,2,5,Not at intersection,3,60,Arterial Other
T20230018690,2023/7/31,19:19:00,2,Struck Pedestrian,2,Monday,101,PED EMERGES FROM IN FRONT OF PARKED OR STATIONARY VEHICLE,3,789075,1,0,1,0,1,2,1,1,Cross intersection,2,60,Arterial Other
T20230017808,2023/7/31,9:20:00,1,Collision with vehicle,1,Monday,116,LEFT NEAR (INTERSECTIONS ONLY),1,797369,2,0,0,1,1,2,1,2,T intersection,3,60,Arterial Other
T20230017807,2023/7/31,10:20:00,1,Collision with vehicle,2,Monday,110,CROSS TRAFFIC(INTERSECTIONS ONLY),1,52886,2,0,0,1,1,2,1,1,Cross intersection,3,50,Local Road
T20230017986,2023/7/31,19:00:00,1,Collision with vehicle,2,Monday,111,RIGHT FAR (INTERSECTIONS ONLY),3,54535,2,0,0,1,2,3,1,1,Cross intersection,3,60,Local Road
T20230017803,2023/7/31,9:14:00,1,Collision with vehicle,2,Monday,110,CROSS TRAFFIC(INTERSECTIONS ONLY),1,411,2,0,1,0,2,3,1,1,Cross intersection,2,50,Arterial Other
T20230018161,2023/7/31,9:00:00,1,Collision with vehicle,1,Monday,113,RIGHT NEAR (INTERSECTIONS ONLY),1,44549,2,0,0,1,1,2,2,1,Cross intersection,3,60,Arterial Other
T20230017801,2023/7/31,7:40:00,1,Collision with vehicle,2,Monday,121,RIGHT THROUGH,2,8021,2,0,1,0,1,2,1,1,Cross intersection,2,60,
T20230017865,2023/7/31,18:12:00,2,Struck Pedestrian,2,Monday,101,PED EMERGES FROM IN FRONT OF PARKED OR STATIONARY VEHICLE,3,778882,1,1,0,1,0,2,1,2,T intersection,1,60,Local Road
T20230018236,2023/7/31,6:05:00,1,Collision with vehicle,1,Monday,110,CROSS TRAFFIC(INTERSECTIONS ONLY),2,791179,2,0,0,1,1,2,2,1,Cross intersection,3,80,
T20230017876,2023/8/1,6:00:00,1,Collision with vehicle,3,Tuesday,110,CROSS TRAFFIC(INTERSECTIONS ONLY),2,43831,2,0,1,0,2,3,1,1,Cross intersection,2,50,Local Road
T20230017883,2023/8/1,7:45:00,1,Collision with vehicle,2,Tuesday,113,RIGHT NEAR (INTERSECTIONS ONLY),1,45124,2,0,0,1,1,2,1,2,T intersection,3,60,Arterial Highway
T20230017885,2023/8/1,6:00:00,1,Collision with vehicle,3,Tuesday,121,RIGHT THROUGH,3,789090,2,0,0,1,1,2,1,2,T intersection,3,60,Local Road
T20230017890,2023/8/1,9:33:00,4,Collision with a fixed object,2,Tuesday,171,LEFT OFF CARRIAGEWAY INTO OBJECT/PARKED VEHICLE,1,789091,1,0,0,1,0,1,1,5,Not at intersection,3,60,Arterial Highway
T20230017941,2023/8/1,18:30:00,2,Struck Pedestrian,2,Tuesday,100,PED NEAR SIDE. PED HIT BY VEHICLE FROM THE RIGHT.,3,65784,1,0,0,1,1,2,1,1,Cross intersection,3,40,Local Road
T20230017943,2023/8/1,19:00:00,1,Collision with vehicle,3,Tuesday,121,RIGHT THROUGH,2,43976,2,0,0,1,1,2,1,1,Cross intersection,3,80,Arterial Highway
T20230017944,2023/8/1,19:15:00,3,Struck animal,3,Tuesday,167,STRUCK ANIMAL,5,793254,2,0,1,0,1,2,1,5,Not at intersection,2,100,Arterial Highway
T20230017948,2023/8/1,21:20:00,1,Collision with vehicle,2,Tuesday,113,RIGHT NEAR (INTERSECTIONS ONLY),3,246872,2,0,0,1,2,3,1,2,T intersection,3,60,Arterial Other
T20230020668,2023/8/1,10:00:00,1,Collision with vehicle,2,Tuesday,135,LANE CHANGE LEFT (NOT OVERTAKING),1,797372,2,0,0,1,1,2,1,5,Not at intersection,3,110,Freeway
T20230017967,2023/8/1,8:00:00,1,Collision with vehicle,3,Tuesday,147,VEHICLE STRIKES ANOTHER VEH WHILE EMERGING FROM DRIVEWAY,1,778251,2,0,0,2,0,2,2,5,Not at intersection,3,40,Local Road
T20230017983,2023/8/1,7:00:00,1,Collision with vehicle,2,Tuesday,140,U TURN,2,778174,2,0,0,1,1,2,2,5,Not at intersection,3,999,Local Road
T20230018369,2023/8/1,14:36:00,1,Collision with vehicle,3,Tuesday,173,RIGHT OFF CARRIAGEWAY INTO OBJECT/PARKED VEHICLE,1,778553,2,0,1,0,0,1,1,5,Not at intersection,2,60,Local Road
T20230018251,2023/8/1,15:00:00,1,Collision with vehicle,2,Tuesday,130,REAR END(VEHICLES IN SAME LANE),1,778322,2,0,0,2,0,2,2,5,Not at intersection,3,60,Arterial Highway
T20230017998,2023/8/1,13:18:00,1,Collision with vehicle,3,Tuesday,120,HEAD ON (NOT OVERTAKING),1,778616,2,0,0,2,0,2,1,5,Not at intersection,3,60,Arterial Other
T20230018348,2023/8/1,18:15:00,1,Collision with vehicle,2,Tuesday,121,RIGHT THROUGH,2,275196,2,0,0,1,1,2,2,2,T intersection,3,999,Local Road
T20230018001,2023/8/1,9:00:00,4,Collision with a fixed object,2,Tuesday,181,OFF RIGHT BEND INTO OBJECT/PARKED VEHICLE,1,797608,1,0,1,0,0,1,2,2,T intersection,2,50,Local Road
T20230020785,2023/8/1,6:00:00,1,Collision with vehicle,2,Tuesday,130,REAR END(VEHICLES IN SAME LANE),2,780473,2,0,0,1,1,2,2,5,Not at intersection,3,100,Freeway
T20230018167,2023/8/1,7:00:00,1,Collision with vehicle,2,Tuesday,116,LEFT NEAR (INTERSECTIONS ONLY),2,778676,2,0,0,1,1,2,2,2,T intersection,3,80,Arterial Other
T20230018166,2023/8/1,17:44:00,1,Collision with vehicle,2,Tuesday,134,LANE CHANGE RIGHT (NOT OVERTAKING),3,779326,2,0,0,1,1,2,1,5,Not at intersection,3,60,Arterial Other
T20230018009,2023/8/1,8:20:00,1,Collision with vehicle,3,Tuesday,130,REAR END(VEHICLES IN SAME LANE),1,798499,2,0,1,0,1,2,2,5,Not at intersection,2,999,Freeway
T20230017891,2023/8/1,9:00:00,1,Collision with vehicle,2,Tuesday,110,CROSS TRAFFIC(INTERSECTIONS ONLY),1,52545,2,0,0,2,0,2,1,1,Cross intersection,3,80,Local Road
T20230018010,2023/8/1,19:45:00,1,Collision with vehicle,2,Tuesday,137,LEFT TURN SIDESWIPE,2,29380,2,0,0,1,1,2,2,1,Cross intersection,3,40,Local Road
T20230018479,2023/8/1,16:40:00,1,Collision with vehicle,2,Tuesday,113,RIGHT NEAR (INTERSECTIONS ONLY),1,37162,2,0,0,1,2,3,2,2,T intersection,3,60,Local Road
T20230018466,2023/8/1,18:28:00,1,Collision with vehicle,2,Tuesday,120,HEAD ON (NOT OVERTAKING),2,778906,2,0,0,1,1,2,1,5,Not at intersection,3,50,Local Road
T20230018562,2023/8/1,13:00:00,1,Collision with vehicle,3,Tuesday,130,REAR END(VEHICLES IN SAME LANE),1,62380,2,0,0,1,1,2,2,2,T intersection,3,60,Local Road
T20230019268,2023/8/1,15:20:00,1,Collision with vehicle,3,Tuesday,113,RIGHT NEAR (INTERSECTIONS ONLY),1,686287,3,0,0,1,3,4,2,2,T intersection,3,60,Arterial Other
T20230019824,2023/8/1,12:55:00,1,Collision with vehicle,3,Tuesday,130,REAR END(VEHICLES IN SAME LANE),1,779803,2,0,1,0,1,2,2,5,Not at intersection,2,999,Arterial Other
T20230017896,2023/8/1,11:49:00,1,Collision with vehicle,2,Tuesday,147,VEHICLE STRIKES ANOTHER VEH WHILE EMERGING FROM DRIVEWAY,1,780469,2,0,0,1,1,2,1,5,Not at intersection,3,40,Local Road
T20230017899,2023/8/1,11:02:00,1,Collision with vehicle,2,Tuesday,113,RIGHT NEAR (INTERSECTIONS ONLY),1,784006,2,0,1,0,1,2,1,2,T intersection,2,80,Local Road
T20230017900,2023/8/1,12:30:00,1,Collision with vehicle,2,Tuesday,110,CROSS TRAFFIC(INTERSECTIONS ONLY),1,60364,2,0,0,1,1,2,2,1,Cross intersection,3,50,Local Road
T20230017902,2023/8/1,12:37:00,1,Collision with vehicle,2,Tuesday,160,VEHICLE COLLIDES WITH VEHICLE PARKED ON LEFT OF ROAD,1,797352,2,0,0,1,0,1,1,5,Not at intersection,3,50,Local Road
T20230017904,2023/8/1,12:33:00,1,Collision with vehicle,2,Tuesday,140,U TURN,1,234519,2,0,0,1,1,2,1,2,T intersection,3,50,Local Road
T20230017914,2023/8/1,14:52:00,1,Collision with vehicle,2,Tuesday,130,REAR END(VEHICLES IN SAME LANE),1,778408,2,0,0,1,1,2,1,5,Not at intersection,3,60,Local Road
T20240001304,2023/8/1,20:10:00,3,Struck animal,2,Tuesday,167,STRUCK ANIMAL,5,796499,1,0,0,1,3,4,2,5,Not at intersection,3,100,
T20230025310,2023/8/1,11:43:00,1,Collision with vehicle,2,Tuesday,121,RIGHT THROUGH,1,784485,2,0,0,1,1,2,2,1,Cross intersection,3,80,Arterial Other
T20230017919,2023/8/1,15:15:00,4,Collision with a fixed object,3,Tuesday,171,LEFT OFF CARRIAGEWAY INTO OBJECT/PARKED VEHICLE,1,8763,1,0,1,0,0,1,1,1,Cross intersection,2,60,
T20230017923,2023/8/1,17:45:00,2,Struck Pedestrian,2,Tuesday,100,PED NEAR SIDE. PED HIT BY VEHICLE FROM THE RIGHT.,3,784007,1,0,0,1,1,2,1,2,T intersection,3,80,Arterial Highway