ACCIDENT_NO,ACCIDENT_DATE,ACCIDENT_TIME,ACCIDENT_TYPE,ACCIDENT_TYPE_DESC,DAY_OF_WEEK,DAY_WEEK_DESC,DCA_CODE,DCA_DESC,LIGHT_CONDITION,NODE_ID,NO_OF_VEHICLES,NO_PERSONS_KILLED,NO_PERSONS_INJ_2,NO_PERSONS_INJ_3,NO_PERSONS_NOT_INJ,NO_PERSONS,POLICE_ATTEND,ROAD_GEOMETRY,ROAD_GEOMETRY_DESC,SEVERITY,SPEED_ZONE,RMA
T20230017925,2023/8/1,15:20:00,1,Collision with vehicle,3,Tuesday,121,RIGHT THROUGH,1,778115,2,0,0,2,0,2,1,5,Not at intersection,3,60,Local Road
T20230017926,2023/8/1,17:05:00,1,Collision with vehicle,3,Tuesday,110,CROSS TRAFFIC(INTERSECTIONS ONLY),1,35946,2,0,1,0,1,2,1,1,Cross intersection,2,40,Local Road
T20230017927,2023/8/1,11:15:00,1,Collision with vehicle,2,Tuesday,147,VEHICLE STRIKES ANOTHER VEH WHILE EMERGING FROM DRIVEWAY,1,799327,2,0,0,1,1,2,2,5,Not at intersection,3,999,Arterial Other
T20230017930,2023/8/1,17:36:00,1,Collision with vehicle,3,Tuesday,113,RIGHT NEAR (INTERSECTIONS ONLY),2,38583,2,0,0,2,3,5,1,2,T intersection,3,60,Arterial Other
T20230017934,2023/8/1,15:50:00,1,Collision with vehicle,2,Tuesday,130,REAR END(VEHICLES IN SAME LANE),1,778409,2,0,0,1,1,2,2,5,Not at intersection,3,100,Arterial Other
T20230017937,2023/8/1,19:06:00,1,Collision with vehicle,3,Tuesday,113,RIGHT NEAR (INTERSECTIONS ONLY),3,579947,2,0,0,1,1,2,1,2,T intersection,3,60,Arterial Other
T20230017939,2023/8/1,18:55:00,2,Struck Pedestrian,3,Tuesday,102,FAR SIDE. PED HIT BY VEHICLE FROM THE LEFT,3,41290,1,0,1,0,1,2,1,2,T intersection,2,60,Local Road
T20230018077,2023/8/1,16:53:00,4,Collision with a fixed object,3,Tuesday,183,OFF LEFT BEND INTO OBJECT/PARKED VEHICLE,9,780224,1,0,0,1,0,1,1,5,Not at intersection,3,999,Local Road
T20230017870,2023/8/1,5:00:00,1,Collision with vehicle,2,Tuesday,113,RIGHT NEAR (INTERSECTIONS ONLY),2,588185,2,0,0,1,1,2,1,2,T intersection,3,70,Arterial Other
T20230018016,2023/8/2,15:15:00,2,Struck Pedestrian,4,Wednesday,101,PED EMERGES FROM IN FRONT OF PARKED OR STATIONARY VEHICLE,1,778175,1,0,1,0,1,2,1,5,Not at intersection,2,50,Local Road
T20230018094,2023/8/2,17:20:00,1,Collision with vehicle,3,Wednesday,121,RIGHT THROUGH,2,29908,2,0,0,3,0,3,1,1,Cross intersection,3,50,Arterial Other
T20230018648,2023/8/2,17:05:00,1,Collision with vehicle,3,Wednesday,121,RIGHT THROUGH,1,35371,2,0,0,1,1,2,2,1,Cross intersection,3,60,Arterial Other
T20230017999,2023/8/2,14:29:00,1,Collision with vehicle,3,Wednesday,113,RIGHT NEAR (INTERSECTIONS ONLY),1,66437,2,0,1,0,1,2,1,2,T intersection,2,60,Local Road
T20230018087,2023/8/2,16:30:00,1,Collision with vehicle,3,Wednesday,130,REAR END(VEHICLES IN SAME LANE),1,40,2,0,0,1,1,2,2,1,Cross intersection,3,80,Arterial Other
T20230018453,2023/8/2,14:45:00,1,Collision with vehicle,3,Wednesday,132,RIGHT REAR.,1,789219,2,0,0,1,2,3,2,5,Not at intersection,3,60,Arterial Highway
T20230018003,2023/8/2,12:35:00,2,Struck Pedestrian,4,Wednesday,100,PED NEAR SIDE. PED HIT BY VEHICLE FROM THE RIGHT.,1,44916,1,0,1,0,1,2,1,2,T intersection,2,70,Arterial Other
T20230018004,2023/8/2,14:00:00,1,Collision with vehicle,3,Wednesday,113,RIGHT NEAR (INTERSECTIONS ONLY),1,43595,2,0,0,1,2,3,1,2,T intersection,3,60,Arterial Other
T20230018440,2023/8/2,14:45:00,1,Collision with vehicle,3,Wednesday,147,VEHICLE STRIKES ANOTHER VEH WHILE EMERGING FROM DRIVEWAY,1,797751,2,0,0,1,2,3,2,5,Not at intersection,3,999,Arterial Other
T20230020063,2023/8/2,6:50:00,1,Collision with vehicle,3,Wednesday,110,CROSS TRAFFIC(INTERSECTIONS ONLY),6,784440,2,0,0,1,1,2,2,1,Cross intersection,3,60,Local Road
T20230018018,2023/8/2,7:40:00,1,Collision with vehicle,4,Wednesday,130,REAR END(VEHICLES IN SAME LANE),2,778176,2,0,0,1,1,2,1,5,Not at intersection,3,100,Freeway
T20230018020,2023/8/2,16:10:00,1,Collision with vehicle,4,Wednesday,130,REAR END(VEHICLES IN SAME LANE),2,779938,2,0,0,1,1,2,2,5,Not at intersection,3,70,Arterial Other
T20230018527,2023/8/2,15:30:00,1,Collision with vehicle,3,Wednesday,134,LANE CHANGE RIGHT (NOT OVERTAKING),1,778561,2,0,0,1,1,2,2,2,T intersection,3,70,Arterial Other
T20230018022,2023/8/2,15:20:00,1,Collision with vehicle,4,Wednesday,120,HEAD ON (NOT OVERTAKING),1,778177,2,0,0,2,0,2,1,5,Not at intersection,3,60,Arterial Other
T20230018023,2023/8/2,13:04:00,8,No collision and no object struck,3,Wednesday,179,OTHER ACCIDENTS-OFF STRAIGHT NOT INCLUDED IN DCAs 170-175,1,789216,1,0,0,1,1,2,1,5,Not at intersection,3,110,Freeway
T20230018698,2023/8/2,11:30:00,6,Vehicle overturned (no collision),3,Wednesday,174,OUT OF CONTROL ON CARRIAGEWAY (ON STRAIGHT),1,781341,1,0,0,1,1,2,2,5,Not at intersection,3,100,Local Road
T20230018024,2023/8/2,13:10:00,1,Collision with vehicle,3,Wednesday,132,RIGHT REAR.,1,42603,2,0,0,1,1,2,1,3,Y intersection,3,60,Arterial Other
T20230018025,2023/8/2,17:12:00,1,Collision with vehicle,4,Wednesday,113,RIGHT NEAR (INTERSECTIONS ONLY),1,778178,2,0,1,1,1,3,1,2,T intersection,2,60,Arterial Highway
T20230017991,2023/8/2,12:30:00,1,Collision with vehicle,3,Wednesday,121,RIGHT THROUGH,1,797750,2,0,0,1,1,2,1,2,T intersection,3,70,Arterial Other
T20230018641,2023/8/2,12:00:00,1,Collision with vehicle,3,Wednesday,130,REAR END(VEHICLES IN SAME LANE),1,779122,2,0,0,1,1,2,2,5,Not at intersection,3,80,Arterial Highway
T20230018028,2023/8/2,16:34:00,1,Collision with vehicle,3,Wednesday,121,RIGHT THROUGH,1,224077,2,0,0,1,1,2,1,1,Cross intersection,3,70,Local Road
T20230017987,2023/8/2,7:00:00,1,Collision with vehicle,4,Wednesday,113,RIGHT NEAR (INTERSECTIONS ONLY),2,254695,2,0,0,1,1,2,2,1,Cross intersection,3,50,Local Road
T20230018029,2023/8/2,15:45:00,2,Struck Pedestrian,3,Wednesday,100,PED NEAR SIDE. PED HIT BY VEHICLE FROM THE RIGHT.,1,42790,1,0,1,0,2,3,1,1,Cross intersection,2,60,Arterial Highway
T20230017984,2023/8/2,0:30:00,1,Collision with vehicle,3,Wednesday,146,REVERSING INTO FIXED OBJECT/PARKED VEHICLE,6,778253,2,0,0,1,0,1,2,5,Not at intersection,3,50,Local Road
T20230018031,2023/8/2,18:30:00,1,Collision with vehicle,3,Wednesday,121,RIGHT THROUGH,3,778804,2,0,1,0,1,2,1,2,T intersection,2,999,Local Road
T20230017979,2023/8/2,9:30:00,1,Collision with vehicle,3,Wednesday,116,LEFT NEAR (INTERSECTIONS ONLY),1,285283,2,0,0,2,1,3,1,2,T intersection,3,50,Arterial Other
T20230017974,2023/8/2,10:47:00,1,Collision with vehicle,4,Wednesday,113,RIGHT NEAR (INTERSECTIONS ONLY),1,725733,3,0,2,0,1,3,1,2,T intersection,2,60,Arterial Other
T20230017971,2023/8/2,8:09:00,1,Collision with vehicle,4,Wednesday,130,REAR END(VEHICLES IN SAME LANE),1,778252,2,0,1,0,1,2,1,5,Not at intersection,2,100,Freeway
T20230017969,2023/8/2,6:20:00,1,Collision with vehicle,4,Wednesday,121,RIGHT THROUGH,2,38595,2,0,0,2,1,3,1,2,T intersection,3,60,Arterial Other
T20230018214,2023/8/2,18:14:00,1,Collision with vehicle,4,Wednesday,160,VEHICLE COLLIDES WITH VEHICLE PARKED ON LEFT OF ROAD,2,778677,2,0,1,0,0,1,1,5,Not at intersection,2,50,Local Road
T20230018040,2023/8/2,18:15:00,1,Collision with vehicle,3,Wednesday,113,RIGHT NEAR (INTERSECTIONS ONLY),3,775152,2,1,0,0,1,2,1,2,T intersection,1,80,Arterial Other
T20230017965,2023/8/2,8:57:00,1,Collision with vehicle,3,Wednesday,140,U TURN,1,797653,2,0,0,1,1,2,1,5,Not at intersection,3,60,Local Road
T20230017964,2023/8/2,8:30:00,2,Struck Pedestrian,4,Wednesday,102,FAR SIDE. PED HIT BY VEHICLE FROM THE LEFT,1,40644,1,0,0,1,1,2,1,1,Cross intersection,3,60,Arterial Other
T20230018041,2023/8/2,21:01:00,1,Collision with vehicle,3,Wednesday,121,RIGHT THROUGH,3,779161,2,0,1,1,1,3,1,2,T intersection,2,70,Freeway
T20230017963,2023/8/2,8:03:00,1,Collision with vehicle,4,Wednesday,113,RIGHT NEAR (INTERSECTIONS ONLY),1,8031,2,0,1,0,1,2,1,2,T intersection,2,60,
T20230017962,2023/8/2,7:10:00,4,Collision with a fixed object,3,Wednesday,173,RIGHT OFF CARRIAGEWAY INTO OBJECT/PARKED VEHICLE,1,785842,1,0,1,0,0,1,1,1,Cross intersection,2,70,
T20230017961,2023/8/2,7:34:00,1,Collision with vehicle,3,Wednesday,120,HEAD ON (NOT OVERTAKING),2,779045,2,0,0,1,1,2,1,5,Not at intersection,3,100,Arterial Other
T20230017959,2023/8/2,6:00:00,1,Collision with vehicle,3,Wednesday,120,HEAD ON (NOT OVERTAKING),2,44044,3,0,2,0,1,3,1,2,T intersection,2,60,Arterial Other
T20230017958,2023/8/2,2:10:00,6,Vehicle overturned (no collision),3,Wednesday,172,OFF CARRIAGEWAY TO RIGHT,5,778463,1,0,0,1,0,1,1,5,Not at intersection,3,110,Freeway
T20230018043,2023/8/2,19:17:00,1,Collision with vehicle,3,Wednesday,121,RIGHT THROUGH,3,36719,2,0,2,0,1,3,1,2,T intersection,2,70,Arterial Other
T20230019404,2023/8/2,16:20:00,1,Collision with vehicle,3,Wednesday,130,REAR END(VEHICLES IN SAME LANE),2,41895,2,0,0,1,1,2,2,2,T intersection,3,999,Arterial Other
T20230018046,2023/8/2,21:49:00,1,Collision with vehicle,4,Wednesday,135,LANE CHANGE LEFT (NOT OVERTAKING),3,44686,2,0,1,0,1,2,1,2,T intersection,2,60,Arterial Highway
T20230018322,2023/8/2,20:30:00,1,Collision with vehicle,3,Wednesday,120,HEAD ON (NOT OVERTAKING),3,789221,2,0,0,1,1,2,2,2,T intersection,3,50,Local Road
T20230018922,2023/8/2,17:30:00,1,Collision with vehicle,3,Wednesday,121,RIGHT THROUGH,2,43423,2,0,0,1,1,2,1,2,T intersection,3,70,Arterial Other
T20230018048,2023/8/2,16:00:00,1,Collision with vehicle,3,Wednesday,136,RIGHT TURN SIDESWIPE,1,797368,2,0,2,1,0,3,1,5,Not at intersection,2,100,Arterial Highway
T20230018063,2023/8/2,17:20:00,1,Collision with vehicle,3,Wednesday,135,LANE CHANGE LEFT (NOT OVERTAKING),1,778298,2,0,0,1,1,2,2,5,Not at intersection,3,40,Local Road
T20230018157,2023/8/2,20:23:00,1,Collision with vehicle,3,Wednesday,130,REAR END(VEHICLES IN SAME LANE),3,778302,2,0,0,1,1,2,2,2,T intersection,3,60,Arterial Other
T20230018088,2023/8/2,13:45:00,1,Collision with vehicle,3,Wednesday,130,REAR END(VEHICLES IN SAME LANE),1,780185,2,0,0,1,1,2,2,5,Not at intersection,3,50,Local Road
T20230018065,2023/8/2,18:40:00,1,Collision with vehicle,4,Wednesday,120,HEAD ON (NOT OVERTAKING),5,778707,2,0,1,1,0,2,1,2,T intersection,2,80,Arterial Highway
T20230022008,2023/8/2,16:15:00,1,Collision with vehicle,3,Wednesday,130,REAR END(VEHICLES IN SAME LANE),1,795838,2,0,0,1,1,2,2,2,T intersection,3,50,Local Road
T20230018567,2023/8/2,15:15:00,1,Collision with vehicle,3,Wednesday,130,REAR END(VEHICLES IN SAME LANE),1,778625,3,0,0,1,2,3,2,3,Y intersection,3,999,Arterial Other
T20230017996,2023/8/2,6:05:00,1,Collision with vehicle,4,Wednesday,121,RIGHT THROUGH,2,778464,2,0,1,1,0,2,1,1,Cross intersection,2,80,Local Road
T20230017997,2023/8/2,11:19:00,1,Collision with vehicle,3,Wednesday,130,REAR END(VEHICLES IN SAME LANE),1,778254,2,0,0,1,1,2,1,5,Not at intersection,3,100,Freeway
T20230018426,2023/8/2,18:00:00,2,Struck Pedestrian,4,Wednesday,104,PED WALKING WITH TRAFFIC,1,91516,1,0,1,0,1,2,2,5,Not at intersection,2,60,Arterial Other
T20230018103,2023/8/3,16:45:00,1,Collision with vehicle,4,Thursday,110,CROSS TRAFFIC(INTERSECTIONS ONLY),1,39973,2,0,0,1,1,2,1,1,Cross intersection,3,50,Local Road
T20230019032,2023/8/3,17:21:00,1,Collision with vehicle,5,Thursday,136,RIGHT TURN SIDESWIPE,2,43755,2,0,0,1,1,2,1,1,Cross intersection,3,50,Local Road
T20230018456,2023/8/3,0:10:00,1,Collision with vehicle,4,Thursday,135,LANE CHANGE LEFT (NOT OVERTAKING),3,35722,2,0,1,0,2,3,1,4,Multiple intersection,2,60,Freeway
T20230018701,2023/8/3,11:30:00,2,Struck Pedestrian,4,Thursday,103,PED PLAYING/LYING/WORKING/STANDING ON CARRIAGEWAY.,1,778688,1,0,0,1,1,2,2,5,Not at intersection,3,999,Local Road
T20230018576,2023/8/3,8:00:00,1,Collision with vehicle,4,Thursday,130,REAR END(VEHICLES IN SAME LANE),1,305979,2,0,0,1,1,2,2,2,T intersection,3,60,Arterial Other
T20230018475,2023/8/3,8:35:00,1,Collision with vehicle,5,Thursday,130,REAR END(VEHICLES IN SAME LANE),1,799901,3,0,0,1,2,3,2,5,Not at intersection,3,80,Freeway
T20230018217,2023/8/3,12:30:00,1,Collision with vehicle,5,Thursday,120,HEAD ON (NOT OVERTAKING),1,779478,2,0,1,0,0,1,1,5,Not at intersection,2,50,Local Road
T20230018091,2023/8/3,13:36:00,4,Collision with a fixed object,5,Thursday,171,LEFT OFF CARRIAGEWAY INTO OBJECT/PARKED VEHICLE,1,789228,1,0,1,0,0,1,1,5,Not at intersection,2,100,Arterial Other
T20230018080,2023/8/3,14:16:00,7,Fall from or in moving vehicle,4,Thursday,190,FELL IN/FROM VEHICLE,1,65039,2,0,1,0,2,3,1,5,Not at intersection,2,40,Local Road
T20230019468,2023/8/3,14:40:00,1,Collision with vehicle,4,Thursday,130,REAR END(VEHICLES IN SAME LANE),1,29619,2,0,0,1,1,2,2,2,T intersection,3,40,Arterial Other
T20230018074,2023/8/3,12:17:00,1,Collision with vehicle,5,Thursday,121,RIGHT THROUGH,1,778299,2,0,1,0,2,3,1,2,T intersection,2,50,Local Road
T20230018128,2023/8/3,20:20:00,1,Collision with vehicle,5,Thursday,133,LANE SIDE SWIPE (VEHICLES IN PARALLEL LANES),3,782717,2,0,1,0,1,2,1,5,Not at intersection,2,80,Arterial Other
T20230018301,2023/8/3,9:50:00,1,Collision with vehicle,5,Thursday,135,LANE CHANGE LEFT (NOT OVERTAKING),1,789223,2,0,0,1,1,2,2,5,Not at intersection,3,100,Freeway
T20230018585,2023/8/3,16:55:00,2,Struck Pedestrian,4,Thursday,102,FAR SIDE. PED HIT BY VEHICLE FROM THE LEFT,1,331008,1,0,0,1,1,2,1,5,Not at intersection,3,40,Arterial Other
T20230018085,2023/8/3,14:44:00,1,Collision with vehicle,4,Thursday,130,REAR END(VEHICLES IN SAME LANE),1,779637,2,0,0,1,1,2,1,5,Not at intersection,3,60,Arterial Other
T20230019500,2023/8/3,12:40:00,1,Collision with vehicle,4,Thursday,130,REAR END(VEHICLES IN SAME LANE),1,264730,2,0,0,2,0,2,1,2,T intersection,3,80,Arterial Highway
T20230018056,2023/8/3,8:05:00,1,Collision with vehicle,4,Thursday,139,OTHER SAME DIRECTION-MANOUEVRES NOT INCLUDED IN DCAs 130-137,1,799577,2,0,0,1,1,2,2,5,Not at intersection,3,70,Arterial Other
T20230018114,2023/8/3,16:30:00,1,Collision with vehicle,4,Thursday,110,CROSS TRAFFIC(INTERSECTIONS ONLY),1,44000,2,0,1,0,1,2,1,1,Cross intersection,2,60,Local Road
T20230018162,2023/8/3,19:30:00,1,Collision with vehicle,4,Thursday,130,REAR END(VEHICLES IN SAME LANE),2,43915,2,0,0,1,1,2,2,1,Cross intersection,3,999,Arterial Other
T20230018436,2023/8/3,10:24:00,1,Collision with vehicle,5,Thursday,110,CROSS TRAFFIC(INTERSECTIONS ONLY),1,67902,2,0,0,2,1,3,1,1,Cross intersection,3,50,Local Road
T20230018060,2023/8/3,8:43:00,1,Collision with vehicle,5,Thursday,113,RIGHT NEAR (INTERSECTIONS ONLY),2,44831,3,0,0,2,1,3,1,2,T intersection,3,80,Arterial Highway
T20230018155,2023/8/3,17:30:00,1,Collision with vehicle,4,Thursday,130,REAR END(VEHICLES IN SAME LANE),2,780225,3,0,0,1,2,3,2,5,Not at intersection,3,80,Arterial Highway
T20230019845,2023/8/3,10:05:00,1,Collision with vehicle,4,Thursday,130,REAR END(VEHICLES IN SAME LANE),1,780515,2,0,0,1,1,2,2,3,Y intersection,3,60,Arterial Highway
T20230018121,2023/8/3,19:00:00,1,Collision with vehicle,4,Thursday,121,RIGHT THROUGH,2,778346,2,0,0,1,1,2,1,5,Not at intersection,3,60,Arterial Highway
T20230018092,2023/8/3,11:07:00,1,Collision with vehicle,4,Thursday,120,HEAD ON (NOT OVERTAKING),1,793245,2,0,3,0,0,3,1,5,Not at intersection,2,100,Local Road
T20230019173,2023/8/3,6:00:00,2,Struck Pedestrian,4,Thursday,100,PED NEAR SIDE. PED HIT BY VEHICLE FROM THE RIGHT.,3,779600,1,0,0,1,1,2,2,5,Not at intersection,3,50,Local Road
T20230018061,2023/8/3,6:55:00,1,Collision with vehicle,4,Thursday,113,RIGHT NEAR (INTERSECTIONS ONLY),2,47832,2,0,0,2,0,2,1,2,T intersection,3,70,Arterial Other
T20230018097,2023/8/3,15:04:00,4,Collision with a fixed object,5,Thursday,171,LEFT OFF CARRIAGEWAY INTO OBJECT/PARKED VEHICLE,1,778675,1,0,1,0,0,1,1,5,Not at intersection,2,60,Arterial Other
T20230018093,2023/8/3,15:30:00,1,Collision with vehicle,4,Thursday,121,RIGHT THROUGH,1,35829,2,0,1,0,1,2,1,1,Cross intersection,2,50,Arterial Highway
T20230018045,2023/8/3,1:56:00,6,Vehicle overturned (no collision),4,Thursday,172,OFF CARRIAGEWAY TO RIGHT,5,255856,2,0,0,1,1,2,1,5,Not at intersection,3,100,Arterial Highway
T20230018050,2023/8/3,8:00:00,1,Collision with vehicle,4,Thursday,130,REAR END(VEHICLES IN SAME LANE),1,45157,4,0,0,1,3,4,1,2,T intersection,3,40,Arterial Other
T20230018307,2023/8/3,19:55:00,1,Collision with vehicle,4,Thursday,130,REAR END(VEHICLES IN SAME LANE),2,778422,2,0,0,1,1,2,2,5,Not at intersection,3,50,Local Road
T20230019629,2023/8/3,16:10:00,1,Collision with vehicle,4,Thursday,121,RIGHT THROUGH,9,789220,2,0,0,1,1,2,2,1,Cross intersection,3,40,Local Road
T20230018110,2023/8/3,17:50:00,4,Collision with a fixed object,5,Thursday,181,OFF RIGHT BEND INTO OBJECT/PARKED VEHICLE,5,796289,1,0,1,0,0,1,1,5,Not at intersection,2,50,Local Road
T20230018123,2023/8/3,15:17:00,1,Collision with vehicle,4,Thursday,121,RIGHT THROUGH,1,796344,2,0,0,1,1,2,1,1,Cross intersection,3,80,
T20230018104,2023/8/3,16:00:00,4,Collision with a fixed object,4,Thursday,173,RIGHT OFF CARRIAGEWAY INTO OBJECT/PARKED VEHICLE,1,789222,1,0,0,1,0,1,1,5,Not at intersection,3,100,Local Road
T20230018098,2023/8/3,15:45:00,8,No collision and no object struck,4,Thursday,179,OTHER ACCIDENTS-OFF STRAIGHT NOT INCLUDED IN DCAs 170-175,1,789231,1,0,0,1,0,1,1,5,Not at intersection,3,888,Local Road
T20230018052,2023/8/3,8:07:00,1,Collision with vehicle,5,Thursday,121,RIGHT THROUGH,2,281862,2,0,0,1,5,6,1,2,T intersection,3,40,Local Road
T20230018099,2023/8/3,14:55:00,1,Collision with vehicle,5,Thursday,113,RIGHT NEAR (INTERSECTIONS ONLY),1,43289,2,0,1,1,1,3,1,1,Cross intersection,2,60,Arterial Other
T20230018073,2023/8/3,8:35:00,2,Struck Pedestrian,4,Thursday,102,FAR SIDE. PED HIT BY VEHICLE FROM THE LEFT,1,778258,1,0,0,1,1,2,1,5,Not at intersection,3,60,Arterial Other
T20230018100,2023/8/3,8:15:00,1,Collision with vehicle,4,Thursday,130,REAR END(VEHICLES IN SAME LANE),2,778300,3,0,0,1,2,3,2,5,Not at intersection,3,999,Arterial Other
T20230018101,2023/8/3,16:45:00,1,Collision with vehicle,4,Thursday,121,RIGHT THROUGH,1,780924,2,0,0,1,1,2,1,2,T intersection,3,100,Arterial Other
T20230018108,2023/8/3,16:40:00,1,Collision with vehicle,4,Thursday,116,LEFT NEAR (INTERSECTIONS ONLY),1,49746,2,0,0,1,1,2,1,2,T intersection,3,50,Arterial Other
T20230018105,2023/8/3,15:40:00,1,Collision with vehicle,4,Thursday,130,REAR END(VEHICLES IN SAME LANE),1,793246,2,0,1,0,1,2,1,2,T intersection,2,70,Arterial Other
T20230018084,2023/8/3,14:51:00,4,Collision with a fixed object,4,Thursday,181,OFF RIGHT BEND INTO OBJECT/PARKED VEHICLE,1,789230,1,0,0,2,0,2,1,5,Not at intersection,3,50,Local Road
T20230019622,2023/8/3,15:00:00,1,Collision with vehicle,4,Thursday,113,RIGHT NEAR (INTERSECTIONS ONLY),1,715469,2,0,0,2,0,2,1,2,T intersection,3,80,Arterial Highway
T20230018109,2023/8/3,17:45:00,1,Collision with vehicle,4,Thursday,130,REAR END(VEHICLES IN SAME LANE),2,797747,2,0,0,1,1,2,1,5,Not at intersection,3,80,Arterial Highway
T20230021869,2023/8/4,10:54:00,1,Collision with vehicle,5,Friday,136,RIGHT TURN SIDESWIPE,1,781871,2,0,0,1,1,2,1,5,Not at intersection,3,50,Local Road
T20230018194,2023/8/4,18:40:00,1,Collision with vehicle,6,Friday,121,RIGHT THROUGH,2,778793,2,0,1,0,1,2,1,5,Not at intersection,2,60,Arterial Other
T20230018193,2023/8/4,19:22:00,1,Collision with vehicle,5,Friday,113,RIGHT NEAR (INTERSECTIONS ONLY),3,789232,2,0,0,1,6,7,1,2,T intersection,3,60,Arterial Other
T20230018536,2023/8/4,18:40:00,1,Collision with vehicle,6,Friday,113,RIGHT NEAR (INTERSECTIONS ONLY),2,43975,2,0,0,2,4,6,1,1,Cross intersection,3,60,Arterial Highway
T20230018189,2023/8/4,18:59:00,1,Collision with vehicle,6,Friday,130,REAR END(VEHICLES IN SAME LANE),2,112249,3,0,0,1,3,4,1,5,Not at intersection,3,70,Arterial Other
T20230018186,2023/8/4,16:40:00,1,Collision with vehicle,6,Friday,130,REAR END(VEHICLES IN SAME LANE),1,778317,2,0,0,1,1,2,2,5,Not at intersection,3,40,Local Road
T20230018185,2023/8/4,8:45:00,1,Collision with vehicle,5,Friday,130,REAR END(VEHICLES IN SAME LANE),2,778465,2,0,0,1,1,2,2,5,Not at intersection,3,60,Arterial Other
T20230018181,2023/8/4,14:30:00,4,Collision with a fixed object,6,Friday,179,OTHER ACCIDENTS-OFF STRAIGHT NOT INCLUDED IN DCAs 170-175,1,789235,1,0,1,0,0,1,1,5,Not at intersection,2,80,Arterial Other
T20230018180,2023/8/4,15:52:00,1,Collision with vehicle,5,Friday,148,VEHICLE OFF FOOTPATH STRIKES VEH ON CARRIAGEWAY,1,781917,2,0,1,0,1,2,1,2,T intersection,2,60,Arterial Other
T20230018173,2023/8/4,6:35:00,1,Collision with vehicle,6,Friday,110,CROSS TRAFFIC(INTERSECTIONS ONLY),3,50214,2,1,0,0,3,4,1,1,Cross intersection,1,70,Arterial Highway
T20230019486,2023/8/4,10:45:00,1,Collision with vehicle,5,Friday,132,RIGHT REAR.,1,45485,2,0,0,1,1,2,1,2,T intersection,3,60,Arterial Other
T20230018172,2023/8/4,11:50:00,1,Collision with vehicle,5,Friday,130,REAR END(VEHICLES IN SAME LANE),1,778555,2,0,0,1,1,2,1,5,Not at intersection,3,100,Freeway
T20230018140,2023/8/4,1:15:00,1,Collision with vehicle,6,Friday,160,VEHICLE COLLIDES WITH VEHICLE PARKED ON LEFT OF ROAD,5,793132,2,0,1,0,1,2,1,5,Not at intersection,2,40,Local Road
T20230018613,2023/8/4,12:55:00,1,Collision with vehicle,5,Friday,130,REAR END(VEHICLES IN SAME LANE),1,49934,2,0,0,3,0,3,2,2,T intersection,3,50,Arterial Highway
T20230018147,2023/8/4,7:10:00,2,Struck Pedestrian,5,Friday,100,PED NEAR SIDE. PED HIT BY VEHICLE FROM THE RIGHT.,2,779709,1,0,1,0,1,2,1,5,Not at intersection,2,60,Local Road
T20230018152,2023/8/4,7:15:00,1,Collision with vehicle,5,Friday,123,RIGHT/LEFT. ONE VEH TURNING RIGHT THE OTHER LEFT.,1,797728,2,0,1,0,1,2,1,2,T intersection,2,60,
T20230018218,2023/8/4,17:55:00,1,Collision with vehicle,5,Friday,130,REAR END(VEHICLES IN SAME LANE),2,778319,2,0,0,1,1,2,2,5,Not at intersection,3,60,Arterial Other
T20230018228,2023/8/4,19:00:00,4,Collision with a fixed object,5,Friday,171,LEFT OFF CARRIAGEWAY INTO OBJECT/PARKED VEHICLE,5,797741,1,0,0,1,0,1,1,5,Not at intersection,3,100,Local Road
T20230018244,2023/8/4,7:20:00,6,Vehicle overturned (no collision),6,Friday,182,OFF CARRIAGEWAY ON LEFT BEND,2,794157,1,0,0,1,0,1,2,5,Not at intersection,3,80,
T20230019554,2023/8/4,8:25:00,6,Vehicle overturned (no collision),5,Friday,174,OUT OF CONTROL ON CARRIAGEWAY (ON STRAIGHT),1,789234,1,0,0,1,0,1,2,5,Not at intersection,3,999,Local Road
T20230018308,2023/8/4,18:00:00,2,Struck Pedestrian,5,Friday,102,FAR SIDE. PED HIT BY VEHICLE FROM THE LEFT,5,795293,1,0,1,0,1,2,2,5,Not at intersection,2,100,Arterial Other
T20230025919,2023/8/4,19:50:00,1,Collision with vehicle,5,Friday,130,REAR END(VEHICLES IN SAME LANE),3,785500,2,0,0,1,1,2,2,5,Not at intersection,3,999,Arterial Other
T20230018203,2023/8/4,21:20:00,2,Struck Pedestrian,6,Friday,100,PED NEAR SIDE. PED HIT BY VEHICLE FROM THE RIGHT.,3,778718,1,1,0,0,1,2,1,2,T intersection,1,60,Arterial Highway
T20230018202,2023/8/4,21:35:00,1,Collision with vehicle,6,Friday,135,LANE CHANGE LEFT (NOT OVERTAKING),3,37602,2,0,1,0,1,2,1,2,T intersection,2,40,Local Road
T20230018196,2023/8/4,16:40:00,1,Collision with vehicle,6,Friday,130,REAR END(VEHICLES IN SAME LANE),1,782377,4,0,0,2,2,4,1,5,Not at intersection,3,90,Arterial Highway
T20230019250,2023/8/5,2:00:00,6,Vehicle overturned (no collision),6,Saturday,179,OTHER ACCIDENTS-OFF STRAIGHT NOT INCLUDED IN DCAs 170-175,6,782051,1,0,0,1,0,1,2,5,Not at intersection,3,50,Local Road
T20230018272,2023/8/5,18:50:00,1,Collision with vehicle,7,Saturday,119,OTHER ADJACENT (INTERSECTIONS ONLY),3,41552,3,0,0,1,2,3,1,2,T intersection,3,60,Arterial Highway