ACCIDENT_NO,ACCIDENT_DATE,ACCIDENT_TIME,ACCIDENT_TYPE,ACCIDENT_TYPE_DESC,DAY_OF_WEEK,DAY_WEEK_DESC,DCA_CODE,DCA_DESC,LIGHT_CONDITION,NODE_ID,NO_OF_VEHICLES,NO_PERSONS_KILLED,NO_PERSONS_INJ_2,NO_PERSONS_INJ_3,NO_PERSONS_NOT_INJ,NO_PERSONS,POLICE_ATTEND,ROAD_GEOMETRY,ROAD_GEOMETRY_DESC,SEVERITY,SPEED_ZONE,RMA
T20230018229,2023/8/5,9:40:00,1,Collision with vehicle,7,Saturday,121,RIGHT THROUGH,1,38482,2,0,1,1,1,3,1,1,Cross intersection,2,50,Arterial Highway
T20230018260,2023/8/5,12:40:00,2,Struck Pedestrian,6,Saturday,102,FAR SIDE. PED HIT BY VEHICLE FROM THE LEFT,1,40007,1,0,0,1,1,2,2,5,Not at intersection,3,60,Arterial Other
T20230018259,2023/8/5,15:55:00,4,Collision with a fixed object,7,Saturday,179,OTHER ACCIDENTS-OFF STRAIGHT NOT INCLUDED IN DCAs 170-175,1,789262,1,0,1,0,0,1,1,2,T intersection,2,60,Arterial Highway
T20230018257,2023/8/5,15:23:00,7,Fall from or in moving vehicle,6,Saturday,190,FELL IN/FROM VEHICLE,1,780919,1,0,1,0,1,2,1,5,Not at intersection,2,50,Local Road
T20230018252,2023/8/5,14:24:00,4,Collision with a fixed object,7,Saturday,171,LEFT OFF CARRIAGEWAY INTO OBJECT/PARKED VEHICLE,1,778803,1,0,1,0,0,1,1,5,Not at intersection,2,100,Arterial Highway
T20230018243,2023/8/5,11:00:00,8,No collision and no object struck,7,Saturday,174,OUT OF CONTROL ON CARRIAGEWAY (ON STRAIGHT),1,778678,1,0,1,0,0,1,1,5,Not at intersection,2,100,Local Road
T20230018271,2023/8/5,20:15:00,1,Collision with vehicle,6,Saturday,110,CROSS TRAFFIC(INTERSECTIONS ONLY),3,277173,2,0,0,1,1,2,1,1,Cross intersection,3,100,Arterial Highway
T20230020300,2023/8/5,10:45:00,6,Vehicle overturned (no collision),6,Saturday,172,OFF CARRIAGEWAY TO RIGHT,1,796266,1,0,1,0,0,1,2,5,Not at intersection,2,999,
T20230018305,2023/8/5,15:40:00,1,Collision with vehicle,7,Saturday,130,REAR END(VEHICLES IN SAME LANE),1,43874,2,0,1,0,1,2,2,1,Cross intersection,2,60,Arterial Highway
T20230018250,2023/8/5,14:30:00,6,Vehicle overturned (no collision),7,Saturday,172,OFF CARRIAGEWAY TO RIGHT,1,374,1,0,1,0,0,1,1,1,Cross intersection,2,60,Arterial Highway
T20230018238,2023/8/5,11:30:00,1,Collision with vehicle,6,Saturday,110,CROSS TRAFFIC(INTERSECTIONS ONLY),1,306931,2,0,0,1,2,3,1,1,Cross intersection,3,60,Arterial Other
T20230019612,2023/8/5,10:40:00,4,Collision with a fixed object,6,Saturday,171,LEFT OFF CARRIAGEWAY INTO OBJECT/PARKED VEHICLE,1,789251,1,0,0,1,1,2,1,5,Not at intersection,3,70,Arterial Other
T20230018286,2023/8/5,16:09:00,1,Collision with vehicle,7,Saturday,120,HEAD ON (NOT OVERTAKING),1,793435,2,1,2,0,0,3,1,5,Not at intersection,1,60,Arterial Other
T20230018778,2023/8/5,20:05:00,1,Collision with vehicle,7,Saturday,121,RIGHT THROUGH,3,279268,2,0,0,1,1,2,1,2,T intersection,3,70,Arterial Other
T20230018273,2023/8/5,19:57:00,1,Collision with vehicle,7,Saturday,140,U TURN,2,778399,2,0,0,1,2,3,1,5,Not at intersection,3,60,Arterial Other
T20230018274,2023/8/5,19:59:00,1,Collision with vehicle,6,Saturday,160,VEHICLE COLLIDES WITH VEHICLE PARKED ON LEFT OF ROAD,3,797740,2,0,0,1,1,2,1,5,Not at intersection,3,60,
T20230018275,2023/8/5,21:20:00,1,Collision with vehicle,7,Saturday,110,CROSS TRAFFIC(INTERSECTIONS ONLY),5,61007,3,0,1,0,4,5,1,1,Cross intersection,2,50,Local Road
T20230018276,2023/8/5,13:47:00,1,Collision with vehicle,6,Saturday,130,REAR END(VEHICLES IN SAME LANE),1,8850,2,0,0,1,1,2,2,1,Cross intersection,3,40,
T20230018278,2023/8/5,21:59:00,1,Collision with vehicle,7,Saturday,121,RIGHT THROUGH,3,274721,3,0,1,0,2,3,1,5,Not at intersection,2,777,Local Road
T20230018281,2023/8/5,22:00:00,1,Collision with vehicle,7,Saturday,110,CROSS TRAFFIC(INTERSECTIONS ONLY),3,54959,2,0,1,0,3,4,1,1,Cross intersection,2,60,Arterial Other
T20230018283,2023/8/5,23:47:00,1,Collision with vehicle,6,Saturday,160,VEHICLE COLLIDES WITH VEHICLE PARKED ON LEFT OF ROAD,3,793128,2,0,1,0,0,1,1,5,Not at intersection,2,60,Arterial Other
T20230018290,2023/8/5,23:20:00,2,Struck Pedestrian,6,Saturday,102,FAR SIDE. PED HIT BY VEHICLE FROM THE LEFT,5,778679,1,0,1,0,1,2,1,5,Not at intersection,2,60,Local Road
T20230018397,2023/8/5,9:05:00,1,Collision with vehicle,6,Saturday,121,RIGHT THROUGH,1,38731,2,0,0,1,2,3,1,1,Cross intersection,3,70,Arterial Highway
T20230018234,2023/8/5,12:30:00,1,Collision with vehicle,7,Saturday,121,RIGHT THROUGH,1,779880,2,0,1,1,2,4,1,1,Cross intersection,2,60,Arterial Other
T20230018294,2023/8/5,13:50:00,1,Collision with vehicle,6,Saturday,113,RIGHT NEAR (INTERSECTIONS ONLY),1,780921,2,0,1,0,4,5,1,2,T intersection,2,80,Arterial Highway
T20240001420,2023/8/5,11:30:00,4,Collision with a fixed object,7,Saturday,171,LEFT OFF CARRIAGEWAY INTO OBJECT/PARKED VEHICLE,1,797674,1,0,0,1,0,1,2,5,Not at intersection,3,80,Local Road
T20230022053,2023/8/5,12:30:00,1,Collision with vehicle,6,Saturday,130,REAR END(VEHICLES IN SAME LANE),9,222041,2,0,0,1,1,2,2,1,Cross intersection,3,999,Freeway
T20230018219,2023/8/5,6:35:00,1,Collision with vehicle,6,Saturday,139,OTHER SAME DIRECTION-MANOUEVRES NOT INCLUDED IN DCAs 130-137,2,779995,3,0,1,1,2,4,1,5,Not at intersection,2,100,Freeway
T20230018225,2023/8/5,10:30:00,1,Collision with vehicle,7,Saturday,121,RIGHT THROUGH,1,51538,2,0,1,0,1,2,1,1,Cross intersection,2,60,Local Road
T20230018267,2023/8/5,19:10:00,1,Collision with vehicle,6,Saturday,121,RIGHT THROUGH,3,1289,2,0,1,0,1,2,1,2,T intersection,2,60,Arterial Other
T20230019230,2023/8/5,10:50:00,1,Collision with vehicle,7,Saturday,110,CROSS TRAFFIC(INTERSECTIONS ONLY),1,64228,2,0,0,1,1,2,2,1,Cross intersection,3,50,Local Road
T20230018326,2023/8/6,15:15:00,1,Collision with vehicle,0,Sunday,130,REAR END(VEHICLES IN SAME LANE),1,798092,3,0,0,1,3,4,1,5,Not at intersection,3,60,Arterial Other
T20230018328,2023/8/6,18:00:00,2,Struck Pedestrian,0,Sunday,101,PED EMERGES FROM IN FRONT OF PARKED OR STATIONARY VEHICLE,3,231151,1,0,0,1,1,2,1,1,Cross intersection,3,40,Local Road
T20230019052,2023/8/6,7:00:00,4,Collision with a fixed object,0,Sunday,171,LEFT OFF CARRIAGEWAY INTO OBJECT/PARKED VEHICLE,1,778930,1,0,0,1,1,2,1,5,Not at intersection,3,60,Local Road
T20230018331,2023/8/6,18:35:00,1,Collision with vehicle,0,Sunday,121,RIGHT THROUGH,3,51141,2,0,0,2,1,3,1,2,T intersection,3,60,Arterial Highway
T20230018315,2023/8/6,11:33:00,1,Collision with vehicle,1,Sunday,140,U TURN,1,790639,2,0,1,1,0,2,1,5,Not at intersection,2,60,Arterial Other
T20230018302,2023/8/6,8:51:00,1,Collision with vehicle,1,Sunday,110,CROSS TRAFFIC(INTERSECTIONS ONLY),1,36835,2,0,0,2,7,9,1,1,Cross intersection,3,40,Arterial Other
T20230019205,2023/8/6,1:00:00,8,No collision and no object struck,0,Sunday,179,OTHER ACCIDENTS-OFF STRAIGHT NOT INCLUDED IN DCAs 170-175,9,37204,1,0,0,1,0,1,2,2,T intersection,3,50,Arterial Other
T20230018336,2023/8/6,18:24:00,1,Collision with vehicle,1,Sunday,121,RIGHT THROUGH,2,694672,2,0,0,2,1,3,1,5,Not at intersection,3,60,Arterial Other
T20230018406,2023/8/6,21:57:00,2,Struck Pedestrian,1,Sunday,101,PED EMERGES FROM IN FRONT OF PARKED OR STATIONARY VEHICLE,3,778403,1,0,0,1,1,2,1,5,Not at intersection,3,50,Local Road
T20230018338,2023/8/6,19:00:00,1,Collision with vehicle,1,Sunday,121,RIGHT THROUGH,2,355948,2,0,1,1,0,2,1,5,Not at intersection,2,70,Arterial Highway
T20230018295,2023/8/6,5:50:00,4,Collision with a fixed object,0,Sunday,171,LEFT OFF CARRIAGEWAY INTO OBJECT/PARKED VEHICLE,3,789260,1,0,0,1,0,1,1,5,Not at intersection,3,999,Arterial Highway
T20230018342,2023/8/6,18:50:00,1,Collision with vehicle,0,Sunday,160,VEHICLE COLLIDES WITH VEHICLE PARKED ON LEFT OF ROAD,2,778619,4,0,0,1,3,4,1,5,Not at intersection,3,50,Local Road
T20230018324,2023/8/6,10:30:00,1,Collision with vehicle,0,Sunday,120,HEAD ON (NOT OVERTAKING),1,789257,2,0,0,3,1,4,1,5,Not at intersection,3,60,Arterial Other
T20230018374,2023/8/6,7:30:00,4,Collision with a fixed object,0,Sunday,171,LEFT OFF CARRIAGEWAY INTO OBJECT/PARKED VEHICLE,2,782049,1,0,1,0,0,1,2,5,Not at intersection,2,100,Arterial Highway
T20230018343,2023/8/6,20:05:00,2,Struck Pedestrian,1,Sunday,109,ANY MANOEUVRE INVOLVING PED NOT INCLUDED IN DCAs 100-108.,5,779711,1,0,1,0,2,3,1,5,Not at intersection,2,50,Local Road
T20230018344,2023/8/6,21:00:00,4,Collision with a fixed object,1,Sunday,175,OFF END OF ROAD/T-INTERSECTION.,5,793127,1,0,0,1,0,1,1,2,T intersection,3,80,Local Road
T20230018346,2023/8/6,18:42:00,4,Collision with a fixed object,0,Sunday,171,LEFT OFF CARRIAGEWAY INTO OBJECT/PARKED VEHICLE,3,779327,1,0,1,0,0,1,1,5,Not at intersection,2,60,Local Road
T20230024748,2023/8/6,14:00:00,2,Struck Pedestrian,0,Sunday,100,PED NEAR SIDE. PED HIT BY VEHICLE FROM THE RIGHT.,9,44030,1,0,0,1,1,2,2,2,T intersection,3,999,Local Road
T20230018356,2023/8/6,10:15:00,1,Collision with vehicle,1,Sunday,120,HEAD ON (NOT OVERTAKING),1,778402,2,0,0,1,1,2,1,5,Not at intersection,3,60,Local Road
T20230018522,2023/8/6,11:30:00,6,Vehicle overturned (no collision),0,Sunday,174,OUT OF CONTROL ON CARRIAGEWAY (ON STRAIGHT),1,778560,1,0,0,1,0,1,2,5,Not at intersection,3,100,Local Road
T20230018918,2023/8/6,18:37:00,1,Collision with vehicle,1,Sunday,121,RIGHT THROUGH,2,277152,2,0,0,1,2,3,1,2,T intersection,3,60,Arterial Highway
T20230018353,2023/8/6,23:18:00,4,Collision with a fixed object,1,Sunday,171,LEFT OFF CARRIAGEWAY INTO OBJECT/PARKED VEHICLE,5,778659,1,1,0,0,0,1,1,5,Not at intersection,1,80,Local Road
T20230022236,2023/8/6,20:00:00,1,Collision with vehicle,0,Sunday,120,HEAD ON (NOT OVERTAKING),3,781440,2,0,0,1,1,2,1,5,Not at intersection,3,50,Local Road
T20230018287,2023/8/6,3:00:00,4,Collision with a fixed object,1,Sunday,171,LEFT OFF CARRIAGEWAY INTO OBJECT/PARKED VEHICLE,3,778400,1,0,1,1,0,2,1,5,Not at intersection,2,60,Local Road
T20230018288,2023/8/6,2:20:00,5,collision with some other object,1,Sunday,166,STRUCK OBJECT ON CARRIAGEWAY,3,780920,1,0,2,0,0,2,1,5,Not at intersection,2,40,Arterial Other
T20230018409,2023/8/6,10:30:00,1,Collision with vehicle,0,Sunday,130,REAR END(VEHICLES IN SAME LANE),1,778404,2,0,0,1,1,2,2,5,Not at intersection,3,40,Arterial Other
T20230018292,2023/8/6,2:30:00,4,Collision with a fixed object,0,Sunday,173,RIGHT OFF CARRIAGEWAY INTO OBJECT/PARKED VEHICLE,3,797657,1,0,0,1,0,1,1,5,Not at intersection,3,60,Local Road
T20230018429,2023/8/6,14:30:00,1,Collision with vehicle,1,Sunday,130,REAR END(VEHICLES IN SAME LANE),1,48321,2,0,0,1,1,2,2,2,T intersection,3,60,Local Road
T20230018323,2023/8/6,15:36:00,4,Collision with a fixed object,0,Sunday,171,LEFT OFF CARRIAGEWAY INTO OBJECT/PARKED VEHICLE,1,789253,1,0,0,1,0,1,1,5,Not at intersection,3,80,Arterial Other
T20230018316,2023/8/6,11:41:00,4,Collision with a fixed object,1,Sunday,173,RIGHT OFF CARRIAGEWAY INTO OBJECT/PARKED VEHICLE,1,789255,1,0,0,3,1,4,1,5,Not at intersection,3,40,Local Road
T20230018297,2023/8/6,2:09:00,2,Struck Pedestrian,1,Sunday,103,PED PLAYING/LYING/WORKING/STANDING ON CARRIAGEWAY.,3,46289,1,0,1,1,1,3,1,2,T intersection,2,50,Local Road
T20230022503,2023/8/7,8:45:00,1,Collision with vehicle,1,Monday,121,RIGHT THROUGH,1,38671,2,0,0,1,1,2,1,2,T intersection,3,60,Arterial Other
T20230018420,2023/8/7,16:45:00,1,Collision with vehicle,1,Monday,115,RIGHT/LEFT FAR (INTERSECTIONS ONLY),1,778471,2,0,0,2,0,2,1,2,T intersection,3,50,Local Road
T20230022447,2023/8/7,9:00:00,2,Struck Pedestrian,2,Monday,100,PED NEAR SIDE. PED HIT BY VEHICLE FROM THE RIGHT.,9,789409,1,0,1,0,1,2,2,2,T intersection,2,50,Local Road
T20230018421,2023/8/7,21:11:00,2,Struck Pedestrian,1,Monday,102,FAR SIDE. PED HIT BY VEHICLE FROM THE LEFT,6,685656,1,0,1,0,1,2,1,2,T intersection,2,60,Local Road
T20230018563,2023/8/7,16:35:00,1,Collision with vehicle,1,Monday,130,REAR END(VEHICLES IN SAME LANE),1,778623,2,0,0,1,1,2,1,5,Not at intersection,3,80,Arterial Highway
T20230020122,2023/8/7,5:45:00,6,Vehicle overturned (no collision),2,Monday,174,OUT OF CONTROL ON CARRIAGEWAY (ON STRAIGHT),3,198777,1,0,1,0,0,1,2,5,Not at intersection,2,60,Arterial Other
T20230018446,2023/8/7,14:15:00,1,Collision with vehicle,2,Monday,130,REAR END(VEHICLES IN SAME LANE),1,778474,2,0,0,1,1,2,2,2,T intersection,3,999,Arterial Highway
T20230018498,2023/8/7,15:53:00,1,Collision with vehicle,1,Monday,130,REAR END(VEHICLES IN SAME LANE),1,797810,3,0,0,1,3,4,2,5,Not at intersection,3,999,
T20230018418,2023/8/7,14:30:00,2,Struck Pedestrian,1,Monday,107,PED ON FOOTHPATH STRUCK BY VEHENTERING/LEAVING DRIVEWAY.,1,800928,1,0,1,0,1,2,2,5,Not at intersection,2,888,Local Road
T20230018400,2023/8/7,16:22:00,1,Collision with vehicle,2,Monday,113,RIGHT NEAR (INTERSECTIONS ONLY),1,1344,2,0,0,1,2,3,1,2,T intersection,3,60,Arterial Other
T20230020760,2023/8/7,11:02:00,1,Collision with vehicle,1,Monday,135,LANE CHANGE LEFT (NOT OVERTAKING),1,789288,2,0,0,1,1,2,1,5,Not at intersection,3,100,Freeway
T20230018394,2023/8/7,16:04:00,1,Collision with vehicle,1,Monday,147,VEHICLE STRIKES ANOTHER VEH WHILE EMERGING FROM DRIVEWAY,1,782921,2,0,0,1,1,2,1,5,Not at intersection,3,60,Local Road
T20230018393,2023/8/7,10:45:00,2,Struck Pedestrian,1,Monday,108,PED STRUCK WALKING TO/FROM OR BOARDING/ALIGHTING VEHICLE.,1,798500,1,0,1,0,1,2,1,1,Cross intersection,2,60,Arterial Highway
T20230018392,2023/8/7,13:30:00,4,Collision with a fixed object,2,Monday,173,RIGHT OFF CARRIAGEWAY INTO OBJECT/PARKED VEHICLE,1,793126,1,0,1,0,0,1,1,5,Not at intersection,2,100,Arterial Highway
T20230018391,2023/8/7,13:10:00,8,No collision and no object struck,2,Monday,174,OUT OF CONTROL ON CARRIAGEWAY (ON STRAIGHT),1,790416,1,0,1,0,0,1,1,2,T intersection,2,50,Arterial Other
T20230018389,2023/8/7,15:37:00,6,Vehicle overturned (no collision),1,Monday,184,OUT OF CONTROL ON CARRIAGEWAY (ON BEND),1,789405,1,0,0,1,0,1,1,5,Not at intersection,3,50,Arterial Other
T20230018388,2023/8/7,12:45:00,4,Collision with a fixed object,1,Monday,183,OFF LEFT BEND INTO OBJECT/PARKED VEHICLE,1,793125,1,0,1,0,0,1,1,5,Not at intersection,2,100,Freeway
T20230018386,2023/8/7,14:40:00,1,Collision with vehicle,2,Monday,121,RIGHT THROUGH,1,899,3,0,0,2,1,3,1,1,Cross intersection,3,80,Arterial Highway
T20230018378,2023/8/7,13:40:00,1,Collision with vehicle,1,Monday,130,REAR END(VEHICLES IN SAME LANE),1,797807,3,0,0,1,5,6,1,1,Cross intersection,3,70,Arterial Highway
T20230018410,2023/8/7,15:55:00,4,Collision with a fixed object,2,Monday,173,RIGHT OFF CARRIAGEWAY INTO OBJECT/PARKED VEHICLE,1,779286,1,1,0,0,0,1,1,5,Not at intersection,1,90,Arterial Highway
T20230018368,2023/8/7,7:00:00,1,Collision with vehicle,1,Monday,110,CROSS TRAFFIC(INTERSECTIONS ONLY),1,222041,2,0,1,0,1,2,1,4,Multiple intersection,2,90,Freeway
T20230018366,2023/8/7,11:15:00,2,Struck Pedestrian,1,Monday,106,VEH STRIKES PED ON FOOTPATH/MEDIAN/TRAFFIC ISLAND.,1,797808,1,0,0,1,1,2,1,5,Not at intersection,3,50,Local Road
T20230018365,2023/8/7,10:37:00,1,Collision with vehicle,2,Monday,120,HEAD ON (NOT OVERTAKING),1,778708,2,0,0,2,0,2,1,5,Not at intersection,3,60,Local Road
T20230018359,2023/8/7,7:10:00,4,Collision with a fixed object,2,Monday,171,LEFT OFF CARRIAGEWAY INTO OBJECT/PARKED VEHICLE,1,778802,1,0,1,0,0,1,1,5,Not at intersection,2,100,Arterial Other
T20230019201,2023/8/7,15:20:00,1,Collision with vehicle,1,Monday,130,REAR END(VEHICLES IN SAME LANE),1,61822,2,0,0,1,1,2,2,2,T intersection,3,60,Arterial Other
T20230018688,2023/8/7,18:08:00,1,Collision with vehicle,2,Monday,111,RIGHT FAR (INTERSECTIONS ONLY),3,40417,3,0,1,0,2,3,1,2,T intersection,2,60,Arterial Other
T20230018430,2023/8/7,22:29:00,1,Collision with vehicle,2,Monday,130,REAR END(VEHICLES IN SAME LANE),3,780393,3,0,2,1,0,3,1,5,Not at intersection,2,60,Arterial Other
T20230018530,2023/8/7,15:24:00,4,Collision with a fixed object,1,Monday,146,REVERSING INTO FIXED OBJECT/PARKED VEHICLE,1,797811,1,0,0,1,0,1,1,5,Not at intersection,3,888,Arterial Other
T20230018630,2023/8/7,17:45:00,8,No collision and no object struck,1,Monday,174,OUT OF CONTROL ON CARRIAGEWAY (ON STRAIGHT),2,778685,1,0,1,0,0,1,2,5,Not at intersection,2,60,Arterial Other
T20230018633,2023/8/7,9:29:00,1,Collision with vehicle,2,Monday,121,RIGHT THROUGH,1,779069,2,0,0,1,1,2,1,5,Not at intersection,3,80,Arterial Other
T20230018642,2023/8/7,16:10:00,1,Collision with vehicle,2,Monday,121,RIGHT THROUGH,1,37036,2,0,0,1,1,2,2,1,Cross intersection,3,40,Local Road
T20230018754,2023/8/7,2:00:00,7,Fall from or in moving vehicle,2,Monday,190,FELL IN/FROM VEHICLE,3,778836,1,0,0,1,2,3,1,5,Not at intersection,3,50,Local Road
T20230018434,2023/8/7,22:21:00,2,Struck Pedestrian,2,Monday,101,PED EMERGES FROM IN FRONT OF PARKED OR STATIONARY VEHICLE,3,778472,1,0,1,0,1,2,1,5,Not at intersection,2,50,Local Road
T20230019475,2023/8/7,6:55:00,1,Collision with vehicle,1,Monday,110,CROSS TRAFFIC(INTERSECTIONS ONLY),2,626959,2,0,0,1,1,2,1,1,Cross intersection,3,70,Arterial Other
T20230018422,2023/8/7,19:15:00,1,Collision with vehicle,2,Monday,110,CROSS TRAFFIC(INTERSECTIONS ONLY),3,795992,3,0,3,1,2,6,1,1,Cross intersection,2,80,
T20230018402,2023/8/7,17:21:00,2,Struck Pedestrian,1,Monday,107,PED ON FOOTHPATH STRUCK BY VEHENTERING/LEAVING DRIVEWAY.,1,778800,1,0,1,0,1,2,1,5,Not at intersection,2,50,Local Road
T20230018686,2023/8/7,21:32:00,2,Struck Pedestrian,2,Monday,105,PED WALKING AGAINST TRAFFIC.,3,795417,1,0,0,1,1,2,1,5,Not at intersection,3,999,Arterial Highway
T20230018419,2023/8/7,19:19:00,1,Collision with vehicle,2,Monday,121,RIGHT THROUGH,2,29895,2,0,1,3,0,4,1,3,Y intersection,2,60,Arterial Other
T20230018678,2023/8/7,18:20:00,1,Collision with vehicle,1,Monday,130,REAR END(VEHICLES IN SAME LANE),2,779170,4,0,0,1,4,5,1,5,Not at intersection,3,60,Arterial Other
T20230018411,2023/8/7,17:30:00,1,Collision with vehicle,2,Monday,121,RIGHT THROUGH,2,46502,2,0,0,2,2,4,2,2,T intersection,3,60,Arterial Other
T20230018413,2023/8/7,16:16:00,1,Collision with vehicle,1,Monday,113,RIGHT NEAR (INTERSECTIONS ONLY),1,595601,2,0,0,1,1,2,1,2,T intersection,3,60,Local Road
T20230018415,2023/8/7,17:05:00,4,Collision with a fixed object,1,Monday,146,REVERSING INTO FIXED OBJECT/PARKED VEHICLE,3,793116,1,0,1,0,1,2,1,5,Not at intersection,2,50,Local Road
T20230018358,2023/8/7,7:26:00,1,Collision with vehicle,2,Monday,110,CROSS TRAFFIC(INTERSECTIONS ONLY),1,36819,2,0,0,3,0,3,1,1,Cross intersection,3,60,Arterial Other
T20230018519,2023/8/8,14:20:00,1,Collision with vehicle,3,Tuesday,160,VEHICLE COLLIDES WITH VEHICLE PARKED ON LEFT OF ROAD,1,779237,2,0,0,1,0,1,1,5,Not at intersection,3,60,Local Road
T20230018995,2023/8/8,6:30:00,6,Vehicle overturned (no collision),2,Tuesday,174,OUT OF CONTROL ON CARRIAGEWAY (ON STRAIGHT),9,685,1,0,1,0,0,1,2,5,Not at intersection,2,999,Local Road
T20230018950,2023/8/8,5:30:00,1,Collision with vehicle,2,Tuesday,140,U TURN,2,25256,2,0,0,1,1,2,2,1,Cross intersection,3,80,Arterial Other
T20230018487,2023/8/8,15:08:00,5,collision with some other object,2,Tuesday,166,STRUCK OBJECT ON CARRIAGEWAY,1,780028,1,0,1,0,0,1,1,5,Not at intersection,2,100,Arterial Other
T20230018504,2023/8/8,18:15:00,1,Collision with vehicle,2,Tuesday,130,REAR END(VEHICLES IN SAME LANE),3,779164,5,0,1,0,4,5,1,5,Not at intersection,2,100,Freeway
T20230018435,2023/8/8,0:40:00,1,Collision with vehicle,3,Tuesday,110,CROSS TRAFFIC(INTERSECTIONS ONLY),3,289584,2,0,0,1,1,2,1,1,Cross intersection,3,80,Arterial Highway
T20230021983,2023/8/8,6:40:00,1,Collision with vehicle,2,Tuesday,130,REAR END(VEHICLES IN SAME LANE),9,789411,3,0,0,2,1,3,2,5,Not at intersection,3,80,Freeway
T20230018462,2023/8/8,8:20:00,4,Collision with a fixed object,2,Tuesday,171,LEFT OFF CARRIAGEWAY INTO OBJECT/PARKED VEHICLE,1,797938,2,0,0,1,5,6,1,5,Not at intersection,3,100,Local Road
T20230018469,2023/8/8,10:26:00,4,Collision with a fixed object,2,Tuesday,171,LEFT OFF CARRIAGEWAY INTO OBJECT/PARKED VEHICLE,1,778475,1,0,0,1,0,1,1,2,T intersection,3,50,Local Road
T20230019104,2023/8/8,20:30:00,1,Collision with vehicle,2,Tuesday,130,REAR END(VEHICLES IN SAME LANE),3,44309,2,0,0,1,1,2,2,1,Cross intersection,3,60,Arterial Other
T20230018471,2023/8/8,9:18:00,1,Collision with vehicle,2,Tuesday,116,LEFT NEAR (INTERSECTIONS ONLY),1,29689,2,0,1,0,2,3,1,2,T intersection,2,60,Arterial Highway
T20230018488,2023/8/8,16:40:00,1,Collision with vehicle,2,Tuesday,135,LANE CHANGE LEFT (NOT OVERTAKING),1,797832,2,0,0,1,1,2,1,5,Not at intersection,3,100,Freeway
T20230018493,2023/8/8,15:27:00,1,Collision with vehicle,3,Tuesday,130,REAR END(VEHICLES IN SAME LANE),1,780187,4,0,0,2,2,4,1,5,Not at intersection,3,100,Freeway
T20230018687,2023/8/8,17:45:00,1,Collision with vehicle,2,Tuesday,130,REAR END(VEHICLES IN SAME LANE),2,778709,3,0,0,1,2,3,2,5,Not at intersection,3,60,Arterial Highway
T20230018632,2023/8/8,15:30:00,8,No collision and no object struck,2,Tuesday,174,OUT OF CONTROL ON CARRIAGEWAY (ON STRAIGHT),1,782491,1,0,1,0,0,1,2,1,Cross intersection,2,60,Local Road
T20230018495,2023/8/8,17:30:00,1,Collision with vehicle,3,Tuesday,120,HEAD ON (NOT OVERTAKING),2,779526,2,0,0,4,0,4,1,5,Not at intersection,3,80,Arterial Other
T20230018496,2023/8/8,19:10:00,2,Struck Pedestrian,2,Tuesday,102,FAR SIDE. PED HIT BY VEHICLE FROM THE LEFT,3,35525,1,0,0,1,1,2,1,1,Cross intersection,3,60,Arterial Other
T20230018532,2023/8/8,13:10:00,1,Collision with vehicle,2,Tuesday,148,VEHICLE OFF FOOTPATH STRIKES VEH ON CARRIAGEWAY,1,36416,2,0,0,1,1,2,1,2,T intersection,3,888,Arterial Other
T20230018439,2023/8/8,6:28:00,1,Collision with vehicle,3,Tuesday,130,REAR END(VEHICLES IN SAME LANE),2,797831,3,0,0,1,2,3,1,5,Not at intersection,3,100,Freeway
T20230018442,2023/8/8,8:00:00,4,Collision with a fixed object,2,Tuesday,171,LEFT OFF CARRIAGEWAY INTO OBJECT/PARKED VEHICLE,2,778473,2,0,0,2,2,4,1,5,Not at intersection,3,100,Arterial Highway
T20230018539,2023/8/8,8:00:00,1,Collision with vehicle,2,Tuesday,130,REAR END(VEHICLES IN SAME LANE),2,780465,2,0,0,1,3,4,2,5,Not at intersection,3,40,Arterial Other
T20230018499,2023/8/8,18:19:00,1,Collision with vehicle,3,Tuesday,130,REAR END(VEHICLES IN SAME LANE),2,779163,4,0,1,0,3,4,1,5,Not at intersection,2,70,Arterial Other
T20230018507,2023/8/8,19:01:00,1,Collision with vehicle,2,Tuesday,133,LANE SIDE SWIPE (VEHICLES IN PARALLEL LANES),3,789416,2,0,0,1,1,2,1,1,Cross intersection,3,80,Arterial Highway
T20230018885,2023/8/8,13:30:00,1,Collision with vehicle,3,Tuesday,130,REAR END(VEHICLES IN SAME LANE),1,779127,2,0,0,2,0,2,2,5,Not at intersection,3,100,Freeway
T20230018450,2023/8/8,9:10:00,1,Collision with vehicle,3,Tuesday,113,RIGHT NEAR (INTERSECTIONS ONLY),1,778559,2,0,2,0,0,2,1,2,T intersection,2,80,Arterial Other
T20230018451,2023/8/8,8:00:00,1,Collision with vehicle,3,Tuesday,113,RIGHT NEAR (INTERSECTIONS ONLY),1,779525,2,0,0,1,4,5,1,2,T intersection,3,50,Arterial Highway
T20230018510,2023/8/8,19:20:00,1,Collision with vehicle,2,Tuesday,113,RIGHT NEAR (INTERSECTIONS ONLY),3,789413,2,0,0,1,2,3,1,2,T intersection,3,40,
T20230018765,2023/8/8,22:20:00,2,Struck Pedestrian,3,Tuesday,103,PED PLAYING/LYING/WORKING/STANDING ON CARRIAGEWAY.,3,778799,1,0,0,1,1,2,1,5,Not at intersection,3,50,Local Road