ACCIDENT_NO,ACCIDENT_DATE,ACCIDENT_TIME,ACCIDENT_TYPE,ACCIDENT_TYPE_DESC,DAY_OF_WEEK,DAY_WEEK_DESC,DCA_CODE,DCA_DESC,LIGHT_CONDITION,NODE_ID,NO_OF_VEHICLES,NO_PERSONS_KILLED,NO_PERSONS_INJ_2,NO_PERSONS_INJ_3,NO_PERSONS_NOT_INJ,NO_PERSONS,POLICE_ATTEND,ROAD_GEOMETRY,ROAD_GEOMETRY_DESC,SEVERITY,SPEED_ZONE,RMA
T20230019956,2023/8/8,10:45:00,1,Collision with vehicle,2,Tuesday,121,RIGHT THROUGH,1,797834,2,0,0,1,1,2,2,1,Cross intersection,3,60,Arterial Other
T20230019613,2023/8/8,8:50:00,1,Collision with vehicle,3,Tuesday,111,RIGHT FAR (INTERSECTIONS ONLY),1,247559,2,0,0,2,0,2,2,1,Cross intersection,3,50,Local Road
T20230018484,2023/8/8,13:00:00,4,Collision with a fixed object,3,Tuesday,171,LEFT OFF CARRIAGEWAY INTO OBJECT/PARKED VEHICLE,1,789415,1,0,1,0,0,1,1,5,Not at intersection,2,80,Freeway
T20230018481,2023/8/8,15:01:00,4,Collision with a fixed object,3,Tuesday,171,LEFT OFF CARRIAGEWAY INTO OBJECT/PARKED VEHICLE,1,779598,1,0,0,1,0,1,1,5,Not at intersection,3,80,Local Road
T20230018515,2023/8/8,21:43:00,4,Collision with a fixed object,3,Tuesday,171,LEFT OFF CARRIAGEWAY INTO OBJECT/PARKED VEHICLE,3,789421,1,0,0,1,0,1,1,5,Not at intersection,3,100,Freeway
T20230018459,2023/8/8,10:26:00,1,Collision with vehicle,3,Tuesday,113,RIGHT NEAR (INTERSECTIONS ONLY),1,42102,3,0,2,0,1,3,1,2,T intersection,2,60,Arterial Other
T20230018461,2023/8/8,8:15:00,1,Collision with vehicle,2,Tuesday,121,RIGHT THROUGH,1,66429,2,0,0,1,1,2,2,2,T intersection,3,50,Local Road
T20230018480,2023/8/8,13:06:00,6,Vehicle overturned (no collision),3,Tuesday,170,OFF CARRIAGEWAY TO LEFT,1,780659,1,0,0,1,0,1,1,5,Not at intersection,3,50,Local Road
T20230018477,2023/8/8,10:47:00,2,Struck Pedestrian,3,Tuesday,102,FAR SIDE. PED HIT BY VEHICLE FROM THE LEFT,1,782922,1,0,1,0,1,2,1,2,T intersection,2,60,Arterial Other
T20230018497,2023/8/8,17:40:00,4,Collision with a fixed object,2,Tuesday,171,LEFT OFF CARRIAGEWAY INTO OBJECT/PARKED VEHICLE,5,797833,1,0,0,1,0,1,1,5,Not at intersection,3,40,Arterial Other
T20230018601,2023/8/9,20:00:00,6,Vehicle overturned (no collision),3,Wednesday,182,OFF CARRIAGEWAY ON LEFT BEND,3,779783,1,0,0,1,1,2,1,5,Not at intersection,3,50,Local Road
T20230019146,2023/8/9,14:24:00,1,Collision with vehicle,3,Wednesday,110,CROSS TRAFFIC(INTERSECTIONS ONLY),1,51004,2,0,0,1,1,2,1,1,Cross intersection,3,50,Local Road
T20230018602,2023/8/9,16:30:00,1,Collision with vehicle,4,Wednesday,130,REAR END(VEHICLES IN SAME LANE),2,779361,3,0,0,1,2,3,1,5,Not at intersection,3,80,Freeway
T20230018603,2023/8/9,10:45:00,4,Collision with a fixed object,4,Wednesday,171,LEFT OFF CARRIAGEWAY INTO OBJECT/PARKED VEHICLE,9,794154,1,0,1,0,0,1,1,5,Not at intersection,2,80,
T20230018605,2023/8/9,22:14:00,4,Collision with a fixed object,4,Wednesday,173,RIGHT OFF CARRIAGEWAY INTO OBJECT/PARKED VEHICLE,3,789427,1,0,1,0,0,1,1,2,T intersection,2,60,
T20230018574,2023/8/9,16:30:00,1,Collision with vehicle,4,Wednesday,121,RIGHT THROUGH,1,46278,2,0,0,1,2,3,1,1,Cross intersection,3,70,Arterial Other
T20230018573,2023/8/9,17:00:00,1,Collision with vehicle,3,Wednesday,148,VEHICLE OFF FOOTPATH STRIKES VEH ON CARRIAGEWAY,2,778909,3,0,1,0,2,3,1,5,Not at intersection,2,60,Arterial Other
T20230018572,2023/8/9,17:20:00,2,Struck Pedestrian,4,Wednesday,102,FAR SIDE. PED HIT BY VEHICLE FROM THE LEFT,1,39273,1,0,0,1,2,3,1,1,Cross intersection,3,60,Arterial Highway
T20230018570,2023/8/9,15:40:00,1,Collision with vehicle,3,Wednesday,132,RIGHT REAR.,1,793085,2,0,1,0,2,3,1,5,Not at intersection,2,100,Arterial Other
T20230019035,2023/8/9,18:00:00,1,Collision with vehicle,3,Wednesday,130,REAR END(VEHICLES IN SAME LANE),9,778928,2,0,0,1,1,2,2,5,Not at intersection,3,60,Local Road
T20230019082,2023/8/9,16:18:00,1,Collision with vehicle,3,Wednesday,173,RIGHT OFF CARRIAGEWAY INTO OBJECT/PARKED VEHICLE,1,780753,2,0,0,1,0,1,1,5,Not at intersection,3,50,Local Road
T20230019099,2023/8/9,11:35:00,1,Collision with vehicle,3,Wednesday,173,RIGHT OFF CARRIAGEWAY INTO OBJECT/PARKED VEHICLE,1,779043,3,0,0,1,0,1,1,5,Not at intersection,3,50,Local Road
T20230019101,2023/8/9,14:40:00,5,collision with some other object,3,Wednesday,191,LOAD OR MISSILE STRUCK VEHICLE,1,800195,2,0,0,1,0,1,2,5,Not at intersection,3,100,Freeway
T20230019127,2023/8/9,10:20:00,1,Collision with vehicle,4,Wednesday,133,LANE SIDE SWIPE (VEHICLES IN PARALLEL LANES),1,677845,2,0,0,1,1,2,2,5,Not at intersection,3,80,Freeway
T20230019219,2023/8/9,9:00:00,1,Collision with vehicle,4,Wednesday,130,REAR END(VEHICLES IN SAME LANE),2,53339,4,0,0,2,2,4,1,2,T intersection,3,80,Arterial Highway
T20230018565,2023/8/9,13:35:00,1,Collision with vehicle,4,Wednesday,132,RIGHT REAR.,1,7727,3,0,0,1,3,4,1,2,T intersection,3,60,
T20230018564,2023/8/9,13:37:00,1,Collision with vehicle,3,Wednesday,116,LEFT NEAR (INTERSECTIONS ONLY),1,798095,2,0,1,0,1,2,1,2,T intersection,2,70,Arterial Highway
T20230018559,2023/8/9,11:10:00,6,Vehicle overturned (no collision),4,Wednesday,174,OUT OF CONTROL ON CARRIAGEWAY (ON STRAIGHT),1,39845,1,0,1,0,0,1,1,2,T intersection,2,60,Local Road
T20230020328,2023/8/9,18:10:00,1,Collision with vehicle,4,Wednesday,121,RIGHT THROUGH,2,752,2,0,0,1,1,2,2,2,T intersection,3,60,Arterial Other
T20230018557,2023/8/9,12:15:00,1,Collision with vehicle,3,Wednesday,121,RIGHT THROUGH,1,344220,2,0,2,0,0,2,1,1,Cross intersection,2,60,Arterial Other
T20230018555,2023/8/9,11:17:00,1,Collision with vehicle,4,Wednesday,113,RIGHT NEAR (INTERSECTIONS ONLY),1,778908,2,0,1,1,0,2,1,2,T intersection,2,60,Arterial Other
T20230018552,2023/8/9,12:28:00,1,Collision with vehicle,4,Wednesday,110,CROSS TRAFFIC(INTERSECTIONS ONLY),1,54370,2,0,1,0,1,2,1,1,Cross intersection,2,50,Local Road
T20230020710,2023/8/9,11:20:00,1,Collision with vehicle,4,Wednesday,113,RIGHT NEAR (INTERSECTIONS ONLY),1,57573,2,0,0,1,1,2,1,2,T intersection,3,80,Arterial Highway
T20230018548,2023/8/9,10:25:00,1,Collision with vehicle,4,Wednesday,160,VEHICLE COLLIDES WITH VEHICLE PARKED ON LEFT OF ROAD,1,778830,3,0,1,0,0,1,1,5,Not at intersection,2,50,Local Road
T20230018547,2023/8/9,11:15:00,1,Collision with vehicle,3,Wednesday,119,OTHER ADJACENT (INTERSECTIONS ONLY),1,798093,2,0,0,1,1,2,1,2,T intersection,3,60,Local Road
T20230018544,2023/8/9,8:30:00,2,Struck Pedestrian,3,Wednesday,100,PED NEAR SIDE. PED HIT BY VEHICLE FROM THE RIGHT.,1,47723,1,0,1,0,1,2,1,2,T intersection,2,50,Arterial Other
T20230018617,2023/8/9,16:00:00,1,Collision with vehicle,3,Wednesday,163,VEHICLE STRIKES DOOR OF PARKED/STATIONARY VEHICLE,1,789444,2,0,0,1,1,2,2,5,Not at intersection,3,50,
T20230020789,2023/8/9,18:00:00,1,Collision with vehicle,3,Wednesday,133,LANE SIDE SWIPE (VEHICLES IN PARALLEL LANES),1,780304,2,0,0,1,1,2,2,5,Not at intersection,3,80,Arterial Other
T20230018615,2023/8/9,17:00:00,2,Struck Pedestrian,4,Wednesday,100,PED NEAR SIDE. PED HIT BY VEHICLE FROM THE RIGHT.,1,779328,1,0,1,0,1,2,2,2,T intersection,2,999,Local Road
T20230018541,2023/8/9,9:00:00,4,Collision with a fixed object,4,Wednesday,181,OFF RIGHT BEND INTO OBJECT/PARKED VEHICLE,1,789448,1,0,1,0,1,2,1,5,Not at intersection,2,100,Arterial Highway
T20230018540,2023/8/9,9:47:00,1,Collision with vehicle,4,Wednesday,121,RIGHT THROUGH,1,1175,2,0,1,0,1,2,1,2,T intersection,2,80,Arterial Other
T20230018537,2023/8/9,9:41:00,1,Collision with vehicle,3,Wednesday,121,RIGHT THROUGH,1,236484,2,0,0,1,1,2,1,2,T intersection,3,80,Arterial Other
T20230018534,2023/8/9,9:05:00,1,Collision with vehicle,4,Wednesday,121,RIGHT THROUGH,2,605,3,0,1,0,2,3,1,1,Cross intersection,2,999,Freeway
T20230018533,2023/8/9,9:45:00,1,Collision with vehicle,3,Wednesday,110,CROSS TRAFFIC(INTERSECTIONS ONLY),1,49169,2,0,0,1,1,2,1,1,Cross intersection,3,60,Arterial Highway
T20230018523,2023/8/9,7:04:00,6,Vehicle overturned (no collision),4,Wednesday,170,OFF CARRIAGEWAY TO LEFT,1,796704,1,0,1,0,1,2,1,5,Not at intersection,2,100,Arterial Highway
T20230024827,2023/8/9,8:30:00,1,Collision with vehicle,4,Wednesday,114,TWO RIGHT TURNING (INTERSECTIONS ONLY),9,70458,2,0,1,0,1,2,2,2,T intersection,2,60,Arterial Highway
T20230018577,2023/8/9,18:00:00,1,Collision with vehicle,4,Wednesday,130,REAR END(VEHICLES IN SAME LANE),3,798096,2,0,0,1,1,2,1,5,Not at intersection,3,100,Freeway
T20230018578,2023/8/9,17:30:00,2,Struck Pedestrian,3,Wednesday,100,PED NEAR SIDE. PED HIT BY VEHICLE FROM THE RIGHT.,2,779940,1,0,0,1,1,2,1,2,T intersection,3,50,Local Road
T20230018579,2023/8/9,19:47:00,1,Collision with vehicle,3,Wednesday,140,U TURN,3,53496,2,0,0,1,1,2,1,1,Cross intersection,3,60,Local Road
T20230018581,2023/8/9,18:30:00,1,Collision with vehicle,4,Wednesday,130,REAR END(VEHICLES IN SAME LANE),2,780750,3,0,0,2,4,6,1,1,Cross intersection,3,60,Arterial Highway
T20230018582,2023/8/9,18:45:00,2,Struck Pedestrian,3,Wednesday,102,FAR SIDE. PED HIT BY VEHICLE FROM THE LEFT,3,779119,1,0,0,1,1,2,1,5,Not at intersection,3,50,Local Road
T20230018583,2023/8/9,16:44:00,1,Collision with vehicle,3,Wednesday,130,REAR END(VEHICLES IN SAME LANE),1,168,2,0,0,1,1,2,1,2,T intersection,3,80,Arterial Highway
T20230018584,2023/8/9,16:20:00,1,Collision with vehicle,4,Wednesday,129,OTHER OPPOSING MANOEUVRES NOT INCLUDED IN DCAs 120-125.,1,354107,2,0,1,1,1,3,1,2,T intersection,2,80,Arterial Highway
T20230022085,2023/8/9,18:45:00,1,Collision with vehicle,4,Wednesday,132,RIGHT REAR.,2,781431,2,0,0,1,1,2,2,2,T intersection,3,50,Local Road
T20230018587,2023/8/9,18:00:00,1,Collision with vehicle,4,Wednesday,121,RIGHT THROUGH,2,843,2,0,0,1,1,2,1,2,T intersection,3,60,Arterial Other
T20230018588,2023/8/9,19:50:00,1,Collision with vehicle,4,Wednesday,130,REAR END(VEHICLES IN SAME LANE),2,780068,2,0,0,1,4,5,1,5,Not at intersection,3,70,Arterial Highway
T20230018589,2023/8/9,19:29:00,1,Collision with vehicle,4,Wednesday,120,HEAD ON (NOT OVERTAKING),5,782612,3,0,2,2,0,4,1,5,Not at intersection,2,70,Arterial Other
T20230018590,2023/8/9,20:23:00,1,Collision with vehicle,4,Wednesday,142,LEAVING PARKING,3,60815,2,0,0,1,1,2,1,1,Cross intersection,3,60,Local Road
T20230018591,2023/8/9,18:57:00,1,Collision with vehicle,3,Wednesday,173,RIGHT OFF CARRIAGEWAY INTO OBJECT/PARKED VEHICLE,3,788862,2,0,0,1,0,1,1,5,Not at intersection,3,50,Local Road
T20230018592,2023/8/9,20:04:00,1,Collision with vehicle,4,Wednesday,130,REAR END(VEHICLES IN SAME LANE),3,779657,2,0,1,0,1,2,1,1,Cross intersection,2,80,Arterial Other
T20230018593,2023/8/9,20:39:00,1,Collision with vehicle,4,Wednesday,116,LEFT NEAR (INTERSECTIONS ONLY),5,779639,2,0,0,5,0,5,1,2,T intersection,3,80,Arterial Highway
T20230018598,2023/8/9,23:05:00,1,Collision with vehicle,4,Wednesday,160,VEHICLE COLLIDES WITH VEHICLE PARKED ON LEFT OF ROAD,3,798127,2,0,1,0,0,1,2,5,Not at intersection,2,50,Local Road
T20230018599,2023/8/9,20:38:00,2,Struck Pedestrian,3,Wednesday,100,PED NEAR SIDE. PED HIT BY VEHICLE FROM THE RIGHT.,3,780824,1,0,0,1,1,2,1,5,Not at intersection,3,80,Arterial Highway
T20230018650,2023/8/10,16:33:00,1,Collision with vehicle,5,Thursday,121,RIGHT THROUGH,2,779078,2,0,0,2,4,6,1,5,Not at intersection,3,50,Arterial Highway
T20230018669,2023/8/10,18:00:00,1,Collision with vehicle,5,Thursday,130,REAR END(VEHICLES IN SAME LANE),3,140165,3,0,0,2,1,3,1,5,Not at intersection,3,100,Freeway
T20230018667,2023/8/10,20:04:00,1,Collision with vehicle,5,Thursday,121,RIGHT THROUGH,3,780660,2,0,1,0,2,3,1,1,Cross intersection,2,60,Local Road
T20230018822,2023/8/10,16:05:00,1,Collision with vehicle,4,Thursday,111,RIGHT FAR (INTERSECTIONS ONLY),1,40182,2,0,0,1,1,2,2,2,T intersection,3,50,Local Road
T20230020380,2023/8/10,6:30:00,3,Struck animal,4,Thursday,167,STRUCK ANIMAL,1,780005,1,0,0,1,0,1,2,5,Not at intersection,3,100,Local Road
T20230018925,2023/8/10,5:45:00,1,Collision with vehicle,4,Thursday,113,RIGHT NEAR (INTERSECTIONS ONLY),3,62633,2,0,0,2,0,2,1,2,T intersection,3,60,Arterial Other
T20230019795,2023/8/10,18:30:00,1,Collision with vehicle,4,Thursday,130,REAR END(VEHICLES IN SAME LANE),2,779802,2,0,0,1,1,2,2,5,Not at intersection,3,60,Arterial Other
T20230018792,2023/8/10,8:00:00,1,Collision with vehicle,5,Thursday,121,RIGHT THROUGH,1,49057,2,0,0,1,1,2,2,2,T intersection,3,50,Local Road
T20230018666,2023/8/10,19:11:00,1,Collision with vehicle,4,Thursday,110,CROSS TRAFFIC(INTERSECTIONS ONLY),3,42230,2,0,0,1,1,2,1,1,Cross intersection,3,50,Local Road
T20230019237,2023/8/10,4:52:00,3,Struck animal,5,Thursday,167,STRUCK ANIMAL,6,779180,1,0,0,1,0,1,1,5,Not at intersection,3,999,Local Road
T20230019153,2023/8/10,15:30:00,1,Collision with vehicle,4,Thursday,130,REAR END(VEHICLES IN SAME LANE),1,781246,2,0,0,1,1,2,9,2,T intersection,3,60,Local Road
T20230020756,2023/8/10,17:00:00,6,Vehicle overturned (no collision),4,Thursday,174,OUT OF CONTROL ON CARRIAGEWAY (ON STRAIGHT),2,780237,1,0,0,1,0,1,2,5,Not at intersection,3,999,Local Road
T20230023853,2023/8/10,17:33:00,1,Collision with vehicle,4,Thursday,160,VEHICLE COLLIDES WITH VEHICLE PARKED ON LEFT OF ROAD,1,789501,2,0,0,1,0,1,1,5,Not at intersection,3,50,Local Road
T20230018626,2023/8/10,5:50:00,1,Collision with vehicle,5,Thursday,110,CROSS TRAFFIC(INTERSECTIONS ONLY),5,233917,2,0,1,0,1,2,1,1,Cross intersection,2,60,Local Road
T20230018606,2023/8/10,1:58:00,4,Collision with a fixed object,5,Thursday,173,RIGHT OFF CARRIAGEWAY INTO OBJECT/PARKED VEHICLE,3,778831,1,0,0,1,1,2,1,1,Cross intersection,3,50,Local Road
T20230018880,2023/8/10,8:54:00,1,Collision with vehicle,5,Thursday,130,REAR END(VEHICLES IN SAME LANE),1,779329,4,0,3,1,2,6,1,5,Not at intersection,2,100,Freeway
T20230018629,2023/8/10,9:30:00,1,Collision with vehicle,5,Thursday,133,LANE SIDE SWIPE (VEHICLES IN PARALLEL LANES),1,778684,3,0,1,1,0,2,1,5,Not at intersection,2,80,Arterial Other
T20230018612,2023/8/10,6:00:00,1,Collision with vehicle,4,Thursday,133,LANE SIDE SWIPE (VEHICLES IN PARALLEL LANES),2,296587,2,0,0,1,1,2,1,5,Not at intersection,3,100,Freeway
T20230018636,2023/8/10,12:07:00,4,Collision with a fixed object,5,Thursday,181,OFF RIGHT BEND INTO OBJECT/PARKED VEHICLE,1,780293,1,0,1,0,0,1,1,5,Not at intersection,2,100,Arterial Other
T20230020301,2023/8/10,5:39:00,1,Collision with vehicle,5,Thursday,130,REAR END(VEHICLES IN SAME LANE),2,780244,2,0,0,1,1,2,1,5,Not at intersection,3,80,Arterial Other
T20230018696,2023/8/10,7:45:00,1,Collision with vehicle,4,Thursday,137,LEFT TURN SIDESWIPE,2,797228,2,0,0,1,1,2,2,2,T intersection,3,60,Local Road
T20230018647,2023/8/10,15:54:00,1,Collision with vehicle,4,Thursday,148,VEHICLE OFF FOOTPATH STRIKES VEH ON CARRIAGEWAY,1,778833,2,0,1,0,1,2,1,5,Not at intersection,2,40,Local Road
T20230018656,2023/8/10,17:17:00,4,Collision with a fixed object,5,Thursday,171,LEFT OFF CARRIAGEWAY INTO OBJECT/PARKED VEHICLE,1,260810,1,0,1,0,0,1,1,2,T intersection,2,60,Arterial Other
T20230018625,2023/8/10,8:27:00,1,Collision with vehicle,4,Thursday,121,RIGHT THROUGH,1,224077,2,0,0,1,1,2,1,1,Cross intersection,3,70,Local Road
T20230018644,2023/8/10,9:12:00,1,Collision with vehicle,4,Thursday,132,RIGHT REAR.,1,38712,2,0,1,0,1,2,1,5,Not at intersection,2,60,Arterial Other
T20230018624,2023/8/10,8:00:00,1,Collision with vehicle,5,Thursday,113,RIGHT NEAR (INTERSECTIONS ONLY),1,779575,2,0,1,1,1,3,1,1,Cross intersection,2,60,Local Road
T20230018962,2023/8/10,10:00:00,1,Collision with vehicle,5,Thursday,130,REAR END(VEHICLES IN SAME LANE),1,778847,2,0,0,1,1,2,2,1,Cross intersection,3,999,Local Road
T20230018660,2023/8/10,17:30:00,1,Collision with vehicle,4,Thursday,110,CROSS TRAFFIC(INTERSECTIONS ONLY),3,38868,2,0,1,0,2,3,1,1,Cross intersection,2,60,Arterial Other
T20230018622,2023/8/10,5:40:00,4,Collision with a fixed object,5,Thursday,173,RIGHT OFF CARRIAGEWAY INTO OBJECT/PARKED VEHICLE,5,778683,1,0,1,0,0,1,1,5,Not at intersection,2,100,Local Road
T20230018665,2023/8/10,20:24:00,1,Collision with vehicle,4,Thursday,110,CROSS TRAFFIC(INTERSECTIONS ONLY),3,15359,2,0,2,0,0,2,1,1,Cross intersection,2,80,Local Road
T20230018672,2023/8/10,23:00:00,4,Collision with a fixed object,5,Thursday,171,LEFT OFF CARRIAGEWAY INTO OBJECT/PARKED VEHICLE,5,778596,1,1,0,0,0,1,1,5,Not at intersection,1,60,Arterial Other
T20230018616,2023/8/10,5:55:00,1,Collision with vehicle,5,Thursday,120,HEAD ON (NOT OVERTAKING),5,798834,2,0,3,1,0,4,1,5,Not at intersection,2,80,Arterial Other
T20230020060,2023/8/11,21:15:00,1,Collision with vehicle,5,Friday,120,HEAD ON (NOT OVERTAKING),3,798126,2,0,0,2,1,3,2,5,Not at intersection,3,60,Arterial Other
T20230018927,2023/8/11,21:30:00,1,Collision with vehicle,6,Friday,121,RIGHT THROUGH,3,8759,2,0,0,1,1,2,1,1,Cross intersection,3,60,Arterial Highway
T20230018679,2023/8/11,7:55:00,1,Collision with vehicle,5,Friday,130,REAR END(VEHICLES IN SAME LANE),2,778747,3,0,0,1,2,3,1,5,Not at intersection,3,60,Local Road
T20230018684,2023/8/11,8:52:00,1,Collision with vehicle,5,Friday,113,RIGHT NEAR (INTERSECTIONS ONLY),2,669599,2,0,0,1,1,2,1,2,T intersection,3,80,Local Road
T20230019249,2023/8/11,9:10:00,1,Collision with vehicle,5,Friday,130,REAR END(VEHICLES IN SAME LANE),2,780235,2,0,0,1,1,2,2,5,Not at intersection,3,60,Local Road
T20230019725,2023/8/11,19:10:00,1,Collision with vehicle,6,Friday,132,RIGHT REAR.,9,35339,2,0,0,2,1,3,2,2,T intersection,3,60,Arterial Other
T20230018694,2023/8/11,10:00:00,4,Collision with a fixed object,6,Friday,164,PERMANENT OBSTRUCTION ON CARRIAGEWAY,1,781918,2,0,1,0,0,1,1,5,Not at intersection,2,999,Arterial Other
T20230019066,2023/8/11,8:25:00,1,Collision with vehicle,5,Friday,130,REAR END(VEHICLES IN SAME LANE),2,779450,2,0,0,1,1,2,2,5,Not at intersection,3,60,Local Road
T20230018703,2023/8/11,8:50:00,1,Collision with vehicle,6,Friday,121,RIGHT THROUGH,1,29397,2,0,0,1,1,2,1,1,Cross intersection,3,40,Arterial Other
T20230018775,2023/8/11,23:35:00,1,Collision with vehicle,6,Friday,121,RIGHT THROUGH,3,795994,2,0,1,0,1,2,1,1,Cross intersection,2,80,Freeway
T20230018774,2023/8/11,8:55:00,1,Collision with vehicle,5,Friday,121,RIGHT THROUGH,1,778712,2,0,0,1,4,5,1,2,T intersection,3,50,Local Road
T20230018702,2023/8/11,10:50:00,1,Collision with vehicle,6,Friday,130,REAR END(VEHICLES IN SAME LANE),1,779130,2,0,1,0,1,2,1,5,Not at intersection,2,60,Arterial Other
T20230018767,2023/8/11,23:00:00,2,Struck Pedestrian,5,Friday,108,PED STRUCK WALKING TO/FROM OR BOARDING/ALIGHTING VEHICLE.,5,797606,3,0,1,0,2,3,1,5,Not at intersection,2,50,Local Road
T20230018760,2023/8/11,8:35:00,1,Collision with vehicle,6,Friday,121,RIGHT THROUGH,2,48913,2,0,0,1,1,2,1,2,T intersection,3,40,Local Road
T20230018759,2023/8/11,23:15:00,6,Vehicle overturned (no collision),5,Friday,184,OUT OF CONTROL ON CARRIAGEWAY (ON BEND),3,41008,1,0,0,1,0,1,2,2,T intersection,3,50,Arterial Other
T20230018751,2023/8/11,15:20:00,1,Collision with vehicle,6,Friday,132,RIGHT REAR.,1,778835,2,0,0,1,2,3,1,3,Y intersection,3,100,Arterial Other
T20230018750,2023/8/11,15:56:00,1,Collision with vehicle,6,Friday,120,HEAD ON (NOT OVERTAKING),1,779740,2,0,1,0,1,2,1,5,Not at intersection,2,60,Local Road
T20230018747,2023/8/11,18:00:00,1,Collision with vehicle,5,Friday,121,RIGHT THROUGH,2,41749,3,0,0,1,2,3,2,2,T intersection,3,70,Arterial Other
T20230018743,2023/8/11,18:48:00,1,Collision with vehicle,6,Friday,121,RIGHT THROUGH,2,392,2,0,0,1,1,2,1,2,T intersection,3,60,Arterial Other
T20230018739,2023/8/11,18:20:00,1,Collision with vehicle,5,Friday,121,RIGHT THROUGH,2,278496,2,0,0,1,1,2,1,2,T intersection,3,70,Local Road
T20230018693,2023/8/11,8:50:00,6,Vehicle overturned (no collision),5,Friday,174,OUT OF CONTROL ON CARRIAGEWAY (ON STRAIGHT),1,789523,1,0,0,1,0,1,1,5,Not at intersection,3,60,Arterial Other
T20230018697,2023/8/11,7:35:00,1,Collision with vehicle,6,Friday,132,RIGHT REAR.,1,249064,2,0,1,0,1,2,1,2,T intersection,2,60,Local Road
T20230018738,2023/8/11,17:20:00,1,Collision with vehicle,6,Friday,113,RIGHT NEAR (INTERSECTIONS ONLY),2,222317,2,0,1,1,0,2,1,2,T intersection,2,70,Arterial Highway
T20230018737,2023/8/11,14:44:00,1,Collision with vehicle,6,Friday,121,RIGHT THROUGH,1,779228,2,0,1,0,2,3,2,5,Not at intersection,2,60,Local Road
T20230018736,2023/8/11,15:50:00,1,Collision with vehicle,6,Friday,130,REAR END(VEHICLES IN SAME LANE),1,799179,4,0,0,2,3,5,1,4,Multiple intersection,3,60,Arterial Other
T20230018735,2023/8/11,14:30:00,6,Vehicle overturned (no collision),5,Friday,180,OFF CARRIAGEWAY ON RIGHT BEND,1,789886,1,0,0,1,0,1,1,5,Not at intersection,3,40,Local Road
T20230018730,2023/8/11,17:00:00,1,Collision with vehicle,6,Friday,121,RIGHT THROUGH,2,778748,2,0,1,0,1,2,1,2,T intersection,2,70,Arterial Other
T20230018762,2023/8/11,20:50:00,1,Collision with vehicle,6,Friday,121,RIGHT THROUGH,3,43971,3,1,0,1,1,3,1,2,T intersection,1,60,Local Road
T20230018727,2023/8/11,7:35:00,1,Collision with vehicle,5,Friday,121,RIGHT THROUGH,2,64943,2,0,0,1,1,2,2,2,T intersection,3,70,Arterial Other
T20230018724,2023/8/11,16:17:00,1,Collision with vehicle,5,Friday,116,LEFT NEAR (INTERSECTIONS ONLY),1,49731,2,0,2,0,1,3,1,1,Cross intersection,2,50,Local Road
T20230018721,2023/8/11,13:33:00,1,Collision with vehicle,6,Friday,130,REAR END(VEHICLES IN SAME LANE),1,778689,2,0,0,1,1,2,1,2,T intersection,3,60,Arterial Highway
T20230018720,2023/8/11,9:09:00,1,Collision with vehicle,6,Friday,130,REAR END(VEHICLES IN SAME LANE),1,779037,3,0,0,1,2,3,1,5,Not at intersection,3,60,Arterial Other
T20230018719,2023/8/11,7:17:00,4,Collision with a fixed object,5,Friday,171,LEFT OFF CARRIAGEWAY INTO OBJECT/PARKED VEHICLE,1,792963,1,0,1,0,0,1,1,5,Not at intersection,2,50,Local Road
T20230018712,2023/8/11,13:00:00,1,Collision with vehicle,6,Friday,113,RIGHT NEAR (INTERSECTIONS ONLY),1,57599,2,0,0,1,2,3,1,2,T intersection,3,60,Arterial Other
T20230018674,2023/8/11,1:28:00,1,Collision with vehicle,5,Friday,160,VEHICLE COLLIDES WITH VEHICLE PARKED ON LEFT OF ROAD,3,800469,2,0,3,0,0,3,1,5,Not at intersection,2,50,Local Road
T20230018990,2023/8/11,9:30:00,6,Vehicle overturned (no collision),5,Friday,174,OUT OF CONTROL ON CARRIAGEWAY (ON STRAIGHT),1,60987,1,0,0,1,0,1,2,1,Cross intersection,3,50,Local Road
T20230019868,2023/8/11,23:00:00,1,Collision with vehicle,5,Friday,140,U TURN,3,779999,2,0,0,1,2,3,1,5,Not at intersection,3,40,Local Road
T20230018935,2023/8/11,23:36:00,1,Collision with vehicle,6,Friday,130,REAR END(VEHICLES IN SAME LANE),3,779132,2,0,0,2,1,3,1,5,Not at intersection,3,100,Freeway
T20230018789,2023/8/11,11:26:00,1,Collision with vehicle,6,Friday,113,RIGHT NEAR (INTERSECTIONS ONLY),1,37014,2,0,0,1,1,2,1,2,T intersection,3,40,Local Road
T20230018781,2023/8/11,11:00:00,1,Collision with vehicle,5,Friday,130,REAR END(VEHICLES IN SAME LANE),1,38073,2,0,0,1,3,4,2,1,Cross intersection,3,999,Arterial Other
T20230018705,2023/8/11,11:45:00,1,Collision with vehicle,6,Friday,121,RIGHT THROUGH,1,44630,2,0,1,1,0,2,1,5,Not at intersection,2,60,Arterial Highway
T20230018692,2023/8/11,9:10:00,1,Collision with vehicle,6,Friday,134,LANE CHANGE RIGHT (NOT OVERTAKING),1,779216,2,0,1,0,1,2,1,5,Not at intersection,2,60,Local Road