ACCIDENT_NO,ACCIDENT_DATE,ACCIDENT_TIME,ACCIDENT_TYPE,ACCIDENT_TYPE_DESC,DAY_OF_WEEK,DAY_WEEK_DESC,DCA_CODE,DCA_DESC,LIGHT_CONDITION,NODE_ID,NO_OF_VEHICLES,NO_PERSONS_KILLED,NO_PERSONS_INJ_2,NO_PERSONS_INJ_3,NO_PERSONS_NOT_INJ,NO_PERSONS,POLICE_ATTEND,ROAD_GEOMETRY,ROAD_GEOMETRY_DESC,SEVERITY,SPEED_ZONE,RMA
T20230019516,2023/8/11,12:30:00,1,Collision with vehicle,6,Friday,163,VEHICLE STRIKES DOOR OF PARKED/STATIONARY VEHICLE,1,779997,2,0,0,1,1,2,2,5,Not at intersection,3,40,Local Road
T20230019050,2023/8/11,16:15:00,1,Collision with vehicle,5,Friday,131,LEFT REAR,1,779247,2,0,0,1,1,2,2,5,Not at intersection,3,60,Arterial Other
T20230019690,2023/8/11,15:30:00,8,No collision and no object struck,5,Friday,174,OUT OF CONTROL ON CARRIAGEWAY (ON STRAIGHT),1,798100,1,0,0,1,0,1,2,5,Not at intersection,3,50,Local Road
T20230021402,2023/8/11,17:15:00,1,Collision with vehicle,6,Friday,113,RIGHT NEAR (INTERSECTIONS ONLY),1,224842,2,0,0,1,1,2,2,2,T intersection,3,60,Arterial Other
T20230018695,2023/8/11,5:30:00,4,Collision with a fixed object,5,Friday,173,RIGHT OFF CARRIAGEWAY INTO OBJECT/PARKED VEHICLE,5,778687,1,0,0,1,0,1,1,5,Not at intersection,3,80,Arterial Other
T20230018834,2023/8/12,20:40:00,1,Collision with vehicle,7,Saturday,121,RIGHT THROUGH,5,779120,2,0,1,3,1,5,1,1,Cross intersection,2,60,Arterial Other
T20230019190,2023/8/12,11:40:00,1,Collision with vehicle,7,Saturday,110,CROSS TRAFFIC(INTERSECTIONS ONLY),1,35388,2,0,0,1,1,2,1,1,Cross intersection,3,80,Arterial Other
T20230019326,2023/8/12,18:15:00,1,Collision with vehicle,6,Saturday,130,REAR END(VEHICLES IN SAME LANE),2,42460,2,0,0,2,1,3,2,1,Cross intersection,3,999,Arterial Other
T20230020148,2023/8/12,16:30:00,1,Collision with vehicle,7,Saturday,130,REAR END(VEHICLES IN SAME LANE),2,779796,3,0,0,1,2,3,2,5,Not at intersection,3,80,Freeway
T20230018776,2023/8/12,5:30:00,1,Collision with vehicle,7,Saturday,120,HEAD ON (NOT OVERTAKING),2,791265,2,0,1,3,1,5,1,5,Not at intersection,2,80,Arterial Other
T20230018772,2023/8/12,4:00:00,4,Collision with a fixed object,6,Saturday,183,OFF LEFT BEND INTO OBJECT/PARKED VEHICLE,3,778711,1,0,0,1,0,1,1,5,Not at intersection,3,50,Local Road
T20230019195,2023/8/12,12:30:00,5,collision with some other object,6,Saturday,166,STRUCK OBJECT ON CARRIAGEWAY,1,779112,1,0,0,1,0,1,2,5,Not at intersection,3,999,Local Road
T20230018828,2023/8/12,17:04:00,4,Collision with a fixed object,6,Saturday,175,OFF END OF ROAD/T-INTERSECTION.,1,779877,1,0,1,0,0,1,1,2,T intersection,2,50,Arterial Other
T20230018824,2023/8/12,18:15:00,2,Struck Pedestrian,7,Saturday,100,PED NEAR SIDE. PED HIT BY VEHICLE FROM THE RIGHT.,3,29997,1,0,1,0,1,2,1,5,Not at intersection,2,60,Arterial Other
T20230018805,2023/8/12,14:00:00,1,Collision with vehicle,7,Saturday,114,TWO RIGHT TURNING (INTERSECTIONS ONLY),1,45625,2,0,1,0,2,3,1,2,T intersection,2,60,Local Road
T20230018809,2023/8/12,10:30:00,4,Collision with a fixed object,7,Saturday,181,OFF RIGHT BEND INTO OBJECT/PARKED VEHICLE,1,789860,1,0,1,0,0,1,1,5,Not at intersection,2,999,Local Road
T20230018832,2023/8/12,15:58:00,4,Collision with a fixed object,7,Saturday,171,LEFT OFF CARRIAGEWAY INTO OBJECT/PARKED VEHICLE,1,791860,1,0,1,0,0,1,1,5,Not at intersection,2,50,Local Road
T20230018829,2023/8/12,17:00:00,4,Collision with a fixed object,6,Saturday,181,OFF RIGHT BEND INTO OBJECT/PARKED VEHICLE,5,789884,1,0,0,3,1,4,1,5,Not at intersection,3,80,Arterial Other
T20230018835,2023/8/12,21:35:00,1,Collision with vehicle,7,Saturday,121,RIGHT THROUGH,3,35387,2,0,1,0,1,2,1,1,Cross intersection,2,60,Arterial Other
T20230018830,2023/8/12,18:40:00,4,Collision with a fixed object,6,Saturday,183,OFF LEFT BEND INTO OBJECT/PARKED VEHICLE,5,781137,1,0,1,0,0,1,1,5,Not at intersection,2,100,Arterial Other
T20230018838,2023/8/12,21:42:00,1,Collision with vehicle,6,Saturday,160,VEHICLE COLLIDES WITH VEHICLE PARKED ON LEFT OF ROAD,3,785444,3,0,0,1,0,1,1,5,Not at intersection,3,50,Arterial Other
T20230018779,2023/8/12,8:14:00,1,Collision with vehicle,7,Saturday,121,RIGHT THROUGH,2,778910,2,0,1,0,3,4,1,2,T intersection,2,40,Arterial Other
T20230019609,2023/8/12,1:00:00,8,No collision and no object struck,7,Saturday,184,OUT OF CONTROL ON CARRIAGEWAY (ON BEND),5,798796,1,0,1,0,0,1,2,5,Not at intersection,2,80,Local Road
T20230021609,2023/8/12,16:00:00,3,Struck animal,7,Saturday,167,STRUCK ANIMAL,1,780933,1,0,1,0,0,1,2,5,Not at intersection,2,50,Local Road
T20230018831,2023/8/12,18:40:00,2,Struck Pedestrian,7,Saturday,102,FAR SIDE. PED HIT BY VEHICLE FROM THE LEFT,5,778969,1,0,1,0,1,2,1,5,Not at intersection,2,50,Local Road
T20230018865,2023/8/12,22:00:00,1,Collision with vehicle,7,Saturday,113,RIGHT NEAR (INTERSECTIONS ONLY),3,350107,2,0,0,3,1,4,2,1,Cross intersection,3,60,Arterial Other
T20230019839,2023/8/12,21:15:00,1,Collision with vehicle,6,Saturday,116,LEFT NEAR (INTERSECTIONS ONLY),9,789874,2,0,0,1,1,2,2,2,T intersection,3,50,Local Road
T20230018893,2023/8/12,20:15:00,1,Collision with vehicle,6,Saturday,121,RIGHT THROUGH,3,41317,2,0,0,4,2,6,1,1,Cross intersection,3,50,Arterial Other
T20230018827,2023/8/12,16:57:00,1,Collision with vehicle,7,Saturday,130,REAR END(VEHICLES IN SAME LANE),2,779363,4,0,1,5,6,12,1,5,Not at intersection,2,80,Freeway
T20230018833,2023/8/12,18:13:00,1,Collision with vehicle,7,Saturday,130,REAR END(VEHICLES IN SAME LANE),2,38895,2,0,0,1,1,2,1,3,Y intersection,3,60,Arterial Other
T20230018973,2023/8/12,20:46:00,1,Collision with vehicle,7,Saturday,110,CROSS TRAFFIC(INTERSECTIONS ONLY),3,61046,2,0,0,3,1,4,1,1,Cross intersection,3,50,Local Road
T20230018814,2023/8/12,10:11:00,4,Collision with a fixed object,6,Saturday,171,LEFT OFF CARRIAGEWAY INTO OBJECT/PARKED VEHICLE,1,778838,1,0,1,0,0,1,1,5,Not at intersection,2,100,Arterial Highway
T20230018811,2023/8/12,11:25:00,8,No collision and no object struck,6,Saturday,184,OUT OF CONTROL ON CARRIAGEWAY (ON BEND),1,792960,1,0,1,0,0,1,1,5,Not at intersection,2,100,
T20230019379,2023/8/12,12:05:00,1,Collision with vehicle,7,Saturday,113,RIGHT NEAR (INTERSECTIONS ONLY),1,47128,2,0,0,1,7,8,1,2,T intersection,3,80,Arterial Highway
T20230020586,2023/8/12,10:30:00,6,Vehicle overturned (no collision),7,Saturday,174,OUT OF CONTROL ON CARRIAGEWAY (ON STRAIGHT),1,780492,1,0,0,1,0,1,2,1,Cross intersection,3,60,Local Road
T20230018797,2023/8/12,11:30:00,1,Collision with vehicle,7,Saturday,110,CROSS TRAFFIC(INTERSECTIONS ONLY),1,719346,2,0,1,1,0,2,1,1,Cross intersection,2,50,Local Road
T20230018786,2023/8/12,11:10:00,1,Collision with vehicle,7,Saturday,121,RIGHT THROUGH,1,789862,2,0,2,2,1,5,1,1,Cross intersection,2,60,Arterial Highway
T20230019505,2023/8/12,14:30:00,1,Collision with vehicle,6,Saturday,130,REAR END(VEHICLES IN SAME LANE),1,789877,2,0,0,1,1,2,2,5,Not at intersection,3,60,Freeway
T20230019893,2023/8/12,21:30:00,1,Collision with vehicle,7,Saturday,181,OFF RIGHT BEND INTO OBJECT/PARKED VEHICLE,5,792962,3,0,0,2,6,8,1,5,Not at intersection,3,110,Freeway
T20230018820,2023/8/12,16:26:00,1,Collision with vehicle,7,Saturday,113,RIGHT NEAR (INTERSECTIONS ONLY),1,57835,2,0,1,1,1,3,1,2,T intersection,2,40,Arterial Other
T20230018818,2023/8/12,13:00:00,4,Collision with a fixed object,7,Saturday,171,LEFT OFF CARRIAGEWAY INTO OBJECT/PARKED VEHICLE,1,799214,1,0,3,1,0,4,1,5,Not at intersection,2,100,Local Road
T20230018794,2023/8/12,10:40:00,4,Collision with a fixed object,6,Saturday,171,LEFT OFF CARRIAGEWAY INTO OBJECT/PARKED VEHICLE,1,792961,1,0,1,0,0,1,1,5,Not at intersection,2,100,Arterial Other
T20230018801,2023/8/12,13:55:00,1,Collision with vehicle,6,Saturday,110,CROSS TRAFFIC(INTERSECTIONS ONLY),1,785631,3,0,0,1,1,2,1,1,Cross intersection,3,50,Local Road
T20230018948,2023/8/12,17:20:00,1,Collision with vehicle,6,Saturday,130,REAR END(VEHICLES IN SAME LANE),2,57388,3,0,0,1,2,3,2,2,T intersection,3,999,Arterial Other
T20230018981,2023/8/12,15:15:00,1,Collision with vehicle,6,Saturday,140,U TURN,1,779232,2,0,0,1,0,1,2,5,Not at intersection,3,40,Arterial Other
T20230018901,2023/8/13,13:30:00,1,Collision with vehicle,1,Sunday,121,RIGHT THROUGH,1,37751,2,0,1,0,1,2,2,2,T intersection,2,60,Arterial Other
T20230018902,2023/8/13,13:00:00,4,Collision with a fixed object,1,Sunday,181,OFF RIGHT BEND INTO OBJECT/PARKED VEHICLE,1,799178,1,0,1,0,0,1,1,5,Not at intersection,2,100,Arterial Other
T20230019103,2023/8/13,15:45:00,1,Collision with vehicle,0,Sunday,116,LEFT NEAR (INTERSECTIONS ONLY),1,55820,2,0,1,0,2,3,1,2,T intersection,2,50,Arterial Other
T20230018907,2023/8/13,17:50:00,3,Struck animal,0,Sunday,167,STRUCK ANIMAL,5,779878,1,0,1,0,0,1,1,2,T intersection,2,80,Arterial Other
T20230018914,2023/8/13,22:59:00,1,Collision with vehicle,1,Sunday,121,RIGHT THROUGH,3,57571,2,0,1,1,1,3,1,1,Cross intersection,2,70,Arterial Highway
T20230018864,2023/8/13,10:13:00,2,Struck Pedestrian,1,Sunday,102,FAR SIDE. PED HIT BY VEHICLE FROM THE LEFT,1,778840,1,0,0,1,1,2,1,1,Cross intersection,3,50,Local Road
T20230018928,2023/8/13,15:00:00,1,Collision with vehicle,0,Sunday,113,RIGHT NEAR (INTERSECTIONS ONLY),1,40570,2,0,0,2,4,6,1,2,T intersection,3,60,Arterial Highway
T20230018867,2023/8/13,11:07:00,4,Collision with a fixed object,0,Sunday,181,OFF RIGHT BEND INTO OBJECT/PARKED VEHICLE,1,792958,1,0,1,1,0,2,1,5,Not at intersection,2,100,Arterial Other
T20230019073,2023/8/13,13:00:00,8,No collision and no object struck,0,Sunday,174,OUT OF CONTROL ON CARRIAGEWAY (ON STRAIGHT),1,792280,1,0,0,1,0,1,2,5,Not at intersection,3,888,Local Road
T20230018875,2023/8/13,11:00:00,1,Collision with vehicle,0,Sunday,120,HEAD ON (NOT OVERTAKING),1,781754,2,0,0,4,1,5,1,5,Not at intersection,3,100,Arterial Highway
T20230023118,2023/8/13,16:00:00,1,Collision with vehicle,0,Sunday,145,REVERSING IN STREAM OF TRAFFIC,1,789859,2,0,0,1,1,2,2,5,Not at intersection,3,50,Local Road
T20230019012,2023/8/13,12:50:00,1,Collision with vehicle,1,Sunday,130,REAR END(VEHICLES IN SAME LANE),1,779107,2,0,0,1,1,2,2,1,Cross intersection,3,70,Local Road
T20230019106,2023/8/13,15:50:00,1,Collision with vehicle,0,Sunday,130,REAR END(VEHICLES IN SAME LANE),1,779173,4,0,1,1,3,5,1,5,Not at intersection,2,80,Arterial Highway
T20230019679,2023/8/13,23:55:00,1,Collision with vehicle,0,Sunday,110,CROSS TRAFFIC(INTERSECTIONS ONLY),3,779535,2,0,0,1,2,3,9,1,Cross intersection,3,60,Arterial Other
T20230018888,2023/8/13,14:15:00,7,Fall from or in moving vehicle,0,Sunday,190,FELL IN/FROM VEHICLE,1,798123,1,0,0,1,0,1,1,5,Not at intersection,3,80,Arterial Other
T20230018876,2023/8/13,9:10:00,1,Collision with vehicle,1,Sunday,131,LEFT REAR,1,64311,2,0,0,1,1,2,2,2,T intersection,3,50,Local Road
T20230018891,2023/8/13,14:50:00,1,Collision with vehicle,1,Sunday,121,RIGHT THROUGH,1,8876,2,0,1,2,0,3,1,2,T intersection,2,60,
T20230019041,2023/8/13,12:00:00,1,Collision with vehicle,1,Sunday,120,HEAD ON (NOT OVERTAKING),1,780850,2,0,1,0,1,2,2,5,Not at intersection,2,999,Local Road
T20230018915,2023/8/13,22:15:00,1,Collision with vehicle,0,Sunday,134,LANE CHANGE RIGHT (NOT OVERTAKING),3,797894,2,0,2,0,0,2,1,5,Not at intersection,2,60,Arterial Other
T20230020404,2023/8/13,14:50:00,1,Collision with vehicle,0,Sunday,113,RIGHT NEAR (INTERSECTIONS ONLY),1,44385,2,0,0,1,1,2,1,2,T intersection,3,60,Arterial Other
T20230018895,2023/8/13,16:00:00,1,Collision with vehicle,1,Sunday,130,REAR END(VEHICLES IN SAME LANE),1,778912,3,0,0,2,2,4,1,5,Not at intersection,3,60,Arterial Other
T20230018898,2023/8/13,12:04:00,1,Collision with vehicle,0,Sunday,113,RIGHT NEAR (INTERSECTIONS ONLY),1,780452,2,0,0,1,4,5,1,3,Y intersection,3,100,Local Road
T20230020394,2023/8/13,15:15:00,1,Collision with vehicle,0,Sunday,160,VEHICLE COLLIDES WITH VEHICLE PARKED ON LEFT OF ROAD,1,798124,3,0,0,1,0,1,1,5,Not at intersection,3,60,Local Road
T20230018899,2023/8/13,18:15:00,1,Collision with vehicle,1,Sunday,142,LEAVING PARKING,3,798098,2,0,1,0,1,2,1,5,Not at intersection,2,60,Arterial Other
T20230018913,2023/8/13,14:58:00,4,Collision with a fixed object,1,Sunday,173,RIGHT OFF CARRIAGEWAY INTO OBJECT/PARKED VEHICLE,1,780965,1,0,1,0,0,1,1,5,Not at intersection,2,50,Local Road
T20230018883,2023/8/13,14:30:00,1,Collision with vehicle,1,Sunday,120,HEAD ON (NOT OVERTAKING),1,798097,2,0,1,0,1,2,1,5,Not at intersection,2,60,Arterial Highway
T20230018986,2023/8/14,19:00:00,4,Collision with a fixed object,1,Monday,171,LEFT OFF CARRIAGEWAY INTO OBJECT/PARKED VEHICLE,2,792945,1,0,0,1,2,3,1,5,Not at intersection,3,50,
T20230018983,2023/8/14,18:10:00,1,Collision with vehicle,2,Monday,130,REAR END(VEHICLES IN SAME LANE),2,779040,2,0,1,0,1,2,1,5,Not at intersection,2,80,Arterial Other
T20230019454,2023/8/14,8:30:00,1,Collision with vehicle,2,Monday,130,REAR END(VEHICLES IN SAME LANE),1,779529,3,0,0,2,2,4,2,5,Not at intersection,3,40,Arterial Other
T20230019759,2023/8/14,11:05:00,1,Collision with vehicle,1,Monday,130,REAR END(VEHICLES IN SAME LANE),1,779580,2,0,0,1,1,2,2,5,Not at intersection,3,60,Local Road
T20230019776,2023/8/14,16:30:00,1,Collision with vehicle,1,Monday,121,RIGHT THROUGH,9,44518,2,0,0,1,1,2,2,2,T intersection,3,999,Local Road
T20230018972,2023/8/14,15:45:00,1,Collision with vehicle,1,Monday,110,CROSS TRAFFIC(INTERSECTIONS ONLY),1,260799,2,0,1,0,1,2,1,1,Cross intersection,2,50,Local Road
T20230018969,2023/8/14,11:30:00,1,Collision with vehicle,2,Monday,121,RIGHT THROUGH,1,41023,2,0,0,1,1,2,1,1,Cross intersection,3,60,Arterial Other
T20230018968,2023/8/14,16:57:00,4,Collision with a fixed object,2,Monday,183,OFF LEFT BEND INTO OBJECT/PARKED VEHICLE,2,791833,1,0,1,0,0,1,1,5,Not at intersection,2,100,
T20230018966,2023/8/14,16:11:00,4,Collision with a fixed object,1,Monday,171,LEFT OFF CARRIAGEWAY INTO OBJECT/PARKED VEHICLE,1,789695,1,0,0,1,3,4,1,5,Not at intersection,3,80,Arterial Highway
T20230018963,2023/8/14,15:35:00,2,Struck Pedestrian,1,Monday,100,PED NEAR SIDE. PED HIT BY VEHICLE FROM THE RIGHT.,1,798146,1,0,1,0,1,2,1,1,Cross intersection,2,60,Arterial Other
T20230018961,2023/8/14,9:15:00,2,Struck Pedestrian,1,Monday,100,PED NEAR SIDE. PED HIT BY VEHICLE FROM THE RIGHT.,1,789701,1,0,0,1,1,2,2,5,Not at intersection,3,50,Local Road
T20230018960,2023/8/14,14:55:00,1,Collision with vehicle,1,Monday,110,CROSS TRAFFIC(INTERSECTIONS ONLY),1,44609,2,0,0,2,0,2,1,1,Cross intersection,3,60,Arterial Other
T20230018959,2023/8/14,10:26:00,1,Collision with vehicle,2,Monday,110,CROSS TRAFFIC(INTERSECTIONS ONLY),1,38060,2,0,1,1,0,2,1,1,Cross intersection,2,60,Arterial Other
T20230018958,2023/8/14,14:15:00,4,Collision with a fixed object,1,Monday,171,LEFT OFF CARRIAGEWAY INTO OBJECT/PARKED VEHICLE,1,798182,1,0,1,0,0,1,1,5,Not at intersection,2,80,Freeway
T20230018951,2023/8/14,5:40:00,1,Collision with vehicle,2,Monday,121,RIGHT THROUGH,2,779966,2,0,1,0,1,2,1,5,Not at intersection,2,60,Arterial Other
T20230018949,2023/8/14,13:05:00,1,Collision with vehicle,2,Monday,130,REAR END(VEHICLES IN SAME LANE),1,778918,2,0,0,5,1,6,1,5,Not at intersection,3,60,Arterial Other
T20230018947,2023/8/14,11:45:00,1,Collision with vehicle,1,Monday,121,RIGHT THROUGH,1,37220,2,0,0,2,2,4,1,1,Cross intersection,3,60,Arterial Other
T20230018946,2023/8/14,13:00:00,1,Collision with vehicle,2,Monday,147,VEHICLE STRIKES ANOTHER VEH WHILE EMERGING FROM DRIVEWAY,1,789694,2,0,1,0,1,2,1,5,Not at intersection,2,70,Arterial Highway
T20230018941,2023/8/14,11:18:00,6,Vehicle overturned (no collision),2,Monday,174,OUT OF CONTROL ON CARRIAGEWAY (ON STRAIGHT),1,778917,1,0,0,1,0,1,2,5,Not at intersection,3,50,Local Road
T20230018940,2023/8/14,12:30:00,1,Collision with vehicle,2,Monday,121,RIGHT THROUGH,1,778916,2,0,0,1,1,2,1,2,T intersection,3,50,Local Road
T20230018937,2023/8/14,6:28:00,1,Collision with vehicle,2,Monday,120,HEAD ON (NOT OVERTAKING),2,778915,5,0,2,0,3,5,1,5,Not at intersection,2,100,Arterial Other
T20230018930,2023/8/14,10:00:00,6,Vehicle overturned (no collision),2,Monday,184,OUT OF CONTROL ON CARRIAGEWAY (ON BEND),1,778935,1,0,0,1,0,1,1,3,Y intersection,3,40,Arterial Other
T20230018929,2023/8/14,8:00:00,1,Collision with vehicle,2,Monday,130,REAR END(VEHICLES IN SAME LANE),2,778914,3,0,0,1,2,3,1,5,Not at intersection,3,100,Freeway
T20230019898,2023/8/14,7:20:00,1,Collision with vehicle,2,Monday,130,REAR END(VEHICLES IN SAME LANE),2,780061,2,0,0,1,1,2,2,5,Not at intersection,3,999,Freeway
T20230018921,2023/8/14,5:15:00,3,Struck animal,1,Monday,167,STRUCK ANIMAL,5,779121,1,0,0,1,0,1,1,5,Not at intersection,3,80,Local Road
T20230020893,2023/8/14,8:40:00,1,Collision with vehicle,2,Monday,130,REAR END(VEHICLES IN SAME LANE),1,780405,2,0,1,0,2,3,1,5,Not at intersection,2,60,Local Road
T20230020009,2023/8/14,17:13:00,1,Collision with vehicle,2,Monday,130,REAR END(VEHICLES IN SAME LANE),2,779946,2,0,0,1,1,2,2,5,Not at intersection,3,80,Arterial Other
T20230020972,2023/8/14,15:30:00,1,Collision with vehicle,1,Monday,130,REAR END(VEHICLES IN SAME LANE),1,780413,2,0,0,1,1,2,2,5,Not at intersection,3,999,Arterial Highway
T20230019199,2023/8/14,8:23:00,1,Collision with vehicle,2,Monday,130,REAR END(VEHICLES IN SAME LANE),1,779113,4,0,0,2,4,6,1,5,Not at intersection,3,100,Freeway
T20230019295,2023/8/14,6:55:00,1,Collision with vehicle,1,Monday,130,REAR END(VEHICLES IN SAME LANE),2,52826,3,0,0,1,2,3,2,2,T intersection,3,60,Local Road
T20230019059,2023/8/14,6:40:00,1,Collision with vehicle,1,Monday,130,REAR END(VEHICLES IN SAME LANE),2,35331,2,0,0,1,1,2,2,1,Cross intersection,3,80,Arterial Highway
T20230019009,2023/8/14,14:00:00,1,Collision with vehicle,2,Monday,130,REAR END(VEHICLES IN SAME LANE),1,799825,2,0,0,2,1,3,2,2,T intersection,3,60,Local Road
T20230018993,2023/8/14,19:20:00,1,Collision with vehicle,2,Monday,121,RIGHT THROUGH,2,779314,2,0,0,1,2,3,1,5,Not at intersection,3,80,Arterial Other
T20230018991,2023/8/14,18:50:00,1,Collision with vehicle,1,Monday,159,OTHER OVERTAKING MANOEUVRES NOT INCLUDED IN DCAs 150-154,3,778919,2,0,1,0,1,2,1,2,T intersection,2,999,Local Road
T20230019026,2023/8/15,13:18:00,1,Collision with vehicle,3,Tuesday,140,U TURN,1,792957,2,0,0,1,1,2,1,5,Not at intersection,3,80,Arterial Highway
T20230019122,2023/8/15,17:15:00,1,Collision with vehicle,2,Tuesday,147,VEHICLE STRIKES ANOTHER VEH WHILE EMERGING FROM DRIVEWAY,1,789690,2,0,0,1,1,2,2,5,Not at intersection,3,60,Local Road
T20230019055,2023/8/15,15:32:00,1,Collision with vehicle,2,Tuesday,149,OTHER MANOEUVRING NOT INCLUDED IN DCAs 140-148,1,790530,3,0,0,1,1,2,1,5,Not at intersection,3,40,Arterial Other
T20230019054,2023/8/15,14:37:00,1,Collision with vehicle,2,Tuesday,160,VEHICLE COLLIDES WITH VEHICLE PARKED ON LEFT OF ROAD,1,780084,2,0,0,2,0,2,1,5,Not at intersection,3,80,Arterial Other
T20230019133,2023/8/15,18:31:00,1,Collision with vehicle,3,Tuesday,121,RIGHT THROUGH,2,779198,2,0,1,0,1,2,1,1,Cross intersection,2,40,Local Road
T20230022566,2023/8/15,14:38:00,4,Collision with a fixed object,3,Tuesday,171,LEFT OFF CARRIAGEWAY INTO OBJECT/PARKED VEHICLE,1,781925,1,0,0,1,0,1,1,1,Cross intersection,3,60,Arterial Other
T20230020230,2023/8/15,8:15:00,1,Collision with vehicle,3,Tuesday,154,PULLING OUT -REAR END,1,789659,2,0,1,0,1,2,2,5,Not at intersection,2,100,Arterial Other
T20230019030,2023/8/15,13:54:00,1,Collision with vehicle,2,Tuesday,110,CROSS TRAFFIC(INTERSECTIONS ONLY),1,20017,3,0,0,1,2,3,1,1,Cross intersection,3,60,Arterial Highway
T20230018997,2023/8/15,8:10:00,1,Collision with vehicle,3,Tuesday,148,VEHICLE OFF FOOTPATH STRIKES VEH ON CARRIAGEWAY,1,252367,2,0,1,0,1,2,1,5,Not at intersection,2,999,Arterial Highway
T20230020563,2023/8/15,9:10:00,1,Collision with vehicle,2,Tuesday,130,REAR END(VEHICLES IN SAME LANE),1,798213,2,0,0,1,1,2,1,5,Not at intersection,3,100,Freeway
T20230019325,2023/8/15,8:40:00,1,Collision with vehicle,3,Tuesday,137,LEFT TURN SIDESWIPE,1,36696,2,0,1,0,1,2,2,2,T intersection,2,40,Arterial Other
T20230019005,2023/8/15,8:35:00,1,Collision with vehicle,3,Tuesday,110,CROSS TRAFFIC(INTERSECTIONS ONLY),1,730901,2,0,0,1,1,2,1,1,Cross intersection,3,60,Arterial Other
T20230019008,2023/8/15,7:15:00,1,Collision with vehicle,2,Tuesday,136,RIGHT TURN SIDESWIPE,1,780139,2,0,1,0,1,2,1,1,Cross intersection,2,50,Arterial Other
T20230019079,2023/8/15,20:07:00,4,Collision with a fixed object,2,Tuesday,171,LEFT OFF CARRIAGEWAY INTO OBJECT/PARKED VEHICLE,5,782834,1,0,0,1,0,1,1,5,Not at intersection,3,80,Local Road
T20230019010,2023/8/15,9:37:00,2,Struck Pedestrian,2,Tuesday,100,PED NEAR SIDE. PED HIT BY VEHICLE FROM THE RIGHT.,1,778924,1,0,0,1,1,2,1,5,Not at intersection,3,50,Local Road
T20230019013,2023/8/15,10:15:00,1,Collision with vehicle,2,Tuesday,133,LANE SIDE SWIPE (VEHICLES IN PARALLEL LANES),1,35704,2,0,0,1,1,2,1,2,T intersection,3,60,Arterial Other
T20230019203,2023/8/15,20:50:00,1,Collision with vehicle,2,Tuesday,133,LANE SIDE SWIPE (VEHICLES IN PARALLEL LANES),3,789057,2,0,0,1,1,2,2,5,Not at intersection,3,40,Local Road
T20230019043,2023/8/15,11:40:00,1,Collision with vehicle,2,Tuesday,153,CUTTING IN (OVERTAKING),1,786987,3,0,0,1,3,4,1,5,Not at intersection,3,60,Local Road
T20230019075,2023/8/15,18:15:00,1,Collision with vehicle,2,Tuesday,130,REAR END(VEHICLES IN SAME LANE),2,779330,2,0,0,2,4,6,1,5,Not at intersection,3,80,Arterial Other
T20230019628,2023/8/15,17:40:00,1,Collision with vehicle,3,Tuesday,130,REAR END(VEHICLES IN SAME LANE),2,780692,2,0,0,1,2,3,2,5,Not at intersection,3,100,Arterial Highway
T20230020175,2023/8/15,13:00:00,1,Collision with vehicle,3,Tuesday,110,CROSS TRAFFIC(INTERSECTIONS ONLY),1,789647,2,0,0,1,1,2,1,1,Cross intersection,3,50,
T20230019057,2023/8/15,16:15:00,1,Collision with vehicle,2,Tuesday,121,RIGHT THROUGH,1,779042,2,0,0,1,2,3,1,5,Not at intersection,3,80,Arterial Highway
T20230019016,2023/8/15,11:20:00,2,Struck Pedestrian,3,Tuesday,107,PED ON FOOTHPATH STRUCK BY VEHENTERING/LEAVING DRIVEWAY.,1,789671,1,0,0,1,1,2,1,2,T intersection,3,50,Local Road
T20230019049,2023/8/15,15:40:00,1,Collision with vehicle,3,Tuesday,110,CROSS TRAFFIC(INTERSECTIONS ONLY),1,789691,2,0,1,0,1,2,1,1,Cross intersection,2,50,Local Road
T20230022455,2023/8/15,15:40:00,1,Collision with vehicle,2,Tuesday,111,RIGHT FAR (INTERSECTIONS ONLY),1,781841,2,0,0,1,1,2,1,1,Cross intersection,3,40,Arterial Highway
T20230020518,2023/8/15,15:30:00,1,Collision with vehicle,3,Tuesday,130,REAR END(VEHICLES IN SAME LANE),1,197287,2,0,0,1,3,4,2,1,Cross intersection,3,999,Arterial Other
T20230019074,2023/8/15,17:10:00,1,Collision with vehicle,3,Tuesday,120,HEAD ON (NOT OVERTAKING),1,747371,2,0,0,3,0,3,1,5,Not at intersection,3,80,Local Road
T20230019040,2023/8/15,9:30:00,1,Collision with vehicle,3,Tuesday,130,REAR END(VEHICLES IN SAME LANE),1,798211,2,0,1,0,2,3,1,5,Not at intersection,2,70,Arterial Other
T20230019034,2023/8/15,14:10:00,1,Collision with vehicle,3,Tuesday,130,REAR END(VEHICLES IN SAME LANE),1,779041,2,0,0,1,1,2,2,5,Not at intersection,3,50,Local Road
T20230019072,2023/8/15,16:55:00,1,Collision with vehicle,2,Tuesday,116,LEFT NEAR (INTERSECTIONS ONLY),1,69132,2,0,0,2,0,2,1,1,Cross intersection,3,80,Arterial Highway