ACCIDENT_NO,ACCIDENT_DATE,ACCIDENT_TIME,ACCIDENT_TYPE,ACCIDENT_TYPE_DESC,DAY_OF_WEEK,DAY_WEEK_DESC,DCA_CODE,DCA_DESC,LIGHT_CONDITION,NODE_ID,NO_OF_VEHICLES,NO_PERSONS_KILLED,NO_PERSONS_INJ_2,NO_PERSONS_INJ_3,NO_PERSONS_NOT_INJ,NO_PERSONS,POLICE_ATTEND,ROAD_GEOMETRY,ROAD_GEOMETRY_DESC,SEVERITY,SPEED_ZONE,RMA
T20230019071,2023/8/15,17:00:00,1,Collision with vehicle,3,Tuesday,121,RIGHT THROUGH,2,40580,2,0,1,1,0,2,1,2,T intersection,2,60,Arterial Highway
T20230019068,2023/8/15,15:06:00,2,Struck Pedestrian,2,Tuesday,102,FAR SIDE. PED HIT BY VEHICLE FROM THE LEFT,1,779712,1,0,1,0,2,3,1,5,Not at intersection,2,60,Arterial Other
T20230019018,2023/8/15,11:50:00,1,Collision with vehicle,3,Tuesday,121,RIGHT THROUGH,1,323886,2,0,0,2,0,2,1,1,Cross intersection,3,70,Freeway
T20230019060,2023/8/15,17:10:00,1,Collision with vehicle,3,Tuesday,132,RIGHT REAR.,2,779197,3,0,0,3,1,4,1,2,T intersection,3,60,Local Road
T20230019058,2023/8/15,17:04:00,1,Collision with vehicle,2,Tuesday,121,RIGHT THROUGH,2,45553,2,0,0,1,1,2,1,2,T intersection,3,60,Arterial Other
T20230019056,2023/8/15,9:00:00,2,Struck Pedestrian,2,Tuesday,100,PED NEAR SIDE. PED HIT BY VEHICLE FROM THE RIGHT.,1,57005,1,0,0,1,1,2,1,2,T intersection,3,50,Arterial Other
T20230019019,2023/8/15,9:08:00,1,Collision with vehicle,2,Tuesday,133,LANE SIDE SWIPE (VEHICLES IN PARALLEL LANES),1,780966,2,0,0,2,0,2,2,5,Not at intersection,3,60,Arterial Other
T20230019022,2023/8/15,7:57:00,1,Collision with vehicle,3,Tuesday,121,RIGHT THROUGH,2,40996,2,0,1,0,1,2,1,2,T intersection,2,60,Arterial Other
T20230019053,2023/8/15,17:30:00,1,Collision with vehicle,2,Tuesday,130,REAR END(VEHICLES IN SAME LANE),2,778931,2,0,0,1,1,2,2,5,Not at intersection,3,60,Arterial Other
T20230018999,2023/8/15,8:20:00,1,Collision with vehicle,2,Tuesday,160,VEHICLE COLLIDES WITH VEHICLE PARKED ON LEFT OF ROAD,1,796569,2,0,1,0,0,1,2,5,Not at intersection,2,40,Local Road
T20230020059,2023/8/15,21:55:00,6,Vehicle overturned (no collision),3,Tuesday,172,OFF CARRIAGEWAY TO RIGHT,5,781919,1,0,1,1,0,2,2,5,Not at intersection,2,100,Local Road
T20230019027,2023/8/15,13:25:00,1,Collision with vehicle,2,Tuesday,110,CROSS TRAFFIC(INTERSECTIONS ONLY),1,798210,2,0,1,0,1,2,1,1,Cross intersection,2,60,Arterial Other
T20230019535,2023/8/15,2:00:00,4,Collision with a fixed object,2,Tuesday,181,OFF RIGHT BEND INTO OBJECT/PARKED VEHICLE,9,780638,1,0,1,0,1,2,2,5,Not at intersection,2,80,Arterial Other
T20230019779,2023/8/15,20:05:00,1,Collision with vehicle,2,Tuesday,130,REAR END(VEHICLES IN SAME LANE),3,779607,2,0,0,1,1,2,2,5,Not at intersection,3,60,Arterial Other
T20230019084,2023/8/15,17:57:00,1,Collision with vehicle,3,Tuesday,110,CROSS TRAFFIC(INTERSECTIONS ONLY),3,36461,2,0,1,0,1,2,1,1,Cross intersection,2,40,Local Road
T20230019086,2023/8/15,15:55:00,1,Collision with vehicle,3,Tuesday,114,TWO RIGHT TURNING (INTERSECTIONS ONLY),1,55726,2,0,1,0,1,2,1,2,T intersection,2,80,Arterial Other
T20230019089,2023/8/15,19:25:00,1,Collision with vehicle,3,Tuesday,121,RIGHT THROUGH,3,8883,2,1,0,1,0,2,1,1,Cross intersection,1,50,
T20230019091,2023/8/15,2:35:00,4,Collision with a fixed object,2,Tuesday,173,RIGHT OFF CARRIAGEWAY INTO OBJECT/PARKED VEHICLE,3,291115,1,0,1,0,0,1,1,2,T intersection,2,80,Arterial Other
T20230019037,2023/8/15,14:06:00,1,Collision with vehicle,2,Tuesday,130,REAR END(VEHICLES IN SAME LANE),1,781138,5,0,0,1,6,7,1,2,T intersection,3,60,Arterial Highway
T20240004472,2023/8/16,16:41:00,1,Collision with vehicle,3,Wednesday,130,REAR END(VEHICLES IN SAME LANE),1,46392,2,0,0,1,1,2,2,2,T intersection,3,80,Arterial Highway
T20230019126,2023/8/16,11:45:00,1,Collision with vehicle,4,Wednesday,121,RIGHT THROUGH,1,55384,2,0,1,4,0,5,1,1,Cross intersection,2,80,Local Road
T20230019131,2023/8/16,8:00:00,1,Collision with vehicle,4,Wednesday,130,REAR END(VEHICLES IN SAME LANE),2,779046,2,0,1,0,1,2,1,5,Not at intersection,2,100,Arterial Highway
T20230019498,2023/8/16,6:15:00,2,Struck Pedestrian,3,Wednesday,100,PED NEAR SIDE. PED HIT BY VEHICLE FROM THE RIGHT.,2,779594,1,0,0,1,1,2,2,2,T intersection,3,80,Local Road
T20230019593,2023/8/16,20:30:00,1,Collision with vehicle,3,Wednesday,110,CROSS TRAFFIC(INTERSECTIONS ONLY),3,29656,2,0,0,1,1,2,1,1,Cross intersection,3,40,Local Road
T20230019723,2023/8/16,7:25:00,1,Collision with vehicle,3,Wednesday,111,RIGHT FAR (INTERSECTIONS ONLY),9,779451,2,0,0,1,1,2,2,2,T intersection,3,999,Local Road
T20230019294,2023/8/16,15:33:00,1,Collision with vehicle,3,Wednesday,142,LEAVING PARKING,1,779183,2,0,0,1,1,2,2,5,Not at intersection,3,999,Local Road
T20230019132,2023/8/16,7:03:00,1,Collision with vehicle,4,Wednesday,121,RIGHT THROUGH,2,47382,2,0,1,0,1,2,1,2,T intersection,2,60,Freeway
T20230021300,2023/8/16,15:55:00,1,Collision with vehicle,3,Wednesday,130,REAR END(VEHICLES IN SAME LANE),1,293573,2,0,0,1,1,2,1,5,Not at intersection,3,50,Local Road
T20230019204,2023/8/16,15:40:00,1,Collision with vehicle,3,Wednesday,133,LANE SIDE SWIPE (VEHICLES IN PARALLEL LANES),1,789497,2,0,0,1,1,2,2,5,Not at intersection,3,50,Local Road
T20230020519,2023/8/16,17:00:00,1,Collision with vehicle,3,Wednesday,163,VEHICLE STRIKES DOOR OF PARKED/STATIONARY VEHICLE,2,780037,2,0,0,1,1,2,2,5,Not at intersection,3,40,Local Road
T20230019134,2023/8/16,13:00:00,1,Collision with vehicle,3,Wednesday,130,REAR END(VEHICLES IN SAME LANE),1,779331,2,0,0,1,1,2,1,5,Not at intersection,3,80,Arterial Other
T20230019207,2023/8/16,6:20:00,1,Collision with vehicle,3,Wednesday,130,REAR END(VEHICLES IN SAME LANE),2,779449,3,0,0,1,2,3,2,5,Not at intersection,3,80,Arterial Other
T20230019135,2023/8/16,13:03:00,2,Struck Pedestrian,3,Wednesday,100,PED NEAR SIDE. PED HIT BY VEHICLE FROM THE RIGHT.,1,779942,1,0,1,0,1,2,1,5,Not at intersection,2,50,Local Road
T20230019137,2023/8/16,13:20:00,6,Vehicle overturned (no collision),3,Wednesday,184,OUT OF CONTROL ON CARRIAGEWAY (ON BEND),1,789624,1,0,0,1,0,1,1,5,Not at intersection,3,60,Arterial Other
T20230019138,2023/8/16,13:09:00,1,Collision with vehicle,3,Wednesday,111,RIGHT FAR (INTERSECTIONS ONLY),1,48781,2,0,0,1,1,2,1,1,Cross intersection,3,50,Local Road
T20230019141,2023/8/16,15:30:00,1,Collision with vehicle,4,Wednesday,130,REAR END(VEHICLES IN SAME LANE),1,782719,2,0,0,2,1,3,2,5,Not at intersection,3,100,Arterial Highway
T20230019216,2023/8/16,8:45:00,1,Collision with vehicle,4,Wednesday,130,REAR END(VEHICLES IN SAME LANE),1,50158,2,0,1,0,1,2,1,1,Cross intersection,2,70,Local Road
T20230020356,2023/8/16,12:00:00,1,Collision with vehicle,3,Wednesday,140,U TURN,1,779929,2,0,0,1,1,2,2,5,Not at intersection,3,40,Local Road
T20230019143,2023/8/16,12:00:00,2,Struck Pedestrian,4,Wednesday,108,PED STRUCK WALKING TO/FROM OR BOARDING/ALIGHTING VEHICLE.,1,779110,1,0,1,0,0,1,1,5,Not at intersection,2,60,Local Road
T20230019223,2023/8/16,12:00:00,1,Collision with vehicle,4,Wednesday,130,REAR END(VEHICLES IN SAME LANE),1,779177,2,0,0,3,1,4,2,5,Not at intersection,3,80,Arterial Highway
T20230019144,2023/8/16,15:29:00,1,Collision with vehicle,4,Wednesday,132,RIGHT REAR.,1,40925,3,0,0,2,2,4,1,1,Cross intersection,3,80,Arterial Other
T20230019151,2023/8/16,15:31:00,1,Collision with vehicle,4,Wednesday,113,RIGHT NEAR (INTERSECTIONS ONLY),1,782948,2,0,1,0,1,2,1,2,T intersection,2,50,Local Road
T20230019559,2023/8/16,18:05:00,1,Collision with vehicle,4,Wednesday,147,VEHICLE STRIKES ANOTHER VEH WHILE EMERGING FROM DRIVEWAY,3,789630,2,0,0,2,2,4,1,5,Not at intersection,3,60,Arterial Other
T20230019232,2023/8/16,11:00:00,6,Vehicle overturned (no collision),4,Wednesday,170,OFF CARRIAGEWAY TO LEFT,1,779179,1,0,1,0,0,1,1,5,Not at intersection,2,100,Local Road
T20230019155,2023/8/16,17:20:00,6,Vehicle overturned (no collision),3,Wednesday,174,OUT OF CONTROL ON CARRIAGEWAY (ON STRAIGHT),1,782720,1,0,0,2,0,2,1,5,Not at intersection,3,50,Local Road
T20230019157,2023/8/16,14:50:00,1,Collision with vehicle,4,Wednesday,116,LEFT NEAR (INTERSECTIONS ONLY),1,779111,2,0,1,0,1,2,1,2,T intersection,2,50,Local Road
T20230019158,2023/8/16,18:10:00,1,Collision with vehicle,4,Wednesday,130,REAR END(VEHICLES IN SAME LANE),2,779647,3,0,1,0,2,3,1,5,Not at intersection,2,80,Arterial Highway
T20230019164,2023/8/16,19:00:00,1,Collision with vehicle,4,Wednesday,120,HEAD ON (NOT OVERTAKING),2,779332,2,0,1,0,1,2,1,5,Not at intersection,2,40,Arterial Highway
T20230019171,2023/8/16,18:30:00,1,Collision with vehicle,3,Wednesday,160,VEHICLE COLLIDES WITH VEHICLE PARKED ON LEFT OF ROAD,3,779333,2,0,0,1,0,1,1,5,Not at intersection,3,60,Local Road
T20230019175,2023/8/16,17:12:00,1,Collision with vehicle,4,Wednesday,130,REAR END(VEHICLES IN SAME LANE),5,780925,2,0,0,1,1,2,1,5,Not at intersection,3,80,Freeway
T20230019563,2023/8/16,18:15:00,1,Collision with vehicle,3,Wednesday,111,RIGHT FAR (INTERSECTIONS ONLY),1,43394,2,0,1,0,1,2,1,2,T intersection,2,60,Arterial Other
T20230019177,2023/8/16,21:56:00,1,Collision with vehicle,3,Wednesday,160,VEHICLE COLLIDES WITH VEHICLE PARKED ON LEFT OF ROAD,3,789400,3,0,1,0,0,1,1,5,Not at intersection,2,50,Local Road
T20230027815,2023/8/16,13:30:00,1,Collision with vehicle,3,Wednesday,134,LANE CHANGE RIGHT (NOT OVERTAKING),1,353330,2,0,0,1,2,3,2,3,Y intersection,3,999,Arterial Other
T20230019705,2023/8/16,13:10:00,1,Collision with vehicle,3,Wednesday,116,LEFT NEAR (INTERSECTIONS ONLY),1,41452,2,0,0,1,1,2,2,2,T intersection,3,60,Arterial Other
T20230019378,2023/8/16,11:45:00,1,Collision with vehicle,3,Wednesday,116,LEFT NEAR (INTERSECTIONS ONLY),1,41479,2,0,0,1,1,2,2,2,T intersection,3,70,Arterial Highway
T20230019176,2023/8/16,18:50:00,1,Collision with vehicle,4,Wednesday,121,RIGHT THROUGH,3,798440,2,0,0,1,1,2,1,2,T intersection,3,50,Arterial Other
T20240000370,2023/8/16,21:30:00,1,Collision with vehicle,3,Wednesday,130,REAR END(VEHICLES IN SAME LANE),3,798452,2,0,0,1,1,2,2,5,Not at intersection,3,60,Local Road
T20230019224,2023/8/16,14:35:00,1,Collision with vehicle,3,Wednesday,120,HEAD ON (NOT OVERTAKING),1,781832,3,0,1,1,3,5,1,1,Cross intersection,2,60,Local Road
T20230020907,2023/8/16,17:28:00,1,Collision with vehicle,3,Wednesday,147,VEHICLE STRIKES ANOTHER VEH WHILE EMERGING FROM DRIVEWAY,2,38551,2,0,0,1,2,3,2,2,T intersection,3,999,Arterial Other
T20230019105,2023/8/16,8:50:00,1,Collision with vehicle,3,Wednesday,110,CROSS TRAFFIC(INTERSECTIONS ONLY),1,51949,2,0,0,1,3,4,1,1,Cross intersection,3,50,Arterial Highway
T20230019109,2023/8/16,8:55:00,6,Vehicle overturned (no collision),4,Wednesday,184,OUT OF CONTROL ON CARRIAGEWAY (ON BEND),1,36133,1,0,1,0,0,1,1,2,T intersection,2,80,Arterial Other
T20230019689,2023/8/16,17:24:00,1,Collision with vehicle,4,Wednesday,133,LANE SIDE SWIPE (VEHICLES IN PARALLEL LANES),1,780386,2,0,0,1,1,2,1,5,Not at intersection,3,40,Freeway
T20230019111,2023/8/16,7:35:00,1,Collision with vehicle,4,Wednesday,160,VEHICLE COLLIDES WITH VEHICLE PARKED ON LEFT OF ROAD,1,783653,3,0,1,0,0,1,1,2,T intersection,2,80,Arterial Highway
T20230020718,2023/8/16,21:57:00,4,Collision with a fixed object,3,Wednesday,173,RIGHT OFF CARRIAGEWAY INTO OBJECT/PARKED VEHICLE,5,780396,1,0,0,1,0,1,1,5,Not at intersection,3,60,Arterial Other
T20230019113,2023/8/16,9:10:00,1,Collision with vehicle,4,Wednesday,130,REAR END(VEHICLES IN SAME LANE),2,779947,2,0,0,4,0,4,1,5,Not at intersection,3,80,Local Road
T20230019114,2023/8/16,10:05:00,1,Collision with vehicle,4,Wednesday,130,REAR END(VEHICLES IN SAME LANE),1,779367,3,0,0,1,2,3,1,5,Not at intersection,3,100,Freeway
T20230019117,2023/8/16,9:06:00,2,Struck Pedestrian,4,Wednesday,104,PED WALKING WITH TRAFFIC,1,779599,1,0,1,0,1,2,1,2,T intersection,2,50,Local Road
T20230019120,2023/8/16,10:09:00,1,Collision with vehicle,4,Wednesday,114,TWO RIGHT TURNING (INTERSECTIONS ONLY),1,780227,2,0,1,0,1,2,2,2,T intersection,2,80,Local Road
T20230019121,2023/8/16,9:59:00,1,Collision with vehicle,4,Wednesday,130,REAR END(VEHICLES IN SAME LANE),1,779109,2,0,0,2,0,2,1,5,Not at intersection,3,100,Freeway
T20230021986,2023/8/16,7:30:00,1,Collision with vehicle,3,Wednesday,113,RIGHT NEAR (INTERSECTIONS ONLY),9,789499,2,0,0,1,1,2,1,2,T intersection,3,60,Arterial Other
T20230019220,2023/8/17,14:15:00,1,Collision with vehicle,5,Thursday,116,LEFT NEAR (INTERSECTIONS ONLY),1,686806,2,0,0,2,0,2,2,2,T intersection,3,70,Local Road
T20230019221,2023/8/17,14:10:00,1,Collision with vehicle,5,Thursday,113,RIGHT NEAR (INTERSECTIONS ONLY),1,52496,2,0,0,2,1,3,1,2,T intersection,3,60,Arterial Other
T20230019259,2023/8/17,19:30:00,3,Struck animal,4,Thursday,167,STRUCK ANIMAL,5,789487,1,0,0,1,0,1,1,5,Not at intersection,3,100,
T20230019260,2023/8/17,19:50:00,1,Collision with vehicle,4,Thursday,160,VEHICLE COLLIDES WITH VEHICLE PARKED ON LEFT OF ROAD,2,780661,3,0,0,1,0,1,1,5,Not at intersection,3,999,Local Road
T20230019234,2023/8/17,15:30:00,1,Collision with vehicle,5,Thursday,113,RIGHT NEAR (INTERSECTIONS ONLY),1,42083,2,0,0,1,1,2,1,3,Y intersection,3,60,Arterial Other
T20230019244,2023/8/17,15:30:00,2,Struck Pedestrian,5,Thursday,102,FAR SIDE. PED HIT BY VEHICLE FROM THE LEFT,1,789443,1,0,1,0,1,2,1,1,Cross intersection,2,60,Non Arterial
T20230019266,2023/8/17,23:30:00,1,Collision with vehicle,4,Thursday,110,CROSS TRAFFIC(INTERSECTIONS ONLY),3,29816,2,0,0,1,1,2,1,1,Cross intersection,3,60,Arterial Other
T20230019248,2023/8/17,18:25:00,1,Collision with vehicle,4,Thursday,130,REAR END(VEHICLES IN SAME LANE),3,798441,2,0,1,0,1,2,1,5,Not at intersection,2,70,Arterial Highway
T20230019252,2023/8/17,16:45:00,4,Collision with a fixed object,4,Thursday,171,LEFT OFF CARRIAGEWAY INTO OBJECT/PARKED VEHICLE,1,789495,1,0,0,1,0,1,1,5,Not at intersection,3,100,Arterial Other
T20230019627,2023/8/17,5:50:00,1,Collision with vehicle,4,Thursday,114,TWO RIGHT TURNING (INTERSECTIONS ONLY),2,65658,2,0,0,1,1,2,2,2,T intersection,3,40,Local Road
T20230021939,2023/8/17,6:28:00,1,Collision with vehicle,5,Thursday,130,REAR END(VEHICLES IN SAME LANE),2,781350,3,0,1,0,2,3,1,5,Not at intersection,2,70,Arterial Highway
T20230020067,2023/8/17,13:30:00,6,Vehicle overturned (no collision),4,Thursday,184,OUT OF CONTROL ON CARRIAGEWAY (ON BEND),1,779789,1,0,0,1,0,1,2,5,Not at intersection,3,999,Local Road
T20230019803,2023/8/17,14:27:00,1,Collision with vehicle,5,Thursday,135,LANE CHANGE LEFT (NOT OVERTAKING),1,789490,3,0,1,0,2,3,1,5,Not at intersection,2,60,Local Road
T20230019272,2023/8/17,17:45:00,1,Collision with vehicle,4,Thursday,120,HEAD ON (NOT OVERTAKING),2,779787,2,0,0,1,2,3,1,5,Not at intersection,3,100,Arterial Other
T20230019200,2023/8/17,11:14:00,1,Collision with vehicle,4,Thursday,160,VEHICLE COLLIDES WITH VEHICLE PARKED ON LEFT OF ROAD,1,781631,2,0,0,3,0,3,1,5,Not at intersection,3,70,Arterial Highway
T20230019189,2023/8/17,8:56:00,1,Collision with vehicle,5,Thursday,111,RIGHT FAR (INTERSECTIONS ONLY),1,36546,2,0,1,0,1,2,1,1,Cross intersection,2,40,Local Road
T20230019184,2023/8/17,2:13:00,4,Collision with a fixed object,5,Thursday,183,OFF LEFT BEND INTO OBJECT/PARKED VEHICLE,3,792262,1,0,2,0,0,2,1,5,Not at intersection,2,60,Arterial Other
T20230020286,2023/8/17,15:14:00,1,Collision with vehicle,5,Thursday,113,RIGHT NEAR (INTERSECTIONS ONLY),1,789496,2,0,0,1,1,2,1,2,T intersection,3,999,
T20230019254,2023/8/17,18:50:00,4,Collision with a fixed object,5,Thursday,171,LEFT OFF CARRIAGEWAY INTO OBJECT/PARKED VEHICLE,3,789420,1,0,1,0,0,1,1,5,Not at intersection,2,60,Arterial Other
T20230019347,2023/8/17,6:25:00,6,Vehicle overturned (no collision),4,Thursday,170,OFF CARRIAGEWAY TO LEFT,2,798495,1,0,0,1,0,1,1,5,Not at intersection,3,80,
T20230019257,2023/8/17,18:41:00,1,Collision with vehicle,5,Thursday,130,REAR END(VEHICLES IN SAME LANE),2,779219,3,0,0,5,3,8,1,5,Not at intersection,3,100,Freeway
T20230019206,2023/8/17,12:15:00,4,Collision with a fixed object,4,Thursday,164,PERMANENT OBSTRUCTION ON CARRIAGEWAY,1,779176,1,0,0,1,0,1,1,5,Not at intersection,3,80,Freeway
T20230019208,2023/8/17,12:00:00,1,Collision with vehicle,5,Thursday,130,REAR END(VEHICLES IN SAME LANE),1,779527,2,0,1,0,1,2,1,5,Not at intersection,2,70,Arterial Highway
T20230019211,2023/8/17,12:00:00,1,Collision with vehicle,5,Thursday,110,CROSS TRAFFIC(INTERSECTIONS ONLY),1,29397,2,0,1,0,1,2,1,1,Cross intersection,2,60,Arterial Other
T20230019212,2023/8/17,11:30:00,4,Collision with a fixed object,5,Thursday,173,RIGHT OFF CARRIAGEWAY INTO OBJECT/PARKED VEHICLE,1,799617,1,0,1,0,0,1,1,5,Not at intersection,2,100,Local Road
T20230019213,2023/8/17,9:40:00,1,Collision with vehicle,4,Thursday,152,PULLING OUT (OVERTAKING),1,798496,2,0,0,1,1,2,2,2,T intersection,3,999,Local Road
T20230019327,2023/8/18,15:30:00,1,Collision with vehicle,5,Friday,113,RIGHT NEAR (INTERSECTIONS ONLY),1,780535,2,0,0,1,1,2,1,1,Cross intersection,3,50,Local Road
T20230019329,2023/8/18,17:01:00,1,Collision with vehicle,5,Friday,121,RIGHT THROUGH,2,779447,2,0,0,1,2,3,1,5,Not at intersection,3,50,Local Road
T20230019330,2023/8/18,10:30:00,1,Collision with vehicle,5,Friday,145,REVERSING IN STREAM OF TRAFFIC,1,789404,2,0,0,1,1,2,2,5,Not at intersection,3,999,
T20230019334,2023/8/18,18:40:00,1,Collision with vehicle,5,Friday,110,CROSS TRAFFIC(INTERSECTIONS ONLY),3,226662,2,0,0,1,2,3,1,1,Cross intersection,3,50,Local Road
T20230019280,2023/8/18,8:43:00,1,Collision with vehicle,5,Friday,121,RIGHT THROUGH,2,53884,2,0,0,1,1,2,1,2,T intersection,3,60,Arterial Other
T20230019337,2023/8/18,16:44:00,1,Collision with vehicle,6,Friday,130,REAR END(VEHICLES IN SAME LANE),2,779222,3,0,0,1,2,3,1,5,Not at intersection,3,80,Freeway
T20230021942,2023/8/18,16:20:00,1,Collision with vehicle,5,Friday,130,REAR END(VEHICLES IN SAME LANE),1,40443,2,0,0,1,1,2,2,1,Cross intersection,3,60,Arterial Other
T20230019338,2023/8/18,16:34:00,4,Collision with a fixed object,5,Friday,171,LEFT OFF CARRIAGEWAY INTO OBJECT/PARKED VEHICLE,2,779223,1,0,0,2,0,2,1,5,Not at intersection,3,50,Local Road
T20230019339,2023/8/18,17:42:00,4,Collision with a fixed object,5,Friday,171,LEFT OFF CARRIAGEWAY INTO OBJECT/PARKED VEHICLE,1,792956,1,0,1,0,0,1,2,5,Not at intersection,2,100,
T20230019340,2023/8/18,19:25:00,1,Collision with vehicle,5,Friday,173,RIGHT OFF CARRIAGEWAY INTO OBJECT/PARKED VEHICLE,3,787208,2,0,0,1,0,1,1,5,Not at intersection,3,50,Local Road
T20230019427,2023/8/18,21:42:00,4,Collision with a fixed object,6,Friday,171,LEFT OFF CARRIAGEWAY INTO OBJECT/PARKED VEHICLE,3,47542,1,0,1,0,0,1,1,2,T intersection,2,40,Arterial Other
T20230019449,2023/8/18,18:00:00,2,Struck Pedestrian,5,Friday,100,PED NEAR SIDE. PED HIT BY VEHICLE FROM THE RIGHT.,3,798492,1,0,0,1,1,2,2,5,Not at intersection,3,40,Local Road
T20230019342,2023/8/18,0:00:00,4,Collision with a fixed object,6,Friday,173,RIGHT OFF CARRIAGEWAY INTO OBJECT/PARKED VEHICLE,5,798493,1,0,0,1,1,2,2,5,Not at intersection,3,100,Arterial Highway
T20230020267,2023/8/18,18:30:00,1,Collision with vehicle,5,Friday,130,REAR END(VEHICLES IN SAME LANE),3,332806,2,0,0,1,1,2,2,1,Cross intersection,3,80,Arterial Other
T20230019344,2023/8/18,14:30:00,2,Struck Pedestrian,6,Friday,107,PED ON FOOTHPATH STRUCK BY VEHENTERING/LEAVING DRIVEWAY.,1,779435,1,0,1,0,1,2,1,2,T intersection,2,40,Local Road
T20230019345,2023/8/18,18:30:00,1,Collision with vehicle,6,Friday,120,HEAD ON (NOT OVERTAKING),2,792954,2,0,2,4,4,10,1,5,Not at intersection,2,100,
T20230019271,2023/8/18,6:45:00,1,Collision with vehicle,5,Friday,110,CROSS TRAFFIC(INTERSECTIONS ONLY),1,779181,2,0,0,1,1,2,1,1,Cross intersection,3,60,Local Road
T20230019346,2023/8/18,21:08:00,1,Collision with vehicle,5,Friday,130,REAR END(VEHICLES IN SAME LANE),3,41584,2,0,0,1,2,3,1,1,Cross intersection,3,80,Arterial Highway
T20230019349,2023/8/18,17:17:00,1,Collision with vehicle,6,Friday,130,REAR END(VEHICLES IN SAME LANE),1,779151,4,1,2,5,3,11,1,5,Not at intersection,1,110,Freeway
T20230019322,2023/8/18,16:40:00,1,Collision with vehicle,6,Friday,121,RIGHT THROUGH,2,52029,2,0,0,2,1,3,1,1,Cross intersection,3,100,Arterial Highway
T20230019319,2023/8/18,9:00:00,6,Vehicle overturned (no collision),5,Friday,174,OUT OF CONTROL ON CARRIAGEWAY (ON STRAIGHT),1,779185,1,0,0,1,0,1,2,5,Not at intersection,3,60,Arterial Other
T20230019561,2023/8/18,8:50:00,1,Collision with vehicle,5,Friday,113,RIGHT NEAR (INTERSECTIONS ONLY),2,662509,2,0,0,1,1,2,2,2,T intersection,3,60,Arterial Other
T20230019534,2023/8/18,21:44:00,1,Collision with vehicle,6,Friday,130,REAR END(VEHICLES IN SAME LANE),3,779921,2,0,0,4,0,4,1,5,Not at intersection,3,110,Freeway
T20230019310,2023/8/18,14:00:00,2,Struck Pedestrian,5,Friday,102,FAR SIDE. PED HIT BY VEHICLE FROM THE LEFT,1,9988,1,0,1,0,1,2,1,1,Cross intersection,2,50,
T20230019303,2023/8/18,13:05:00,1,Collision with vehicle,6,Friday,130,REAR END(VEHICLES IN SAME LANE),1,780058,3,0,2,1,4,7,1,5,Not at intersection,2,100,Freeway
T20230019300,2023/8/18,12:58:00,1,Collision with vehicle,6,Friday,121,RIGHT THROUGH,1,779973,2,0,0,3,1,4,1,1,Cross intersection,3,60,Arterial Highway
T20230019298,2023/8/18,12:20:00,4,Collision with a fixed object,5,Friday,173,RIGHT OFF CARRIAGEWAY INTO OBJECT/PARKED VEHICLE,1,782287,1,0,0,2,0,2,1,5,Not at intersection,3,100,Arterial Other
T20230019953,2023/8/18,22:00:00,1,Collision with vehicle,5,Friday,163,VEHICLE STRIKES DOOR OF PARKED/STATIONARY VEHICLE,3,789272,2,0,0,1,1,2,2,5,Not at intersection,3,40,Local Road
T20230019286,2023/8/18,8:38:00,1,Collision with vehicle,5,Friday,148,VEHICLE OFF FOOTPATH STRIKES VEH ON CARRIAGEWAY,1,779182,2,0,0,1,1,2,1,5,Not at intersection,3,40,Local Road
T20230019350,2023/8/18,19:17:00,1,Collision with vehicle,6,Friday,130,REAR END(VEHICLES IN SAME LANE),2,780238,4,0,0,1,3,4,1,5,Not at intersection,3,70,Arterial Other
T20230019605,2023/8/18,15:50:00,1,Collision with vehicle,5,Friday,130,REAR END(VEHICLES IN SAME LANE),1,203857,2,0,0,1,1,2,2,5,Not at intersection,3,100,Freeway
T20230019354,2023/8/18,18:00:00,2,Struck Pedestrian,5,Friday,102,FAR SIDE. PED HIT BY VEHICLE FROM THE LEFT,3,1248,1,0,1,0,1,2,1,1,Cross intersection,2,70,Arterial Other
T20230019407,2023/8/18,23:15:00,1,Collision with vehicle,5,Friday,130,REAR END(VEHICLES IN SAME LANE),3,630042,2,0,0,1,3,4,1,5,Not at intersection,3,60,Arterial Other
T20230019267,2023/8/18,0:30:00,4,Collision with a fixed object,6,Friday,171,LEFT OFF CARRIAGEWAY INTO OBJECT/PARKED VEHICLE,3,780633,1,0,1,2,0,3,1,5,Not at intersection,2,50,Local Road
T20230019740,2023/8/18,18:50:00,1,Collision with vehicle,5,Friday,130,REAR END(VEHICLES IN SAME LANE),3,798445,3,0,0,1,2,3,1,5,Not at intersection,3,60,Arterial Other
T20230021151,2023/8/18,7:15:00,1,Collision with vehicle,6,Friday,132,RIGHT REAR.,9,789408,2,0,0,1,1,2,2,2,T intersection,3,60,Arterial Highway
T20230019356,2023/8/18,22:22:00,4,Collision with a fixed object,5,Friday,171,LEFT OFF CARRIAGEWAY INTO OBJECT/PARKED VEHICLE,5,789419,1,0,0,1,0,1,1,5,Not at intersection,3,80,Local Road
T20230019276,2023/8/18,6:40:00,1,Collision with vehicle,6,Friday,121,RIGHT THROUGH,2,51141,2,0,0,1,2,3,1,2,T intersection,3,60,Arterial Highway