ACCIDENT_NO,ACCIDENT_DATE,ACCIDENT_TIME,ACCIDENT_TYPE,ACCIDENT_TYPE_DESC,DAY_OF_WEEK,DAY_WEEK_DESC,DCA_CODE,DCA_DESC,LIGHT_CONDITION,NODE_ID,NO_OF_VEHICLES,NO_PERSONS_KILLED,NO_PERSONS_INJ_2,NO_PERSONS_INJ_3,NO_PERSONS_NOT_INJ,NO_PERSONS,POLICE_ATTEND,ROAD_GEOMETRY,ROAD_GEOMETRY_DESC,SEVERITY,SPEED_ZONE,RMA
T20230019926,2023/8/18,3:00:00,2,Struck Pedestrian,5,Friday,100,PED NEAR SIDE. PED HIT BY VEHICLE FROM THE RIGHT.,9,782288,1,0,0,1,1,2,2,5,Not at intersection,3,50,Arterial Highway
T20230019616,2023/8/18,8:30:00,1,Collision with vehicle,6,Friday,130,REAR END(VEHICLES IN SAME LANE),2,779998,3,0,1,0,5,6,2,5,Not at intersection,2,60,Local Road
T20230019275,2023/8/18,6:25:00,1,Collision with vehicle,6,Friday,110,CROSS TRAFFIC(INTERSECTIONS ONLY),3,779220,2,0,2,0,1,3,1,1,Cross intersection,2,50,Local Road
T20230022135,2023/8/18,10:30:00,4,Collision with a fixed object,5,Friday,164,PERMANENT OBSTRUCTION ON CARRIAGEWAY,1,789267,1,0,0,1,3,4,2,5,Not at intersection,3,40,Arterial Highway
T20230026375,2023/8/19,15:00:00,8,No collision and no object struck,6,Saturday,180,OFF CARRIAGEWAY ON RIGHT BEND,1,786404,1,0,0,1,0,1,2,5,Not at intersection,3,80,Arterial Other
T20230019380,2023/8/19,11:40:00,1,Collision with vehicle,7,Saturday,160,VEHICLE COLLIDES WITH VEHICLE PARKED ON LEFT OF ROAD,1,781632,2,0,1,0,0,1,1,5,Not at intersection,2,50,Local Road
T20230019507,2023/8/19,4:15:00,4,Collision with a fixed object,6,Saturday,171,LEFT OFF CARRIAGEWAY INTO OBJECT/PARKED VEHICLE,2,350037,1,0,0,1,0,1,2,1,Cross intersection,3,80,Arterial Highway
T20230019431,2023/8/19,12:10:00,2,Struck Pedestrian,7,Saturday,108,PED STRUCK WALKING TO/FROM OR BOARDING/ALIGHTING VEHICLE.,1,789263,1,0,1,0,2,3,1,5,Not at intersection,2,60,Local Road
T20230020758,2023/8/19,15:30:00,1,Collision with vehicle,6,Saturday,130,REAR END(VEHICLES IN SAME LANE),1,780301,2,0,0,1,1,2,1,5,Not at intersection,3,80,Arterial Other
T20230019383,2023/8/19,11:50:00,1,Collision with vehicle,7,Saturday,150,HEAD ON(OVERTAKING),1,106644,3,0,0,2,1,3,1,5,Not at intersection,3,60,Arterial Other
T20230019382,2023/8/19,12:11:00,1,Collision with vehicle,7,Saturday,130,REAR END(VEHICLES IN SAME LANE),1,788867,3,0,1,0,8,9,1,5,Not at intersection,2,100,Freeway
T20230020721,2023/8/19,18:45:00,1,Collision with vehicle,6,Saturday,130,REAR END(VEHICLES IN SAME LANE),3,798256,2,0,0,1,3,4,1,5,Not at intersection,3,60,Arterial Other
T20230019425,2023/8/19,16:47:00,1,Collision with vehicle,7,Saturday,159,OTHER OVERTAKING MANOEUVRES NOT INCLUDED IN DCAs 150-154,1,781139,3,0,1,1,2,4,1,5,Not at intersection,2,100,Freeway
T20230019423,2023/8/19,19:09:00,1,Collision with vehicle,6,Saturday,137,LEFT TURN SIDESWIPE,2,36794,2,0,0,1,5,6,1,1,Cross intersection,3,60,Arterial Highway
T20230019406,2023/8/19,18:30:00,1,Collision with vehicle,6,Saturday,133,LANE SIDE SWIPE (VEHICLES IN PARALLEL LANES),3,779635,2,0,0,1,2,3,1,2,T intersection,3,40,Local Road
T20230019422,2023/8/19,19:24:00,2,Struck Pedestrian,6,Saturday,100,PED NEAR SIDE. PED HIT BY VEHICLE FROM THE RIGHT.,3,784595,1,0,1,0,2,3,1,5,Not at intersection,2,60,Arterial Other
T20230019607,2023/8/19,17:44:00,1,Collision with vehicle,6,Saturday,130,REAR END(VEHICLES IN SAME LANE),9,789089,2,0,0,1,1,2,1,5,Not at intersection,3,80,Freeway
T20230019408,2023/8/19,15:15:00,1,Collision with vehicle,7,Saturday,120,HEAD ON (NOT OVERTAKING),1,585620,2,0,1,2,0,3,1,5,Not at intersection,2,80,Arterial Other
T20230023809,2023/8/19,18:19:00,1,Collision with vehicle,6,Saturday,136,RIGHT TURN SIDESWIPE,2,48913,2,0,0,1,1,2,2,2,T intersection,3,60,Local Road
T20230019603,2023/8/19,14:25:00,1,Collision with vehicle,6,Saturday,145,REVERSING IN STREAM OF TRAFFIC,9,789226,2,0,0,1,1,2,2,5,Not at intersection,3,999,Local Road
T20230019596,2023/8/19,13:15:00,1,Collision with vehicle,6,Saturday,130,REAR END(VEHICLES IN SAME LANE),1,780926,2,0,0,2,1,3,2,5,Not at intersection,3,50,Local Road
T20230019470,2023/8/19,1:20:00,1,Collision with vehicle,6,Saturday,121,RIGHT THROUGH,3,35622,2,0,0,1,1,2,1,1,Cross intersection,3,999,Arterial Highway
T20230019391,2023/8/19,10:05:00,1,Collision with vehicle,6,Saturday,111,RIGHT FAR (INTERSECTIONS ONLY),1,45372,2,0,0,1,1,2,1,1,Cross intersection,3,50,Local Road
T20230019460,2023/8/19,20:50:00,1,Collision with vehicle,6,Saturday,160,VEHICLE COLLIDES WITH VEHICLE PARKED ON LEFT OF ROAD,6,789215,2,0,0,1,2,3,2,5,Not at intersection,3,60,Local Road
T20230019742,2023/8/19,9:32:00,1,Collision with vehicle,6,Saturday,130,REAR END(VEHICLES IN SAME LANE),1,779807,2,0,0,1,1,2,1,5,Not at intersection,3,80,Freeway
T20230020234,2023/8/19,10:00:00,1,Collision with vehicle,6,Saturday,130,REAR END(VEHICLES IN SAME LANE),1,779924,2,0,0,1,1,2,1,5,Not at intersection,3,80,Freeway
T20230019418,2023/8/19,17:00:00,1,Collision with vehicle,7,Saturday,120,HEAD ON (NOT OVERTAKING),2,779436,2,0,3,3,0,6,1,5,Not at intersection,2,80,Arterial Other
T20230019513,2023/8/19,16:30:00,1,Collision with vehicle,6,Saturday,163,VEHICLE STRIKES DOOR OF PARKED/STATIONARY VEHICLE,9,789233,2,0,0,1,1,2,2,5,Not at intersection,3,40,Arterial Other
T20230019384,2023/8/19,12:30:00,1,Collision with vehicle,7,Saturday,130,REAR END(VEHICLES IN SAME LANE),1,198162,3,0,1,0,1,2,1,5,Not at intersection,2,80,Arterial Other
T20230019496,2023/8/19,14:45:00,6,Vehicle overturned (no collision),7,Saturday,174,OUT OF CONTROL ON CARRIAGEWAY (ON STRAIGHT),1,779334,1,0,1,0,0,1,2,5,Not at intersection,2,999,Local Road
T20230019388,2023/8/19,14:00:00,1,Collision with vehicle,6,Saturday,140,U TURN,1,798443,2,0,0,1,1,2,1,5,Not at intersection,3,60,Local Road
T20230019409,2023/8/19,15:00:00,1,Collision with vehicle,7,Saturday,130,REAR END(VEHICLES IN SAME LANE),1,352997,2,0,0,1,3,4,1,5,Not at intersection,3,80,Arterial Highway
T20230019412,2023/8/19,14:29:00,1,Collision with vehicle,6,Saturday,120,HEAD ON (NOT OVERTAKING),1,258566,4,0,0,1,3,4,1,1,Cross intersection,3,60,Local Road
T20230019400,2023/8/19,15:51:00,1,Collision with vehicle,7,Saturday,121,RIGHT THROUGH,1,36826,2,0,1,0,1,2,1,1,Cross intersection,2,40,Arterial Other
T20230019444,2023/8/19,17:45:00,6,Vehicle overturned (no collision),6,Saturday,174,OUT OF CONTROL ON CARRIAGEWAY (ON STRAIGHT),2,779437,1,0,0,1,0,1,2,5,Not at intersection,3,80,Local Road
T20230021268,2023/8/19,9:00:00,8,No collision and no object struck,6,Saturday,174,OUT OF CONTROL ON CARRIAGEWAY (ON STRAIGHT),1,780590,1,0,0,1,0,1,1,5,Not at intersection,3,110,Freeway
T20230019420,2023/8/19,5:30:00,2,Struck Pedestrian,7,Saturday,102,FAR SIDE. PED HIT BY VEHICLE FROM THE LEFT,6,779528,1,0,1,0,1,2,2,5,Not at intersection,2,40,Arterial Other
T20230019497,2023/8/19,9:30:00,1,Collision with vehicle,7,Saturday,121,RIGHT THROUGH,1,780967,2,0,0,3,1,4,1,5,Not at intersection,3,80,Arterial Other
T20230019876,2023/8/19,11:00:00,1,Collision with vehicle,6,Saturday,110,CROSS TRAFFIC(INTERSECTIONS ONLY),1,19436,2,0,0,1,1,2,2,1,Cross intersection,3,50,Local Road
T20230019840,2023/8/19,14:00:00,1,Collision with vehicle,6,Saturday,120,HEAD ON (NOT OVERTAKING),1,779583,2,0,0,2,0,2,1,5,Not at intersection,3,60,Arterial Other
T20230019390,2023/8/19,13:20:00,4,Collision with a fixed object,6,Saturday,171,LEFT OFF CARRIAGEWAY INTO OBJECT/PARKED VEHICLE,1,789224,1,0,0,1,0,1,1,5,Not at intersection,3,60,Local Road
T20230019376,2023/8/19,10:49:00,1,Collision with vehicle,7,Saturday,113,RIGHT NEAR (INTERSECTIONS ONLY),1,48939,2,0,2,1,2,5,1,2,T intersection,2,100,Freeway
T20230019373,2023/8/19,11:14:00,1,Collision with vehicle,7,Saturday,145,REVERSING IN STREAM OF TRAFFIC,1,43437,2,0,0,1,1,2,1,2,T intersection,3,40,Local Road
T20230019365,2023/8/19,6:00:00,4,Collision with a fixed object,6,Saturday,171,LEFT OFF CARRIAGEWAY INTO OBJECT/PARKED VEHICLE,3,792103,1,0,1,0,0,1,1,5,Not at intersection,2,80,Arterial Other
T20230019416,2023/8/19,19:20:00,1,Collision with vehicle,7,Saturday,110,CROSS TRAFFIC(INTERSECTIONS ONLY),3,779230,2,0,0,1,1,2,1,1,Cross intersection,3,50,Local Road
T20230019413,2023/8/19,18:26:00,1,Collision with vehicle,7,Saturday,121,RIGHT THROUGH,3,40424,2,0,1,0,1,2,1,1,Cross intersection,2,60,Arterial Other
T20230024284,2023/8/20,11:00:00,6,Vehicle overturned (no collision),0,Sunday,184,OUT OF CONTROL ON CARRIAGEWAY (ON BEND),1,783434,1,0,0,1,0,1,2,2,T intersection,3,999,Local Road
T20230019445,2023/8/20,11:27:00,1,Collision with vehicle,0,Sunday,139,OTHER SAME DIRECTION-MANOUEVRES NOT INCLUDED IN DCAs 130-137,1,798491,2,0,0,1,2,3,2,5,Not at intersection,3,40,Local Road
T20230019747,2023/8/20,15:35:00,1,Collision with vehicle,0,Sunday,130,REAR END(VEHICLES IN SAME LANE),1,780030,2,0,0,1,1,2,2,5,Not at intersection,3,40,Local Road
T20230019456,2023/8/20,13:40:00,4,Collision with a fixed object,1,Sunday,171,LEFT OFF CARRIAGEWAY INTO OBJECT/PARKED VEHICLE,1,789059,1,0,1,0,0,1,1,5,Not at intersection,2,80,Arterial Other
T20230019458,2023/8/20,15:45:00,1,Collision with vehicle,0,Sunday,121,RIGHT THROUGH,1,62412,2,0,0,1,1,2,1,2,T intersection,3,60,Arterial Other
T20230019671,2023/8/20,18:21:00,1,Collision with vehicle,1,Sunday,162,ACCIDENT OR BROKEN DOWN,2,779442,2,0,0,1,1,2,1,5,Not at intersection,3,80,Freeway
T20230019883,2023/8/20,18:30:00,1,Collision with vehicle,0,Sunday,111,RIGHT FAR (INTERSECTIONS ONLY),2,40020,2,0,0,1,1,2,2,2,T intersection,3,50,Local Road
T20230021867,2023/8/20,16:35:00,1,Collision with vehicle,0,Sunday,130,REAR END(VEHICLES IN SAME LANE),1,798446,3,0,0,1,2,3,1,5,Not at intersection,3,80,Freeway
T20230019428,2023/8/20,0:30:00,2,Struck Pedestrian,0,Sunday,101,PED EMERGES FROM IN FRONT OF PARKED OR STATIONARY VEHICLE,3,779231,1,0,0,1,2,3,1,5,Not at intersection,3,60,Arterial Other
T20230019673,2023/8/20,13:30:00,1,Collision with vehicle,0,Sunday,120,HEAD ON (NOT OVERTAKING),1,779736,2,0,0,1,1,2,2,5,Not at intersection,3,999,Local Road
T20230019466,2023/8/20,20:30:00,1,Collision with vehicle,1,Sunday,121,RIGHT THROUGH,3,260158,2,0,1,0,1,2,1,5,Not at intersection,2,60,Arterial Other
T20230019471,2023/8/20,18:55:00,6,Vehicle overturned (no collision),1,Sunday,180,OFF CARRIAGEWAY ON RIGHT BEND,2,795999,1,0,1,0,0,1,1,5,Not at intersection,2,100,
T20230019463,2023/8/20,17:45:00,6,Vehicle overturned (no collision),0,Sunday,174,OUT OF CONTROL ON CARRIAGEWAY (ON STRAIGHT),2,779920,1,0,0,1,1,2,1,5,Not at intersection,3,888,Local Road
T20230022624,2023/8/20,16:43:00,1,Collision with vehicle,0,Sunday,137,LEFT TURN SIDESWIPE,1,781771,2,0,0,1,1,2,2,2,T intersection,3,60,Arterial Other
T20230019474,2023/8/20,18:54:00,1,Collision with vehicle,1,Sunday,160,VEHICLE COLLIDES WITH VEHICLE PARKED ON LEFT OF ROAD,3,779201,2,1,0,0,0,1,1,5,Not at intersection,1,50,Local Road
T20230019617,2023/8/20,10:00:00,8,No collision and no object struck,0,Sunday,174,OUT OF CONTROL ON CARRIAGEWAY (ON STRAIGHT),1,799055,1,0,1,0,0,1,2,5,Not at intersection,2,100,Local Road
T20230019478,2023/8/20,23:55:00,1,Collision with vehicle,0,Sunday,162,ACCIDENT OR BROKEN DOWN,5,779646,2,0,0,4,0,4,1,5,Not at intersection,3,80,Freeway
T20230019830,2023/8/20,12:30:00,5,collision with some other object,0,Sunday,181,OFF RIGHT BEND INTO OBJECT/PARKED VEHICLE,9,780039,1,0,0,1,0,1,2,5,Not at intersection,3,999,Local Road
T20230019575,2023/8/21,20:30:00,1,Collision with vehicle,1,Monday,130,REAR END(VEHICLES IN SAME LANE),5,357201,2,0,0,5,0,5,1,2,T intersection,3,100,Arterial Highway
T20230019485,2023/8/21,2:30:00,1,Collision with vehicle,1,Monday,160,VEHICLE COLLIDES WITH VEHICLE PARKED ON LEFT OF ROAD,3,295491,2,0,0,1,0,1,1,5,Not at intersection,3,60,Arterial Highway
T20230019571,2023/8/21,15:14:00,1,Collision with vehicle,2,Monday,120,HEAD ON (NOT OVERTAKING),1,779337,2,0,0,2,1,3,1,5,Not at intersection,3,60,Arterial Other
T20230019672,2023/8/21,6:05:00,6,Vehicle overturned (no collision),1,Monday,174,OUT OF CONTROL ON CARRIAGEWAY (ON STRAIGHT),9,789032,1,0,0,1,0,1,2,5,Not at intersection,3,888,Local Road
T20230021172,2023/8/21,17:30:00,1,Collision with vehicle,1,Monday,110,CROSS TRAFFIC(INTERSECTIONS ONLY),1,789588,2,0,0,1,1,2,2,1,Cross intersection,3,80,
T20230020094,2023/8/21,8:11:00,1,Collision with vehicle,1,Monday,130,REAR END(VEHICLES IN SAME LANE),1,779952,2,0,0,1,1,2,2,5,Not at intersection,3,80,Arterial Other
T20230019578,2023/8/21,21:50:00,2,Struck Pedestrian,2,Monday,100,PED NEAR SIDE. PED HIT BY VEHICLE FROM THE RIGHT.,3,795212,1,0,1,0,1,2,1,2,T intersection,2,70,Arterial Highway
T20230020562,2023/8/21,15:07:00,1,Collision with vehicle,2,Monday,130,REAR END(VEHICLES IN SAME LANE),1,780296,2,0,0,2,2,4,1,5,Not at intersection,3,80,Arterial Other
T20230019570,2023/8/21,19:20:00,1,Collision with vehicle,1,Monday,120,HEAD ON (NOT OVERTAKING),2,780755,2,0,0,1,1,2,1,5,Not at intersection,3,40,Local Road
T20230019484,2023/8/21,6:10:00,1,Collision with vehicle,2,Monday,147,VEHICLE STRIKES ANOTHER VEH WHILE EMERGING FROM DRIVEWAY,5,792952,3,0,2,0,1,3,1,5,Not at intersection,2,100,
T20230019518,2023/8/21,8:30:00,1,Collision with vehicle,2,Monday,121,RIGHT THROUGH,1,722746,2,0,0,2,0,2,1,1,Cross intersection,3,60,Arterial Highway
T20230019520,2023/8/21,6:35:00,1,Collision with vehicle,1,Monday,130,REAR END(VEHICLES IN SAME LANE),2,57388,4,0,0,1,3,4,1,2,T intersection,3,70,Arterial Other
T20230019532,2023/8/21,9:58:00,1,Collision with vehicle,1,Monday,181,OFF RIGHT BEND INTO OBJECT/PARKED VEHICLE,1,798506,2,0,1,0,0,1,1,5,Not at intersection,2,50,Local Road
T20230019533,2023/8/21,14:07:00,1,Collision with vehicle,1,Monday,110,CROSS TRAFFIC(INTERSECTIONS ONLY),1,29397,2,0,0,1,1,2,1,1,Cross intersection,3,60,Arterial Other
T20230023715,2023/8/21,19:49:00,3,Struck animal,1,Monday,167,STRUCK ANIMAL,5,782743,1,0,0,1,0,1,1,5,Not at intersection,3,80,Arterial Other
T20230019537,2023/8/21,13:05:00,1,Collision with vehicle,2,Monday,121,RIGHT THROUGH,1,779531,2,0,1,0,1,2,1,1,Cross intersection,2,80,Arterial Other
T20230019577,2023/8/21,22:45:00,6,Vehicle overturned (no collision),2,Monday,180,OFF CARRIAGEWAY ON RIGHT BEND,3,789031,1,0,1,0,0,1,1,5,Not at intersection,2,60,
T20230019479,2023/8/21,0:14:00,1,Collision with vehicle,1,Monday,160,VEHICLE COLLIDES WITH VEHICLE PARKED ON LEFT OF ROAD,3,660523,2,0,0,1,0,1,1,5,Not at intersection,3,60,Arterial Other
T20230019568,2023/8/21,16:30:00,1,Collision with vehicle,2,Monday,135,LANE CHANGE LEFT (NOT OVERTAKING),2,1288,2,0,1,0,1,2,1,2,T intersection,2,60,Arterial Other
T20230020350,2023/8/21,15:59:00,1,Collision with vehicle,1,Monday,130,REAR END(VEHICLES IN SAME LANE),1,780003,2,0,0,1,1,2,2,5,Not at intersection,3,80,Arterial Other
T20230019488,2023/8/21,7:26:00,4,Collision with a fixed object,1,Monday,173,RIGHT OFF CARRIAGEWAY INTO OBJECT/PARKED VEHICLE,1,780195,1,0,1,0,0,1,1,5,Not at intersection,2,60,Arterial Other
T20230019499,2023/8/21,7:22:00,6,Vehicle overturned (no collision),2,Monday,174,OUT OF CONTROL ON CARRIAGEWAY (ON STRAIGHT),1,782835,1,0,1,0,0,1,1,5,Not at intersection,2,70,Arterial Other
T20230019566,2023/8/21,16:41:00,1,Collision with vehicle,2,Monday,130,REAR END(VEHICLES IN SAME LANE),2,780754,4,0,0,1,4,5,1,5,Not at intersection,3,100,Freeway
T20230019501,2023/8/21,10:59:00,2,Struck Pedestrian,2,Monday,102,FAR SIDE. PED HIT BY VEHICLE FROM THE LEFT,1,779335,1,0,1,0,1,2,1,5,Not at intersection,2,60,Arterial Other
T20230019564,2023/8/21,16:30:00,6,Vehicle overturned (no collision),2,Monday,174,OUT OF CONTROL ON CARRIAGEWAY (ON STRAIGHT),1,779336,1,0,1,0,0,1,1,5,Not at intersection,2,100,Freeway
T20230019558,2023/8/21,17:10:00,1,Collision with vehicle,2,Monday,121,RIGHT THROUGH,1,39157,2,0,0,1,1,2,1,1,Cross intersection,3,60,Arterial Other
T20230019557,2023/8/21,18:20:00,1,Collision with vehicle,2,Monday,130,REAR END(VEHICLES IN SAME LANE),2,313692,3,0,0,1,3,4,1,5,Not at intersection,3,40,Freeway
T20230019503,2023/8/21,9:52:00,1,Collision with vehicle,2,Monday,121,RIGHT THROUGH,1,889,2,0,1,1,2,4,1,2,T intersection,2,80,Arterial Highway
T20230019508,2023/8/21,10:33:00,1,Collision with vehicle,2,Monday,120,HEAD ON (NOT OVERTAKING),1,779996,2,0,1,2,0,3,1,5,Not at intersection,2,40,Local Road
T20230023587,2023/8/21,18:00:00,1,Collision with vehicle,1,Monday,140,U TURN,3,30026,2,0,0,1,1,2,1,5,Not at intersection,3,60,Arterial Other
T20230019562,2023/8/21,17:06:00,1,Collision with vehicle,1,Monday,110,CROSS TRAFFIC(INTERSECTIONS ONLY),1,7457,2,0,0,1,4,5,1,1,Cross intersection,3,60,
T20230019549,2023/8/21,16:20:00,4,Collision with a fixed object,1,Monday,171,LEFT OFF CARRIAGEWAY INTO OBJECT/PARKED VEHICLE,1,780124,1,0,0,1,0,1,1,5,Not at intersection,3,100,Local Road
T20230026170,2023/8/21,5:02:00,8,No collision and no object struck,2,Monday,174,OUT OF CONTROL ON CARRIAGEWAY (ON STRAIGHT),3,793492,1,0,1,0,1,2,1,1,Cross intersection,2,40,Local Road
T20230020452,2023/8/21,15:00:00,1,Collision with vehicle,1,Monday,148,VEHICLE OFF FOOTPATH STRIKES VEH ON CARRIAGEWAY,1,352603,2,0,0,1,1,2,2,5,Not at intersection,3,80,Arterial Highway
T20230028368,2023/8/21,12:00:00,1,Collision with vehicle,1,Monday,130,REAR END(VEHICLES IN SAME LANE),1,790122,2,0,0,1,1,2,2,1,Cross intersection,3,50,Arterial Other
T20230019544,2023/8/21,14:10:00,4,Collision with a fixed object,2,Monday,173,RIGHT OFF CARRIAGEWAY INTO OBJECT/PARKED VEHICLE,1,789052,1,0,1,0,1,2,1,5,Not at intersection,2,100,Freeway
T20230019712,2023/8/22,16:45:00,1,Collision with vehicle,3,Tuesday,130,REAR END(VEHICLES IN SAME LANE),2,145825,2,0,0,1,1,2,2,5,Not at intersection,3,40,Local Road
T20230019604,2023/8/22,6:00:00,1,Collision with vehicle,2,Tuesday,111,RIGHT FAR (INTERSECTIONS ONLY),1,50109,2,0,0,1,1,2,2,1,Cross intersection,3,999,Arterial Other
T20230020928,2023/8/22,6:10:00,1,Collision with vehicle,3,Tuesday,130,REAR END(VEHICLES IN SAME LANE),2,780409,2,0,0,1,1,2,2,5,Not at intersection,3,100,Freeway
T20230019630,2023/8/22,16:50:00,1,Collision with vehicle,3,Tuesday,121,RIGHT THROUGH,1,237748,2,0,1,2,0,3,1,2,T intersection,2,80,Arterial Other
T20230023075,2023/8/22,14:30:00,8,No collision and no object struck,3,Tuesday,170,OFF CARRIAGEWAY TO LEFT,1,798659,1,0,0,1,0,1,1,1,Cross intersection,3,100,
T20230019581,2023/8/22,2:30:00,1,Collision with vehicle,3,Tuesday,110,CROSS TRAFFIC(INTERSECTIONS ONLY),3,47601,2,0,2,1,2,5,1,1,Cross intersection,2,60,Arterial Other
T20230019938,2023/8/22,16:00:00,1,Collision with vehicle,2,Tuesday,110,CROSS TRAFFIC(INTERSECTIONS ONLY),1,15421,3,0,0,3,2,5,1,1,Cross intersection,3,60,Local Road
T20230023010,2023/8/22,11:30:00,1,Collision with vehicle,2,Tuesday,120,HEAD ON (NOT OVERTAKING),9,782067,2,0,0,1,1,2,2,2,T intersection,3,50,Local Road
T20230021987,2023/8/22,18:20:00,1,Collision with vehicle,2,Tuesday,130,REAR END(VEHICLES IN SAME LANE),6,265529,2,0,0,1,1,2,2,1,Cross intersection,3,999,Local Road
T20230019853,2023/8/22,16:00:00,6,Vehicle overturned (no collision),3,Tuesday,184,OUT OF CONTROL ON CARRIAGEWAY (ON BEND),1,792950,1,0,0,1,0,1,2,5,Not at intersection,3,100,
T20230019640,2023/8/22,17:53:00,1,Collision with vehicle,3,Tuesday,121,RIGHT THROUGH,2,12019,2,0,0,3,0,3,1,2,T intersection,3,80,Local Road
T20230019635,2023/8/22,17:22:00,1,Collision with vehicle,2,Tuesday,139,OTHER SAME DIRECTION-MANOUEVRES NOT INCLUDED IN DCAs 130-137,2,798587,2,0,0,1,1,2,1,5,Not at intersection,3,60,Local Road
T20230020874,2023/8/22,11:35:00,1,Collision with vehicle,2,Tuesday,121,RIGHT THROUGH,1,38452,2,0,0,1,1,2,1,2,T intersection,3,60,Arterial Other
T20230019589,2023/8/22,9:00:00,2,Struck Pedestrian,2,Tuesday,100,PED NEAR SIDE. PED HIT BY VEHICLE FROM THE RIGHT.,1,36379,1,0,0,2,0,2,1,2,T intersection,3,999,Local Road
T20230019720,2023/8/22,12:30:00,8,No collision and no object struck,2,Tuesday,179,OTHER ACCIDENTS-OFF STRAIGHT NOT INCLUDED IN DCAs 170-175,1,789270,1,0,0,1,0,1,2,5,Not at intersection,3,50,Local Road
T20230020341,2023/8/22,6:50:00,1,Collision with vehicle,3,Tuesday,137,LEFT TURN SIDESWIPE,3,1335,2,0,1,0,1,2,2,1,Cross intersection,2,60,Arterial Other
T20230019639,2023/8/22,15:45:00,2,Struck Pedestrian,3,Tuesday,100,PED NEAR SIDE. PED HIT BY VEHICLE FROM THE RIGHT.,1,779438,1,0,1,0,1,2,1,1,Cross intersection,2,60,Arterial Other
T20230019658,2023/8/22,22:30:00,4,Collision with a fixed object,2,Tuesday,171,LEFT OFF CARRIAGEWAY INTO OBJECT/PARKED VEHICLE,5,798588,1,0,0,1,0,1,1,5,Not at intersection,3,100,Arterial Highway
T20230019636,2023/8/22,13:30:00,1,Collision with vehicle,3,Tuesday,130,REAR END(VEHICLES IN SAME LANE),1,40690,2,0,0,1,2,3,1,2,T intersection,3,60,Arterial Other
T20230019608,2023/8/22,12:51:00,1,Collision with vehicle,2,Tuesday,147,VEHICLE STRIKES ANOTHER VEH WHILE EMERGING FROM DRIVEWAY,1,789269,2,0,0,1,2,3,1,5,Not at intersection,3,40,Local Road
T20230019634,2023/8/22,13:00:00,1,Collision with vehicle,2,Tuesday,140,U TURN,1,798652,2,0,0,1,1,2,1,2,T intersection,3,70,
T20230019595,2023/8/22,9:12:00,1,Collision with vehicle,3,Tuesday,121,RIGHT THROUGH,2,61041,2,0,0,1,2,3,1,1,Cross intersection,3,60,Arterial Other
T20230019633,2023/8/22,15:35:00,1,Collision with vehicle,3,Tuesday,130,REAR END(VEHICLES IN SAME LANE),1,779339,2,0,0,2,2,4,1,3,Y intersection,3,80,Local Road
T20230019631,2023/8/22,8:30:00,1,Collision with vehicle,2,Tuesday,163,VEHICLE STRIKES DOOR OF PARKED/STATIONARY VEHICLE,1,789007,2,0,0,1,2,3,2,5,Not at intersection,3,40,Local Road
T20230020068,2023/8/22,8:20:00,1,Collision with vehicle,3,Tuesday,130,REAR END(VEHICLES IN SAME LANE),2,780695,2,0,0,1,3,4,2,5,Not at intersection,3,60,Arterial Other
T20230019642,2023/8/22,13:00:00,1,Collision with vehicle,2,Tuesday,130,REAR END(VEHICLES IN SAME LANE),9,781755,2,0,0,1,1,2,2,5,Not at intersection,3,999,Arterial Other
T20230020676,2023/8/22,14:50:00,1,Collision with vehicle,3,Tuesday,130,REAR END(VEHICLES IN SAME LANE),1,780230,2,0,0,1,1,2,1,5,Not at intersection,3,100,Freeway
T20230019645,2023/8/22,16:45:00,2,Struck Pedestrian,2,Tuesday,100,PED NEAR SIDE. PED HIT BY VEHICLE FROM THE RIGHT.,1,45180,1,0,0,1,2,3,1,1,Cross intersection,3,40,Arterial Highway
T20230019704,2023/8/22,19:30:00,2,Struck Pedestrian,3,Tuesday,100,PED NEAR SIDE. PED HIT BY VEHICLE FROM THE RIGHT.,5,345441,1,0,0,1,1,2,2,1,Cross intersection,3,999,Arterial Highway
T20230020213,2023/8/22,15:30:00,1,Collision with vehicle,2,Tuesday,130,REAR END(VEHICLES IN SAME LANE),9,780947,2,0,0,1,1,2,2,3,Y intersection,3,100,Freeway
T20230019611,2023/8/22,7:50:00,1,Collision with vehicle,2,Tuesday,160,VEHICLE COLLIDES WITH VEHICLE PARKED ON LEFT OF ROAD,1,798586,3,0,0,1,1,2,2,2,T intersection,3,60,Local Road
T20230019615,2023/8/22,11:30:00,1,Collision with vehicle,2,Tuesday,121,RIGHT THROUGH,1,780536,2,0,0,1,2,3,1,2,T intersection,3,80,Arterial Highway
T20230019653,2023/8/22,21:00:00,1,Collision with vehicle,3,Tuesday,130,REAR END(VEHICLES IN SAME LANE),5,779439,2,0,1,2,1,4,1,5,Not at intersection,2,80,Freeway
T20230019768,2023/8/22,16:30:00,1,Collision with vehicle,2,Tuesday,135,LANE CHANGE LEFT (NOT OVERTAKING),1,138749,2,0,0,1,1,2,2,1,Cross intersection,3,999,Arterial Other
T20230019625,2023/8/22,13:15:00,1,Collision with vehicle,3,Tuesday,160,VEHICLE COLLIDES WITH VEHICLE PARKED ON LEFT OF ROAD,1,292595,2,0,1,0,0,1,2,5,Not at intersection,2,60,Arterial Other