ACCIDENT_NO,ACCIDENT_DATE,ACCIDENT_TIME,ACCIDENT_TYPE,ACCIDENT_TYPE_DESC,DAY_OF_WEEK,DAY_WEEK_DESC,DCA_CODE,DCA_DESC,LIGHT_CONDITION,NODE_ID,NO_OF_VEHICLES,NO_PERSONS_KILLED,NO_PERSONS_INJ_2,NO_PERSONS_INJ_3,NO_PERSONS_NOT_INJ,NO_PERSONS,POLICE_ATTEND,ROAD_GEOMETRY,ROAD_GEOMETRY_DESC,SEVERITY,SPEED_ZONE,RMA
T20230019626,2023/8/22,7:30:00,1,Collision with vehicle,2,Tuesday,130,REAR END(VEHICLES IN SAME LANE),2,653184,2,0,0,2,2,4,2,1,Cross intersection,3,999,Local Road
T20230019655,2023/8/22,17:30:00,1,Collision with vehicle,2,Tuesday,130,REAR END(VEHICLES IN SAME LANE),1,299089,2,0,0,1,1,2,2,2,T intersection,3,60,Arterial Other
T20230019601,2023/8/22,7:47:00,1,Collision with vehicle,3,Tuesday,130,REAR END(VEHICLES IN SAME LANE),2,779338,7,0,0,3,7,10,1,5,Not at intersection,3,100,Freeway
T20230020927,2023/8/22,16:10:00,1,Collision with vehicle,2,Tuesday,130,REAR END(VEHICLES IN SAME LANE),1,780408,2,0,0,1,1,2,2,5,Not at intersection,3,70,Arterial Highway
T20230019614,2023/8/22,7:45:00,4,Collision with a fixed object,2,Tuesday,179,OTHER ACCIDENTS-OFF STRAIGHT NOT INCLUDED IN DCAs 170-175,1,789271,1,0,0,1,0,1,1,5,Not at intersection,3,60,Local Road
T20230019685,2023/8/23,12:36:00,1,Collision with vehicle,4,Wednesday,121,RIGHT THROUGH,1,29953,2,0,0,2,0,2,1,1,Cross intersection,3,70,Arterial Highway
T20230019709,2023/8/23,18:40:00,1,Collision with vehicle,4,Wednesday,121,RIGHT THROUGH,2,65831,2,0,0,1,2,3,1,1,Cross intersection,3,40,Arterial Other
T20230019708,2023/8/23,16:55:00,1,Collision with vehicle,4,Wednesday,163,VEHICLE STRIKES DOOR OF PARKED/STATIONARY VEHICLE,2,779578,2,0,1,0,1,2,1,5,Not at intersection,2,60,Arterial Other
T20230020140,2023/8/23,17:15:00,1,Collision with vehicle,3,Wednesday,120,HEAD ON (NOT OVERTAKING),2,779795,2,0,0,1,1,2,1,5,Not at intersection,3,80,Arterial Other
T20230019707,2023/8/23,17:34:00,1,Collision with vehicle,4,Wednesday,130,REAR END(VEHICLES IN SAME LANE),2,67581,3,0,1,0,3,4,1,2,T intersection,2,60,Arterial Other
T20230019762,2023/8/23,19:00:00,1,Collision with vehicle,4,Wednesday,113,RIGHT NEAR (INTERSECTIONS ONLY),3,36206,2,0,0,1,1,2,2,2,T intersection,3,999,Arterial Other
T20230019701,2023/8/23,7:45:00,2,Struck Pedestrian,4,Wednesday,102,FAR SIDE. PED HIT BY VEHICLE FROM THE LEFT,1,779444,1,0,0,1,1,2,2,5,Not at intersection,3,50,Local Road
T20230020767,2023/8/23,20:58:00,1,Collision with vehicle,3,Wednesday,111,RIGHT FAR (INTERSECTIONS ONLY),3,1013,2,0,0,1,1,2,1,1,Cross intersection,3,80,Arterial Highway
T20230019697,2023/8/23,12:02:00,1,Collision with vehicle,4,Wednesday,130,REAR END(VEHICLES IN SAME LANE),1,793923,2,0,1,0,1,2,1,1,Cross intersection,2,60,Local Road
T20230019691,2023/8/23,15:00:00,4,Collision with a fixed object,3,Wednesday,173,RIGHT OFF CARRIAGEWAY INTO OBJECT/PARKED VEHICLE,1,798901,1,0,0,1,0,1,2,2,T intersection,3,60,
T20230019687,2023/8/23,10:36:00,1,Collision with vehicle,3,Wednesday,111,RIGHT FAR (INTERSECTIONS ONLY),1,41521,2,0,1,1,0,2,1,2,T intersection,2,60,Arterial Highway
T20230019916,2023/8/23,14:15:00,1,Collision with vehicle,3,Wednesday,130,REAR END(VEHICLES IN SAME LANE),1,781759,2,0,0,1,1,2,2,5,Not at intersection,3,60,Arterial Highway
T20230020642,2023/8/23,11:00:00,2,Struck Pedestrian,4,Wednesday,109,ANY MANOEUVRE INVOLVING PED NOT INCLUDED IN DCAs 100-108.,1,780524,1,0,0,1,1,2,2,5,Not at intersection,3,60,Arterial Other
T20230023007,2023/8/23,9:00:00,1,Collision with vehicle,3,Wednesday,139,OTHER SAME DIRECTION-MANOUEVRES NOT INCLUDED IN DCAs 130-137,1,782066,3,0,0,1,2,3,2,5,Not at intersection,3,70,Arterial Other
T20230019761,2023/8/23,6:50:00,2,Struck Pedestrian,3,Wednesday,100,PED NEAR SIDE. PED HIT BY VEHICLE FROM THE RIGHT.,1,789423,1,0,0,1,0,1,2,5,Not at intersection,3,888,Arterial Other
T20230021558,2023/8/23,21:40:00,1,Collision with vehicle,3,Wednesday,163,VEHICLE STRIKES DOOR OF PARKED/STATIONARY VEHICLE,6,782055,2,0,0,1,1,2,2,5,Not at intersection,3,60,Arterial Other
T20230019714,2023/8/23,17:00:00,4,Collision with a fixed object,4,Wednesday,171,LEFT OFF CARRIAGEWAY INTO OBJECT/PARKED VEHICLE,1,789458,1,0,1,0,0,1,1,5,Not at intersection,2,50,Arterial Other
T20230021272,2023/8/23,5:45:00,3,Struck animal,4,Wednesday,167,STRUCK ANIMAL,6,780761,1,0,0,1,0,1,1,5,Not at intersection,3,80,Local Road
T20230020171,2023/8/23,12:20:00,1,Collision with vehicle,3,Wednesday,113,RIGHT NEAR (INTERSECTIONS ONLY),1,231578,3,0,0,1,3,4,1,1,Cross intersection,3,80,Arterial Other
T20230022504,2023/8/23,8:00:00,1,Collision with vehicle,4,Wednesday,160,VEHICLE COLLIDES WITH VEHICLE PARKED ON LEFT OF ROAD,1,789277,2,0,0,1,0,1,2,5,Not at intersection,3,50,Local Road
T20230019675,2023/8/23,7:30:00,1,Collision with vehicle,3,Wednesday,130,REAR END(VEHICLES IN SAME LANE),1,798838,3,0,1,1,1,3,1,5,Not at intersection,2,60,Arterial Other
T20230021009,2023/8/23,9:00:00,1,Collision with vehicle,3,Wednesday,130,REAR END(VEHICLES IN SAME LANE),2,780694,2,0,0,1,1,2,1,5,Not at intersection,3,80,Local Road
T20230020463,2023/8/23,15:30:00,9,Other accident,3,Wednesday,179,OTHER ACCIDENTS-OFF STRAIGHT NOT INCLUDED IN DCAs 170-175,9,33747,1,0,1,0,0,1,2,1,Cross intersection,2,60,Arterial Highway
T20230020070,2023/8/23,15:28:00,1,Collision with vehicle,3,Wednesday,130,REAR END(VEHICLES IN SAME LANE),1,799252,2,0,0,1,1,2,2,5,Not at intersection,3,80,Arterial Highway
T20230019758,2023/8/23,21:40:00,3,Struck animal,3,Wednesday,167,STRUCK ANIMAL,5,779540,1,0,0,2,1,3,2,5,Not at intersection,3,100,Arterial Highway
T20230019749,2023/8/23,13:00:00,8,No collision and no object struck,4,Wednesday,189,OTHER ACCIDENTS ON CURVE NOT INCLUDED IN DCAs 180-184,1,779539,1,0,1,0,0,1,2,5,Not at intersection,2,80,Arterial Other
T20230020312,2023/8/23,9:00:00,1,Collision with vehicle,4,Wednesday,160,VEHICLE COLLIDES WITH VEHICLE PARKED ON LEFT OF ROAD,1,61619,2,0,1,0,0,1,2,2,T intersection,2,999,Local Road
T20230019683,2023/8/23,8:45:00,1,Collision with vehicle,4,Wednesday,130,REAR END(VEHICLES IN SAME LANE),2,780513,2,0,0,1,3,4,1,5,Not at intersection,3,80,Arterial Other
T20230019738,2023/8/23,6:40:00,1,Collision with vehicle,3,Wednesday,114,TWO RIGHT TURNING (INTERSECTIONS ONLY),3,779714,2,0,1,0,1,2,2,2,T intersection,2,60,Arterial Other
T20230019734,2023/8/23,21:54:00,4,Collision with a fixed object,4,Wednesday,173,RIGHT OFF CARRIAGEWAY INTO OBJECT/PARKED VEHICLE,3,138017,1,0,3,1,0,4,1,5,Not at intersection,2,70,Arterial Highway
T20230019732,2023/8/23,18:45:00,2,Struck Pedestrian,4,Wednesday,101,PED EMERGES FROM IN FRONT OF PARKED OR STATIONARY VEHICLE,3,36354,1,0,1,0,1,2,1,2,T intersection,2,60,Arterial Other
T20230019728,2023/8/23,19:00:00,2,Struck Pedestrian,3,Wednesday,100,PED NEAR SIDE. PED HIT BY VEHICLE FROM THE RIGHT.,3,785953,1,0,1,0,1,2,1,5,Not at intersection,2,70,Arterial Highway
T20230019844,2023/8/23,9:00:00,1,Collision with vehicle,3,Wednesday,137,LEFT TURN SIDESWIPE,1,205,2,0,0,1,0,1,2,1,Cross intersection,3,40,Local Road
T20230019846,2023/8/23,8:45:00,1,Collision with vehicle,4,Wednesday,130,REAR END(VEHICLES IN SAME LANE),2,779812,2,0,0,1,2,3,2,5,Not at intersection,3,60,Arterial Highway
T20230019682,2023/8/23,11:12:00,1,Collision with vehicle,4,Wednesday,130,REAR END(VEHICLES IN SAME LANE),1,779890,3,0,1,1,1,3,1,5,Not at intersection,2,100,Freeway
T20230019668,2023/8/23,6:50:00,2,Struck Pedestrian,4,Wednesday,102,FAR SIDE. PED HIT BY VEHICLE FROM THE LEFT,2,780060,1,0,0,1,1,2,1,5,Not at intersection,3,40,Arterial Highway
T20230020673,2023/8/23,16:08:00,1,Collision with vehicle,3,Wednesday,133,LANE SIDE SWIPE (VEHICLES IN PARALLEL LANES),1,780135,2,0,0,1,1,2,1,5,Not at intersection,3,100,Freeway
T20230025214,2023/8/23,8:00:00,2,Struck Pedestrian,4,Wednesday,104,PED WALKING WITH TRAFFIC,1,64558,1,0,1,0,1,2,2,5,Not at intersection,2,60,Arterial Other
T20230019665,2023/8/23,6:35:00,2,Struck Pedestrian,4,Wednesday,100,PED NEAR SIDE. PED HIT BY VEHICLE FROM THE RIGHT.,2,779440,1,0,0,1,1,2,1,1,Cross intersection,3,60,Arterial Highway
T20230019663,2023/8/23,2:46:00,1,Collision with vehicle,4,Wednesday,130,REAR END(VEHICLES IN SAME LANE),3,779788,2,0,1,0,1,2,1,5,Not at intersection,2,60,Freeway
T20230019727,2023/8/23,17:50:00,1,Collision with vehicle,4,Wednesday,113,RIGHT NEAR (INTERSECTIONS ONLY),1,526,2,0,1,0,1,2,1,2,T intersection,2,60,Arterial Other
T20230023487,2023/8/23,17:44:00,1,Collision with vehicle,4,Wednesday,130,REAR END(VEHICLES IN SAME LANE),2,774931,4,0,0,1,3,4,1,5,Not at intersection,3,100,Freeway
T20230019722,2023/8/23,11:15:00,1,Collision with vehicle,4,Wednesday,130,REAR END(VEHICLES IN SAME LANE),1,15403,2,0,1,0,1,2,2,1,Cross intersection,2,40,Local Road
T20230019773,2023/8/23,16:11:00,1,Collision with vehicle,3,Wednesday,121,RIGHT THROUGH,1,43517,2,0,1,0,1,2,1,1,Cross intersection,2,80,Arterial Other
T20230019719,2023/8/23,17:29:00,2,Struck Pedestrian,4,Wednesday,100,PED NEAR SIDE. PED HIT BY VEHICLE FROM THE RIGHT.,1,779713,1,0,2,0,0,2,1,5,Not at intersection,2,70,Arterial Other
T20230019718,2023/8/23,16:30:00,1,Collision with vehicle,3,Wednesday,130,REAR END(VEHICLES IN SAME LANE),2,780140,3,0,0,2,2,4,1,5,Not at intersection,3,80,Arterial Highway
T20230019715,2023/8/23,16:00:00,1,Collision with vehicle,4,Wednesday,120,HEAD ON (NOT OVERTAKING),1,780595,4,0,0,2,2,4,1,5,Not at intersection,3,999,Local Road
T20230019711,2023/8/23,16:46:00,4,Collision with a fixed object,4,Wednesday,179,OTHER ACCIDENTS-OFF STRAIGHT NOT INCLUDED IN DCAs 170-175,1,779537,2,0,0,1,1,2,1,5,Not at intersection,3,60,Arterial Other
T20230019786,2023/8/23,20:20:00,4,Collision with a fixed object,4,Wednesday,171,LEFT OFF CARRIAGEWAY INTO OBJECT/PARKED VEHICLE,3,789478,1,0,0,1,1,2,1,5,Not at intersection,3,60,Arterial Other
T20230019710,2023/8/23,18:30:00,1,Collision with vehicle,3,Wednesday,110,CROSS TRAFFIC(INTERSECTIONS ONLY),3,45540,2,0,0,1,3,4,1,1,Cross intersection,3,60,Arterial Other
T20230021544,2023/8/24,15:40:00,1,Collision with vehicle,4,Thursday,130,REAR END(VEHICLES IN SAME LANE),9,789648,2,0,0,1,1,2,2,5,Not at intersection,3,999,Arterial Other
T20230019794,2023/8/24,16:50:00,1,Collision with vehicle,4,Thursday,130,REAR END(VEHICLES IN SAME LANE),1,798896,3,0,0,1,2,3,1,5,Not at intersection,3,70,Arterial Highway
T20230019746,2023/8/24,8:30:00,1,Collision with vehicle,5,Thursday,130,REAR END(VEHICLES IN SAME LANE),1,780514,4,0,0,3,3,6,1,5,Not at intersection,3,60,Arterial Highway
T20230019793,2023/8/24,15:32:00,1,Collision with vehicle,5,Thursday,120,HEAD ON (NOT OVERTAKING),1,779965,2,1,1,0,4,6,1,5,Not at intersection,1,80,Arterial Highway
T20230019748,2023/8/24,8:15:00,1,Collision with vehicle,4,Thursday,121,RIGHT THROUGH,1,29816,2,0,0,1,1,2,1,1,Cross intersection,3,70,Arterial Other
T20230019777,2023/8/24,15:40:00,1,Collision with vehicle,4,Thursday,110,CROSS TRAFFIC(INTERSECTIONS ONLY),1,779715,2,0,0,1,1,2,1,1,Cross intersection,3,40,Local Road
T20230019775,2023/8/24,10:49:00,1,Collision with vehicle,5,Thursday,160,VEHICLE COLLIDES WITH VEHICLE PARKED ON LEFT OF ROAD,1,780828,3,0,1,0,0,1,1,5,Not at intersection,2,60,Local Road
T20230019750,2023/8/24,9:00:00,1,Collision with vehicle,4,Thursday,130,REAR END(VEHICLES IN SAME LANE),1,789643,2,0,0,3,0,3,1,5,Not at intersection,3,50,Local Road
T20230019766,2023/8/24,13:00:00,1,Collision with vehicle,4,Thursday,135,LANE CHANGE LEFT (NOT OVERTAKING),1,780125,2,0,0,1,1,2,1,5,Not at intersection,3,60,Arterial Highway
T20230019752,2023/8/24,8:10:00,1,Collision with vehicle,4,Thursday,130,REAR END(VEHICLES IN SAME LANE),2,779605,3,0,0,1,2,3,1,5,Not at intersection,3,80,Arterial Other
T20230020781,2023/8/24,20:00:00,1,Collision with vehicle,4,Thursday,130,REAR END(VEHICLES IN SAME LANE),9,793924,2,0,0,1,1,2,2,5,Not at intersection,3,80,Arterial Highway
T20230019789,2023/8/24,18:30:00,8,No collision and no object struck,5,Thursday,179,OTHER ACCIDENTS-OFF STRAIGHT NOT INCLUDED IN DCAs 170-175,3,784658,1,0,1,0,0,1,1,5,Not at intersection,2,50,Local Road
T20230019788,2023/8/24,16:55:00,1,Collision with vehicle,4,Thursday,130,REAR END(VEHICLES IN SAME LANE),1,779543,2,0,0,1,1,2,2,5,Not at intersection,3,70,Arterial Highway
T20230019763,2023/8/24,11:50:00,1,Collision with vehicle,4,Thursday,120,HEAD ON (NOT OVERTAKING),1,783751,2,0,1,0,2,3,1,5,Not at intersection,2,60,Arterial Other
T20230019787,2023/8/24,18:00:00,4,Collision with a fixed object,5,Thursday,171,LEFT OFF CARRIAGEWAY INTO OBJECT/PARKED VEHICLE,2,781449,1,0,0,1,0,1,2,5,Not at intersection,3,50,Local Road
T20230019753,2023/8/24,8:32:00,1,Collision with vehicle,4,Thursday,112,LEFT FAR (INTERSECTIONS ONLY),1,710776,2,0,0,1,1,2,1,1,Cross intersection,3,50,Local Road
T20230019783,2023/8/24,14:30:00,1,Collision with vehicle,5,Thursday,113,RIGHT NEAR (INTERSECTIONS ONLY),1,782614,2,0,1,0,1,2,2,2,T intersection,2,50,Local Road
T20230019756,2023/8/24,7:30:00,1,Collision with vehicle,4,Thursday,121,RIGHT THROUGH,2,779976,2,0,0,1,1,2,1,5,Not at intersection,3,60,Arterial Other
T20230019757,2023/8/24,10:23:00,1,Collision with vehicle,4,Thursday,130,REAR END(VEHICLES IN SAME LANE),1,798839,4,0,1,0,4,5,1,1,Cross intersection,2,60,Arterial Highway
T20230019778,2023/8/24,14:30:00,2,Struck Pedestrian,4,Thursday,109,ANY MANOEUVRE INVOLVING PED NOT INCLUDED IN DCAs 100-108.,1,789632,1,0,0,1,1,2,1,5,Not at intersection,3,999,Local Road
T20230020023,2023/8/24,15:00:00,1,Collision with vehicle,5,Thursday,130,REAR END(VEHICLES IN SAME LANE),1,257489,2,0,0,1,1,2,2,5,Not at intersection,3,60,Arterial Other
T20230019838,2023/8/24,21:30:00,4,Collision with a fixed object,5,Thursday,183,OFF LEFT BEND INTO OBJECT/PARKED VEHICLE,9,780622,1,1,0,0,0,1,1,5,Not at intersection,1,100,Arterial Highway
T20230020189,2023/8/24,20:15:00,1,Collision with vehicle,4,Thursday,130,REAR END(VEHICLES IN SAME LANE),3,286770,2,0,0,1,1,2,2,1,Cross intersection,3,80,Arterial Other
T20230019848,2023/8/24,22:15:00,2,Struck Pedestrian,4,Thursday,108,PED STRUCK WALKING TO/FROM OR BOARDING/ALIGHTING VEHICLE.,6,780070,1,0,0,1,1,2,2,5,Not at intersection,3,50,Local Road
T20230019735,2023/8/24,1:53:00,1,Collision with vehicle,4,Thursday,133,LANE SIDE SWIPE (VEHICLES IN PARALLEL LANES),3,779538,3,0,0,1,3,4,1,5,Not at intersection,3,40,Local Road
T20230020006,2023/8/24,18:00:00,1,Collision with vehicle,4,Thursday,147,VEHICLE STRIKES ANOTHER VEH WHILE EMERGING FROM DRIVEWAY,3,792256,2,0,1,0,1,2,2,5,Not at intersection,2,999,Local Road
T20230019760,2023/8/24,8:51:00,1,Collision with vehicle,4,Thursday,140,U TURN,1,782949,2,0,0,1,1,2,1,2,T intersection,3,60,Arterial Other
T20230019832,2023/8/24,14:00:00,2,Struck Pedestrian,4,Thursday,108,PED STRUCK WALKING TO/FROM OR BOARDING/ALIGHTING VEHICLE.,1,799251,1,0,0,1,1,2,2,5,Not at intersection,3,40,Local Road
T20230019801,2023/8/24,14:37:00,6,Vehicle overturned (no collision),5,Thursday,151,OUT OF CONTROL (OVERTAKING),1,789631,1,0,0,1,1,2,2,5,Not at intersection,3,999,Local Road
T20230020087,2023/8/24,16:20:00,1,Collision with vehicle,5,Thursday,130,REAR END(VEHICLES IN SAME LANE),9,780243,2,0,0,1,1,2,2,5,Not at intersection,3,100,Freeway
T20230020632,2023/8/24,16:56:00,1,Collision with vehicle,4,Thursday,130,REAR END(VEHICLES IN SAME LANE),1,321927,2,0,0,1,1,2,2,1,Cross intersection,3,70,Arterial Other
T20230019842,2023/8/24,17:04:00,1,Collision with vehicle,4,Thursday,110,CROSS TRAFFIC(INTERSECTIONS ONLY),1,50096,2,0,0,1,1,2,2,1,Cross intersection,3,50,Arterial Other
T20230029767,2023/8/24,7:10:00,8,No collision and no object struck,5,Thursday,174,OUT OF CONTROL ON CARRIAGEWAY (ON STRAIGHT),1,792723,1,0,1,0,0,1,2,5,Not at intersection,2,50,Arterial Other
T20230021834,2023/8/24,9:50:00,1,Collision with vehicle,4,Thursday,130,REAR END(VEHICLES IN SAME LANE),1,781836,2,0,0,1,1,2,1,5,Not at intersection,3,50,Local Road
T20230020412,2023/8/24,17:25:00,1,Collision with vehicle,5,Thursday,129,OTHER OPPOSING MANOEUVRES NOT INCLUDED IN DCAs 120-125.,2,36969,2,0,1,0,1,2,1,2,T intersection,2,80,Arterial Highway
T20230019805,2023/8/24,18:46:00,4,Collision with a fixed object,5,Thursday,173,RIGHT OFF CARRIAGEWAY INTO OBJECT/PARKED VEHICLE,3,779492,1,2,0,0,0,2,1,5,Not at intersection,1,50,Local Road
T20230019802,2023/8/24,17:15:00,1,Collision with vehicle,5,Thursday,130,REAR END(VEHICLES IN SAME LANE),1,792947,3,0,1,2,0,3,1,5,Not at intersection,2,80,
T20230019782,2023/8/24,16:15:00,1,Collision with vehicle,5,Thursday,121,RIGHT THROUGH,1,42214,2,0,1,0,1,2,1,2,T intersection,2,70,Arterial Other
T20230019797,2023/8/24,15:40:00,1,Collision with vehicle,5,Thursday,132,RIGHT REAR.,1,779943,2,0,1,0,4,5,1,5,Not at intersection,2,80,Arterial Highway
T20230019796,2023/8/24,12:26:00,1,Collision with vehicle,5,Thursday,130,REAR END(VEHICLES IN SAME LANE),1,779608,2,0,0,1,2,3,2,5,Not at intersection,3,50,Arterial Other
T20230020069,2023/8/25,11:00:00,2,Struck Pedestrian,6,Friday,106,VEH STRIKES PED ON FOOTPATH/MEDIAN/TRAFFIC ISLAND.,1,792943,1,0,1,0,1,2,9,5,Not at intersection,2,60,Local Road
T20230020694,2023/8/25,21:05:00,1,Collision with vehicle,6,Friday,130,REAR END(VEHICLES IN SAME LANE),3,789668,2,0,0,1,1,2,2,1,Cross intersection,3,60,Local Road
T20230020085,2023/8/25,21:00:00,5,collision with some other object,5,Friday,166,STRUCK OBJECT ON CARRIAGEWAY,6,781045,1,0,0,1,0,1,2,5,Not at intersection,3,999,Arterial Other
T20230021457,2023/8/25,23:00:00,8,No collision and no object struck,5,Friday,179,OTHER ACCIDENTS-OFF STRAIGHT NOT INCLUDED IN DCAs 170-175,4,780770,1,0,0,1,0,1,2,5,Not at intersection,3,110,Freeway
T20230020166,2023/8/25,22:00:00,1,Collision with vehicle,6,Friday,121,RIGHT THROUGH,3,780216,2,0,0,1,1,2,1,1,Cross intersection,3,60,Arterial Other
T20230020083,2023/8/25,17:30:00,1,Collision with vehicle,5,Friday,134,LANE CHANGE RIGHT (NOT OVERTAKING),2,779791,2,0,0,2,1,3,2,5,Not at intersection,3,60,Arterial Highway
T20230023451,2023/8/25,16:00:00,1,Collision with vehicle,5,Friday,130,REAR END(VEHICLES IN SAME LANE),1,782425,2,0,0,1,1,2,2,5,Not at intersection,3,999,Arterial Other
T20230020831,2023/8/25,16:30:00,1,Collision with vehicle,5,Friday,130,REAR END(VEHICLES IN SAME LANE),2,780306,2,0,0,1,2,3,2,5,Not at intersection,3,60,Arterial Other
T20230020188,2023/8/25,17:15:00,1,Collision with vehicle,5,Friday,130,REAR END(VEHICLES IN SAME LANE),2,779800,2,0,0,1,1,2,2,1,Cross intersection,3,60,Arterial Other
T20230020920,2023/8/25,23:38:00,1,Collision with vehicle,6,Friday,110,CROSS TRAFFIC(INTERSECTIONS ONLY),3,65831,2,0,1,0,1,2,1,1,Cross intersection,2,60,Arterial Other
T20230021400,2023/8/25,20:15:00,1,Collision with vehicle,5,Friday,160,VEHICLE COLLIDES WITH VEHICLE PARKED ON LEFT OF ROAD,3,780858,2,0,0,1,1,2,2,5,Not at intersection,3,999,Local Road
T20230019890,2023/8/25,19:07:00,6,Vehicle overturned (no collision),5,Friday,174,OUT OF CONTROL ON CARRIAGEWAY (ON STRAIGHT),3,780192,1,0,1,0,0,1,1,5,Not at intersection,2,80,Freeway
T20230019821,2023/8/25,10:15:00,2,Struck Pedestrian,5,Friday,100,PED NEAR SIDE. PED HIT BY VEHICLE FROM THE RIGHT.,1,266135,1,0,1,0,1,2,1,1,Cross intersection,2,70,Arterial Highway
T20230019820,2023/8/25,8:45:00,2,Struck Pedestrian,5,Friday,100,PED NEAR SIDE. PED HIT BY VEHICLE FROM THE RIGHT.,1,36822,1,0,1,0,1,2,1,2,T intersection,2,50,Local Road
T20230019814,2023/8/25,6:01:00,1,Collision with vehicle,6,Friday,130,REAR END(VEHICLES IN SAME LANE),2,779813,2,0,0,1,1,2,1,5,Not at intersection,3,100,Freeway
T20230019808,2023/8/25,0:30:00,2,Struck Pedestrian,5,Friday,101,PED EMERGES FROM IN FRONT OF PARKED OR STATIONARY VEHICLE,3,779544,1,0,0,1,1,2,1,1,Cross intersection,3,40,Local Road
T20230019877,2023/8/25,17:05:00,1,Collision with vehicle,5,Friday,111,RIGHT FAR (INTERSECTIONS ONLY),1,789656,2,0,0,1,1,2,2,2,T intersection,3,50,Local Road
T20230019841,2023/8/25,10:05:00,1,Collision with vehicle,6,Friday,110,CROSS TRAFFIC(INTERSECTIONS ONLY),1,49613,2,0,1,0,1,2,1,1,Cross intersection,2,100,Arterial Other
T20230019859,2023/8/25,10:50:00,1,Collision with vehicle,5,Friday,110,CROSS TRAFFIC(INTERSECTIONS ONLY),1,222041,4,0,0,2,2,4,1,1,Cross intersection,3,80,Freeway
T20230020766,2023/8/25,14:30:00,1,Collision with vehicle,6,Friday,149,OTHER MANOEUVRING NOT INCLUDED IN DCAs 140-148,1,780302,2,0,0,1,1,2,2,5,Not at intersection,3,50,Local Road
T20230020755,2023/8/25,16:30:00,1,Collision with vehicle,5,Friday,134,LANE CHANGE RIGHT (NOT OVERTAKING),1,780300,2,0,0,1,1,2,1,5,Not at intersection,3,100,Freeway
T20230019831,2023/8/25,10:18:00,1,Collision with vehicle,5,Friday,147,VEHICLE STRIKES ANOTHER VEH WHILE EMERGING FROM DRIVEWAY,1,780969,4,0,1,0,3,4,1,5,Not at intersection,2,80,Arterial Other
T20230021598,2023/8/25,10:10:00,1,Collision with vehicle,5,Friday,131,LEFT REAR,9,42309,3,0,0,1,0,1,2,2,T intersection,3,999,Arterial Other
T20230019915,2023/8/25,16:00:00,2,Struck Pedestrian,5,Friday,105,PED WALKING AGAINST TRAFFIC.,1,789673,2,0,0,2,0,2,1,5,Not at intersection,3,60,Arterial Other
T20230019925,2023/8/25,8:05:00,1,Collision with vehicle,5,Friday,139,OTHER SAME DIRECTION-MANOUEVRES NOT INCLUDED IN DCAs 130-137,1,789658,2,0,0,1,0,1,2,1,Cross intersection,3,70,Arterial Other
T20230019858,2023/8/25,15:28:00,4,Collision with a fixed object,5,Friday,173,RIGHT OFF CARRIAGEWAY INTO OBJECT/PARKED VEHICLE,1,798840,1,0,0,1,2,3,1,5,Not at intersection,3,80,Local Road
T20230019852,2023/8/25,11:15:00,1,Collision with vehicle,5,Friday,121,RIGHT THROUGH,1,782836,2,0,1,0,1,2,1,2,T intersection,2,60,Arterial Other
T20230019874,2023/8/25,19:48:00,1,Collision with vehicle,6,Friday,110,CROSS TRAFFIC(INTERSECTIONS ONLY),3,38201,2,0,0,1,1,2,1,1,Cross intersection,3,50,Local Road
T20230020098,2023/8/25,13:15:00,1,Collision with vehicle,5,Friday,130,REAR END(VEHICLES IN SAME LANE),1,779792,2,0,0,1,2,3,2,5,Not at intersection,3,70,Arterial Highway
T20230022167,2023/8/25,20:00:00,3,Struck animal,5,Friday,167,STRUCK ANIMAL,5,798845,1,0,0,1,0,1,1,5,Not at intersection,3,100,Local Road
T20230019862,2023/8/25,17:10:00,1,Collision with vehicle,5,Friday,111,RIGHT FAR (INTERSECTIONS ONLY),1,798841,2,0,0,1,1,2,1,2,T intersection,3,60,Arterial Other
T20230021012,2023/8/25,11:40:00,1,Collision with vehicle,6,Friday,140,U TURN,1,40951,2,0,0,1,1,2,1,1,Cross intersection,3,60,Arterial Other
T20230020112,2023/8/25,15:00:00,4,Collision with a fixed object,5,Friday,171,LEFT OFF CARRIAGEWAY INTO OBJECT/PARKED VEHICLE,1,780126,1,0,0,1,0,1,2,5,Not at intersection,3,100,Local Road
T20230019954,2023/8/25,9:15:00,1,Collision with vehicle,6,Friday,130,REAR END(VEHICLES IN SAME LANE),2,779642,2,0,0,1,1,2,2,5,Not at intersection,3,70,Arterial Highway
T20230020305,2023/8/26,19:00:00,1,Collision with vehicle,7,Saturday,113,RIGHT NEAR (INTERSECTIONS ONLY),3,41603,2,0,0,1,2,3,1,2,T intersection,3,50,Local Road
T20230019951,2023/8/26,15:45:00,8,No collision and no object struck,7,Saturday,182,OFF CARRIAGEWAY ON LEFT BEND,1,789674,1,0,1,0,0,1,1,5,Not at intersection,2,100,Arterial Other