ACCIDENT_NO,ACCIDENT_DATE,ACCIDENT_TIME,ACCIDENT_TYPE,ACCIDENT_TYPE_DESC,DAY_OF_WEEK,DAY_WEEK_DESC,DCA_CODE,DCA_DESC,LIGHT_CONDITION,NODE_ID,NO_OF_VEHICLES,NO_PERSONS_KILLED,NO_PERSONS_INJ_2,NO_PERSONS_INJ_3,NO_PERSONS_NOT_INJ,NO_PERSONS,POLICE_ATTEND,ROAD_GEOMETRY,ROAD_GEOMETRY_DESC,SEVERITY,SPEED_ZONE,RMA
T20230019948,2023/8/26,15:26:00,1,Collision with vehicle,7,Saturday,110,CROSS TRAFFIC(INTERSECTIONS ONLY),1,780013,2,0,2,2,0,4,1,1,Cross intersection,2,60,Local Road
T20230019947,2023/8/26,13:30:00,1,Collision with vehicle,7,Saturday,130,REAR END(VEHICLES IN SAME LANE),1,788871,2,0,0,1,1,2,2,2,T intersection,3,50,Local Road
T20230019942,2023/8/26,9:20:00,1,Collision with vehicle,6,Saturday,130,REAR END(VEHICLES IN SAME LANE),1,37559,2,0,0,3,1,4,2,1,Cross intersection,3,40,Local Road
T20230019985,2023/8/26,12:03:00,4,Collision with a fixed object,6,Saturday,173,RIGHT OFF CARRIAGEWAY INTO OBJECT/PARKED VEHICLE,1,789688,1,0,0,1,0,1,1,5,Not at intersection,3,60,Local Road
T20230019936,2023/8/26,12:15:00,6,Vehicle overturned (no collision),6,Saturday,180,OFF CARRIAGEWAY ON RIGHT BEND,1,798878,1,0,1,0,0,1,1,5,Not at intersection,2,100,
T20230019934,2023/8/26,11:30:00,4,Collision with a fixed object,6,Saturday,173,RIGHT OFF CARRIAGEWAY INTO OBJECT/PARKED VEHICLE,1,780214,1,0,0,1,0,1,1,5,Not at intersection,3,80,Arterial Other
T20230019931,2023/8/26,11:25:00,1,Collision with vehicle,6,Saturday,135,LANE CHANGE LEFT (NOT OVERTAKING),1,789686,2,0,0,2,0,2,2,2,T intersection,3,40,Local Road
T20230019929,2023/8/26,13:05:00,4,Collision with a fixed object,6,Saturday,173,RIGHT OFF CARRIAGEWAY INTO OBJECT/PARKED VEHICLE,1,781140,2,0,1,0,1,2,1,5,Not at intersection,2,110,Freeway
T20230019922,2023/8/26,10:24:00,1,Collision with vehicle,6,Saturday,113,RIGHT NEAR (INTERSECTIONS ONLY),1,46742,2,0,1,0,1,2,1,2,T intersection,2,80,Arterial Other
T20230019920,2023/8/26,3:30:00,2,Struck Pedestrian,6,Saturday,107,PED ON FOOTHPATH STRUCK BY VEHENTERING/LEAVING DRIVEWAY.,6,56814,1,0,0,1,1,2,2,2,T intersection,3,999,Local Road
T20230019917,2023/8/26,9:52:00,4,Collision with a fixed object,6,Saturday,171,LEFT OFF CARRIAGEWAY INTO OBJECT/PARKED VEHICLE,1,789683,1,0,0,1,0,1,1,5,Not at intersection,3,50,Local Road
T20230019910,2023/8/26,7:00:00,4,Collision with a fixed object,7,Saturday,171,LEFT OFF CARRIAGEWAY INTO OBJECT/PARKED VEHICLE,1,782492,1,0,1,0,0,1,1,5,Not at intersection,2,60,Local Road
T20230019909,2023/8/26,6:23:00,6,Vehicle overturned (no collision),6,Saturday,170,OFF CARRIAGEWAY TO LEFT,2,779641,1,0,0,2,0,2,1,5,Not at intersection,3,100,Freeway
T20230020088,2023/8/26,10:00:00,5,collision with some other object,7,Saturday,166,STRUCK OBJECT ON CARRIAGEWAY,1,789676,1,0,1,0,0,1,2,5,Not at intersection,2,999,Arterial Other
T20230020606,2023/8/26,18:20:00,1,Collision with vehicle,6,Saturday,130,REAR END(VEHICLES IN SAME LANE),2,710402,2,0,0,2,1,3,2,2,T intersection,3,999,Arterial Highway
T20230019900,2023/8/26,6:00:00,1,Collision with vehicle,6,Saturday,111,RIGHT FAR (INTERSECTIONS ONLY),3,683318,2,0,0,1,1,2,1,1,Cross intersection,3,80,Arterial Other
T20230019903,2023/8/26,2:40:00,6,Vehicle overturned (no collision),6,Saturday,170,OFF CARRIAGEWAY TO LEFT,5,796002,1,0,2,0,0,2,1,5,Not at intersection,2,60,
T20230021863,2023/8/26,0:05:00,1,Collision with vehicle,7,Saturday,133,LANE SIDE SWIPE (VEHICLES IN PARALLEL LANES),3,783755,2,0,0,2,2,4,1,5,Not at intersection,3,70,Freeway
T20230019907,2023/8/26,8:30:00,4,Collision with a fixed object,6,Saturday,171,LEFT OFF CARRIAGEWAY INTO OBJECT/PARKED VEHICLE,1,789689,1,0,0,1,0,1,1,5,Not at intersection,3,60,Local Road
T20230022520,2023/8/26,11:40:00,4,Collision with a fixed object,6,Saturday,171,LEFT OFF CARRIAGEWAY INTO OBJECT/PARKED VEHICLE,1,781843,1,0,0,1,0,1,1,5,Not at intersection,3,70,Arterial Other
T20230020270,2023/8/26,2:00:00,7,Fall from or in moving vehicle,6,Saturday,190,FELL IN/FROM VEHICLE,3,790540,1,0,1,0,1,2,2,5,Not at intersection,2,50,Local Road
T20230020252,2023/8/26,4:00:00,4,Collision with a fixed object,6,Saturday,151,OUT OF CONTROL (OVERTAKING),5,795140,1,0,0,2,0,2,1,5,Not at intersection,3,100,Arterial Other
T20230023285,2023/8/26,20:40:00,1,Collision with vehicle,7,Saturday,130,REAR END(VEHICLES IN SAME LANE),9,785644,3,0,0,2,1,3,1,5,Not at intersection,3,80,Arterial Highway
T20230019928,2023/8/26,11:00:00,8,No collision and no object struck,6,Saturday,174,OUT OF CONTROL ON CARRIAGEWAY (ON STRAIGHT),1,779864,1,0,1,0,0,1,1,5,Not at intersection,2,100,Arterial Other
T20230019972,2023/8/26,22:45:00,4,Collision with a fixed object,6,Saturday,151,OUT OF CONTROL (OVERTAKING),3,792022,1,0,0,1,0,1,1,2,T intersection,3,50,Local Road
T20230019970,2023/8/26,22:10:00,1,Collision with vehicle,6,Saturday,137,LEFT TURN SIDESWIPE,3,249179,2,0,0,1,1,2,1,1,Cross intersection,3,60,Arterial Other
T20230021090,2023/8/26,18:40:00,1,Collision with vehicle,6,Saturday,130,REAR END(VEHICLES IN SAME LANE),3,782177,2,0,0,1,1,2,2,5,Not at intersection,3,999,Arterial Other
T20230019962,2023/8/26,21:00:00,1,Collision with vehicle,7,Saturday,137,LEFT TURN SIDESWIPE,3,238,2,0,1,0,1,2,1,1,Cross intersection,2,40,Local Road
T20230019995,2023/8/27,12:20:00,9,Other accident,1,Sunday,179,OTHER ACCIDENTS-OFF STRAIGHT NOT INCLUDED IN DCAs 170-175,1,795458,1,0,1,0,0,1,2,5,Not at intersection,2,100,
T20230020753,2023/8/27,19:23:00,4,Collision with a fixed object,0,Sunday,171,LEFT OFF CARRIAGEWAY INTO OBJECT/PARKED VEHICLE,3,780398,1,0,1,0,0,1,2,5,Not at intersection,2,50,Local Road
T20230020029,2023/8/27,16:30:00,1,Collision with vehicle,0,Sunday,121,RIGHT THROUGH,1,798893,2,0,0,1,1,2,1,5,Not at intersection,3,60,Local Road
T20230020212,2023/8/27,22:30:00,1,Collision with vehicle,0,Sunday,134,LANE CHANGE RIGHT (NOT OVERTAKING),6,341350,2,0,0,1,2,3,2,2,T intersection,3,999,Non Arterial
T20230019976,2023/8/27,2:04:00,2,Struck Pedestrian,1,Sunday,101,PED EMERGES FROM IN FRONT OF PARKED OR STATIONARY VEHICLE,3,781834,1,0,0,1,1,2,1,5,Not at intersection,3,40,Arterial Other
T20230019988,2023/8/27,5:56:00,1,Collision with vehicle,0,Sunday,111,RIGHT FAR (INTERSECTIONS ONLY),2,29663,2,0,0,1,3,4,1,1,Cross intersection,3,60,Arterial Other
T20230019990,2023/8/27,9:50:00,8,No collision and no object struck,1,Sunday,174,OUT OF CONTROL ON CARRIAGEWAY (ON STRAIGHT),1,779879,4,0,0,1,4,5,1,2,T intersection,3,100,Arterial Other
T20230019992,2023/8/27,10:36:00,4,Collision with a fixed object,0,Sunday,173,RIGHT OFF CARRIAGEWAY INTO OBJECT/PARKED VEHICLE,1,788876,1,0,1,0,0,1,1,5,Not at intersection,2,60,Arterial Highway
T20230019993,2023/8/27,12:10:00,1,Collision with vehicle,0,Sunday,119,OTHER ADJACENT (INTERSECTIONS ONLY),1,37281,3,0,0,1,3,4,1,2,T intersection,3,70,Local Road
T20230020039,2023/8/27,16:30:00,1,Collision with vehicle,1,Sunday,120,HEAD ON (NOT OVERTAKING),1,779612,2,1,2,0,0,3,1,5,Not at intersection,1,100,Arterial Highway
T20230019994,2023/8/27,6:52:00,1,Collision with vehicle,1,Sunday,173,RIGHT OFF CARRIAGEWAY INTO OBJECT/PARKED VEHICLE,2,780516,3,0,0,1,0,1,1,5,Not at intersection,3,999,Local Road
T20230022769,2023/8/27,17:26:00,1,Collision with vehicle,0,Sunday,137,LEFT TURN SIDESWIPE,2,39195,2,0,0,1,1,2,1,1,Cross intersection,3,60,Arterial Other
T20230019996,2023/8/27,11:40:00,1,Collision with vehicle,0,Sunday,136,RIGHT TURN SIDESWIPE,1,792936,2,0,1,0,1,2,1,5,Not at intersection,2,60,Local Road
T20230019998,2023/8/27,10:10:00,4,Collision with a fixed object,0,Sunday,173,RIGHT OFF CARRIAGEWAY INTO OBJECT/PARKED VEHICLE,1,779716,1,0,0,1,0,1,1,5,Not at intersection,3,50,Local Road
T20230019999,2023/8/27,12:00:00,1,Collision with vehicle,1,Sunday,110,CROSS TRAFFIC(INTERSECTIONS ONLY),1,53112,2,0,0,3,1,4,1,1,Cross intersection,3,60,Local Road
T20230020000,2023/8/27,10:35:00,1,Collision with vehicle,1,Sunday,111,RIGHT FAR (INTERSECTIONS ONLY),1,792230,2,0,0,1,1,2,2,1,Cross intersection,3,80,Local Road
T20230020003,2023/8/27,12:05:00,1,Collision with vehicle,1,Sunday,121,RIGHT THROUGH,1,17668,3,0,0,3,1,4,1,5,Not at intersection,3,80,Arterial Highway
T20230020185,2023/8/27,12:29:00,1,Collision with vehicle,1,Sunday,130,REAR END(VEHICLES IN SAME LANE),1,780001,2,0,1,0,1,2,1,5,Not at intersection,2,80,Arterial Other
T20230020004,2023/8/27,7:53:00,1,Collision with vehicle,1,Sunday,121,RIGHT THROUGH,2,353403,2,0,0,1,1,2,1,1,Cross intersection,3,70,Arterial Highway
T20230020007,2023/8/27,12:00:00,8,No collision and no object struck,0,Sunday,179,OTHER ACCIDENTS-OFF STRAIGHT NOT INCLUDED IN DCAs 170-175,1,780756,1,0,0,1,0,1,1,5,Not at intersection,3,60,Local Road
T20230020052,2023/8/27,22:40:00,1,Collision with vehicle,1,Sunday,110,CROSS TRAFFIC(INTERSECTIONS ONLY),3,9640,2,0,2,0,1,3,1,1,Cross intersection,2,60,
T20230020528,2023/8/27,12:30:00,8,No collision and no object struck,0,Sunday,189,OTHER ACCIDENTS ON CURVE NOT INCLUDED IN DCAs 180-184,1,780065,1,0,0,1,0,1,2,5,Not at intersection,3,999,Local Road
T20230020028,2023/8/27,11:10:00,8,No collision and no object struck,0,Sunday,149,OTHER MANOEUVRING NOT INCLUDED IN DCAs 140-148,1,54998,1,0,0,1,0,1,1,2,T intersection,3,50,Local Road
T20230020506,2023/8/27,11:30:00,1,Collision with vehicle,0,Sunday,130,REAR END(VEHICLES IN SAME LANE),1,43152,2,0,0,1,3,4,2,2,T intersection,3,80,Arterial Other
T20230020048,2023/8/27,19:45:00,1,Collision with vehicle,1,Sunday,113,RIGHT NEAR (INTERSECTIONS ONLY),3,781865,2,0,0,1,2,3,1,2,T intersection,3,80,Arterial Highway
T20230020027,2023/8/27,15:08:00,1,Collision with vehicle,1,Sunday,130,REAR END(VEHICLES IN SAME LANE),1,779718,2,0,0,1,1,2,1,5,Not at intersection,3,60,Local Road
T20230023068,2023/8/27,11:30:00,6,Vehicle overturned (no collision),0,Sunday,151,OUT OF CONTROL (OVERTAKING),1,789705,1,0,0,1,0,1,2,5,Not at intersection,3,999,Arterial Other
T20230020005,2023/8/27,13:10:00,1,Collision with vehicle,0,Sunday,130,REAR END(VEHICLES IN SAME LANE),1,782289,3,0,0,1,5,6,1,5,Not at intersection,3,80,Arterial Other
T20230020026,2023/8/27,17:30:00,1,Collision with vehicle,0,Sunday,111,RIGHT FAR (INTERSECTIONS ONLY),2,43093,2,0,0,1,1,2,1,1,Cross intersection,3,50,Local Road
T20230020298,2023/8/27,16:15:00,1,Collision with vehicle,1,Sunday,147,VEHICLE STRIKES ANOTHER VEH WHILE EMERGING FROM DRIVEWAY,1,798892,3,0,0,3,3,6,2,5,Not at intersection,3,80,
T20230020030,2023/8/27,18:36:00,1,Collision with vehicle,1,Sunday,130,REAR END(VEHICLES IN SAME LANE),3,782053,2,0,1,0,0,1,1,5,Not at intersection,2,50,Local Road
T20230020115,2023/8/27,13:50:00,1,Collision with vehicle,1,Sunday,113,RIGHT NEAR (INTERSECTIONS ONLY),1,254762,2,0,2,1,3,6,1,2,T intersection,2,100,Arterial Highway
T20230020025,2023/8/27,17:10:00,8,No collision and no object struck,0,Sunday,180,OFF CARRIAGEWAY ON RIGHT BEND,1,789899,1,0,0,1,0,1,1,5,Not at intersection,3,100,Freeway
T20230020024,2023/8/27,16:00:00,1,Collision with vehicle,0,Sunday,130,REAR END(VEHICLES IN SAME LANE),1,780215,2,0,0,1,1,2,2,5,Not at intersection,3,999,Arterial Other
T20230020022,2023/8/27,15:10:00,1,Collision with vehicle,1,Sunday,116,LEFT NEAR (INTERSECTIONS ONLY),1,321629,2,0,1,2,1,4,1,1,Cross intersection,2,50,Local Road
T20230020021,2023/8/27,16:30:00,1,Collision with vehicle,1,Sunday,121,RIGHT THROUGH,2,780014,2,0,0,2,2,4,1,5,Not at intersection,3,60,Local Road
T20230020046,2023/8/27,19:47:00,1,Collision with vehicle,1,Sunday,134,LANE CHANGE RIGHT (NOT OVERTAKING),3,6,2,0,0,4,0,4,1,1,Cross intersection,3,60,Local Road
T20230020043,2023/8/27,20:20:00,1,Collision with vehicle,0,Sunday,110,CROSS TRAFFIC(INTERSECTIONS ONLY),3,779719,2,0,0,1,2,3,1,1,Cross intersection,3,50,Local Road
T20230020774,2023/8/27,14:00:00,4,Collision with a fixed object,1,Sunday,173,RIGHT OFF CARRIAGEWAY INTO OBJECT/PARKED VEHICLE,1,780196,1,0,1,0,0,1,2,5,Not at intersection,2,999,Local Road
T20230020020,2023/8/27,16:00:00,1,Collision with vehicle,1,Sunday,148,VEHICLE OFF FOOTPATH STRIKES VEH ON CARRIAGEWAY,1,780071,2,0,1,0,3,4,1,5,Not at intersection,2,50,Local Road
T20230020038,2023/8/27,19:35:00,4,Collision with a fixed object,1,Sunday,173,RIGHT OFF CARRIAGEWAY INTO OBJECT/PARKED VEHICLE,5,792941,1,0,0,1,0,1,1,5,Not at intersection,3,90,
T20230020019,2023/8/27,15:14:00,1,Collision with vehicle,0,Sunday,160,VEHICLE COLLIDES WITH VEHICLE PARKED ON LEFT OF ROAD,1,779897,2,0,0,1,0,1,1,5,Not at intersection,3,60,Arterial Highway
T20230020265,2023/8/27,10:00:00,8,No collision and no object struck,1,Sunday,179,OTHER ACCIDENTS-OFF STRAIGHT NOT INCLUDED IN DCAs 170-175,1,789693,1,0,0,1,0,1,2,5,Not at intersection,3,80,Local Road
T20230020054,2023/8/27,23:20:00,1,Collision with vehicle,0,Sunday,160,VEHICLE COLLIDES WITH VEHICLE PARKED ON LEFT OF ROAD,5,781344,2,0,0,1,0,1,1,5,Not at intersection,3,50,Local Road
T20230020017,2023/8/27,15:34:00,1,Collision with vehicle,0,Sunday,140,U TURN,1,798894,3,0,0,1,1,2,1,5,Not at intersection,3,60,Arterial Other
T20230020057,2023/8/27,15:15:00,5,collision with some other object,1,Sunday,166,STRUCK OBJECT ON CARRIAGEWAY,1,782169,1,0,1,0,0,1,1,5,Not at intersection,2,100,Arterial Other
T20230020950,2023/8/27,13:20:00,8,No collision and no object struck,1,Sunday,182,OFF CARRIAGEWAY ON LEFT BEND,1,780412,1,0,1,0,0,1,2,5,Not at intersection,2,999,Local Road
T20230020283,2023/8/27,9:45:00,8,No collision and no object struck,1,Sunday,179,OTHER ACCIDENTS-OFF STRAIGHT NOT INCLUDED IN DCAs 170-175,1,766678,1,0,1,0,0,1,2,5,Not at intersection,2,999,Local Road
T20230020787,2023/8/27,16:30:00,8,No collision and no object struck,0,Sunday,151,OUT OF CONTROL (OVERTAKING),1,63817,3,0,0,1,3,4,2,2,T intersection,3,40,Arterial Other
T20230019979,2023/8/27,0:40:00,4,Collision with a fixed object,0,Sunday,183,OFF LEFT BEND INTO OBJECT/PARKED VEHICLE,6,784141,1,0,1,1,0,2,1,5,Not at intersection,2,60,Local Road
T20230020143,2023/8/28,23:40:00,1,Collision with vehicle,2,Monday,121,RIGHT THROUGH,3,35466,2,0,0,1,2,3,2,1,Cross intersection,3,60,Arterial Other
T20230020145,2023/8/28,23:10:00,1,Collision with vehicle,2,Monday,110,CROSS TRAFFIC(INTERSECTIONS ONLY),3,38760,2,0,0,2,0,2,1,1,Cross intersection,3,60,Arterial Highway
T20230020475,2023/8/28,17:50:00,8,No collision and no object struck,1,Monday,180,OFF CARRIAGEWAY ON RIGHT BEND,1,780764,1,0,0,1,0,1,2,5,Not at intersection,3,50,Local Road
T20230020161,2023/8/28,22:30:00,5,collision with some other object,1,Monday,179,OTHER ACCIDENTS-OFF STRAIGHT NOT INCLUDED IN DCAs 170-175,5,779798,1,0,0,2,0,2,2,5,Not at intersection,3,100,Arterial Highway
T20230020129,2023/8/28,17:39:00,3,Struck animal,2,Monday,167,STRUCK ANIMAL,2,780490,1,0,1,0,0,1,1,5,Not at intersection,2,100,Local Road
T20230020272,2023/8/28,19:00:00,7,Fall from or in moving vehicle,1,Monday,190,FELL IN/FROM VEHICLE,3,780062,1,0,0,1,0,1,2,5,Not at intersection,3,60,Arterial Other
T20230020127,2023/8/28,16:36:00,1,Collision with vehicle,2,Monday,113,RIGHT NEAR (INTERSECTIONS ONLY),2,237316,2,0,1,2,0,3,1,2,T intersection,2,80,Arterial Other
T20230020126,2023/8/28,18:30:00,2,Struck Pedestrian,1,Monday,102,FAR SIDE. PED HIT BY VEHICLE FROM THE LEFT,3,780142,1,0,0,1,1,2,1,5,Not at intersection,3,60,Local Road
T20230020119,2023/8/28,15:00:00,1,Collision with vehicle,1,Monday,113,RIGHT NEAR (INTERSECTIONS ONLY),1,41234,2,0,0,2,1,3,1,1,Cross intersection,3,999,Local Road
T20230020118,2023/8/28,15:45:00,2,Struck Pedestrian,1,Monday,100,PED NEAR SIDE. PED HIT BY VEHICLE FROM THE RIGHT.,1,779794,1,0,1,0,1,2,1,5,Not at intersection,2,50,Local Road
T20230020117,2023/8/28,16:54:00,2,Struck Pedestrian,2,Monday,100,PED NEAR SIDE. PED HIT BY VEHICLE FROM THE RIGHT.,1,789903,1,0,1,0,1,2,1,2,T intersection,2,50,Local Road
T20230020113,2023/8/28,14:20:00,1,Collision with vehicle,2,Monday,121,RIGHT THROUGH,1,780521,2,0,0,1,3,4,2,1,Cross intersection,3,60,Arterial Other
T20230027823,2023/8/28,16:05:00,1,Collision with vehicle,2,Monday,135,LANE CHANGE LEFT (NOT OVERTAKING),1,789392,2,0,0,1,1,2,1,5,Not at intersection,3,100,Freeway
T20230020109,2023/8/28,16:10:00,1,Collision with vehicle,2,Monday,121,RIGHT THROUGH,1,779865,2,0,1,0,1,2,2,5,Not at intersection,2,60,Arterial Other
T20230020105,2023/8/28,13:50:00,1,Collision with vehicle,2,Monday,110,CROSS TRAFFIC(INTERSECTIONS ONLY),1,782171,2,0,1,0,1,2,1,1,Cross intersection,2,50,Local Road
T20230020062,2023/8/28,6:30:00,1,Collision with vehicle,2,Monday,133,LANE SIDE SWIPE (VEHICLES IN PARALLEL LANES),2,782170,3,0,0,1,2,3,1,5,Not at intersection,3,100,Freeway
T20230020073,2023/8/28,7:59:00,1,Collision with vehicle,2,Monday,113,RIGHT NEAR (INTERSECTIONS ONLY),1,53590,2,0,1,0,1,2,1,2,T intersection,2,80,Arterial Highway
T20230020132,2023/8/28,19:00:00,1,Collision with vehicle,1,Monday,137,LEFT TURN SIDESWIPE,3,780831,2,0,0,1,1,2,2,1,Cross intersection,3,40,Local Road
T20230020075,2023/8/28,7:06:00,1,Collision with vehicle,2,Monday,192,STRUCK TRAIN,1,779790,2,0,1,0,1,2,1,5,Not at intersection,2,50,Local Road
T20230020077,2023/8/28,10:25:00,1,Collision with vehicle,2,Monday,152,PULLING OUT (OVERTAKING),1,789904,2,0,0,2,2,4,1,2,T intersection,3,80,Local Road
T20230020079,2023/8/28,6:20:00,2,Struck Pedestrian,1,Monday,108,PED STRUCK WALKING TO/FROM OR BOARDING/ALIGHTING VEHICLE.,2,780830,1,0,0,2,0,2,1,5,Not at intersection,3,50,Arterial Other
T20230020097,2023/8/28,10:30:00,1,Collision with vehicle,1,Monday,113,RIGHT NEAR (INTERSECTIONS ONLY),1,38135,2,0,0,1,2,3,1,1,Cross intersection,3,60,Arterial Highway
T20230020081,2023/8/28,11:25:00,1,Collision with vehicle,1,Monday,110,CROSS TRAFFIC(INTERSECTIONS ONLY),1,348200,2,0,0,1,2,3,1,1,Cross intersection,3,60,Arterial Highway
T20230022958,2023/8/28,15:20:00,1,Collision with vehicle,1,Monday,130,REAR END(VEHICLES IN SAME LANE),1,789283,2,0,0,1,1,2,1,5,Not at intersection,3,60,Arterial Other
T20230020092,2023/8/28,12:30:00,1,Collision with vehicle,1,Monday,110,CROSS TRAFFIC(INTERSECTIONS ONLY),1,328151,2,0,1,0,1,2,1,1,Cross intersection,2,100,Arterial Other
T20230020091,2023/8/28,12:56:00,4,Collision with a fixed object,1,Monday,179,OTHER ACCIDENTS-OFF STRAIGHT NOT INCLUDED IN DCAs 170-175,1,789281,1,0,0,2,0,2,1,5,Not at intersection,3,40,Arterial Other
T20230020090,2023/8/28,13:00:00,1,Collision with vehicle,1,Monday,110,CROSS TRAFFIC(INTERSECTIONS ONLY),1,49611,2,0,0,3,3,6,1,1,Cross intersection,3,60,Local Road
T20230027441,2023/8/28,9:00:00,6,Vehicle overturned (no collision),1,Monday,184,OUT OF CONTROL ON CARRIAGEWAY (ON BEND),1,793357,1,0,0,2,0,2,2,5,Not at intersection,3,999,Local Road
T20230020943,2023/8/28,14:30:00,1,Collision with vehicle,1,Monday,130,REAR END(VEHICLES IN SAME LANE),9,780664,2,0,0,1,1,2,2,5,Not at intersection,3,100,Freeway
T20230024618,2023/8/28,7:55:00,1,Collision with vehicle,2,Monday,133,LANE SIDE SWIPE (VEHICLES IN PARALLEL LANES),1,349917,2,0,0,1,1,2,2,2,T intersection,3,80,Arterial Highway
T20230022546,2023/8/28,8:30:00,1,Collision with vehicle,1,Monday,110,CROSS TRAFFIC(INTERSECTIONS ONLY),1,43279,2,0,0,1,1,2,2,1,Cross intersection,3,70,Arterial Other
T20230020096,2023/8/28,10:35:00,1,Collision with vehicle,2,Monday,121,RIGHT THROUGH,1,781141,2,0,0,1,2,3,1,2,T intersection,3,50,Local Road
T20230020130,2023/8/28,18:43:00,2,Struck Pedestrian,2,Monday,102,FAR SIDE. PED HIT BY VEHICLE FROM THE LEFT,3,351384,1,0,1,0,1,2,1,1,Cross intersection,2,70,Arterial Other
T20230020136,2023/8/28,17:22:00,1,Collision with vehicle,2,Monday,130,REAR END(VEHICLES IN SAME LANE),2,256448,4,0,0,1,3,4,1,1,Cross intersection,3,80,Arterial Highway
T20230020056,2023/8/28,5:30:00,1,Collision with vehicle,2,Monday,135,LANE CHANGE LEFT (NOT OVERTAKING),3,780141,2,0,1,0,1,2,1,5,Not at intersection,2,80,Arterial Other
T20230020131,2023/8/28,15:19:00,1,Collision with vehicle,1,Monday,130,REAR END(VEHICLES IN SAME LANE),1,798915,5,0,0,2,3,5,1,5,Not at intersection,3,80,Arterial Highway
T20230020496,2023/8/28,16:45:00,1,Collision with vehicle,1,Monday,121,RIGHT THROUGH,2,29499,2,0,0,1,1,2,1,1,Cross intersection,3,40,Local Road
T20230021467,2023/8/28,13:50:00,1,Collision with vehicle,1,Monday,133,LANE SIDE SWIPE (VEHICLES IN PARALLEL LANES),1,789902,2,0,0,1,1,2,1,2,T intersection,3,40,Local Road
T20230020095,2023/8/28,11:18:00,2,Struck Pedestrian,1,Monday,102,FAR SIDE. PED HIT BY VEHICLE FROM THE LEFT,1,792251,1,0,1,0,2,3,1,5,Not at intersection,2,60,Arterial Highway
T20230020080,2023/8/28,10:10:00,1,Collision with vehicle,2,Monday,130,REAR END(VEHICLES IN SAME LANE),1,789901,2,0,0,1,1,2,1,1,Cross intersection,3,60,Arterial Other
T20230020191,2023/8/28,16:15:00,1,Collision with vehicle,2,Monday,130,REAR END(VEHICLES IN SAME LANE),9,780522,2,0,0,1,1,2,2,5,Not at intersection,3,999,Freeway
T20230020196,2023/8/28,12:15:00,2,Struck Pedestrian,2,Monday,100,PED NEAR SIDE. PED HIT BY VEHICLE FROM THE RIGHT.,1,781536,1,0,0,2,0,2,1,1,Cross intersection,3,50,Local Road
T20230020093,2023/8/28,9:07:00,1,Collision with vehicle,2,Monday,152,PULLING OUT (OVERTAKING),1,781419,2,0,0,1,1,2,1,5,Not at intersection,3,40,Local Road
T20230020211,2023/8/28,16:20:00,1,Collision with vehicle,1,Monday,120,HEAD ON (NOT OVERTAKING),1,782414,2,0,0,1,3,4,2,5,Not at intersection,3,60,Local Road
T20230020291,2023/8/28,16:30:00,1,Collision with vehicle,1,Monday,132,RIGHT REAR.,1,798916,2,0,0,1,1,2,2,5,Not at intersection,3,50,Local Road
T20230020146,2023/8/29,1:29:00,4,Collision with a fixed object,3,Tuesday,179,OTHER ACCIDENTS-OFF STRAIGHT NOT INCLUDED IN DCAs 170-175,3,789641,1,0,0,1,0,1,1,1,Cross intersection,3,60,Arterial Highway
T20230020151,2023/8/29,6:20:00,4,Collision with a fixed object,2,Tuesday,173,RIGHT OFF CARRIAGEWAY INTO OBJECT/PARKED VEHICLE,2,798991,2,0,0,1,2,3,1,5,Not at intersection,3,70,Arterial Other
T20230020152,2023/8/29,6:30:00,1,Collision with vehicle,2,Tuesday,121,RIGHT THROUGH,2,798992,2,0,0,1,1,2,2,1,Cross intersection,3,60,Arterial Other
T20230020153,2023/8/29,8:40:00,2,Struck Pedestrian,2,Tuesday,100,PED NEAR SIDE. PED HIT BY VEHICLE FROM THE RIGHT.,1,798993,1,0,0,1,1,2,1,2,T intersection,3,50,Local Road
T20230020154,2023/8/29,8:15:00,1,Collision with vehicle,2,Tuesday,137,LEFT TURN SIDESWIPE,1,40082,2,0,1,0,1,2,1,2,T intersection,2,60,Arterial Other
T20230020155,2023/8/29,8:25:00,1,Collision with vehicle,3,Tuesday,147,VEHICLE STRIKES ANOTHER VEH WHILE EMERGING FROM DRIVEWAY,1,779797,2,0,1,2,4,7,1,5,Not at intersection,2,50,Local Road
T20230020157,2023/8/29,9:10:00,1,Collision with vehicle,2,Tuesday,110,CROSS TRAFFIC(INTERSECTIONS ONLY),1,59201,2,0,0,1,1,2,1,1,Cross intersection,3,80,Arterial Other
T20230020163,2023/8/29,8:45:00,1,Collision with vehicle,3,Tuesday,130,REAR END(VEHICLES IN SAME LANE),2,780000,2,0,0,1,5,6,2,5,Not at intersection,3,999,Arterial Other
T20230020165,2023/8/29,7:29:00,1,Collision with vehicle,2,Tuesday,130,REAR END(VEHICLES IN SAME LANE),1,784589,3,0,4,0,1,5,1,5,Not at intersection,2,80,Local Road
T20230020168,2023/8/29,10:45:00,5,collision with some other object,2,Tuesday,171,LEFT OFF CARRIAGEWAY INTO OBJECT/PARKED VEHICLE,1,222826,1,0,1,0,1,2,1,2,T intersection,2,60,Arterial Highway