ACCIDENT_NO,ACCIDENT_DATE,ACCIDENT_TIME,ACCIDENT_TYPE,ACCIDENT_TYPE_DESC,DAY_OF_WEEK,DAY_WEEK_DESC,DCA_CODE,DCA_DESC,LIGHT_CONDITION,NODE_ID,NO_OF_VEHICLES,NO_PERSONS_KILLED,NO_PERSONS_INJ_2,NO_PERSONS_INJ_3,NO_PERSONS_NOT_INJ,NO_PERSONS,POLICE_ATTEND,ROAD_GEOMETRY,ROAD_GEOMETRY_DESC,SEVERITY,SPEED_ZONE,RMA
T20230020173,2023/8/29,7:45:00,2,Struck Pedestrian,2,Tuesday,102,FAR SIDE. PED HIT BY VEHICLE FROM THE LEFT,1,780127,1,0,0,1,1,2,1,1,Cross intersection,3,80,Arterial Highway
T20230020176,2023/8/29,13:19:00,4,Collision with a fixed object,3,Tuesday,171,LEFT OFF CARRIAGEWAY INTO OBJECT/PARKED VEHICLE,1,789432,1,0,0,1,0,1,1,2,T intersection,3,50,Local Road
T20230020178,2023/8/29,14:00:00,2,Struck Pedestrian,3,Tuesday,100,PED NEAR SIDE. PED HIT BY VEHICLE FROM THE RIGHT.,1,258142,1,0,1,0,1,2,1,2,T intersection,2,50,Local Road
T20230020182,2023/8/29,13:49:00,1,Collision with vehicle,3,Tuesday,110,CROSS TRAFFIC(INTERSECTIONS ONLY),1,51118,2,0,0,3,0,3,1,1,Cross intersection,3,100,Arterial Highway
T20230020190,2023/8/29,5:55:00,4,Collision with a fixed object,3,Tuesday,171,LEFT OFF CARRIAGEWAY INTO OBJECT/PARKED VEHICLE,2,44724,1,0,0,1,0,1,1,5,Not at intersection,3,100,Freeway
T20230020241,2023/8/29,18:30:00,1,Collision with vehicle,2,Tuesday,110,CROSS TRAFFIC(INTERSECTIONS ONLY),3,57715,2,0,0,1,2,3,1,1,Cross intersection,3,50,Local Road
T20230021016,2023/8/29,16:45:00,1,Collision with vehicle,2,Tuesday,130,REAR END(VEHICLES IN SAME LANE),1,781867,2,0,0,1,1,2,2,5,Not at intersection,3,60,Local Road
T20230020227,2023/8/29,21:57:00,4,Collision with a fixed object,2,Tuesday,171,LEFT OFF CARRIAGEWAY INTO OBJECT/PARKED VEHICLE,3,789431,1,0,0,1,2,3,1,2,T intersection,3,50,Local Road
T20230020226,2023/8/29,18:29:00,1,Collision with vehicle,2,Tuesday,113,RIGHT NEAR (INTERSECTIONS ONLY),2,38394,2,0,1,0,1,2,1,2,T intersection,2,60,Local Road
T20230020224,2023/8/29,17:20:00,1,Collision with vehicle,2,Tuesday,110,CROSS TRAFFIC(INTERSECTIONS ONLY),1,632513,2,0,0,2,0,2,1,1,Cross intersection,3,80,Arterial Other
T20230020223,2023/8/29,21:48:00,1,Collision with vehicle,2,Tuesday,133,LANE SIDE SWIPE (VEHICLES IN PARALLEL LANES),3,789488,2,0,0,1,1,2,1,5,Not at intersection,3,60,Arterial Other
T20230020222,2023/8/29,15:12:00,1,Collision with vehicle,3,Tuesday,146,REVERSING INTO FIXED OBJECT/PARKED VEHICLE,1,784441,2,0,1,0,3,4,1,5,Not at intersection,2,50,Local Road
T20230020221,2023/8/29,20:30:00,8,No collision and no object struck,3,Tuesday,174,OUT OF CONTROL ON CARRIAGEWAY (ON STRAIGHT),3,780041,1,0,1,0,0,1,1,2,T intersection,2,50,Local Road
T20230020220,2023/8/29,16:18:00,4,Collision with a fixed object,3,Tuesday,171,LEFT OFF CARRIAGEWAY INTO OBJECT/PARKED VEHICLE,1,195093,1,0,1,1,0,2,1,5,Not at intersection,2,60,Local Road
T20230020808,2023/8/29,9:15:00,1,Collision with vehicle,2,Tuesday,130,REAR END(VEHICLES IN SAME LANE),1,308783,2,0,0,1,2,3,2,2,T intersection,3,80,Arterial Highway
T20230020214,2023/8/29,20:30:00,1,Collision with vehicle,2,Tuesday,110,CROSS TRAFFIC(INTERSECTIONS ONLY),3,49504,2,0,0,2,1,3,1,1,Cross intersection,3,50,Arterial Other
T20230020201,2023/8/29,13:40:00,2,Struck Pedestrian,2,Tuesday,100,PED NEAR SIDE. PED HIT BY VEHICLE FROM THE RIGHT.,1,8311,1,0,0,2,1,3,1,1,Cross intersection,3,60,Arterial Highway
T20230020199,2023/8/29,16:10:00,1,Collision with vehicle,3,Tuesday,130,REAR END(VEHICLES IN SAME LANE),1,779923,2,0,1,0,1,2,1,5,Not at intersection,2,100,Freeway
T20230020193,2023/8/29,15:53:00,1,Collision with vehicle,2,Tuesday,121,RIGHT THROUGH,1,789424,2,0,0,1,1,2,1,5,Not at intersection,3,60,Arterial Highway
T20230022093,2023/8/29,17:20:00,1,Collision with vehicle,2,Tuesday,110,CROSS TRAFFIC(INTERSECTIONS ONLY),1,71796,2,0,0,1,1,2,2,1,Cross intersection,3,50,Local Road
T20230020306,2023/8/29,9:30:00,1,Collision with vehicle,2,Tuesday,152,PULLING OUT (OVERTAKING),1,19537,2,0,1,0,1,2,1,2,T intersection,2,80,Arterial Other
T20230020511,2023/8/29,7:30:00,1,Collision with vehicle,3,Tuesday,137,LEFT TURN SIDESWIPE,2,789412,2,0,0,1,1,2,1,5,Not at intersection,3,60,Local Road
T20230023143,2023/8/29,8:10:00,1,Collision with vehicle,2,Tuesday,130,REAR END(VEHICLES IN SAME LANE),1,221411,2,0,0,2,1,3,1,1,Cross intersection,3,80,Arterial Other
T20230020905,2023/8/29,14:30:00,4,Collision with a fixed object,2,Tuesday,171,LEFT OFF CARRIAGEWAY INTO OBJECT/PARKED VEHICLE,1,254882,1,0,0,1,0,1,2,2,T intersection,3,50,Local Road
T20230020748,2023/8/29,18:15:00,8,No collision and no object struck,2,Tuesday,174,OUT OF CONTROL ON CARRIAGEWAY (ON STRAIGHT),2,70912,1,0,1,0,0,1,2,2,T intersection,2,60,Arterial Other
T20230022279,2023/8/29,17:20:00,1,Collision with vehicle,2,Tuesday,116,LEFT NEAR (INTERSECTIONS ONLY),2,43940,2,0,0,1,1,2,1,1,Cross intersection,3,100,Arterial Highway
T20230021105,2023/8/29,15:39:00,1,Collision with vehicle,2,Tuesday,110,CROSS TRAFFIC(INTERSECTIONS ONLY),1,8939,3,0,0,1,4,5,1,1,Cross intersection,3,50,
T20230020364,2023/8/29,14:30:00,1,Collision with vehicle,2,Tuesday,121,RIGHT THROUGH,1,789494,2,0,0,1,2,3,1,2,T intersection,3,60,
T20230020292,2023/8/29,20:33:00,1,Collision with vehicle,3,Tuesday,130,REAR END(VEHICLES IN SAME LANE),6,779870,2,0,2,0,1,3,2,2,T intersection,2,70,Arterial Highway
T20230022437,2023/8/29,14:10:00,1,Collision with vehicle,2,Tuesday,130,REAR END(VEHICLES IN SAME LANE),1,798995,2,0,0,1,4,5,2,1,Cross intersection,3,80,Arterial Other
T20230024660,2023/8/29,17:20:00,1,Collision with vehicle,2,Tuesday,121,RIGHT THROUGH,1,51705,2,0,0,1,1,2,1,1,Cross intersection,3,60,Arterial Other
T20240005108,2023/8/29,18:50:00,1,Collision with vehicle,3,Tuesday,130,REAR END(VEHICLES IN SAME LANE),3,59862,2,0,0,1,1,2,1,1,Cross intersection,3,60,Local Road
T20230025985,2023/8/29,14:45:00,1,Collision with vehicle,3,Tuesday,130,REAR END(VEHICLES IN SAME LANE),1,785684,2,0,0,1,1,2,2,5,Not at intersection,3,60,Arterial Highway
T20230020703,2023/8/29,8:10:00,7,Fall from or in moving vehicle,3,Tuesday,190,FELL IN/FROM VEHICLE,1,789406,1,0,0,1,1,2,2,5,Not at intersection,3,60,Arterial Other
T20230020447,2023/8/29,21:00:00,1,Collision with vehicle,3,Tuesday,130,REAR END(VEHICLES IN SAME LANE),3,229963,2,0,1,0,1,2,1,1,Cross intersection,2,999,Arterial Other
T20230020386,2023/8/29,20:45:00,1,Collision with vehicle,2,Tuesday,121,RIGHT THROUGH,6,70077,2,0,0,1,1,2,2,2,T intersection,3,60,Arterial Other
T20230020308,2023/8/30,21:15:00,1,Collision with vehicle,4,Wednesday,121,RIGHT THROUGH,3,29651,2,0,1,1,0,2,1,1,Cross intersection,2,60,Arterial Highway
T20230020309,2023/8/30,20:02:00,1,Collision with vehicle,3,Wednesday,110,CROSS TRAFFIC(INTERSECTIONS ONLY),3,29959,4,0,0,2,1,3,1,1,Cross intersection,3,60,Local Road
T20230020285,2023/8/30,15:05:00,6,Vehicle overturned (no collision),4,Wednesday,174,OUT OF CONTROL ON CARRIAGEWAY (ON STRAIGHT),1,780394,1,0,1,0,0,1,1,5,Not at intersection,2,100,Arterial Other
T20230020295,2023/8/30,17:08:00,1,Collision with vehicle,4,Wednesday,113,RIGHT NEAR (INTERSECTIONS ONLY),1,71578,2,0,1,0,1,2,1,2,T intersection,2,60,Arterial Other
T20230020698,2023/8/30,18:30:00,3,Struck animal,3,Wednesday,167,STRUCK ANIMAL,5,780231,1,0,0,1,0,1,2,5,Not at intersection,3,80,Local Road
T20230020240,2023/8/30,6:58:00,1,Collision with vehicle,3,Wednesday,121,RIGHT THROUGH,1,799755,2,0,0,1,1,2,1,1,Cross intersection,3,60,Arterial Other
T20230020255,2023/8/30,10:32:00,1,Collision with vehicle,3,Wednesday,113,RIGHT NEAR (INTERSECTIONS ONLY),1,56512,2,0,0,1,1,2,1,1,Cross intersection,3,60,Arterial Highway
T20230020773,2023/8/30,15:30:00,1,Collision with vehicle,4,Wednesday,113,RIGHT NEAR (INTERSECTIONS ONLY),1,64499,2,0,0,1,2,3,1,2,T intersection,3,999,Local Road
T20230020263,2023/8/30,8:10:00,1,Collision with vehicle,3,Wednesday,148,VEHICLE OFF FOOTPATH STRIKES VEH ON CARRIAGEWAY,1,789484,2,0,0,1,1,2,2,5,Not at intersection,3,60,Arterial Other
T20230020378,2023/8/30,16:30:00,1,Collision with vehicle,3,Wednesday,134,LANE CHANGE RIGHT (NOT OVERTAKING),1,779930,2,0,0,1,1,2,1,5,Not at intersection,3,40,Arterial Other
T20230020317,2023/8/30,22:00:00,1,Collision with vehicle,3,Wednesday,130,REAR END(VEHICLES IN SAME LANE),3,69260,2,0,0,2,1,3,1,1,Cross intersection,3,60,Local Road
T20230020284,2023/8/30,14:57:00,1,Collision with vehicle,4,Wednesday,140,U TURN,1,784587,3,0,0,1,2,3,1,5,Not at intersection,3,60,Arterial Highway
T20230020246,2023/8/30,8:50:00,1,Collision with vehicle,3,Wednesday,121,RIGHT THROUGH,2,45527,2,0,0,2,0,2,1,1,Cross intersection,3,60,Arterial Other
T20230020268,2023/8/30,12:36:00,4,Collision with a fixed object,4,Wednesday,183,OFF LEFT BEND INTO OBJECT/PARKED VEHICLE,1,780096,1,0,1,1,0,2,1,5,Not at intersection,2,100,Arterial Other
T20230020288,2023/8/30,17:40:00,1,Collision with vehicle,3,Wednesday,133,LANE SIDE SWIPE (VEHICLES IN PARALLEL LANES),2,779927,2,0,0,1,1,2,1,1,Cross intersection,3,70,Arterial Other
T20230020243,2023/8/30,8:50:00,1,Collision with vehicle,3,Wednesday,121,RIGHT THROUGH,2,779868,2,0,0,1,1,2,1,2,T intersection,3,50,Local Road
T20230020248,2023/8/30,10:29:00,1,Collision with vehicle,3,Wednesday,113,RIGHT NEAR (INTERSECTIONS ONLY),1,59004,2,0,0,1,1,2,1,2,T intersection,3,60,Local Road
T20230020353,2023/8/30,12:50:00,1,Collision with vehicle,4,Wednesday,130,REAR END(VEHICLES IN SAME LANE),1,36055,2,0,0,1,2,3,2,2,T intersection,3,60,Local Road
T20230020282,2023/8/30,15:08:00,4,Collision with a fixed object,4,Wednesday,171,LEFT OFF CARRIAGEWAY INTO OBJECT/PARKED VEHICLE,1,789485,1,0,1,0,0,1,1,5,Not at intersection,2,80,Arterial Highway
T20230020745,2023/8/30,8:45:00,1,Collision with vehicle,3,Wednesday,130,REAR END(VEHICLES IN SAME LANE),1,789482,3,0,0,1,2,3,2,5,Not at intersection,3,70,Arterial Highway
T20230020334,2023/8/30,15:40:00,1,Collision with vehicle,3,Wednesday,110,CROSS TRAFFIC(INTERSECTIONS ONLY),1,678991,2,0,0,4,2,6,2,1,Cross intersection,3,80,Arterial Highway
T20230020254,2023/8/30,8:12:00,4,Collision with a fixed object,3,Wednesday,171,LEFT OFF CARRIAGEWAY INTO OBJECT/PARKED VEHICLE,1,796335,1,0,1,0,0,1,1,5,Not at intersection,2,100,Local Road
T20230020280,2023/8/30,14:47:00,2,Struck Pedestrian,3,Wednesday,102,FAR SIDE. PED HIT BY VEHICLE FROM THE LEFT,1,799692,1,0,1,0,1,2,1,5,Not at intersection,2,40,Local Road
T20230020322,2023/8/30,22:27:00,1,Collision with vehicle,4,Wednesday,110,CROSS TRAFFIC(INTERSECTIONS ONLY),3,43862,2,0,0,2,1,3,1,1,Cross intersection,3,70,Arterial Other
T20230020438,2023/8/30,17:00:00,1,Collision with vehicle,3,Wednesday,121,RIGHT THROUGH,1,38821,2,0,0,1,1,2,2,2,T intersection,3,60,Arterial Highway
T20230020244,2023/8/30,5:55:00,4,Collision with a fixed object,3,Wednesday,171,LEFT OFF CARRIAGEWAY INTO OBJECT/PARKED VEHICLE,2,797388,1,0,0,1,0,1,1,5,Not at intersection,3,100,Arterial Other
T20230020461,2023/8/30,9:12:00,1,Collision with vehicle,3,Wednesday,130,REAR END(VEHICLES IN SAME LANE),1,797884,2,0,0,1,1,2,1,5,Not at intersection,3,40,Freeway
T20230020508,2023/8/30,22:30:00,1,Collision with vehicle,3,Wednesday,130,REAR END(VEHICLES IN SAME LANE),3,780129,3,0,0,1,4,5,1,5,Not at intersection,3,80,Arterial Highway
T20230020318,2023/8/30,10:10:00,1,Collision with vehicle,4,Wednesday,130,REAR END(VEHICLES IN SAME LANE),1,316987,3,0,0,1,2,3,1,5,Not at intersection,3,60,Arterial Other
T20230020303,2023/8/30,19:24:00,1,Collision with vehicle,3,Wednesday,110,CROSS TRAFFIC(INTERSECTIONS ONLY),5,11820,2,0,0,3,1,4,1,1,Cross intersection,3,80,Arterial Other
T20230021547,2023/8/30,4:25:00,4,Collision with a fixed object,3,Wednesday,164,PERMANENT OBSTRUCTION ON CARRIAGEWAY,2,248074,1,0,0,1,0,1,2,5,Not at intersection,3,50,Arterial Other
T20230020313,2023/8/30,16:30:00,7,Fall from or in moving vehicle,3,Wednesday,190,FELL IN/FROM VEHICLE,1,37036,2,0,0,1,1,2,2,1,Cross intersection,3,40,Local Road
T20230020232,2023/8/30,0:10:00,4,Collision with a fixed object,4,Wednesday,183,OFF LEFT BEND INTO OBJECT/PARKED VEHICLE,5,780984,2,1,0,1,0,2,1,5,Not at intersection,1,100,Freeway
T20230020297,2023/8/30,14:20:00,1,Collision with vehicle,4,Wednesday,130,REAR END(VEHICLES IN SAME LANE),1,780970,3,0,0,1,2,3,1,5,Not at intersection,3,100,Freeway
T20230020236,2023/8/30,6:50:00,1,Collision with vehicle,4,Wednesday,121,RIGHT THROUGH,1,40237,2,0,1,0,1,2,1,2,T intersection,2,60,Arterial Other
T20230020237,2023/8/30,1:10:00,4,Collision with a fixed object,3,Wednesday,183,OFF LEFT BEND INTO OBJECT/PARKED VEHICLE,3,789483,1,0,0,1,0,1,1,5,Not at intersection,3,50,Local Road
T20230020239,2023/8/30,7:05:00,1,Collision with vehicle,4,Wednesday,121,RIGHT THROUGH,2,59749,2,0,1,0,1,2,1,1,Cross intersection,2,50,Local Road
T20230020245,2023/8/30,8:20:00,1,Collision with vehicle,3,Wednesday,140,U TURN,1,799691,2,0,1,0,1,2,1,5,Not at intersection,2,60,Local Road
T20230020310,2023/8/30,19:36:00,2,Struck Pedestrian,4,Wednesday,104,PED WALKING WITH TRAFFIC,5,779826,1,1,0,1,0,2,1,5,Not at intersection,1,100,Arterial Other
T20230020344,2023/8/31,9:35:00,1,Collision with vehicle,4,Thursday,121,RIGHT THROUGH,2,779928,2,0,0,1,2,3,1,1,Cross intersection,3,60,Local Road
T20230023753,2023/8/31,13:20:00,4,Collision with a fixed object,4,Thursday,171,LEFT OFF CARRIAGEWAY INTO OBJECT/PARKED VEHICLE,1,789799,1,0,0,1,1,2,1,5,Not at intersection,3,80,Arterial Other
T20230020499,2023/8/31,13:00:00,1,Collision with vehicle,5,Thursday,130,REAR END(VEHICLES IN SAME LANE),1,780294,2,0,1,0,1,2,2,5,Not at intersection,2,60,Arterial Other
T20230020493,2023/8/31,8:00:00,1,Collision with vehicle,4,Thursday,163,VEHICLE STRIKES DOOR OF PARKED/STATIONARY VEHICLE,9,784239,2,0,0,1,1,2,2,5,Not at intersection,3,999,Arterial Other
T20230020450,2023/8/31,17:30:00,1,Collision with vehicle,4,Thursday,130,REAR END(VEHICLES IN SAME LANE),1,781921,3,0,0,1,2,3,2,5,Not at intersection,3,80,Freeway
T20230020405,2023/8/31,15:17:00,1,Collision with vehicle,4,Thursday,130,REAR END(VEHICLES IN SAME LANE),1,780491,3,0,0,1,2,3,1,5,Not at intersection,3,60,Arterial Other
T20230020402,2023/8/31,19:48:00,4,Collision with a fixed object,4,Thursday,183,OFF LEFT BEND INTO OBJECT/PARKED VEHICLE,5,784586,1,0,1,0,0,1,1,5,Not at intersection,2,100,Local Road
T20230021027,2023/8/31,15:20:00,1,Collision with vehicle,5,Thursday,130,REAR END(VEHICLES IN SAME LANE),1,36666,2,0,1,0,1,2,2,1,Cross intersection,2,70,Arterial Highway
T20230023058,2023/8/31,19:06:00,1,Collision with vehicle,5,Thursday,135,LANE CHANGE LEFT (NOT OVERTAKING),3,254554,2,0,0,1,1,2,1,5,Not at intersection,3,80,Arterial Other
T20230020401,2023/8/31,22:25:00,1,Collision with vehicle,4,Thursday,113,RIGHT NEAR (INTERSECTIONS ONLY),3,36573,2,0,0,1,3,4,1,2,T intersection,3,50,Local Road
T20230020398,2023/8/31,8:30:00,1,Collision with vehicle,4,Thursday,130,REAR END(VEHICLES IN SAME LANE),2,779932,2,0,0,1,1,2,2,5,Not at intersection,3,60,Arterial Other
T20230020395,2023/8/31,15:15:00,1,Collision with vehicle,5,Thursday,120,HEAD ON (NOT OVERTAKING),1,784585,2,0,1,1,0,2,1,5,Not at intersection,2,100,Arterial Highway
T20230020955,2023/8/31,16:00:00,1,Collision with vehicle,4,Thursday,130,REAR END(VEHICLES IN SAME LANE),1,782363,2,0,0,1,1,2,1,5,Not at intersection,3,60,Local Road
T20230020751,2023/8/31,7:00:00,1,Collision with vehicle,4,Thursday,130,REAR END(VEHICLES IN SAME LANE),1,788881,2,0,0,1,1,2,2,5,Not at intersection,3,100,Freeway
T20230020389,2023/8/31,19:14:00,1,Collision with vehicle,4,Thursday,130,REAR END(VEHICLES IN SAME LANE),5,799627,2,0,1,2,0,3,1,5,Not at intersection,2,110,Freeway
T20230020742,2023/8/31,12:00:00,6,Vehicle overturned (no collision),4,Thursday,184,OUT OF CONTROL ON CARRIAGEWAY (ON BEND),1,780299,1,0,0,1,0,1,1,5,Not at intersection,3,100,Local Road
T20230020387,2023/8/31,18:55:00,1,Collision with vehicle,5,Thursday,130,REAR END(VEHICLES IN SAME LANE),3,780578,3,0,0,2,1,3,1,5,Not at intersection,3,80,Arterial Highway
T20230020390,2023/8/31,18:20:00,1,Collision with vehicle,5,Thursday,135,LANE CHANGE LEFT (NOT OVERTAKING),5,789618,2,0,1,1,2,4,1,5,Not at intersection,2,110,Freeway
T20230020385,2023/8/31,17:57:00,1,Collision with vehicle,5,Thursday,130,REAR END(VEHICLES IN SAME LANE),2,780217,2,0,1,0,1,2,1,2,T intersection,2,60,Arterial Other
T20230020384,2023/8/31,17:16:00,1,Collision with vehicle,5,Thursday,130,REAR END(VEHICLES IN SAME LANE),2,780241,2,0,0,1,1,2,1,5,Not at intersection,3,60,Arterial Other
T20230021560,2023/8/31,17:45:00,1,Collision with vehicle,4,Thursday,142,LEAVING PARKING,2,800037,2,0,0,1,1,2,2,2,T intersection,3,999,Local Road
T20230020383,2023/8/31,18:20:00,1,Collision with vehicle,5,Thursday,121,RIGHT THROUGH,2,779931,2,0,1,0,1,2,1,5,Not at intersection,2,60,Arterial Other
T20230021204,2023/8/31,17:30:00,6,Vehicle overturned (no collision),4,Thursday,182,OFF CARRIAGEWAY ON LEFT BEND,1,781922,1,0,0,1,0,1,2,5,Not at intersection,3,60,Local Road
T20230022278,2023/8/31,0:40:00,3,Struck animal,4,Thursday,167,STRUCK ANIMAL,3,781480,1,0,0,1,0,1,2,5,Not at intersection,3,60,Local Road
T20230020330,2023/8/31,8:40:00,1,Collision with vehicle,4,Thursday,121,RIGHT THROUGH,1,38024,2,0,0,1,1,2,1,1,Cross intersection,3,60,Local Road
T20230020335,2023/8/31,8:58:00,1,Collision with vehicle,5,Thursday,110,CROSS TRAFFIC(INTERSECTIONS ONLY),1,51105,2,0,1,1,1,3,1,1,Cross intersection,2,60,Local Road
T20230020351,2023/8/31,9:10:00,1,Collision with vehicle,4,Thursday,110,CROSS TRAFFIC(INTERSECTIONS ONLY),1,281396,2,0,0,1,1,2,1,1,Cross intersection,3,60,Local Road
T20230020352,2023/8/31,13:00:00,1,Collision with vehicle,4,Thursday,110,CROSS TRAFFIC(INTERSECTIONS ONLY),1,248127,2,0,0,2,1,3,1,1,Cross intersection,3,60,Arterial Highway
T20230020354,2023/8/31,9:50:00,4,Collision with a fixed object,4,Thursday,173,RIGHT OFF CARRIAGEWAY INTO OBJECT/PARKED VEHICLE,1,651632,1,0,0,1,1,2,1,5,Not at intersection,3,80,Freeway
T20230020816,2023/8/31,16:55:00,3,Struck animal,4,Thursday,167,STRUCK ANIMAL,9,780581,1,0,0,1,0,1,2,5,Not at intersection,3,999,Local Road
T20230020357,2023/8/31,12:47:00,1,Collision with vehicle,4,Thursday,140,U TURN,1,40818,2,0,0,1,1,2,1,2,T intersection,3,80,Arterial Highway
T20230020358,2023/8/31,10:53:00,1,Collision with vehicle,4,Thursday,121,RIGHT THROUGH,1,785249,2,0,0,1,1,2,1,5,Not at intersection,3,50,Local Road
T20230020359,2023/8/31,13:30:00,1,Collision with vehicle,4,Thursday,110,CROSS TRAFFIC(INTERSECTIONS ONLY),1,48436,2,0,0,1,1,2,1,1,Cross intersection,3,50,Local Road
T20230020361,2023/8/31,14:16:00,6,Vehicle overturned (no collision),4,Thursday,174,OUT OF CONTROL ON CARRIAGEWAY (ON STRAIGHT),1,780832,1,0,0,1,0,1,1,1,Cross intersection,3,40,Local Road
T20230020362,2023/8/31,13:10:00,6,Vehicle overturned (no collision),5,Thursday,182,OFF CARRIAGEWAY ON LEFT BEND,1,780080,1,0,1,0,0,1,1,5,Not at intersection,2,100,Arterial Other
T20230020365,2023/8/31,13:55:00,1,Collision with vehicle,5,Thursday,120,HEAD ON (NOT OVERTAKING),1,780004,2,0,1,0,1,2,1,5,Not at intersection,2,60,Arterial Other
T20230021038,2023/8/31,16:32:00,1,Collision with vehicle,4,Thursday,111,RIGHT FAR (INTERSECTIONS ONLY),1,289318,2,0,0,1,1,2,2,2,T intersection,3,60,Local Road
T20230020366,2023/8/31,14:19:00,1,Collision with vehicle,5,Thursday,132,RIGHT REAR.,1,789657,3,0,1,0,2,3,1,5,Not at intersection,2,70,Arterial Highway
T20230024180,2023/8/31,12:45:00,1,Collision with vehicle,4,Thursday,130,REAR END(VEHICLES IN SAME LANE),1,783550,2,0,0,1,1,2,2,5,Not at intersection,3,60,Arterial Other
T20230020453,2023/8/31,12:20:00,1,Collision with vehicle,5,Thursday,130,REAR END(VEHICLES IN SAME LANE),1,799754,2,0,0,1,1,2,1,5,Not at intersection,3,999,Arterial Other
T20230020367,2023/8/31,15:10:00,1,Collision with vehicle,4,Thursday,148,VEHICLE OFF FOOTPATH STRIKES VEH ON CARRIAGEWAY,1,580296,2,0,0,1,2,3,1,2,T intersection,3,50,Local Road
T20230020368,2023/8/31,15:24:00,2,Struck Pedestrian,4,Thursday,100,PED NEAR SIDE. PED HIT BY VEHICLE FROM THE RIGHT.,1,799753,1,0,0,1,1,2,1,5,Not at intersection,3,40,Local Road
T20230026222,2023/8/31,16:00:00,1,Collision with vehicle,4,Thursday,110,CROSS TRAFFIC(INTERSECTIONS ONLY),1,789638,3,0,0,1,2,3,1,1,Cross intersection,3,60,Local Road
T20230020671,2023/8/31,17:50:00,1,Collision with vehicle,4,Thursday,160,VEHICLE COLLIDES WITH VEHICLE PARKED ON LEFT OF ROAD,2,780229,2,0,0,1,1,2,2,5,Not at intersection,3,999,Local Road
T20230020373,2023/8/31,17:00:00,1,Collision with vehicle,5,Thursday,121,RIGHT THROUGH,2,780128,2,0,1,0,3,4,1,5,Not at intersection,2,80,Arterial Highway
T20230022600,2023/8/31,22:00:00,2,Struck Pedestrian,4,Thursday,102,FAR SIDE. PED HIT BY VEHICLE FROM THE LEFT,3,40296,1,0,0,1,1,2,2,1,Cross intersection,3,999,Arterial Other
T20230020374,2023/8/31,17:47:00,1,Collision with vehicle,5,Thursday,120,HEAD ON (NOT OVERTAKING),3,780033,2,0,1,0,1,2,1,5,Not at intersection,2,60,Arterial Other
T20230020375,2023/8/31,17:15:00,1,Collision with vehicle,5,Thursday,133,LANE SIDE SWIPE (VEHICLES IN PARALLEL LANES),1,788511,3,0,0,2,0,2,2,5,Not at intersection,3,60,Arterial Other
T20230021437,2023/8/31,16:09:00,1,Collision with vehicle,4,Thursday,121,RIGHT THROUGH,1,35371,2,0,0,1,2,3,1,2,T intersection,3,60,Arterial Other
T20230020841,2023/8/31,9:00:00,1,Collision with vehicle,4,Thursday,121,RIGHT THROUGH,1,39332,2,0,0,1,1,2,2,2,T intersection,3,60,Arterial Other
T20230020377,2023/8/31,10:27:00,1,Collision with vehicle,5,Thursday,110,CROSS TRAFFIC(INTERSECTIONS ONLY),1,257236,2,4,0,1,0,5,1,1,Cross intersection,1,110,Freeway
T20230021584,2023/9/1,23:00:00,1,Collision with vehicle,5,Friday,148,VEHICLE OFF FOOTPATH STRIKES VEH ON CARRIAGEWAY,6,291551,2,0,0,1,1,2,2,1,Cross intersection,3,40,Local Road
T20230020472,2023/9/1,19:16:00,1,Collision with vehicle,6,Friday,110,CROSS TRAFFIC(INTERSECTIONS ONLY),3,43085,2,0,1,2,2,5,1,1,Cross intersection,2,60,Arterial Highway
T20230021436,2023/9/1,14:00:00,1,Collision with vehicle,5,Friday,137,LEFT TURN SIDESWIPE,1,65471,2,0,0,1,1,2,2,1,Cross intersection,3,50,Local Road
T20230022405,2023/9/1,18:00:00,2,Struck Pedestrian,5,Friday,107,PED ON FOOTHPATH STRUCK BY VEHENTERING/LEAVING DRIVEWAY.,9,789857,1,0,0,1,1,2,2,5,Not at intersection,3,888,Arterial Highway
T20230020459,2023/9/1,13:45:00,1,Collision with vehicle,6,Friday,140,U TURN,1,780834,2,0,1,0,1,2,1,2,T intersection,2,60,Local Road
T20230020457,2023/9/1,16:48:00,1,Collision with vehicle,6,Friday,129,OTHER OPPOSING MANOEUVRES NOT INCLUDED IN DCAs 120-125.,1,29870,2,0,0,1,1,2,1,2,T intersection,3,80,Freeway
T20230020430,2023/9/1,12:03:00,1,Collision with vehicle,6,Friday,113,RIGHT NEAR (INTERSECTIONS ONLY),1,244,2,0,2,0,0,2,1,2,T intersection,2,80,Arterial Highway
T20230020517,2023/9/1,17:00:00,1,Collision with vehicle,5,Friday,130,REAR END(VEHICLES IN SAME LANE),2,780130,2,0,0,1,1,2,1,5,Not at intersection,3,60,Arterial Other
T20230020465,2023/9/1,15:33:00,2,Struck Pedestrian,5,Friday,102,FAR SIDE. PED HIT BY VEHICLE FROM THE LEFT,1,63532,1,0,0,1,1,2,1,1,Cross intersection,3,777,Arterial Other
T20230020754,2023/9/1,14:05:00,1,Collision with vehicle,5,Friday,130,REAR END(VEHICLES IN SAME LANE),1,780580,2,0,0,1,1,2,1,5,Not at intersection,3,80,Arterial Highway