ACCIDENT_NO,ACCIDENT_DATE,ACCIDENT_TIME,ACCIDENT_TYPE,ACCIDENT_TYPE_DESC,DAY_OF_WEEK,DAY_WEEK_DESC,DCA_CODE,DCA_DESC,LIGHT_CONDITION,NODE_ID,NO_OF_VEHICLES,NO_PERSONS_KILLED,NO_PERSONS_INJ_2,NO_PERSONS_INJ_3,NO_PERSONS_NOT_INJ,NO_PERSONS,POLICE_ATTEND,ROAD_GEOMETRY,ROAD_GEOMETRY_DESC,SEVERITY,SPEED_ZONE,RMA
T20230020425,2023/9/1,11:38:00,1,Collision with vehicle,6,Friday,131,LEFT REAR,1,782174,2,0,1,0,1,2,1,2,T intersection,2,50,Local Road
T20230020711,2023/9/1,17:10:00,1,Collision with vehicle,5,Friday,130,REAR END(VEHICLES IN SAME LANE),2,780773,2,0,0,1,2,3,2,5,Not at intersection,3,60,Arterial Other
T20230020485,2023/9/1,19:28:00,4,Collision with a fixed object,5,Friday,171,LEFT OFF CARRIAGEWAY INTO OBJECT/PARKED VEHICLE,3,789878,1,0,0,1,0,1,1,5,Not at intersection,3,60,Local Road
T20230020460,2023/9/1,16:40:00,1,Collision with vehicle,6,Friday,130,REAR END(VEHICLES IN SAME LANE),2,780183,2,0,1,0,1,2,1,5,Not at intersection,2,70,Arterial Highway
T20230020479,2023/9/1,18:30:00,1,Collision with vehicle,5,Friday,121,RIGHT THROUGH,3,55795,2,0,1,0,2,3,1,1,Cross intersection,2,80,Arterial Other
T20230020414,2023/9/1,9:15:00,1,Collision with vehicle,5,Friday,160,VEHICLE COLLIDES WITH VEHICLE PARKED ON LEFT OF ROAD,1,780006,2,0,0,1,1,2,1,5,Not at intersection,3,40,Local Road
T20230020455,2023/9/1,16:10:00,1,Collision with vehicle,6,Friday,111,RIGHT FAR (INTERSECTIONS ONLY),1,46493,2,0,0,1,1,2,1,2,T intersection,3,40,Local Road
T20230021546,2023/9/1,15:30:00,1,Collision with vehicle,5,Friday,121,RIGHT THROUGH,1,45641,2,0,0,1,2,3,9,2,T intersection,3,60,Arterial Other
T20230020473,2023/9/1,14:54:00,1,Collision with vehicle,6,Friday,120,HEAD ON (NOT OVERTAKING),1,783503,2,0,1,0,1,2,1,5,Not at intersection,2,40,Arterial Other
T20230020490,2023/9/1,22:45:00,4,Collision with a fixed object,6,Friday,181,OFF RIGHT BEND INTO OBJECT/PARKED VEHICLE,5,780629,1,0,1,1,0,2,1,5,Not at intersection,2,100,Local Road
T20230021508,2023/9/1,7:00:00,1,Collision with vehicle,5,Friday,130,REAR END(VEHICLES IN SAME LANE),1,304463,2,0,0,1,1,2,2,1,Cross intersection,3,999,Local Road
T20230020478,2023/9/1,15:30:00,6,Vehicle overturned (no collision),6,Friday,174,OUT OF CONTROL ON CARRIAGEWAY (ON STRAIGHT),1,236644,1,0,1,0,0,1,1,5,Not at intersection,2,100,Freeway
T20230020470,2023/9/1,17:55:00,6,Vehicle overturned (no collision),5,Friday,174,OUT OF CONTROL ON CARRIAGEWAY (ON STRAIGHT),2,789875,2,0,0,1,1,2,1,5,Not at intersection,3,60,Arterial Other
T20230020422,2023/9/1,8:00:00,1,Collision with vehicle,6,Friday,130,REAR END(VEHICLES IN SAME LANE),1,790137,4,0,0,2,2,4,1,5,Not at intersection,3,80,Arterial Highway
T20230020456,2023/9/1,16:14:00,1,Collision with vehicle,6,Friday,148,VEHICLE OFF FOOTPATH STRIKES VEH ON CARRIAGEWAY,1,792249,2,0,1,1,2,4,1,2,T intersection,2,50,Local Road
T20230020420,2023/9/1,11:13:00,1,Collision with vehicle,5,Friday,160,VEHICLE COLLIDES WITH VEHICLE PARKED ON LEFT OF ROAD,1,780007,2,0,0,1,0,1,1,5,Not at intersection,3,50,Local Road
T20230020434,2023/9/1,12:50:00,1,Collision with vehicle,6,Friday,130,REAR END(VEHICLES IN SAME LANE),1,780181,2,0,0,1,2,3,1,5,Not at intersection,3,60,Freeway
T20230020436,2023/9/1,12:15:00,4,Collision with a fixed object,5,Friday,171,LEFT OFF CARRIAGEWAY INTO OBJECT/PARKED VEHICLE,1,789858,1,0,0,2,0,2,1,5,Not at intersection,3,100,Local Road
T20230020445,2023/9/1,9:45:00,2,Struck Pedestrian,5,Friday,100,PED NEAR SIDE. PED HIT BY VEHICLE FROM THE RIGHT.,1,44758,1,0,0,1,1,2,2,2,T intersection,3,999,Arterial Other
T20230020462,2023/9/1,18:11:00,1,Collision with vehicle,5,Friday,140,U TURN,3,782175,2,0,0,1,2,3,1,2,T intersection,3,40,Arterial Other
T20230020448,2023/9/1,12:45:00,6,Vehicle overturned (no collision),5,Friday,170,OFF CARRIAGEWAY TO LEFT,1,789510,1,0,1,0,0,1,1,5,Not at intersection,2,100,Local Road
T20230020469,2023/9/1,18:20:00,1,Collision with vehicle,6,Friday,110,CROSS TRAFFIC(INTERSECTIONS ONLY),2,44819,2,0,0,2,1,3,1,1,Cross intersection,3,50,Local Road
T20230021236,2023/9/1,12:10:00,1,Collision with vehicle,5,Friday,115,RIGHT/LEFT FAR (INTERSECTIONS ONLY),1,50951,2,0,0,2,1,3,1,2,T intersection,3,60,Arterial Other
T20230020949,2023/9/1,20:00:00,1,Collision with vehicle,6,Friday,130,REAR END(VEHICLES IN SAME LANE),3,780772,2,0,0,2,1,3,1,5,Not at intersection,3,70,Arterial Other
T20230021359,2023/9/1,15:30:00,1,Collision with vehicle,5,Friday,113,RIGHT NEAR (INTERSECTIONS ONLY),1,56014,2,0,0,1,1,2,2,2,T intersection,3,60,Arterial Other
T20230020491,2023/9/1,22:51:00,4,Collision with a fixed object,5,Friday,171,LEFT OFF CARRIAGEWAY INTO OBJECT/PARKED VEHICLE,3,799752,1,0,0,1,0,1,1,5,Not at intersection,3,80,Local Road
T20230020416,2023/9/1,1:30:00,4,Collision with a fixed object,5,Friday,181,OFF RIGHT BEND INTO OBJECT/PARKED VEHICLE,5,790136,1,0,0,1,0,1,1,5,Not at intersection,3,100,Arterial Highway
T20230020480,2023/9/1,20:23:00,1,Collision with vehicle,5,Friday,121,RIGHT THROUGH,3,782725,2,0,1,0,1,2,1,2,T intersection,2,60,Local Road
T20230020464,2023/9/1,17:24:00,1,Collision with vehicle,6,Friday,130,REAR END(VEHICLES IN SAME LANE),2,780679,2,0,1,0,1,2,1,5,Not at intersection,2,60,Arterial Other
T20230020415,2023/9/1,8:45:00,1,Collision with vehicle,6,Friday,116,LEFT NEAR (INTERSECTIONS ONLY),1,789879,2,0,0,2,0,2,1,2,T intersection,3,60,Arterial Other
T20230020835,2023/9/1,8:00:00,1,Collision with vehicle,5,Friday,120,HEAD ON (NOT OVERTAKING),1,791526,2,0,0,1,3,4,1,5,Not at intersection,3,40,Arterial Other
T20230020502,2023/9/2,9:55:00,1,Collision with vehicle,6,Saturday,121,RIGHT THROUGH,1,70726,2,0,0,2,2,4,1,1,Cross intersection,3,80,Arterial Highway
T20230020504,2023/9/2,10:40:00,1,Collision with vehicle,7,Saturday,111,RIGHT FAR (INTERSECTIONS ONLY),1,780064,2,0,1,0,1,2,1,1,Cross intersection,2,40,Local Road
T20230020838,2023/9/2,13:35:00,1,Collision with vehicle,6,Saturday,130,REAR END(VEHICLES IN SAME LANE),1,780527,2,0,0,1,1,2,2,3,Y intersection,3,70,Arterial Highway
T20230020602,2023/9/2,20:30:00,6,Vehicle overturned (no collision),7,Saturday,172,OFF CARRIAGEWAY TO RIGHT,5,780046,1,1,0,0,0,1,1,5,Not at intersection,1,110,Freeway
T20230020532,2023/9/2,16:30:00,4,Collision with a fixed object,7,Saturday,171,LEFT OFF CARRIAGEWAY INTO OBJECT/PARKED VEHICLE,1,780880,1,0,0,1,0,1,1,2,T intersection,3,999,Local Road
T20230020534,2023/9/2,16:46:00,1,Collision with vehicle,6,Saturday,116,LEFT NEAR (INTERSECTIONS ONLY),1,43610,2,0,0,2,4,6,1,2,T intersection,3,80,Arterial Other
T20230020535,2023/9/2,16:02:00,1,Collision with vehicle,7,Saturday,121,RIGHT THROUGH,1,780066,2,0,0,2,2,4,1,1,Cross intersection,3,60,Local Road
T20230020527,2023/9/2,14:26:00,1,Collision with vehicle,7,Saturday,113,RIGHT NEAR (INTERSECTIONS ONLY),1,36737,2,0,1,0,4,5,1,2,T intersection,2,80,Arterial Highway
T20230020538,2023/9/2,14:47:00,1,Collision with vehicle,6,Saturday,121,RIGHT THROUGH,1,38707,2,0,1,0,1,2,1,2,T intersection,2,60,Arterial Other
T20230020539,2023/9/2,15:05:00,1,Collision with vehicle,6,Saturday,132,RIGHT REAR.,1,799712,2,0,0,1,3,4,1,2,T intersection,3,50,
T20230022284,2023/9/2,14:00:00,1,Collision with vehicle,6,Saturday,130,REAR END(VEHICLES IN SAME LANE),1,781481,2,0,0,1,1,2,2,2,T intersection,3,60,Local Road
T20230020523,2023/9/2,16:25:00,1,Collision with vehicle,6,Saturday,113,RIGHT NEAR (INTERSECTIONS ONLY),1,61460,2,0,1,0,1,2,1,2,T intersection,2,50,Local Road
T20230023126,2023/9/2,18:10:00,3,Struck animal,6,Saturday,167,STRUCK ANIMAL,3,789880,1,0,0,1,0,1,2,5,Not at intersection,3,80,Local Road
T20230020520,2023/9/2,13:25:00,4,Collision with a fixed object,6,Saturday,181,OFF RIGHT BEND INTO OBJECT/PARKED VEHICLE,1,792246,1,0,1,0,0,1,1,5,Not at intersection,2,80,
T20230023087,2023/9/2,11:26:00,1,Collision with vehicle,7,Saturday,110,CROSS TRAFFIC(INTERSECTIONS ONLY),1,70081,2,0,1,0,1,2,1,1,Cross intersection,2,60,Arterial Other
T20230021947,2023/9/2,14:00:00,5,collision with some other object,6,Saturday,166,STRUCK OBJECT ON CARRIAGEWAY,1,781156,1,0,0,1,2,3,2,5,Not at intersection,3,60,Local Road
T20230021234,2023/9/2,14:14:00,1,Collision with vehicle,6,Saturday,150,HEAD ON(OVERTAKING),1,780759,2,0,0,1,3,4,1,5,Not at intersection,3,50,Local Road
T20230020516,2023/9/2,14:38:00,6,Vehicle overturned (no collision),6,Saturday,180,OFF CARRIAGEWAY ON RIGHT BEND,1,792243,1,0,1,0,0,1,1,5,Not at intersection,2,70,Local Road
T20230020510,2023/9/2,12:25:00,1,Collision with vehicle,7,Saturday,130,REAR END(VEHICLES IN SAME LANE),1,780182,3,0,1,0,3,4,1,5,Not at intersection,2,70,Arterial Highway
T20230020878,2023/9/2,11:00:00,1,Collision with vehicle,6,Saturday,135,LANE CHANGE LEFT (NOT OVERTAKING),1,783752,2,0,0,1,1,2,2,5,Not at intersection,3,999,Arterial Other
T20230020585,2023/9/2,21:45:00,1,Collision with vehicle,6,Saturday,130,REAR END(VEHICLES IN SAME LANE),6,38690,2,0,0,1,1,2,2,2,T intersection,3,60,Arterial Other
T20230020583,2023/9/2,13:00:00,6,Vehicle overturned (no collision),6,Saturday,182,OFF CARRIAGEWAY ON LEFT BEND,1,781476,1,0,0,1,0,1,1,5,Not at intersection,3,80,Arterial Other
T20230024935,2023/9/2,10:30:00,4,Collision with a fixed object,6,Saturday,181,OFF RIGHT BEND INTO OBJECT/PARKED VEHICLE,1,789888,1,0,0,1,0,1,2,5,Not at intersection,3,50,Local Road
T20230022001,2023/9/2,8:10:00,1,Collision with vehicle,6,Saturday,113,RIGHT NEAR (INTERSECTIONS ONLY),1,297471,2,0,0,1,2,3,1,1,Cross intersection,3,40,Arterial Other
T20230020571,2023/9/2,23:30:00,1,Collision with vehicle,7,Saturday,130,REAR END(VEHICLES IN SAME LANE),3,788512,2,0,1,1,0,2,1,2,T intersection,2,100,Arterial Other
T20230020566,2023/9/2,23:00:00,4,Collision with a fixed object,6,Saturday,181,OFF RIGHT BEND INTO OBJECT/PARKED VEHICLE,3,790135,1,0,0,2,0,2,1,5,Not at intersection,3,60,Local Road
T20230022508,2023/9/2,11:30:00,1,Collision with vehicle,7,Saturday,130,REAR END(VEHICLES IN SAME LANE),1,789887,2,0,1,0,1,2,2,5,Not at intersection,2,60,Local Road
T20230020700,2023/9/2,20:30:00,1,Collision with vehicle,6,Saturday,130,REAR END(VEHICLES IN SAME LANE),3,781142,2,0,0,1,1,2,2,5,Not at intersection,3,60,Arterial Other
T20230023915,2023/9/2,15:00:00,1,Collision with vehicle,6,Saturday,130,REAR END(VEHICLES IN SAME LANE),1,789900,3,0,0,1,2,3,2,5,Not at intersection,3,999,Local Road
T20230021527,2023/9/2,13:14:00,6,Vehicle overturned (no collision),6,Saturday,180,OFF CARRIAGEWAY ON RIGHT BEND,1,799104,1,0,1,0,0,1,1,5,Not at intersection,2,100,
T20230020689,2023/9/2,11:30:00,6,Vehicle overturned (no collision),6,Saturday,180,OFF CARRIAGEWAY ON RIGHT BEND,1,789889,1,0,0,1,0,1,2,1,Cross intersection,3,60,Arterial Highway
T20230020959,2023/9/2,14:30:00,6,Vehicle overturned (no collision),6,Saturday,184,OUT OF CONTROL ON CARRIAGEWAY (ON BEND),1,789896,1,0,0,1,0,1,2,2,T intersection,3,100,Local Road
T20230020514,2023/9/2,13:34:00,1,Collision with vehicle,7,Saturday,121,RIGHT THROUGH,1,41121,2,0,1,0,1,2,2,1,Cross intersection,2,60,Arterial Other
T20230020500,2023/9/2,8:42:00,4,Collision with a fixed object,7,Saturday,171,LEFT OFF CARRIAGEWAY INTO OBJECT/PARKED VEHICLE,1,792242,1,0,1,0,0,1,1,2,T intersection,2,50,Local Road
T20230020515,2023/9/2,13:55:00,1,Collision with vehicle,7,Saturday,121,RIGHT THROUGH,1,294710,2,0,0,3,0,3,1,2,T intersection,3,60,Arterial Other
T20230021601,2023/9/2,10:00:00,7,Fall from or in moving vehicle,6,Saturday,184,OUT OF CONTROL ON CARRIAGEWAY (ON BEND),1,709151,1,0,0,1,0,1,2,5,Not at intersection,3,999,Local Road
T20230020512,2023/9/2,13:10:00,1,Collision with vehicle,6,Saturday,113,RIGHT NEAR (INTERSECTIONS ONLY),1,789876,2,0,0,1,1,2,1,2,T intersection,3,60,Arterial Other
T20230020529,2023/9/2,17:15:00,4,Collision with a fixed object,7,Saturday,173,RIGHT OFF CARRIAGEWAY INTO OBJECT/PARKED VEHICLE,1,109,1,0,3,0,1,4,1,1,Cross intersection,2,60,Local Road
T20230024056,2023/9/2,12:50:00,1,Collision with vehicle,6,Saturday,133,LANE SIDE SWIPE (VEHICLES IN PARALLEL LANES),1,691622,2,0,0,1,1,2,1,5,Not at intersection,3,60,Local Road
T20230021618,2023/9/2,18:00:00,1,Collision with vehicle,6,Saturday,133,LANE SIDE SWIPE (VEHICLES IN PARALLEL LANES),1,29474,2,0,0,1,1,2,1,2,T intersection,3,40,Arterial Other
T20230021044,2023/9/2,13:22:00,1,Collision with vehicle,7,Saturday,130,REAR END(VEHICLES IN SAME LANE),1,683016,3,0,0,1,2,3,2,5,Not at intersection,3,100,Freeway
T20230020561,2023/9/2,21:11:00,1,Collision with vehicle,7,Saturday,150,HEAD ON(OVERTAKING),3,44929,2,0,0,2,1,3,1,1,Cross intersection,3,40,Local Road
T20230020560,2023/9/2,22:05:00,1,Collision with vehicle,7,Saturday,150,HEAD ON(OVERTAKING),3,780579,4,0,1,4,3,8,1,5,Not at intersection,2,60,Local Road
T20230020559,2023/9/2,15:43:00,1,Collision with vehicle,7,Saturday,121,RIGHT THROUGH,1,355539,2,0,1,2,0,3,1,5,Not at intersection,2,80,Arterial Highway
T20230020557,2023/9/2,20:30:00,1,Collision with vehicle,7,Saturday,141,U TURN INTO FIXED OBJECT/PARKED VEHICLE,3,799629,2,0,0,1,2,3,1,5,Not at intersection,3,888,Arterial Other
T20230020554,2023/9/2,16:44:00,1,Collision with vehicle,6,Saturday,131,LEFT REAR,2,54903,2,0,0,2,0,2,1,3,Y intersection,3,100,Arterial Other
T20230020553,2023/9/2,14:55:00,1,Collision with vehicle,7,Saturday,121,RIGHT THROUGH,1,595452,2,0,2,1,0,3,1,2,T intersection,2,100,Freeway
T20230020551,2023/9/2,20:00:00,1,Collision with vehicle,6,Saturday,110,CROSS TRAFFIC(INTERSECTIONS ONLY),3,29812,2,0,0,1,3,4,1,1,Cross intersection,3,40,Local Road
T20230020542,2023/9/2,17:59:00,4,Collision with a fixed object,6,Saturday,173,RIGHT OFF CARRIAGEWAY INTO OBJECT/PARKED VEHICLE,1,792247,1,0,1,0,0,1,1,5,Not at intersection,2,80,Local Road
T20230022824,2023/9/3,1:00:00,2,Struck Pedestrian,0,Sunday,102,FAR SIDE. PED HIT BY VEHICLE FROM THE LEFT,3,268853,1,0,0,1,1,2,2,1,Cross intersection,3,60,Arterial Other
T20230023545,2023/9/3,11:00:00,1,Collision with vehicle,0,Sunday,130,REAR END(VEHICLES IN SAME LANE),1,789706,2,0,0,1,1,2,2,1,Cross intersection,3,60,Local Road
T20230020592,2023/9/3,11:05:00,1,Collision with vehicle,0,Sunday,169,OTHER ON PATH,1,799685,2,0,1,0,0,1,1,5,Not at intersection,2,40,
T20230020591,2023/9/3,10:56:00,9,Other accident,1,Sunday,149,OTHER MANOEUVRING NOT INCLUDED IN DCAs 140-148,1,780470,1,0,1,0,0,1,1,5,Not at intersection,2,50,Local Road
T20230020876,2023/9/3,10:20:00,1,Collision with vehicle,0,Sunday,110,CROSS TRAFFIC(INTERSECTIONS ONLY),1,41066,2,0,1,0,1,2,2,1,Cross intersection,2,60,Arterial Other
T20230021855,2023/9/3,16:10:00,1,Collision with vehicle,0,Sunday,112,LEFT FAR (INTERSECTIONS ONLY),1,42906,3,0,0,2,2,4,1,2,T intersection,3,60,Local Road
T20230020595,2023/9/3,12:33:00,1,Collision with vehicle,1,Sunday,130,REAR END(VEHICLES IN SAME LANE),1,780067,3,0,1,1,1,3,1,5,Not at intersection,2,110,Freeway
T20230020597,2023/9/3,12:05:00,4,Collision with a fixed object,1,Sunday,181,OFF RIGHT BEND INTO OBJECT/PARKED VEHICLE,1,789723,1,0,1,0,0,1,1,5,Not at intersection,2,100,
T20230020582,2023/9/3,6:09:00,1,Collision with vehicle,0,Sunday,113,RIGHT NEAR (INTERSECTIONS ONLY),2,38829,2,0,0,1,1,2,2,2,T intersection,3,999,Arterial Highway
T20230020599,2023/9/3,12:22:00,1,Collision with vehicle,1,Sunday,110,CROSS TRAFFIC(INTERSECTIONS ONLY),1,789724,2,0,0,2,5,7,1,1,Cross intersection,3,60,Arterial Other
T20230020605,2023/9/3,13:10:00,4,Collision with a fixed object,0,Sunday,171,LEFT OFF CARRIAGEWAY INTO OBJECT/PARKED VEHICLE,1,789698,1,0,0,1,0,1,1,5,Not at intersection,3,100,Arterial Other
T20230020567,2023/9/3,1:22:00,4,Collision with a fixed object,1,Sunday,171,LEFT OFF CARRIAGEWAY INTO OBJECT/PARKED VEHICLE,5,793815,1,1,0,0,0,1,1,2,T intersection,1,80,Local Road
T20230020600,2023/9/3,12:40:00,2,Struck Pedestrian,1,Sunday,108,PED STRUCK WALKING TO/FROM OR BOARDING/ALIGHTING VEHICLE.,1,789708,1,0,0,1,1,2,1,5,Not at intersection,3,50,Local Road
T20230021305,2023/9/3,21:00:00,8,No collision and no object struck,0,Sunday,174,OUT OF CONTROL ON CARRIAGEWAY (ON STRAIGHT),6,780591,1,0,0,1,0,1,2,5,Not at intersection,3,40,Local Road
T20230020608,2023/9/3,15:13:00,1,Collision with vehicle,1,Sunday,121,RIGHT THROUGH,1,780949,2,0,0,1,2,3,1,1,Cross intersection,3,30,Arterial Other
T20230020611,2023/9/3,15:13:00,1,Collision with vehicle,0,Sunday,111,RIGHT FAR (INTERSECTIONS ONLY),1,47131,2,0,0,2,1,3,1,2,T intersection,3,40,Arterial Other
T20230020613,2023/9/3,15:33:00,1,Collision with vehicle,0,Sunday,135,LANE CHANGE LEFT (NOT OVERTAKING),1,780131,3,0,0,1,1,2,1,5,Not at intersection,3,70,Arterial Other
T20230020594,2023/9/3,11:30:00,1,Collision with vehicle,1,Sunday,121,RIGHT THROUGH,1,44884,2,0,1,3,0,4,1,1,Cross intersection,2,70,Local Road
T20230020614,2023/9/3,15:40:00,1,Collision with vehicle,0,Sunday,120,HEAD ON (NOT OVERTAKING),1,38409,2,0,0,1,2,3,1,2,T intersection,3,60,Arterial Other
T20230022042,2023/9/3,13:00:00,2,Struck Pedestrian,0,Sunday,100,PED NEAR SIDE. PED HIT BY VEHICLE FROM THE RIGHT.,1,781428,1,0,0,1,1,2,2,5,Not at intersection,3,60,Local Road
T20230020615,2023/9/3,17:10:00,1,Collision with vehicle,0,Sunday,110,CROSS TRAFFIC(INTERSECTIONS ONLY),1,52701,2,0,0,2,0,2,1,1,Cross intersection,3,60,Local Road
T20230020624,2023/9/3,19:15:00,1,Collision with vehicle,0,Sunday,121,RIGHT THROUGH,2,278616,2,0,0,3,2,5,1,1,Cross intersection,3,80,Freeway
T20230020625,2023/9/3,17:00:00,1,Collision with vehicle,1,Sunday,150,HEAD ON(OVERTAKING),1,794016,2,0,3,0,0,3,1,5,Not at intersection,2,100,Arterial Highway
T20230020627,2023/9/3,17:10:00,4,Collision with a fixed object,0,Sunday,189,OTHER ACCIDENTS ON CURVE NOT INCLUDED IN DCAs 180-184,1,792440,1,0,1,0,0,1,1,5,Not at intersection,2,999,Local Road
T20230021891,2023/9/3,17:00:00,1,Collision with vehicle,0,Sunday,145,REVERSING IN STREAM OF TRAFFIC,1,789714,2,0,0,1,1,2,2,5,Not at intersection,3,60,Arterial Other
T20230020630,2023/9/3,16:46:00,1,Collision with vehicle,1,Sunday,130,REAR END(VEHICLES IN SAME LANE),1,780132,4,0,0,3,4,7,1,5,Not at intersection,3,100,Freeway
T20230020765,2023/9/3,15:44:00,4,Collision with a fixed object,0,Sunday,181,OFF RIGHT BEND INTO OBJECT/PARKED VEHICLE,1,783542,1,0,0,1,3,4,1,5,Not at intersection,3,50,Local Road
T20230020633,2023/9/3,23:30:00,2,Struck Pedestrian,1,Sunday,105,PED WALKING AGAINST TRAFFIC.,3,789712,1,0,0,1,1,2,1,5,Not at intersection,3,70,
T20230020762,2023/9/3,12:40:00,1,Collision with vehicle,1,Sunday,121,RIGHT THROUGH,1,702694,2,0,0,2,2,4,1,2,T intersection,3,60,Arterial Other
T20230025391,2023/9/3,11:10:00,1,Collision with vehicle,0,Sunday,147,VEHICLE STRIKES ANOTHER VEH WHILE EMERGING FROM DRIVEWAY,1,789713,2,0,0,1,6,7,1,5,Not at intersection,3,60,Arterial Highway
T20230020635,2023/9/3,18:40:00,1,Collision with vehicle,1,Sunday,120,HEAD ON (NOT OVERTAKING),2,780047,3,2,1,0,0,3,1,5,Not at intersection,1,80,Local Road
T20230020923,2023/9/3,11:30:00,6,Vehicle overturned (no collision),1,Sunday,174,OUT OF CONTROL ON CARRIAGEWAY (ON STRAIGHT),9,780556,2,0,0,1,2,3,2,5,Not at intersection,3,999,Local Road
T20230020913,2023/9/3,23:32:00,2,Struck Pedestrian,0,Sunday,103,PED PLAYING/LYING/WORKING/STANDING ON CARRIAGEWAY.,9,780370,2,1,0,0,1,2,1,5,Not at intersection,1,50,Local Road
T20230028579,2023/9/3,9:15:00,4,Collision with a fixed object,0,Sunday,179,OTHER ACCIDENTS-OFF STRAIGHT NOT INCLUDED IN DCAs 170-175,1,795455,1,0,0,1,0,1,2,5,Not at intersection,3,888,Local Road
T20230021365,2023/9/3,11:10:00,1,Collision with vehicle,0,Sunday,130,REAR END(VEHICLES IN SAME LANE),9,780989,3,0,0,2,1,3,2,5,Not at intersection,3,999,Arterial Other
T20230022157,2023/9/3,17:30:00,4,Collision with a fixed object,0,Sunday,151,OUT OF CONTROL (OVERTAKING),2,39076,1,0,0,1,0,1,2,2,T intersection,3,60,Local Road
T20230022621,2023/9/3,18:30:00,1,Collision with vehicle,0,Sunday,130,REAR END(VEHICLES IN SAME LANE),2,36072,3,0,0,2,1,3,2,1,Cross intersection,3,80,Arterial Other
T20230020680,2023/9/3,14:18:00,1,Collision with vehicle,0,Sunday,113,RIGHT NEAR (INTERSECTIONS ONLY),1,44240,2,0,0,1,1,2,1,2,T intersection,3,60,Arterial Other
T20230021332,2023/9/3,13:30:00,1,Collision with vehicle,1,Sunday,160,VEHICLE COLLIDES WITH VEHICLE PARKED ON LEFT OF ROAD,1,780857,2,0,0,1,0,1,2,5,Not at intersection,3,60,Arterial Other
T20230021451,2023/9/3,15:00:00,6,Vehicle overturned (no collision),1,Sunday,184,OUT OF CONTROL ON CARRIAGEWAY (ON BEND),1,780843,1,0,1,0,0,1,2,5,Not at intersection,2,100,Local Road
T20230020712,2023/9/3,14:30:00,1,Collision with vehicle,1,Sunday,130,REAR END(VEHICLES IN SAME LANE),1,239553,2,0,0,1,1,2,1,1,Cross intersection,3,50,Local Road
T20230020570,2023/9/3,1:52:00,1,Collision with vehicle,1,Sunday,160,VEHICLE COLLIDES WITH VEHICLE PARKED ON LEFT OF ROAD,3,789398,2,0,1,0,1,2,1,5,Not at intersection,2,60,Arterial Highway
T20230020784,2023/9/4,20:43:00,1,Collision with vehicle,2,Monday,130,REAR END(VEHICLES IN SAME LANE),3,290258,2,0,1,1,0,2,1,1,Cross intersection,2,60,Arterial Other
T20230020670,2023/9/4,10:00:00,2,Struck Pedestrian,1,Monday,100,PED NEAR SIDE. PED HIT BY VEHICLE FROM THE RIGHT.,1,782415,1,0,0,1,1,2,1,2,T intersection,3,70,Local Road
T20230020697,2023/9/4,14:34:00,1,Collision with vehicle,2,Monday,121,RIGHT THROUGH,1,49826,2,0,1,0,2,3,1,1,Cross intersection,2,60,Arterial Highway
T20230020695,2023/9/4,13:00:00,4,Collision with a fixed object,2,Monday,183,OFF LEFT BEND INTO OBJECT/PARKED VEHICLE,1,780108,1,1,1,0,0,2,1,5,Not at intersection,1,100,Local Road
T20230025150,2023/9/4,21:00:00,4,Collision with a fixed object,1,Monday,173,RIGHT OFF CARRIAGEWAY INTO OBJECT/PARKED VEHICLE,3,784181,1,0,0,1,0,1,1,5,Not at intersection,3,100,Freeway
T20230020725,2023/9/4,23:39:00,1,Collision with vehicle,2,Monday,121,RIGHT THROUGH,3,36321,2,0,0,1,2,3,1,1,Cross intersection,3,80,Arterial Highway
T20230020726,2023/9/4,23:25:00,4,Collision with a fixed object,1,Monday,181,OFF RIGHT BEND INTO OBJECT/PARKED VEHICLE,5,790156,1,0,0,2,0,2,1,5,Not at intersection,3,70,
T20230021431,2023/9/4,20:15:00,1,Collision with vehicle,1,Monday,160,VEHICLE COLLIDES WITH VEHICLE PARKED ON LEFT OF ROAD,5,781424,2,0,0,1,1,2,1,5,Not at intersection,3,60,Local Road
T20230020692,2023/9/4,13:30:00,1,Collision with vehicle,1,Monday,171,LEFT OFF CARRIAGEWAY INTO OBJECT/PARKED VEHICLE,1,127112,4,0,0,1,1,2,1,5,Not at intersection,3,60,Local Road
T20230021368,2023/9/4,17:00:00,1,Collision with vehicle,1,Monday,133,LANE SIDE SWIPE (VEHICLES IN PARALLEL LANES),2,790148,2,0,0,1,1,2,2,5,Not at intersection,3,60,Local Road
T20230021347,2023/9/4,14:49:00,1,Collision with vehicle,2,Monday,121,RIGHT THROUGH,1,279266,2,0,0,1,1,2,1,1,Cross intersection,3,50,Arterial Other
T20230020674,2023/9/4,8:47:00,1,Collision with vehicle,1,Monday,130,REAR END(VEHICLES IN SAME LANE),1,799708,2,0,0,1,1,2,1,2,T intersection,3,70,Arterial Other
T20230022304,2023/9/4,15:40:00,1,Collision with vehicle,1,Monday,121,RIGHT THROUGH,1,300547,3,0,0,2,3,5,1,2,T intersection,3,80,Arterial Other
T20230023395,2023/9/4,14:40:00,1,Collision with vehicle,2,Monday,112,LEFT FAR (INTERSECTIONS ONLY),1,51124,2,0,0,1,1,2,2,2,T intersection,3,60,Local Road