ACCIDENT_NO,ACCIDENT_DATE,ACCIDENT_TIME,ACCIDENT_TYPE,ACCIDENT_TYPE_DESC,DAY_OF_WEEK,DAY_WEEK_DESC,DCA_CODE,DCA_DESC,LIGHT_CONDITION,NODE_ID,NO_OF_VEHICLES,NO_PERSONS_KILLED,NO_PERSONS_INJ_2,NO_PERSONS_INJ_3,NO_PERSONS_NOT_INJ,NO_PERSONS,POLICE_ATTEND,ROAD_GEOMETRY,ROAD_GEOMETRY_DESC,SEVERITY,SPEED_ZONE,RMA
T20230023232,2023/9/4,9:00:00,7,Fall from or in moving vehicle,1,Monday,190,FELL IN/FROM VEHICLE,1,789682,1,0,0,1,0,1,2,5,Not at intersection,3,40,Arterial Other
T20230020763,2023/9/4,22:15:00,4,Collision with a fixed object,1,Monday,171,LEFT OFF CARRIAGEWAY INTO OBJECT/PARKED VEHICLE,5,789678,1,0,0,1,0,1,1,5,Not at intersection,3,60,Local Road
T20230023186,2023/9/4,8:19:00,1,Collision with vehicle,1,Monday,132,RIGHT REAR.,1,799643,2,0,0,1,1,2,2,2,T intersection,3,50,Local Road
T20230020770,2023/9/4,17:10:00,1,Collision with vehicle,1,Monday,130,REAR END(VEHICLES IN SAME LANE),2,780494,2,0,0,1,1,2,2,5,Not at intersection,3,50,Arterial Other
T20230020652,2023/9/4,8:30:00,2,Struck Pedestrian,2,Monday,100,PED NEAR SIDE. PED HIT BY VEHICLE FROM THE RIGHT.,1,789675,1,0,1,0,1,2,1,5,Not at intersection,2,50,Local Road
T20230020672,2023/9/4,12:04:00,1,Collision with vehicle,1,Monday,130,REAR END(VEHICLES IN SAME LANE),1,780447,3,0,0,1,2,3,1,5,Not at intersection,3,80,Arterial Other
T20230020715,2023/9/4,20:40:00,1,Collision with vehicle,1,Monday,113,RIGHT NEAR (INTERSECTIONS ONLY),3,7779,2,0,0,1,1,2,1,1,Cross intersection,3,60,
T20230020702,2023/9/4,15:24:00,1,Collision with vehicle,1,Monday,175,OFF END OF ROAD/T-INTERSECTION.,1,789679,2,0,0,1,1,2,1,2,T intersection,3,100,Arterial Other
T20230020701,2023/9/4,16:58:00,2,Struck Pedestrian,2,Monday,100,PED NEAR SIDE. PED HIT BY VEHICLE FROM THE RIGHT.,1,41977,1,0,1,0,1,2,1,1,Cross intersection,2,80,Arterial Highway
T20230024438,2023/9/4,18:40:00,1,Collision with vehicle,1,Monday,110,CROSS TRAFFIC(INTERSECTIONS ONLY),3,36289,2,0,0,1,1,2,1,1,Cross intersection,3,50,Local Road
T20230021311,2023/9/4,19:20:00,1,Collision with vehicle,1,Monday,140,U TURN,2,782617,2,0,0,1,1,2,2,5,Not at intersection,3,999,Local Road
T20230021934,2023/9/4,18:30:00,1,Collision with vehicle,1,Monday,110,CROSS TRAFFIC(INTERSECTIONS ONLY),3,41066,2,0,0,1,1,2,2,1,Cross intersection,3,60,Arterial Other
T20230020664,2023/9/4,9:06:00,1,Collision with vehicle,1,Monday,179,OTHER ACCIDENTS-OFF STRAIGHT NOT INCLUDED IN DCAs 170-175,1,781420,2,0,0,2,1,3,1,5,Not at intersection,3,60,Local Road
T20230020639,2023/9/4,0:50:00,2,Struck Pedestrian,1,Monday,103,PED PLAYING/LYING/WORKING/STANDING ON CARRIAGEWAY.,3,44578,2,0,0,1,2,3,1,2,T intersection,3,60,Arterial Other
T20230020852,2023/9/4,19:20:00,1,Collision with vehicle,1,Monday,130,REAR END(VEHICLES IN SAME LANE),2,780307,2,0,0,1,1,2,2,5,Not at intersection,3,50,Local Road
T20230020658,2023/9/4,8:40:00,1,Collision with vehicle,2,Monday,130,REAR END(VEHICLES IN SAME LANE),2,780134,3,0,0,2,2,4,1,5,Not at intersection,3,100,Freeway
T20230020648,2023/9/4,6:25:00,4,Collision with a fixed object,2,Monday,181,OFF RIGHT BEND INTO OBJECT/PARKED VEHICLE,2,793953,1,0,0,1,0,1,1,5,Not at intersection,3,80,Local Road
T20230020653,2023/9/4,7:41:00,4,Collision with a fixed object,2,Monday,175,OFF END OF ROAD/T-INTERSECTION.,1,71373,1,0,1,0,0,1,1,2,T intersection,2,100,Arterial Other
T20230020650,2023/9/4,7:10:00,1,Collision with vehicle,2,Monday,116,LEFT NEAR (INTERSECTIONS ONLY),1,791267,3,0,1,1,1,3,2,2,T intersection,2,60,Arterial Other
T20230020657,2023/9/4,8:24:00,1,Collision with vehicle,2,Monday,134,LANE CHANGE RIGHT (NOT OVERTAKING),1,780133,2,0,1,0,1,2,1,5,Not at intersection,2,60,Arterial Other
T20230020720,2023/9/4,21:10:00,2,Struck Pedestrian,2,Monday,100,PED NEAR SIDE. PED HIT BY VEHICLE FROM THE RIGHT.,6,780472,1,0,1,0,1,2,1,5,Not at intersection,2,50,Local Road
T20230020719,2023/9/4,21:03:00,4,Collision with a fixed object,1,Monday,173,RIGHT OFF CARRIAGEWAY INTO OBJECT/PARKED VEHICLE,3,783101,1,0,0,1,0,1,1,5,Not at intersection,3,80,Arterial Highway
T20230020644,2023/9/4,5:38:00,1,Collision with vehicle,2,Monday,132,RIGHT REAR.,5,799380,2,0,0,1,1,2,1,2,T intersection,3,60,Arterial Other
T20230020645,2023/9/4,6:25:00,1,Collision with vehicle,1,Monday,121,RIGHT THROUGH,2,36389,2,0,1,0,1,2,1,2,T intersection,2,80,Arterial Other
T20230020654,2023/9/4,6:52:00,4,Collision with a fixed object,1,Monday,173,RIGHT OFF CARRIAGEWAY INTO OBJECT/PARKED VEHICLE,2,789737,1,0,0,1,0,1,1,5,Not at intersection,3,60,Local Road
T20230020826,2023/9/4,5:40:00,3,Struck animal,2,Monday,167,STRUCK ANIMAL,5,780474,1,0,1,0,0,1,2,5,Not at intersection,2,50,Local Road
T20230021524,2023/9/4,17:15:00,1,Collision with vehicle,1,Monday,130,REAR END(VEHICLES IN SAME LANE),1,789897,2,0,0,1,1,2,2,2,T intersection,3,999,Arterial Other
T20230020779,2023/9/5,8:58:00,1,Collision with vehicle,2,Tuesday,111,RIGHT FAR (INTERSECTIONS ONLY),2,780836,2,0,0,2,6,8,1,2,T intersection,3,50,Local Road
T20230020775,2023/9/5,11:37:00,4,Collision with a fixed object,3,Tuesday,181,OFF RIGHT BEND INTO OBJECT/PARKED VEHICLE,1,780835,1,0,1,0,0,1,1,5,Not at intersection,2,50,Local Road
T20230020727,2023/9/5,1:10:00,3,Struck animal,2,Tuesday,167,STRUCK ANIMAL,5,799631,1,0,0,1,0,1,1,5,Not at intersection,3,100,Arterial Highway
T20230026918,2023/9/5,10:41:00,1,Collision with vehicle,2,Tuesday,160,VEHICLE COLLIDES WITH VEHICLE PARKED ON LEFT OF ROAD,1,799705,2,0,0,1,1,2,2,5,Not at intersection,3,60,Arterial Other
T20230020737,2023/9/5,7:00:00,1,Collision with vehicle,2,Tuesday,130,REAR END(VEHICLES IN SAME LANE),2,780233,2,0,0,1,1,2,1,5,Not at intersection,3,80,Arterial Highway
T20230020732,2023/9/5,5:10:00,3,Struck animal,2,Tuesday,167,STRUCK ANIMAL,2,780232,1,0,0,1,0,1,2,5,Not at intersection,3,100,Arterial Other
T20230020735,2023/9/5,6:45:00,1,Collision with vehicle,3,Tuesday,120,HEAD ON (NOT OVERTAKING),2,793948,3,0,0,1,2,3,1,5,Not at intersection,3,60,
T20230020843,2023/9/5,16:00:00,1,Collision with vehicle,2,Tuesday,121,RIGHT THROUGH,1,38982,2,0,0,1,1,2,2,2,T intersection,3,60,Arterial Other
T20230020750,2023/9/5,7:25:00,4,Collision with a fixed object,3,Tuesday,171,LEFT OFF CARRIAGEWAY INTO OBJECT/PARKED VEHICLE,1,793932,1,0,1,0,0,1,1,5,Not at intersection,2,100,
T20230020752,2023/9/5,9:40:00,1,Collision with vehicle,3,Tuesday,110,CROSS TRAFFIC(INTERSECTIONS ONLY),1,38167,2,0,1,0,1,2,1,1,Cross intersection,2,60,Arterial Other
T20230020757,2023/9/5,9:05:00,1,Collision with vehicle,2,Tuesday,140,U TURN,1,785449,2,0,0,1,1,2,1,2,T intersection,3,50,Local Road
T20230024786,2023/9/5,23:03:00,4,Collision with a fixed object,3,Tuesday,171,LEFT OFF CARRIAGEWAY INTO OBJECT/PARKED VEHICLE,5,783784,1,0,1,0,0,1,1,5,Not at intersection,2,110,Freeway
T20230020897,2023/9/5,23:45:00,1,Collision with vehicle,2,Tuesday,110,CROSS TRAFFIC(INTERSECTIONS ONLY),3,42484,2,0,1,0,1,2,1,1,Cross intersection,2,50,Local Road
T20230027977,2023/9/5,16:24:00,1,Collision with vehicle,3,Tuesday,110,CROSS TRAFFIC(INTERSECTIONS ONLY),1,48603,2,0,0,1,1,2,1,1,Cross intersection,3,60,Local Road
T20230027191,2023/9/5,15:23:00,8,No collision and no object struck,3,Tuesday,170,OFF CARRIAGEWAY TO LEFT,1,787830,1,0,1,0,0,1,1,5,Not at intersection,2,60,Arterial Other
T20230020895,2023/9/5,17:05:00,6,Vehicle overturned (no collision),3,Tuesday,174,OUT OF CONTROL ON CARRIAGEWAY (ON STRAIGHT),1,780528,1,0,1,0,0,1,1,1,Cross intersection,2,60,Arterial Other
T20230021249,2023/9/5,16:30:00,1,Collision with vehicle,3,Tuesday,132,RIGHT REAR.,1,780760,2,0,0,2,1,3,2,5,Not at intersection,3,60,Arterial Highway
T20230020804,2023/9/5,16:02:00,2,Struck Pedestrian,2,Tuesday,101,PED EMERGES FROM IN FRONT OF PARKED OR STATIONARY VEHICLE,1,46654,1,0,0,2,0,2,1,3,Y intersection,3,60,Arterial Other
T20230021061,2023/9/5,17:30:00,1,Collision with vehicle,2,Tuesday,130,REAR END(VEHICLES IN SAME LANE),2,780531,2,0,0,2,1,3,2,5,Not at intersection,3,999,Local Road
T20230026260,2023/9/5,9:00:00,1,Collision with vehicle,2,Tuesday,130,REAR END(VEHICLES IN SAME LANE),2,786399,2,0,0,1,1,2,1,5,Not at intersection,3,80,Freeway
T20230026050,2023/9/5,8:30:00,1,Collision with vehicle,2,Tuesday,111,RIGHT FAR (INTERSECTIONS ONLY),2,791006,2,0,0,1,1,2,2,1,Cross intersection,3,50,
T20230020820,2023/9/5,23:05:00,1,Collision with vehicle,3,Tuesday,110,CROSS TRAFFIC(INTERSECTIONS ONLY),3,54438,2,0,0,1,4,5,2,1,Cross intersection,3,60,Arterial Highway
T20230020819,2023/9/5,20:50:00,1,Collision with vehicle,3,Tuesday,120,HEAD ON (NOT OVERTAKING),5,782494,2,0,1,2,0,3,1,5,Not at intersection,2,80,Local Road
T20230021490,2023/9/5,7:30:00,1,Collision with vehicle,2,Tuesday,122,LEFT THROUGH,2,780951,2,0,0,1,1,2,2,2,T intersection,3,80,Arterial Other
T20230020814,2023/9/5,15:50:00,1,Collision with vehicle,3,Tuesday,160,VEHICLE COLLIDES WITH VEHICLE PARKED ON LEFT OF ROAD,1,790360,2,0,0,1,0,1,1,5,Not at intersection,3,50,Arterial Highway
T20230020812,2023/9/5,18:50:00,4,Collision with a fixed object,2,Tuesday,171,LEFT OFF CARRIAGEWAY INTO OBJECT/PARKED VEHICLE,3,799683,1,0,1,0,0,1,1,5,Not at intersection,2,60,Arterial Other
T20230020810,2023/9/5,17:20:00,1,Collision with vehicle,3,Tuesday,154,PULLING OUT -REAR END,2,784073,2,0,1,0,1,2,1,5,Not at intersection,2,100,Local Road
T20230021627,2023/9/5,19:20:00,1,Collision with vehicle,3,Tuesday,133,LANE SIDE SWIPE (VEHICLES IN PARALLEL LANES),6,790562,3,0,0,1,2,3,1,1,Cross intersection,3,80,
T20230020800,2023/9/5,17:08:00,1,Collision with vehicle,2,Tuesday,113,RIGHT NEAR (INTERSECTIONS ONLY),2,226252,2,0,0,1,1,2,1,2,T intersection,3,60,Local Road
T20230020782,2023/9/5,14:43:00,1,Collision with vehicle,2,Tuesday,130,REAR END(VEHICLES IN SAME LANE),1,799632,3,0,0,1,2,3,1,5,Not at intersection,3,40,Arterial Highway
T20230020799,2023/9/5,17:30:00,1,Collision with vehicle,2,Tuesday,139,OTHER SAME DIRECTION-MANOUEVRES NOT INCLUDED IN DCAs 130-137,2,790537,3,0,0,2,3,5,1,5,Not at intersection,3,70,Arterial Other
T20230029519,2023/9/5,21:00:00,8,No collision and no object struck,3,Tuesday,172,OFF CARRIAGEWAY TO RIGHT,5,792196,1,0,0,1,0,1,2,5,Not at intersection,3,100,Arterial Other
T20230020922,2023/9/5,20:00:00,6,Vehicle overturned (no collision),2,Tuesday,174,OUT OF CONTROL ON CARRIAGEWAY (ON STRAIGHT),2,780407,1,0,0,1,0,1,2,5,Not at intersection,3,40,Local Road
T20230020743,2023/9/5,10:30:00,1,Collision with vehicle,2,Tuesday,113,RIGHT NEAR (INTERSECTIONS ONLY),1,780397,2,0,0,1,1,2,1,2,T intersection,3,70,Arterial Other
T20230020794,2023/9/5,17:40:00,1,Collision with vehicle,2,Tuesday,110,CROSS TRAFFIC(INTERSECTIONS ONLY),1,243544,2,0,0,1,1,2,1,1,Cross intersection,3,60,Local Road
T20230020791,2023/9/5,16:10:00,1,Collision with vehicle,3,Tuesday,130,REAR END(VEHICLES IN SAME LANE),1,795841,2,0,0,1,1,2,2,5,Not at intersection,3,40,
T20230020805,2023/9/5,14:32:00,4,Collision with a fixed object,2,Tuesday,179,OTHER ACCIDENTS-OFF STRAIGHT NOT INCLUDED IN DCAs 170-175,1,783307,1,0,0,1,0,1,1,5,Not at intersection,3,60,Local Road
T20230020862,2023/9/6,15:41:00,1,Collision with vehicle,3,Wednesday,121,RIGHT THROUGH,1,665580,2,0,0,2,1,3,1,2,T intersection,3,60,Local Road
T20230020863,2023/9/6,11:44:00,1,Collision with vehicle,3,Wednesday,113,RIGHT NEAR (INTERSECTIONS ONLY),1,580288,2,0,0,1,1,2,1,2,T intersection,3,60,Arterial Other
T20230020867,2023/9/6,15:07:00,1,Collision with vehicle,4,Wednesday,130,REAR END(VEHICLES IN SAME LANE),1,50214,3,0,1,1,2,4,1,1,Cross intersection,2,40,Arterial Highway
T20230020868,2023/9/6,15:27:00,2,Struck Pedestrian,4,Wednesday,102,FAR SIDE. PED HIT BY VEHICLE FROM THE LEFT,1,790277,1,0,1,0,1,2,1,5,Not at intersection,2,80,Arterial Highway
T20230020870,2023/9/6,13:30:00,1,Collision with vehicle,4,Wednesday,110,CROSS TRAFFIC(INTERSECTIONS ONLY),1,270353,2,0,1,0,1,2,1,1,Cross intersection,2,50,Local Road
T20230022060,2023/9/6,7:00:00,1,Collision with vehicle,4,Wednesday,160,VEHICLE COLLIDES WITH VEHICLE PARKED ON LEFT OF ROAD,2,784451,2,0,0,1,0,1,1,2,T intersection,3,60,Arterial Other
T20230020875,2023/9/6,17:40:00,1,Collision with vehicle,4,Wednesday,121,RIGHT THROUGH,2,780682,2,0,0,1,1,2,1,5,Not at intersection,3,40,Arterial Other
T20230021680,2023/9/6,12:00:00,1,Collision with vehicle,4,Wednesday,130,REAR END(VEHICLES IN SAME LANE),1,790138,2,0,1,0,1,2,1,5,Not at intersection,2,60,Arterial Highway
T20230020902,2023/9/6,23:26:00,4,Collision with a fixed object,4,Wednesday,171,LEFT OFF CARRIAGEWAY INTO OBJECT/PARKED VEHICLE,3,796795,1,0,1,0,0,1,1,5,Not at intersection,2,60,Arterial Other
T20230020880,2023/9/6,17:09:00,2,Struck Pedestrian,3,Wednesday,100,PED NEAR SIDE. PED HIT BY VEHICLE FROM THE RIGHT.,2,780402,1,0,0,1,1,2,1,1,Cross intersection,3,50,Local Road
T20230020882,2023/9/6,18:28:00,1,Collision with vehicle,4,Wednesday,121,RIGHT THROUGH,3,40700,2,0,0,5,0,5,1,1,Cross intersection,3,60,Arterial Other
T20230020885,2023/9/6,17:10:00,4,Collision with a fixed object,4,Wednesday,171,LEFT OFF CARRIAGEWAY INTO OBJECT/PARKED VEHICLE,2,794814,1,0,1,0,1,2,1,5,Not at intersection,2,60,Local Road
T20230020886,2023/9/6,18:29:00,2,Struck Pedestrian,3,Wednesday,100,PED NEAR SIDE. PED HIT BY VEHICLE FROM THE RIGHT.,2,7653,1,0,0,1,2,3,1,1,Cross intersection,3,50,
T20230020887,2023/9/6,19:28:00,2,Struck Pedestrian,3,Wednesday,102,FAR SIDE. PED HIT BY VEHICLE FROM THE LEFT,2,780404,1,0,0,1,1,2,1,1,Cross intersection,3,80,Arterial Other
T20230020889,2023/9/6,15:18:00,2,Struck Pedestrian,3,Wednesday,102,FAR SIDE. PED HIT BY VEHICLE FROM THE LEFT,1,782380,1,0,0,1,1,2,1,1,Cross intersection,3,80,Arterial Other
T20230021343,2023/9/6,22:05:00,1,Collision with vehicle,3,Wednesday,121,RIGHT THROUGH,3,781346,2,0,0,1,1,2,1,2,T intersection,3,70,Arterial Other
T20230023272,2023/9/6,16:00:00,2,Struck Pedestrian,4,Wednesday,100,PED NEAR SIDE. PED HIT BY VEHICLE FROM THE RIGHT.,1,796086,1,0,0,1,1,2,9,5,Not at intersection,3,40,Local Road
T20230021289,2023/9/6,23:26:00,1,Collision with vehicle,4,Wednesday,130,REAR END(VEHICLES IN SAME LANE),3,799636,2,0,0,1,1,2,1,1,Cross intersection,3,60,Arterial Other
T20230020834,2023/9/6,7:02:00,1,Collision with vehicle,4,Wednesday,113,RIGHT NEAR (INTERSECTIONS ONLY),1,54383,2,0,0,2,0,2,1,1,Cross intersection,3,100,Freeway
T20230020840,2023/9/6,7:05:00,1,Collision with vehicle,4,Wednesday,130,REAR END(VEHICLES IN SAME LANE),2,780678,3,0,1,0,2,3,1,5,Not at intersection,2,80,Freeway
T20230021281,2023/9/6,8:00:00,1,Collision with vehicle,3,Wednesday,121,RIGHT THROUGH,1,706190,2,0,0,1,1,2,2,2,T intersection,3,60,Local Road
T20230020898,2023/9/6,15:35:00,6,Vehicle overturned (no collision),4,Wednesday,182,OFF CARRIAGEWAY ON LEFT BEND,1,796089,1,0,1,0,0,1,1,5,Not at intersection,2,80,Arterial Other
T20230020842,2023/9/6,6:35:00,1,Collision with vehicle,4,Wednesday,121,RIGHT THROUGH,2,780401,2,0,0,1,2,3,1,5,Not at intersection,3,40,Local Road
T20230020837,2023/9/6,7:20:00,2,Struck Pedestrian,4,Wednesday,100,PED NEAR SIDE. PED HIT BY VEHICLE FROM THE RIGHT.,1,780400,1,0,1,0,1,2,1,1,Cross intersection,2,50,Local Road
T20230020845,2023/9/6,12:10:00,1,Collision with vehicle,4,Wednesday,130,REAR END(VEHICLES IN SAME LANE),1,261406,2,0,0,1,1,2,1,1,Cross intersection,3,60,Arterial Other
T20230020911,2023/9/6,16:20:00,1,Collision with vehicle,3,Wednesday,130,REAR END(VEHICLES IN SAME LANE),2,780495,2,0,0,1,1,2,1,2,T intersection,3,60,Arterial Other
T20230020849,2023/9/6,12:51:00,2,Struck Pedestrian,3,Wednesday,108,PED STRUCK WALKING TO/FROM OR BOARDING/ALIGHTING VEHICLE.,1,791644,1,0,0,1,1,2,1,5,Not at intersection,3,80,Local Road
T20230023138,2023/9/6,19:25:00,1,Collision with vehicle,3,Wednesday,121,RIGHT THROUGH,3,49256,2,0,0,1,1,2,2,1,Cross intersection,3,60,Arterial Highway
T20230020855,2023/9/6,13:17:00,1,Collision with vehicle,4,Wednesday,110,CROSS TRAFFIC(INTERSECTIONS ONLY),1,51327,2,0,1,1,2,4,1,1,Cross intersection,2,60,Local Road
T20230023899,2023/9/6,18:30:00,1,Collision with vehicle,3,Wednesday,130,REAR END(VEHICLES IN SAME LANE),3,798649,2,0,0,2,0,2,2,5,Not at intersection,3,60,
T20230020925,2023/9/6,10:47:00,1,Collision with vehicle,3,Wednesday,130,REAR END(VEHICLES IN SAME LANE),1,36615,2,0,0,1,1,2,2,1,Cross intersection,3,999,Local Road
T20230020856,2023/9/6,11:47:00,1,Collision with vehicle,3,Wednesday,163,VEHICLE STRIKES DOOR OF PARKED/STATIONARY VEHICLE,1,80905,2,0,0,1,1,2,1,5,Not at intersection,3,40,Arterial Other
T20230023966,2023/9/6,16:45:00,1,Collision with vehicle,3,Wednesday,130,REAR END(VEHICLES IN SAME LANE),1,47091,3,0,0,1,2,3,2,2,T intersection,3,60,Arterial Other
T20230020932,2023/9/6,14:40:00,1,Collision with vehicle,3,Wednesday,133,LANE SIDE SWIPE (VEHICLES IN PARALLEL LANES),1,799703,2,0,0,1,2,3,1,5,Not at intersection,3,110,Freeway
T20230020859,2023/9/6,14:20:00,1,Collision with vehicle,3,Wednesday,160,VEHICLE COLLIDES WITH VEHICLE PARKED ON LEFT OF ROAD,1,790140,2,0,0,1,0,1,1,5,Not at intersection,3,60,Arterial Other
T20230020937,2023/9/6,6:58:00,1,Collision with vehicle,3,Wednesday,147,VEHICLE STRIKES ANOTHER VEH WHILE EMERGING FROM DRIVEWAY,2,781866,2,0,0,1,1,2,2,5,Not at intersection,3,999,Local Road
T20230020963,2023/9/7,16:20:00,8,No collision and no object struck,4,Thursday,179,OTHER ACCIDENTS-OFF STRAIGHT NOT INCLUDED IN DCAs 170-175,1,781048,1,0,0,1,0,1,1,5,Not at intersection,3,50,Local Road
T20230020926,2023/9/7,11:03:00,1,Collision with vehicle,5,Thursday,160,VEHICLE COLLIDES WITH VEHICLE PARKED ON LEFT OF ROAD,1,785451,2,0,0,2,0,2,1,5,Not at intersection,3,70,Arterial Highway
T20230020924,2023/9/7,8:33:00,2,Struck Pedestrian,5,Thursday,102,FAR SIDE. PED HIT BY VEHICLE FROM THE LEFT,1,337564,1,0,1,0,1,2,1,1,Cross intersection,2,40,Local Road
T20230020986,2023/9/7,21:15:00,6,Vehicle overturned (no collision),5,Thursday,182,OFF CARRIAGEWAY ON LEFT BEND,5,793927,1,0,2,0,0,2,1,5,Not at intersection,2,100,
T20230020915,2023/9/7,9:10:00,1,Collision with vehicle,5,Thursday,120,HEAD ON (NOT OVERTAKING),2,780594,2,0,1,0,3,4,1,5,Not at intersection,2,60,Arterial Other
T20230020974,2023/9/7,17:30:00,4,Collision with a fixed object,5,Thursday,171,LEFT OFF CARRIAGEWAY INTO OBJECT/PARKED VEHICLE,1,781477,1,0,1,0,0,1,1,5,Not at intersection,2,100,Arterial Other
T20230029848,2023/9/7,10:10:00,1,Collision with vehicle,4,Thursday,130,REAR END(VEHICLES IN SAME LANE),1,41267,2,0,0,1,1,2,2,1,Cross intersection,3,80,Arterial Highway
T20230020954,2023/9/7,14:25:00,1,Collision with vehicle,5,Thursday,130,REAR END(VEHICLES IN SAME LANE),1,790860,2,0,0,1,1,2,1,1,Cross intersection,3,60,Arterial Other
T20230020957,2023/9/7,16:23:00,1,Collision with vehicle,5,Thursday,110,CROSS TRAFFIC(INTERSECTIONS ONLY),1,791248,2,0,1,0,1,2,1,1,Cross intersection,2,50,
T20230020958,2023/9/7,11:27:00,1,Collision with vehicle,4,Thursday,111,RIGHT FAR (INTERSECTIONS ONLY),1,72296,2,0,0,1,1,2,1,3,Y intersection,3,50,Local Road
T20230020945,2023/9/7,13:55:00,1,Collision with vehicle,5,Thursday,132,RIGHT REAR.,1,780837,2,0,0,1,2,3,1,5,Not at intersection,3,60,Arterial Other
T20230020944,2023/9/7,13:02:00,8,No collision and no object struck,5,Thursday,174,OUT OF CONTROL ON CARRIAGEWAY (ON STRAIGHT),1,792216,1,0,1,0,0,1,1,5,Not at intersection,2,60,Arterial Other
T20230020914,2023/9/7,8:30:00,1,Collision with vehicle,5,Thursday,110,CROSS TRAFFIC(INTERSECTIONS ONLY),1,784759,2,0,2,0,0,2,1,1,Cross intersection,2,100,Local Road
T20230020939,2023/9/7,10:30:00,1,Collision with vehicle,4,Thursday,121,RIGHT THROUGH,1,113779,2,0,1,0,1,2,1,5,Not at intersection,2,50,Arterial Other
T20230020912,2023/9/7,8:00:00,1,Collision with vehicle,5,Thursday,140,U TURN,2,780406,2,0,1,0,1,2,1,5,Not at intersection,2,60,Local Road
T20230021661,2023/9/7,9:00:00,1,Collision with vehicle,4,Thursday,130,REAR END(VEHICLES IN SAME LANE),1,790975,2,0,0,1,1,2,2,1,Cross intersection,3,80,Arterial Other
T20230022537,2023/9/7,7:30:00,1,Collision with vehicle,5,Thursday,130,REAR END(VEHICLES IN SAME LANE),2,782387,3,0,1,0,2,3,2,5,Not at intersection,2,100,Freeway
T20230020908,2023/9/7,7:27:00,1,Collision with vehicle,5,Thursday,130,REAR END(VEHICLES IN SAME LANE),2,780776,2,0,0,1,1,2,1,5,Not at intersection,3,70,Local Road
T20230020952,2023/9/7,9:50:00,6,Vehicle overturned (no collision),5,Thursday,184,OUT OF CONTROL ON CARRIAGEWAY (ON BEND),1,780496,1,0,1,0,0,1,1,5,Not at intersection,2,999,Local Road
T20230022523,2023/9/7,19:20:00,1,Collision with vehicle,4,Thursday,130,REAR END(VEHICLES IN SAME LANE),2,781875,2,0,0,1,1,2,2,3,Y intersection,3,40,Arterial Other
T20230020964,2023/9/7,17:30:00,1,Collision with vehicle,5,Thursday,121,RIGHT THROUGH,2,279266,2,0,1,1,0,2,1,1,Cross intersection,2,50,Arterial Other
T20230020933,2023/9/7,11:54:00,2,Struck Pedestrian,5,Thursday,102,FAR SIDE. PED HIT BY VEHICLE FROM THE LEFT,1,42815,1,0,1,0,1,2,1,1,Cross intersection,2,80,Arterial Highway
T20230020965,2023/9/7,16:15:00,8,No collision and no object struck,4,Thursday,180,OFF CARRIAGEWAY ON RIGHT BEND,1,792206,1,0,1,0,0,1,1,5,Not at intersection,2,50,
T20230021251,2023/9/7,20:00:00,1,Collision with vehicle,4,Thursday,130,REAR END(VEHICLES IN SAME LANE),3,780669,2,0,0,1,1,2,1,2,T intersection,3,80,Arterial Highway
T20230020966,2023/9/7,15:03:00,1,Collision with vehicle,5,Thursday,130,REAR END(VEHICLES IN SAME LANE),1,780665,2,0,0,2,1,3,1,2,T intersection,3,50,Local Road
T20230021233,2023/9/7,4:30:00,1,Collision with vehicle,4,Thursday,130,REAR END(VEHICLES IN SAME LANE),2,797883,2,0,0,1,1,2,1,5,Not at intersection,3,80,Arterial Highway
T20230020991,2023/9/7,4:50:00,1,Collision with vehicle,5,Thursday,120,HEAD ON (NOT OVERTAKING),5,780497,2,0,1,0,1,2,1,5,Not at intersection,2,80,Arterial Other
T20230020935,2023/9/7,11:55:00,1,Collision with vehicle,4,Thursday,131,LEFT REAR,1,754764,2,0,0,1,2,3,2,1,Cross intersection,3,999,Arterial Highway
T20230020934,2023/9/7,10:50:00,1,Collision with vehicle,5,Thursday,160,VEHICLE COLLIDES WITH VEHICLE PARKED ON LEFT OF ROAD,1,799702,2,0,0,1,0,1,1,5,Not at intersection,3,60,Local Road
T20230020981,2023/9/7,19:40:00,1,Collision with vehicle,5,Thursday,121,RIGHT THROUGH,2,780477,2,0,1,1,2,4,1,2,T intersection,2,50,Local Road
T20230021010,2023/9/7,18:00:00,1,Collision with vehicle,5,Thursday,130,REAR END(VEHICLES IN SAME LANE),2,780478,2,0,0,1,1,2,2,5,Not at intersection,3,80,Arterial Other
T20230020982,2023/9/7,18:00:00,6,Vehicle overturned (no collision),4,Thursday,180,OFF CARRIAGEWAY ON RIGHT BEND,2,783882,1,0,0,2,0,2,1,5,Not at intersection,3,100,Arterial Other
T20230020968,2023/9/7,15:32:00,1,Collision with vehicle,4,Thursday,148,VEHICLE OFF FOOTPATH STRIKES VEH ON CARRIAGEWAY,1,791646,2,0,0,1,1,2,1,5,Not at intersection,3,50,
T20230020983,2023/9/7,19:22:00,1,Collision with vehicle,5,Thursday,121,RIGHT THROUGH,2,780582,2,0,0,2,0,2,1,3,Y intersection,3,80,Arterial Highway
T20230020995,2023/9/7,22:00:00,1,Collision with vehicle,5,Thursday,111,RIGHT FAR (INTERSECTIONS ONLY),3,44667,2,0,1,0,1,2,1,2,T intersection,2,60,Arterial Other