ACCIDENT_NO,ACCIDENT_DATE,ACCIDENT_TIME,ACCIDENT_TYPE,ACCIDENT_TYPE_DESC,DAY_OF_WEEK,DAY_WEEK_DESC,DCA_CODE,DCA_DESC,LIGHT_CONDITION,NODE_ID,NO_OF_VEHICLES,NO_PERSONS_KILLED,NO_PERSONS_INJ_2,NO_PERSONS_INJ_3,NO_PERSONS_NOT_INJ,NO_PERSONS,POLICE_ATTEND,ROAD_GEOMETRY,ROAD_GEOMETRY_DESC,SEVERITY,SPEED_ZONE,RMA
T20230020975,2023/9/7,18:35:00,2,Struck Pedestrian,5,Thursday,109,ANY MANOEUVRE INVOLVING PED NOT INCLUDED IN DCAs 100-108.,2,44222,1,0,1,0,1,2,1,1,Cross intersection,2,40,Arterial Other
T20230021024,2023/9/8,11:00:00,6,Vehicle overturned (no collision),6,Friday,174,OUT OF CONTROL ON CARRIAGEWAY (ON STRAIGHT),1,795916,2,1,0,0,1,2,1,5,Not at intersection,1,100,Arterial Highway
T20230021083,2023/9/8,20:30:00,4,Collision with a fixed object,6,Friday,151,OUT OF CONTROL (OVERTAKING),3,790358,1,0,1,0,0,1,1,5,Not at intersection,2,80,Arterial Other
T20230021082,2023/9/8,20:05:00,2,Struck Pedestrian,6,Friday,102,FAR SIDE. PED HIT BY VEHICLE FROM THE LEFT,5,780454,1,1,1,0,0,2,1,2,T intersection,1,80,Arterial Other
T20230021023,2023/9/8,10:05:00,4,Collision with a fixed object,6,Friday,171,LEFT OFF CARRIAGEWAY INTO OBJECT/PARKED VEHICLE,1,780626,1,0,2,0,0,2,1,5,Not at intersection,2,100,Arterial Other
T20230021018,2023/9/8,8:30:00,1,Collision with vehicle,5,Friday,110,CROSS TRAFFIC(INTERSECTIONS ONLY),1,38262,2,0,0,1,3,4,1,1,Cross intersection,3,70,Arterial Other
T20230021439,2023/9/8,16:15:00,1,Collision with vehicle,5,Friday,130,REAR END(VEHICLES IN SAME LANE),1,780992,2,0,0,1,1,2,2,5,Not at intersection,3,50,Local Road
T20230021443,2023/9/8,14:40:00,1,Collision with vehicle,5,Friday,130,REAR END(VEHICLES IN SAME LANE),1,36674,2,0,0,1,1,2,2,2,T intersection,3,70,Arterial Highway
T20230021017,2023/9/8,8:54:00,1,Collision with vehicle,6,Friday,130,REAR END(VEHICLES IN SAME LANE),2,780667,3,0,0,1,3,4,1,5,Not at intersection,3,60,Arterial Other
T20230021013,2023/9/8,8:05:00,6,Vehicle overturned (no collision),6,Friday,184,OUT OF CONTROL ON CARRIAGEWAY (ON BEND),1,780542,1,0,1,0,0,1,1,5,Not at intersection,2,100,Freeway
T20230021007,2023/9/8,7:29:00,1,Collision with vehicle,6,Friday,121,RIGHT THROUGH,2,780666,2,0,1,0,1,2,1,3,Y intersection,2,80,Arterial Highway
T20230021346,2023/9/8,19:07:00,1,Collision with vehicle,5,Friday,134,LANE CHANGE RIGHT (NOT OVERTAKING),2,780675,2,0,0,1,2,3,2,5,Not at intersection,3,999,Arterial Other
T20230021763,2023/9/8,20:45:00,1,Collision with vehicle,6,Friday,142,LEAVING PARKING,6,790544,2,0,1,0,1,2,2,5,Not at intersection,2,60,Arterial Other
T20230027856,2023/9/8,21:00:00,1,Collision with vehicle,6,Friday,130,REAR END(VEHICLES IN SAME LANE),3,101991,2,0,0,1,1,2,1,1,Cross intersection,3,80,Arterial Highway
T20230021253,2023/9/8,20:55:00,2,Struck Pedestrian,5,Friday,103,PED PLAYING/LYING/WORKING/STANDING ON CARRIAGEWAY.,3,799152,1,0,0,1,1,2,2,5,Not at intersection,3,40,Local Road
T20230021254,2023/9/8,20:30:00,6,Vehicle overturned (no collision),5,Friday,179,OTHER ACCIDENTS-OFF STRAIGHT NOT INCLUDED IN DCAs 170-175,3,780670,1,0,0,1,0,1,2,5,Not at intersection,3,40,Arterial Other
T20230022612,2023/9/8,11:40:00,1,Collision with vehicle,5,Friday,110,CROSS TRAFFIC(INTERSECTIONS ONLY),1,70389,2,0,0,1,2,3,2,1,Cross intersection,3,50,Arterial Other
T20230021982,2023/9/8,13:05:00,1,Collision with vehicle,5,Friday,160,VEHICLE COLLIDES WITH VEHICLE PARKED ON LEFT OF ROAD,1,781157,2,0,1,0,0,1,1,5,Not at intersection,2,50,Local Road
T20230021046,2023/9/8,12:07:00,4,Collision with a fixed object,5,Friday,173,RIGHT OFF CARRIAGEWAY INTO OBJECT/PARKED VEHICLE,1,800776,2,0,0,1,1,2,1,5,Not at intersection,3,80,Arterial Other
T20230021273,2023/9/8,20:03:00,1,Collision with vehicle,5,Friday,113,RIGHT NEAR (INTERSECTIONS ONLY),3,47993,2,0,0,1,3,4,2,2,T intersection,3,40,Local Road
T20230021463,2023/9/8,17:40:00,2,Struck Pedestrian,6,Friday,102,FAR SIDE. PED HIT BY VEHICLE FROM THE LEFT,2,790276,1,0,0,1,1,2,2,5,Not at intersection,3,40,Local Road
T20230022401,2023/9/8,7:15:00,1,Collision with vehicle,5,Friday,120,HEAD ON (NOT OVERTAKING),1,799701,2,0,0,1,1,2,1,5,Not at intersection,3,60,Arterial Highway
T20230021387,2023/9/8,17:05:00,1,Collision with vehicle,5,Friday,111,RIGHT FAR (INTERSECTIONS ONLY),2,39658,2,0,0,2,1,3,2,2,T intersection,3,40,Arterial Highway
T20230021003,2023/9/8,5:17:00,1,Collision with vehicle,5,Friday,110,CROSS TRAFFIC(INTERSECTIONS ONLY),3,38437,2,0,2,0,0,2,1,1,Cross intersection,2,80,Arterial Highway
T20230021079,2023/9/8,20:06:00,1,Collision with vehicle,5,Friday,130,REAR END(VEHICLES IN SAME LANE),5,223100,2,0,0,1,1,2,1,1,Cross intersection,3,80,Local Road
T20230021078,2023/9/8,16:20:00,4,Collision with a fixed object,6,Friday,173,RIGHT OFF CARRIAGEWAY INTO OBJECT/PARKED VEHICLE,1,781450,1,0,0,1,1,2,1,5,Not at intersection,3,40,Local Road
T20230023155,2023/9/8,21:20:00,1,Collision with vehicle,5,Friday,130,REAR END(VEHICLES IN SAME LANE),3,782299,2,0,0,1,1,2,2,5,Not at intersection,3,60,Arterial Highway
T20230021074,2023/9/8,20:19:00,1,Collision with vehicle,6,Friday,130,REAR END(VEHICLES IN SAME LANE),3,685381,2,0,0,1,1,2,2,5,Not at intersection,3,80,Arterial Highway
T20230021064,2023/9/8,18:45:00,2,Struck Pedestrian,5,Friday,100,PED NEAR SIDE. PED HIT BY VEHICLE FROM THE RIGHT.,3,792205,1,0,1,0,1,2,1,5,Not at intersection,2,60,Arterial Other
T20230021063,2023/9/8,18:45:00,8,No collision and no object struck,5,Friday,175,OFF END OF ROAD/T-INTERSECTION.,2,71842,1,0,0,1,1,2,1,2,T intersection,3,80,Local Road
T20230022014,2023/9/8,19:00:00,1,Collision with vehicle,5,Friday,130,REAR END(VEHICLES IN SAME LANE),2,781261,2,0,0,1,1,2,2,5,Not at intersection,3,60,Local Road
T20230021056,2023/9/8,16:20:00,1,Collision with vehicle,5,Friday,132,RIGHT REAR.,2,791921,2,0,0,1,1,2,1,5,Not at intersection,3,50,Local Road
T20230021050,2023/9/8,15:30:00,1,Collision with vehicle,5,Friday,130,REAR END(VEHICLES IN SAME LANE),1,781421,2,0,0,1,2,3,1,5,Not at intersection,3,70,Local Road
T20230021113,2023/9/8,19:02:00,4,Collision with a fixed object,5,Friday,171,LEFT OFF CARRIAGEWAY INTO OBJECT/PARKED VEHICLE,2,790338,1,0,0,1,0,1,2,5,Not at intersection,3,100,Local Road
T20230021378,2023/9/8,11:40:00,8,No collision and no object struck,5,Friday,149,OTHER MANOEUVRING NOT INCLUDED IN DCAs 140-148,1,39914,1,0,0,1,0,1,2,1,Cross intersection,3,999,Local Road
T20230021011,2023/9/8,9:10:00,1,Collision with vehicle,6,Friday,110,CROSS TRAFFIC(INTERSECTIONS ONLY),1,50121,2,0,0,1,1,2,1,1,Cross intersection,3,70,Arterial Highway
T20230021045,2023/9/8,9:58:00,1,Collision with vehicle,5,Friday,160,VEHICLE COLLIDES WITH VEHICLE PARKED ON LEFT OF ROAD,1,783883,2,0,0,1,0,1,1,5,Not at intersection,3,50,Local Road
T20230021043,2023/9/8,12:40:00,1,Collision with vehicle,5,Friday,110,CROSS TRAFFIC(INTERSECTIONS ONLY),1,35702,3,0,1,0,4,5,1,1,Cross intersection,2,60,Arterial Other
T20230021042,2023/9/8,14:35:00,1,Collision with vehicle,5,Friday,110,CROSS TRAFFIC(INTERSECTIONS ONLY),1,44479,2,0,0,1,1,2,1,1,Cross intersection,3,40,Local Road
T20230021040,2023/9/8,10:15:00,6,Vehicle overturned (no collision),6,Friday,180,OFF CARRIAGEWAY ON RIGHT BEND,1,792073,1,0,1,1,2,4,1,5,Not at intersection,2,40,Arterial Other
T20230021035,2023/9/8,13:40:00,1,Collision with vehicle,6,Friday,130,REAR END(VEHICLES IN SAME LANE),1,780479,3,0,0,1,3,4,1,2,T intersection,3,80,Local Road
T20230021034,2023/9/8,8:00:00,1,Collision with vehicle,5,Friday,134,LANE CHANGE RIGHT (NOT OVERTAKING),1,796870,2,0,0,1,2,3,2,5,Not at intersection,3,999,Local Road
T20230021107,2023/9/8,17:45:00,1,Collision with vehicle,6,Friday,130,REAR END(VEHICLES IN SAME LANE),2,780932,2,0,0,1,1,2,2,5,Not at intersection,3,999,Local Road
T20230021033,2023/9/8,12:40:00,1,Collision with vehicle,6,Friday,110,CROSS TRAFFIC(INTERSECTIONS ONLY),1,49755,2,0,0,3,1,4,1,1,Cross intersection,3,60,Arterial Other
T20230021029,2023/9/8,12:37:00,1,Collision with vehicle,5,Friday,113,RIGHT NEAR (INTERSECTIONS ONLY),1,354222,2,0,0,1,2,3,1,1,Cross intersection,3,60,Arterial Other
T20230021028,2023/9/8,11:40:00,4,Collision with a fixed object,6,Friday,181,OFF RIGHT BEND INTO OBJECT/PARKED VEHICLE,1,792072,2,0,0,1,2,3,1,5,Not at intersection,3,100,Local Road
T20230021089,2023/9/9,5:15:00,6,Vehicle overturned (no collision),7,Saturday,170,OFF CARRIAGEWAY TO LEFT,5,790268,1,0,0,1,0,1,1,5,Not at intersection,3,50,
T20230021156,2023/9/9,20:24:00,1,Collision with vehicle,7,Saturday,111,RIGHT FAR (INTERSECTIONS ONLY),3,50001,2,0,2,0,0,2,1,1,Cross intersection,2,60,Arterial Highway
T20230023189,2023/9/9,18:30:00,2,Struck Pedestrian,6,Saturday,100,PED NEAR SIDE. PED HIT BY VEHICLE FROM THE RIGHT.,3,783312,1,0,0,1,1,2,1,5,Not at intersection,3,50,Local Road
T20230021213,2023/9/9,21:52:00,1,Collision with vehicle,7,Saturday,120,HEAD ON (NOT OVERTAKING),3,780758,2,0,0,2,1,3,1,5,Not at intersection,3,60,Local Road
T20230021322,2023/9/9,1:45:00,4,Collision with a fixed object,7,Saturday,173,RIGHT OFF CARRIAGEWAY INTO OBJECT/PARKED VEHICLE,3,780673,1,0,0,1,0,1,1,5,Not at intersection,3,80,Local Road
T20230021173,2023/9/9,10:05:00,1,Collision with vehicle,6,Saturday,140,U TURN,1,780928,2,0,0,1,2,3,1,5,Not at intersection,3,80,Arterial Other
T20230021148,2023/9/9,18:40:00,1,Collision with vehicle,7,Saturday,119,OTHER ADJACENT (INTERSECTIONS ONLY),2,264730,2,0,1,0,4,5,1,2,T intersection,2,80,Arterial Highway
T20230024437,2023/9/9,11:00:00,8,No collision and no object struck,6,Saturday,174,OUT OF CONTROL ON CARRIAGEWAY (ON STRAIGHT),1,796741,1,0,1,0,0,1,2,5,Not at intersection,2,999,
T20230021556,2023/9/9,12:50:00,2,Struck Pedestrian,7,Saturday,102,FAR SIDE. PED HIT BY VEHICLE FROM THE LEFT,1,226420,1,0,0,1,2,3,1,2,T intersection,3,40,Arterial Other
T20230026360,2023/9/9,11:00:00,6,Vehicle overturned (no collision),6,Saturday,174,OUT OF CONTROL ON CARRIAGEWAY (ON STRAIGHT),1,790275,1,0,0,1,0,1,2,2,T intersection,3,100,
T20230021391,2023/9/9,9:40:00,1,Collision with vehicle,7,Saturday,120,HEAD ON (NOT OVERTAKING),1,45406,2,0,0,1,2,3,2,2,T intersection,3,999,Arterial Other
T20230021146,2023/9/9,19:20:00,1,Collision with vehicle,6,Saturday,130,REAR END(VEHICLES IN SAME LANE),3,87791,3,0,0,1,2,3,1,5,Not at intersection,3,70,Arterial Other
T20230021830,2023/9/9,16:30:00,1,Collision with vehicle,7,Saturday,159,OTHER OVERTAKING MANOEUVRES NOT INCLUDED IN DCAs 150-154,1,49718,2,0,1,0,5,6,1,1,Cross intersection,2,999,Local Road
T20230021143,2023/9/9,18:32:00,1,Collision with vehicle,6,Saturday,130,REAR END(VEHICLES IN SAME LANE),5,799699,3,0,0,2,5,7,1,2,T intersection,3,80,Arterial Highway
T20230021140,2023/9/9,15:52:00,1,Collision with vehicle,6,Saturday,140,U TURN,1,790279,2,0,0,3,1,4,1,5,Not at intersection,3,40,Arterial Other
T20230021138,2023/9/9,15:15:00,1,Collision with vehicle,6,Saturday,113,RIGHT NEAR (INTERSECTIONS ONLY),1,734693,2,0,0,3,1,4,1,2,T intersection,3,70,Arterial Highway
T20230021137,2023/9/9,17:35:00,1,Collision with vehicle,6,Saturday,113,RIGHT NEAR (INTERSECTIONS ONLY),1,39172,2,0,0,1,1,2,1,2,T intersection,3,60,Arterial Other
T20230021135,2023/9/9,18:00:00,1,Collision with vehicle,7,Saturday,121,RIGHT THROUGH,1,397,2,0,0,1,1,2,1,2,T intersection,3,60,Arterial Other
T20230021133,2023/9/9,15:15:00,1,Collision with vehicle,6,Saturday,135,LANE CHANGE LEFT (NOT OVERTAKING),1,782381,2,0,0,1,1,2,1,5,Not at intersection,3,80,Freeway
T20230021130,2023/9/9,13:30:00,7,Fall from or in moving vehicle,7,Saturday,190,FELL IN/FROM VEHICLE,1,708792,1,0,2,0,0,2,1,5,Not at intersection,2,60,Local Road
T20230021127,2023/9/9,13:50:00,1,Collision with vehicle,7,Saturday,160,VEHICLE COLLIDES WITH VEHICLE PARKED ON LEFT OF ROAD,1,797064,4,0,1,0,1,2,1,5,Not at intersection,2,50,Local Road
T20230021126,2023/9/9,13:40:00,1,Collision with vehicle,7,Saturday,130,REAR END(VEHICLES IN SAME LANE),1,325358,3,0,1,1,2,4,1,1,Cross intersection,2,60,Freeway
T20230021124,2023/9/9,13:00:00,1,Collision with vehicle,7,Saturday,130,REAR END(VEHICLES IN SAME LANE),1,44346,2,0,1,0,1,2,1,2,T intersection,2,60,Local Road
T20230021123,2023/9/9,13:01:00,1,Collision with vehicle,7,Saturday,130,REAR END(VEHICLES IN SAME LANE),1,781049,2,0,1,1,1,3,1,5,Not at intersection,2,70,Arterial Other
T20230021121,2023/9/9,13:30:00,1,Collision with vehicle,6,Saturday,119,OTHER ADJACENT (INTERSECTIONS ONLY),1,54809,2,0,1,0,1,2,1,4,Multiple intersection,2,60,Freeway
T20230021119,2023/9/9,9:52:00,1,Collision with vehicle,7,Saturday,121,RIGHT THROUGH,1,341520,2,0,1,2,0,3,1,2,T intersection,2,60,Local Road
T20230021116,2023/9/9,8:10:00,4,Collision with a fixed object,7,Saturday,171,LEFT OFF CARRIAGEWAY INTO OBJECT/PARKED VEHICLE,1,781144,1,0,1,0,0,1,1,5,Not at intersection,2,60,Arterial Other
T20230021114,2023/9/9,12:17:00,4,Collision with a fixed object,7,Saturday,171,LEFT OFF CARRIAGEWAY INTO OBJECT/PARKED VEHICLE,1,792071,1,0,0,1,0,1,1,5,Not at intersection,3,100,Arterial Other
T20230022092,2023/9/9,12:30:00,1,Collision with vehicle,6,Saturday,110,CROSS TRAFFIC(INTERSECTIONS ONLY),1,43598,2,0,0,1,2,3,2,1,Cross intersection,3,60,Arterial Other
T20230021353,2023/9/9,10:30:00,1,Collision with vehicle,6,Saturday,130,REAR END(VEHICLES IN SAME LANE),1,781347,2,0,0,1,1,2,2,5,Not at intersection,3,999,Arterial Other
T20230021215,2023/9/9,19:30:00,2,Struck Pedestrian,7,Saturday,100,PED NEAR SIDE. PED HIT BY VEHICLE FROM THE RIGHT.,6,7567,1,0,0,1,1,2,2,1,Cross intersection,3,60,Arterial Highway
T20230022981,2023/9/9,20:00:00,1,Collision with vehicle,6,Saturday,121,RIGHT THROUGH,5,289107,2,0,0,3,2,5,1,1,Cross intersection,3,60,Freeway
T20230022106,2023/9/9,13:20:00,6,Vehicle overturned (no collision),7,Saturday,174,OUT OF CONTROL ON CARRIAGEWAY (ON STRAIGHT),1,781358,1,0,1,0,0,1,2,5,Not at intersection,2,100,Arterial Other
T20230021110,2023/9/9,11:07:00,8,No collision and no object struck,6,Saturday,174,OUT OF CONTROL ON CARRIAGEWAY (ON STRAIGHT),1,781633,1,0,1,0,0,1,1,5,Not at intersection,2,100,Arterial Other
T20230022141,2023/9/9,19:30:00,1,Collision with vehicle,6,Saturday,136,RIGHT TURN SIDESWIPE,5,223100,2,0,0,1,1,2,2,1,Cross intersection,3,80,Local Road
T20230021109,2023/9/9,9:52:00,1,Collision with vehicle,6,Saturday,130,REAR END(VEHICLES IN SAME LANE),1,799633,2,0,0,1,1,2,1,5,Not at intersection,3,80,Freeway
T20230021106,2023/9/9,6:30:00,1,Collision with vehicle,6,Saturday,113,RIGHT NEAR (INTERSECTIONS ONLY),2,784006,2,0,1,0,1,2,1,2,T intersection,2,80,Local Road
T20230021103,2023/9/9,10:00:00,1,Collision with vehicle,7,Saturday,130,REAR END(VEHICLES IN SAME LANE),1,782615,3,0,0,1,2,3,1,5,Not at intersection,3,50,Local Road
T20230021794,2023/9/9,22:40:00,1,Collision with vehicle,6,Saturday,121,RIGHT THROUGH,9,799682,2,0,1,0,1,2,2,1,Cross intersection,2,999,Local Road
T20230021101,2023/9/9,11:20:00,1,Collision with vehicle,6,Saturday,130,REAR END(VEHICLES IN SAME LANE),1,780778,2,0,0,1,1,2,2,5,Not at intersection,3,60,Arterial Other
T20230021097,2023/9/9,6:32:00,3,Struck animal,6,Saturday,167,STRUCK ANIMAL,5,784446,1,0,0,1,0,1,1,5,Not at intersection,3,110,Freeway
T20230021096,2023/9/9,7:23:00,1,Collision with vehicle,7,Saturday,120,HEAD ON (NOT OVERTAKING),2,783522,2,0,1,1,0,2,1,5,Not at intersection,2,80,Arterial Other
T20230021153,2023/9/9,21:46:00,1,Collision with vehicle,6,Saturday,121,RIGHT THROUGH,3,782178,2,0,0,1,4,5,1,2,T intersection,3,60,Arterial Other
T20230021349,2023/9/9,0:45:00,1,Collision with vehicle,6,Saturday,121,RIGHT THROUGH,3,799637,2,0,1,0,2,3,1,2,T intersection,2,60,Arterial Other
T20230021178,2023/9/10,9:35:00,1,Collision with vehicle,0,Sunday,121,RIGHT THROUGH,1,44606,2,0,0,1,1,2,1,1,Cross intersection,3,60,Arterial Other
T20230021206,2023/9/10,17:15:00,8,No collision and no object struck,1,Sunday,174,OUT OF CONTROL ON CARRIAGEWAY (ON STRAIGHT),1,792069,1,0,1,0,0,1,1,5,Not at intersection,2,100,Local Road
T20230022063,2023/9/10,3:10:00,1,Collision with vehicle,0,Sunday,160,VEHICLE COLLIDES WITH VEHICLE PARKED ON LEFT OF ROAD,3,789629,2,0,0,1,0,1,2,5,Not at intersection,3,50,Local Road
T20230021407,2023/9/10,2:41:00,1,Collision with vehicle,0,Sunday,110,CROSS TRAFFIC(INTERSECTIONS ONLY),3,43914,2,0,0,1,1,2,1,1,Cross intersection,3,50,Arterial Other
T20230028781,2023/9/10,11:30:00,6,Vehicle overturned (no collision),0,Sunday,184,OUT OF CONTROL ON CARRIAGEWAY (ON BEND),9,791648,1,0,0,1,0,1,2,5,Not at intersection,3,80,
T20230021426,2023/9/10,9:30:00,1,Collision with vehicle,1,Sunday,132,RIGHT REAR.,9,783753,2,0,0,2,1,3,2,2,T intersection,3,50,Local Road
T20230021452,2023/9/10,11:50:00,1,Collision with vehicle,0,Sunday,131,LEFT REAR,9,724565,2,0,0,1,1,2,2,2,T intersection,3,999,Local Road
T20230021160,2023/9/10,0:04:00,1,Collision with vehicle,1,Sunday,151,OUT OF CONTROL (OVERTAKING),5,781890,3,0,2,1,1,4,1,5,Not at intersection,2,60,Local Road
T20230021166,2023/9/10,4:50:00,1,Collision with vehicle,1,Sunday,121,RIGHT THROUGH,3,222100,2,0,1,1,1,3,1,2,T intersection,2,80,Freeway
T20230021169,2023/9/10,1:58:00,4,Collision with a fixed object,1,Sunday,181,OFF RIGHT BEND INTO OBJECT/PARKED VEHICLE,5,796208,1,0,1,0,0,1,1,5,Not at intersection,2,50,Local Road
T20230026993,2023/9/10,16:40:00,1,Collision with vehicle,0,Sunday,135,LANE CHANGE LEFT (NOT OVERTAKING),1,790348,2,0,0,1,6,7,1,5,Not at intersection,3,60,Arterial Other
T20230021192,2023/9/10,11:28:00,4,Collision with a fixed object,0,Sunday,173,RIGHT OFF CARRIAGEWAY INTO OBJECT/PARKED VEHICLE,1,799698,1,0,0,2,0,2,1,5,Not at intersection,3,100,
T20230021220,2023/9/10,19:51:00,1,Collision with vehicle,0,Sunday,160,VEHICLE COLLIDES WITH VEHICLE PARKED ON LEFT OF ROAD,3,790332,2,0,0,1,0,1,1,5,Not at intersection,3,50,
T20230021207,2023/9/10,17:15:00,1,Collision with vehicle,1,Sunday,134,LANE CHANGE RIGHT (NOT OVERTAKING),1,783000,3,0,1,1,1,3,1,5,Not at intersection,2,110,Freeway
T20230021214,2023/9/10,18:10:00,4,Collision with a fixed object,1,Sunday,171,LEFT OFF CARRIAGEWAY INTO OBJECT/PARKED VEHICLE,2,790333,1,0,2,0,0,2,1,5,Not at intersection,2,100,Arterial Highway
T20230021209,2023/9/10,17:15:00,1,Collision with vehicle,0,Sunday,130,REAR END(VEHICLES IN SAME LANE),2,780779,2,0,0,2,0,2,1,5,Not at intersection,3,50,Arterial Other
T20230021203,2023/9/10,16:00:00,1,Collision with vehicle,1,Sunday,121,RIGHT THROUGH,1,38029,2,0,0,1,5,6,1,1,Cross intersection,3,50,Local Road
T20230021218,2023/9/10,15:00:00,1,Collision with vehicle,1,Sunday,110,CROSS TRAFFIC(INTERSECTIONS ONLY),1,780586,2,0,2,3,1,6,1,1,Cross intersection,2,80,Arterial Other
T20230021187,2023/9/10,13:29:00,2,Struck Pedestrian,1,Sunday,100,PED NEAR SIDE. PED HIT BY VEHICLE FROM THE RIGHT.,1,792282,1,0,0,1,1,2,1,5,Not at intersection,3,70,Arterial Other
T20230022129,2023/9/10,15:00:00,1,Collision with vehicle,0,Sunday,130,REAR END(VEHICLES IN SAME LANE),1,799641,2,0,0,1,1,2,2,1,Cross intersection,3,40,Arterial Highway
T20230021186,2023/9/10,12:20:00,1,Collision with vehicle,0,Sunday,131,LEFT REAR,1,781050,2,0,1,0,2,3,1,2,T intersection,2,100,Local Road
T20230021205,2023/9/10,16:49:00,4,Collision with a fixed object,1,Sunday,181,OFF RIGHT BEND INTO OBJECT/PARKED VEHICLE,1,780757,1,0,1,0,0,1,1,5,Not at intersection,2,60,Arterial Other
T20230021211,2023/9/10,14:40:00,1,Collision with vehicle,0,Sunday,110,CROSS TRAFFIC(INTERSECTIONS ONLY),1,780668,2,0,0,1,3,4,1,1,Cross intersection,3,60,Arterial Highway
T20230021221,2023/9/10,20:00:00,1,Collision with vehicle,0,Sunday,121,RIGHT THROUGH,2,66110,2,0,0,1,1,2,1,1,Cross intersection,3,40,Arterial Other
T20230021222,2023/9/10,20:05:00,2,Struck Pedestrian,0,Sunday,102,FAR SIDE. PED HIT BY VEHICLE FROM THE LEFT,5,48099,1,0,1,0,1,2,1,1,Cross intersection,2,60,Arterial Other
T20230021180,2023/9/10,11:05:00,1,Collision with vehicle,0,Sunday,148,VEHICLE OFF FOOTPATH STRIKES VEH ON CARRIAGEWAY,1,782086,2,0,0,1,2,3,2,5,Not at intersection,3,40,Freeway
T20230021223,2023/9/10,8:52:00,1,Collision with vehicle,0,Sunday,137,LEFT TURN SIDESWIPE,1,792062,2,0,1,0,2,3,2,2,T intersection,2,60,Arterial Highway
T20230021228,2023/9/10,22:16:00,1,Collision with vehicle,0,Sunday,135,LANE CHANGE LEFT (NOT OVERTAKING),3,790318,2,0,0,2,0,2,1,2,T intersection,3,100,Freeway
T20230021230,2023/9/10,20:57:00,1,Collision with vehicle,1,Sunday,110,CROSS TRAFFIC(INTERSECTIONS ONLY),3,780587,2,0,1,0,1,2,1,1,Cross intersection,2,60,Arterial Other
T20230021231,2023/9/10,23:45:00,4,Collision with a fixed object,0,Sunday,173,RIGHT OFF CARRIAGEWAY INTO OBJECT/PARKED VEHICLE,3,39485,1,0,0,1,0,1,1,2,T intersection,3,80,Arterial Other
T20230021583,2023/9/11,15:55:00,1,Collision with vehicle,1,Monday,133,LANE SIDE SWIPE (VEHICLES IN PARALLEL LANES),1,390,2,0,0,1,1,2,2,1,Cross intersection,3,60,Arterial Other
T20230021282,2023/9/11,12:23:00,4,Collision with a fixed object,1,Monday,173,RIGHT OFF CARRIAGEWAY INTO OBJECT/PARKED VEHICLE,1,792061,1,0,1,0,0,1,1,5,Not at intersection,2,50,Local Road
T20230021916,2023/9/11,15:20:00,6,Vehicle overturned (no collision),1,Monday,174,OUT OF CONTROL ON CARRIAGEWAY (ON STRAIGHT),1,790399,1,0,0,1,0,1,2,5,Not at intersection,3,888,Local Road
T20230021293,2023/9/11,15:25:00,1,Collision with vehicle,2,Monday,110,CROSS TRAFFIC(INTERSECTIONS ONLY),1,52003,2,0,1,1,0,2,1,1,Cross intersection,2,50,Local Road
T20230021302,2023/9/11,17:00:00,1,Collision with vehicle,2,Monday,136,RIGHT TURN SIDESWIPE,1,37527,2,0,0,1,1,2,1,1,Cross intersection,3,40,Arterial Other
T20230021301,2023/9/11,6:00:00,1,Collision with vehicle,2,Monday,130,REAR END(VEHICLES IN SAME LANE),2,780993,2,0,0,1,1,2,2,5,Not at intersection,3,80,Arterial Highway
T20230021910,2023/9/11,12:25:00,1,Collision with vehicle,1,Monday,111,RIGHT FAR (INTERSECTIONS ONLY),1,46193,2,0,0,1,1,2,1,2,T intersection,3,60,Local Road
T20230021298,2023/9/11,14:25:00,1,Collision with vehicle,1,Monday,130,REAR END(VEHICLES IN SAME LANE),1,788301,2,0,0,1,1,2,1,5,Not at intersection,3,80,Arterial Other
T20230021299,2023/9/11,7:00:00,5,collision with some other object,1,Monday,191,LOAD OR MISSILE STRUCK VEHICLE,1,799689,2,0,0,1,1,2,2,5,Not at intersection,3,999,Arterial Other
T20230021340,2023/9/11,22:40:00,1,Collision with vehicle,2,Monday,110,CROSS TRAFFIC(INTERSECTIONS ONLY),3,51979,2,0,1,0,1,2,1,1,Cross intersection,2,50,Local Road
T20230021309,2023/9/11,17:02:00,1,Collision with vehicle,2,Monday,140,U TURN,2,780672,2,0,1,0,1,2,1,5,Not at intersection,2,50,Local Road
T20230021338,2023/9/11,23:55:00,4,Collision with a fixed object,1,Monday,181,OFF RIGHT BEND INTO OBJECT/PARKED VEHICLE,3,789303,2,0,1,0,0,1,1,5,Not at intersection,2,70,Arterial Highway
T20230021358,2023/9/11,14:30:00,1,Collision with vehicle,2,Monday,130,REAR END(VEHICLES IN SAME LANE),1,227929,2,0,0,1,1,2,2,2,T intersection,3,80,Arterial Other
T20230023641,2023/9/11,6:30:00,6,Vehicle overturned (no collision),1,Monday,174,OUT OF CONTROL ON CARRIAGEWAY (ON STRAIGHT),1,397,1,0,0,1,0,1,2,2,T intersection,3,40,Arterial Other
T20230021401,2023/9/11,8:15:00,1,Collision with vehicle,1,Monday,111,RIGHT FAR (INTERSECTIONS ONLY),1,780768,2,0,0,1,1,2,2,2,T intersection,3,50,Local Road