ACCIDENT_NO,ACCIDENT_DATE,ACCIDENT_TIME,ACCIDENT_TYPE,ACCIDENT_TYPE_DESC,DAY_OF_WEEK,DAY_WEEK_DESC,DCA_CODE,DCA_DESC,LIGHT_CONDITION,NODE_ID,NO_OF_VEHICLES,NO_PERSONS_KILLED,NO_PERSONS_INJ_2,NO_PERSONS_INJ_3,NO_PERSONS_NOT_INJ,NO_PERSONS,POLICE_ATTEND,ROAD_GEOMETRY,ROAD_GEOMETRY_DESC,SEVERITY,SPEED_ZONE,RMA
T20230021284,2023/9/11,12:57:00,1,Collision with vehicle,2,Monday,121,RIGHT THROUGH,1,781249,2,0,1,0,1,2,1,5,Not at intersection,2,60,Arterial Other
T20230022761,2023/9/11,17:07:00,1,Collision with vehicle,2,Monday,130,REAR END(VEHICLES IN SAME LANE),2,790411,2,0,1,0,1,2,1,5,Not at intersection,2,100,Freeway
T20230021462,2023/9/11,11:35:00,1,Collision with vehicle,1,Monday,130,REAR END(VEHICLES IN SAME LANE),1,781250,2,0,0,1,1,2,2,2,T intersection,3,40,Local Road
T20230021285,2023/9/11,11:04:00,1,Collision with vehicle,2,Monday,121,RIGHT THROUGH,1,51949,2,0,0,1,3,4,1,1,Cross intersection,3,50,Arterial Highway
T20230021318,2023/9/11,18:56:00,1,Collision with vehicle,1,Monday,121,RIGHT THROUGH,3,279215,2,0,0,1,1,2,1,2,T intersection,3,80,Freeway
T20230021237,2023/9/11,7:05:00,2,Struck Pedestrian,2,Monday,100,PED NEAR SIDE. PED HIT BY VEHICLE FROM THE RIGHT.,1,780588,1,0,0,1,3,4,2,1,Cross intersection,3,999,Arterial Other
T20230021243,2023/9/11,6:45:00,6,Vehicle overturned (no collision),2,Monday,182,OFF CARRIAGEWAY ON LEFT BEND,1,780625,1,0,0,1,0,1,1,5,Not at intersection,3,999,Arterial Other
T20230021303,2023/9/11,15:20:00,1,Collision with vehicle,1,Monday,132,RIGHT REAR.,1,17854,2,0,0,1,1,2,1,2,T intersection,3,100,Arterial Highway
T20230021287,2023/9/11,14:06:00,6,Vehicle overturned (no collision),1,Monday,174,OUT OF CONTROL ON CARRIAGEWAY (ON STRAIGHT),1,784666,1,0,0,1,0,1,1,2,T intersection,3,50,Arterial Other
T20230021339,2023/9/11,23:45:00,4,Collision with a fixed object,1,Monday,173,RIGHT OFF CARRIAGEWAY INTO OBJECT/PARKED VEHICLE,5,792060,1,0,1,0,0,1,1,5,Not at intersection,2,100,Arterial Other
T20230021290,2023/9/11,13:00:00,1,Collision with vehicle,2,Monday,120,HEAD ON (NOT OVERTAKING),1,780849,2,0,0,2,0,2,1,5,Not at intersection,3,100,Arterial Other
T20230021255,2023/9/11,8:30:00,1,Collision with vehicle,1,Monday,130,REAR END(VEHICLES IN SAME LANE),9,338623,3,0,0,2,2,4,2,1,Cross intersection,3,60,Arterial Other
T20230021328,2023/9/11,15:00:00,1,Collision with vehicle,1,Monday,130,REAR END(VEHICLES IN SAME LANE),1,796815,3,0,0,1,2,3,1,5,Not at intersection,3,999,Arterial Other
T20230021257,2023/9/11,9:15:00,2,Struck Pedestrian,1,Monday,100,PED NEAR SIDE. PED HIT BY VEHICLE FROM THE RIGHT.,1,7568,1,0,0,1,1,2,1,1,Cross intersection,3,40,
T20230021306,2023/9/11,16:50:00,4,Collision with a fixed object,1,Monday,171,LEFT OFF CARRIAGEWAY INTO OBJECT/PARKED VEHICLE,1,790485,1,0,0,1,0,1,1,5,Not at intersection,3,50,Local Road
T20230021269,2023/9/11,11:30:00,1,Collision with vehicle,2,Monday,110,CROSS TRAFFIC(INTERSECTIONS ONLY),1,41124,2,0,1,0,1,2,1,1,Cross intersection,2,50,Arterial Other
T20230021320,2023/9/11,18:58:00,1,Collision with vehicle,1,Monday,121,RIGHT THROUGH,3,27755,2,0,0,3,0,3,1,2,T intersection,3,80,Local Road
T20230021271,2023/9/11,9:29:00,1,Collision with vehicle,1,Monday,130,REAR END(VEHICLES IN SAME LANE),1,799635,4,0,1,0,3,4,1,5,Not at intersection,2,100,Freeway
T20230021307,2023/9/11,14:19:00,1,Collision with vehicle,1,Monday,135,LANE CHANGE LEFT (NOT OVERTAKING),1,780671,2,0,0,1,1,2,1,5,Not at intersection,3,80,Arterial Highway
T20230021274,2023/9/11,11:17:00,1,Collision with vehicle,2,Monday,175,OFF END OF ROAD/T-INTERSECTION.,1,780762,2,0,0,2,1,3,1,2,T intersection,3,50,Local Road
T20230021277,2023/9/11,10:45:00,1,Collision with vehicle,1,Monday,160,VEHICLE COLLIDES WITH VEHICLE PARKED ON LEFT OF ROAD,1,790417,2,0,0,1,1,2,1,5,Not at intersection,3,60,Local Road
T20230023447,2023/9/11,9:20:00,1,Collision with vehicle,1,Monday,116,LEFT NEAR (INTERSECTIONS ONLY),1,790401,2,0,0,1,1,2,1,2,T intersection,3,80,
T20230021720,2023/9/11,15:40:00,1,Collision with vehicle,1,Monday,130,REAR END(VEHICLES IN SAME LANE),1,794171,2,0,1,0,1,2,2,5,Not at intersection,2,60,Arterial Other
T20230021278,2023/9/11,12:05:00,1,Collision with vehicle,2,Monday,160,VEHICLE COLLIDES WITH VEHICLE PARKED ON LEFT OF ROAD,1,780872,2,0,1,0,1,2,2,5,Not at intersection,2,60,Arterial Other
T20230021364,2023/9/12,11:06:00,1,Collision with vehicle,3,Tuesday,144,PARKED VEHICLES ONLY,1,792044,5,0,3,0,3,6,1,5,Not at intersection,2,40,Arterial Other
T20230021362,2023/9/12,9:02:00,1,Collision with vehicle,2,Tuesday,121,RIGHT THROUGH,1,40700,2,0,0,1,4,5,1,1,Cross intersection,3,60,Arterial Other
T20230021360,2023/9/12,8:45:00,6,Vehicle overturned (no collision),3,Tuesday,174,OUT OF CONTROL ON CARRIAGEWAY (ON STRAIGHT),1,780765,1,0,1,0,0,1,1,5,Not at intersection,2,100,Local Road
T20230021351,2023/9/12,9:04:00,1,Collision with vehicle,3,Tuesday,113,RIGHT NEAR (INTERSECTIONS ONLY),1,590746,2,0,1,0,1,2,1,2,T intersection,2,80,Arterial Highway
T20230021771,2023/9/12,15:50:00,1,Collision with vehicle,2,Tuesday,131,LEFT REAR,1,29908,2,0,0,1,1,2,2,2,T intersection,3,50,Arterial Other
T20230024087,2023/9/12,17:00:00,4,Collision with a fixed object,2,Tuesday,171,LEFT OFF CARRIAGEWAY INTO OBJECT/PARKED VEHICLE,1,786593,1,0,0,1,1,2,1,5,Not at intersection,3,80,Local Road
T20230021481,2023/9/12,16:36:00,1,Collision with vehicle,2,Tuesday,116,LEFT NEAR (INTERSECTIONS ONLY),1,660602,2,0,1,0,1,2,1,2,T intersection,2,80,Arterial Other
T20230021593,2023/9/12,8:38:00,1,Collision with vehicle,2,Tuesday,130,REAR END(VEHICLES IN SAME LANE),1,783884,2,0,0,1,1,2,2,1,Cross intersection,3,60,Local Road
T20230021505,2023/9/12,22:24:00,4,Collision with a fixed object,2,Tuesday,181,OFF RIGHT BEND INTO OBJECT/PARKED VEHICLE,5,799235,2,0,1,2,0,3,1,5,Not at intersection,2,100,Arterial Highway
T20230021516,2023/9/12,21:20:00,1,Collision with vehicle,2,Tuesday,113,RIGHT NEAR (INTERSECTIONS ONLY),6,282822,2,0,0,1,1,2,2,1,Cross intersection,3,60,Freeway
T20230021540,2023/9/12,9:30:00,1,Collision with vehicle,2,Tuesday,116,LEFT NEAR (INTERSECTIONS ONLY),1,40123,2,0,0,2,0,2,2,2,T intersection,3,60,Arterial Highway
T20230021645,2023/9/12,18:30:00,1,Collision with vehicle,2,Tuesday,121,RIGHT THROUGH,9,45640,2,0,0,1,1,2,2,1,Cross intersection,3,40,Arterial Other
T20230023951,2023/9/12,17:49:00,1,Collision with vehicle,2,Tuesday,121,RIGHT THROUGH,9,783207,2,0,1,0,1,2,2,5,Not at intersection,2,999,Arterial Other
T20230021836,2023/9/12,15:15:00,1,Collision with vehicle,2,Tuesday,121,RIGHT THROUGH,1,797239,2,0,1,0,1,2,2,5,Not at intersection,2,60,Arterial Other
T20230021588,2023/9/12,8:00:00,1,Collision with vehicle,2,Tuesday,120,HEAD ON (NOT OVERTAKING),1,790526,2,0,0,1,1,2,2,5,Not at intersection,3,40,Arterial Highway
T20230021590,2023/9/12,10:00:00,1,Collision with vehicle,2,Tuesday,130,REAR END(VEHICLES IN SAME LANE),1,781478,2,0,2,0,1,3,2,5,Not at intersection,2,70,Arterial Highway
T20230021403,2023/9/12,16:00:00,1,Collision with vehicle,2,Tuesday,111,RIGHT FAR (INTERSECTIONS ONLY),1,56446,2,0,0,1,2,3,2,2,T intersection,3,50,Local Road
T20230021405,2023/9/12,17:30:00,1,Collision with vehicle,3,Tuesday,120,HEAD ON (NOT OVERTAKING),1,783308,2,0,0,1,1,2,1,5,Not at intersection,3,60,Local Road
T20230021406,2023/9/12,18:20:00,1,Collision with vehicle,2,Tuesday,134,LANE CHANGE RIGHT (NOT OVERTAKING),1,799688,2,0,0,1,2,3,2,5,Not at intersection,3,100,Freeway
T20230021408,2023/9/12,19:38:00,6,Vehicle overturned (no collision),2,Tuesday,174,OUT OF CONTROL ON CARRIAGEWAY (ON STRAIGHT),3,359878,2,0,0,1,1,2,1,2,T intersection,3,50,Local Road
T20230021409,2023/9/12,13:00:00,1,Collision with vehicle,2,Tuesday,130,REAR END(VEHICLES IN SAME LANE),1,800411,2,0,0,1,1,2,2,5,Not at intersection,3,80,Arterial Highway
T20230030674,2023/9/12,18:00:00,1,Collision with vehicle,3,Tuesday,110,CROSS TRAFFIC(INTERSECTIONS ONLY),2,795722,2,0,0,1,1,2,2,1,Cross intersection,3,40,Arterial Other
T20230021413,2023/9/12,19:54:00,2,Struck Pedestrian,2,Tuesday,100,PED NEAR SIDE. PED HIT BY VEHICLE FROM THE RIGHT.,3,782179,1,0,1,0,1,2,1,1,Cross intersection,2,40,Arterial Other
T20230021415,2023/9/12,19:00:00,1,Collision with vehicle,3,Tuesday,110,CROSS TRAFFIC(INTERSECTIONS ONLY),3,44220,2,0,0,2,0,2,1,1,Cross intersection,3,40,Arterial Other
T20230021416,2023/9/12,18:35:00,1,Collision with vehicle,3,Tuesday,121,RIGHT THROUGH,3,780652,2,1,0,0,1,2,1,2,T intersection,1,80,Arterial Highway
T20230021419,2023/9/12,22:35:00,4,Collision with a fixed object,3,Tuesday,171,LEFT OFF CARRIAGEWAY INTO OBJECT/PARKED VEHICLE,5,799639,1,0,0,1,0,1,1,5,Not at intersection,3,100,Arterial Highway
T20230021377,2023/9/12,9:20:00,1,Collision with vehicle,2,Tuesday,130,REAR END(VEHICLES IN SAME LANE),1,255690,2,0,1,0,1,2,1,1,Cross intersection,2,40,Local Road
T20230022193,2023/9/12,8:30:00,1,Collision with vehicle,3,Tuesday,130,REAR END(VEHICLES IN SAME LANE),1,781436,2,0,0,1,1,2,2,5,Not at intersection,3,999,Freeway
T20230027652,2023/9/12,12:10:00,1,Collision with vehicle,2,Tuesday,130,REAR END(VEHICLES IN SAME LANE),1,795842,2,0,0,1,1,2,2,5,Not at intersection,3,999,Local Road
T20230027077,2023/9/12,16:45:00,1,Collision with vehicle,2,Tuesday,130,REAR END(VEHICLES IN SAME LANE),1,799645,3,0,0,1,2,3,1,5,Not at intersection,3,100,Freeway
T20230021458,2023/9/12,21:30:00,6,Vehicle overturned (no collision),2,Tuesday,170,OFF CARRIAGEWAY TO LEFT,3,790527,1,0,0,1,0,1,1,5,Not at intersection,3,80,Arterial Highway
T20230021399,2023/9/12,17:22:00,4,Collision with a fixed object,2,Tuesday,175,OFF END OF ROAD/T-INTERSECTION.,1,72069,1,0,0,1,0,1,1,2,T intersection,3,50,Local Road
T20230021397,2023/9/12,18:37:00,1,Collision with vehicle,3,Tuesday,121,RIGHT THROUGH,2,780767,2,0,0,1,1,2,1,5,Not at intersection,3,60,Local Road
T20230021394,2023/9/12,17:06:00,1,Collision with vehicle,2,Tuesday,147,VEHICLE STRIKES ANOTHER VEH WHILE EMERGING FROM DRIVEWAY,1,780766,2,0,0,1,1,2,1,5,Not at intersection,3,60,Arterial Other
T20230021389,2023/9/12,8:20:00,1,Collision with vehicle,2,Tuesday,121,RIGHT THROUGH,1,37600,2,0,0,1,3,4,1,1,Cross intersection,3,60,Arterial Other
T20230021388,2023/9/12,11:45:00,2,Struck Pedestrian,2,Tuesday,100,PED NEAR SIDE. PED HIT BY VEHICLE FROM THE RIGHT.,1,781051,1,0,0,1,1,2,2,1,Cross intersection,3,999,Arterial Other
T20230021384,2023/9/12,12:30:00,1,Collision with vehicle,2,Tuesday,130,REAR END(VEHICLES IN SAME LANE),1,790398,2,0,0,2,2,4,2,2,T intersection,3,70,Arterial Other
T20230021383,2023/9/12,9:27:00,6,Vehicle overturned (no collision),2,Tuesday,174,OUT OF CONTROL ON CARRIAGEWAY (ON STRAIGHT),1,790533,1,0,0,1,0,1,1,5,Not at intersection,3,40,Arterial Other
T20230021382,2023/9/12,15:00:00,1,Collision with vehicle,2,Tuesday,110,CROSS TRAFFIC(INTERSECTIONS ONLY),1,38018,2,0,0,1,1,2,1,1,Cross intersection,3,40,Local Road
T20230021381,2023/9/12,14:00:00,4,Collision with a fixed object,3,Tuesday,171,LEFT OFF CARRIAGEWAY INTO OBJECT/PARKED VEHICLE,1,797237,1,0,0,1,0,1,1,5,Not at intersection,3,60,Local Road
T20230021380,2023/9/12,14:06:00,2,Struck Pedestrian,3,Tuesday,102,FAR SIDE. PED HIT BY VEHICLE FROM THE LEFT,1,781423,1,0,0,1,2,3,1,5,Not at intersection,3,60,Arterial Other
T20230021430,2023/9/12,18:25:00,1,Collision with vehicle,2,Tuesday,110,CROSS TRAFFIC(INTERSECTIONS ONLY),2,795719,2,0,0,1,1,2,1,1,Cross intersection,3,40,Local Road
T20230021375,2023/9/12,12:30:00,1,Collision with vehicle,2,Tuesday,147,VEHICLE STRIKES ANOTHER VEH WHILE EMERGING FROM DRIVEWAY,1,799638,2,0,1,0,1,2,1,5,Not at intersection,2,40,Local Road
T20230021374,2023/9/12,10:32:00,1,Collision with vehicle,3,Tuesday,130,REAR END(VEHICLES IN SAME LANE),1,784667,2,0,0,3,0,3,1,1,Cross intersection,3,80,Arterial Other
T20230021370,2023/9/12,13:00:00,1,Collision with vehicle,3,Tuesday,110,CROSS TRAFFIC(INTERSECTIONS ONLY),1,60923,2,0,0,1,1,2,1,1,Cross intersection,3,50,Local Road
T20230021366,2023/9/12,12:18:00,4,Collision with a fixed object,2,Tuesday,171,LEFT OFF CARRIAGEWAY INTO OBJECT/PARKED VEHICLE,1,780973,1,0,0,1,0,1,1,5,Not at intersection,3,60,Local Road
T20230021498,2023/9/13,9:45:00,1,Collision with vehicle,3,Wednesday,110,CROSS TRAFFIC(INTERSECTIONS ONLY),1,35662,2,0,0,1,1,2,2,1,Cross intersection,3,999,Arterial Other
T20230021464,2023/9/13,15:05:00,4,Collision with a fixed object,4,Wednesday,171,LEFT OFF CARRIAGEWAY INTO OBJECT/PARKED VEHICLE,1,796257,1,1,0,0,0,1,1,5,Not at intersection,1,80,Arterial Other
T20230022666,2023/9/13,16:45:00,1,Collision with vehicle,3,Wednesday,110,CROSS TRAFFIC(INTERSECTIONS ONLY),1,42223,2,0,0,1,1,2,2,1,Cross intersection,3,50,Local Road
T20230024112,2023/9/13,13:00:00,1,Collision with vehicle,3,Wednesday,113,RIGHT NEAR (INTERSECTIONS ONLY),1,61025,2,0,0,1,1,2,1,2,T intersection,3,60,Arterial Other
T20230021476,2023/9/13,16:52:00,1,Collision with vehicle,3,Wednesday,130,REAR END(VEHICLES IN SAME LANE),1,800153,3,0,0,1,2,3,1,5,Not at intersection,3,80,Arterial Highway
T20230022280,2023/9/13,18:20:00,8,No collision and no object struck,4,Wednesday,182,OFF CARRIAGEWAY ON LEFT BEND,2,781895,1,0,0,1,0,1,1,5,Not at intersection,3,70,Local Road
T20230021450,2023/9/13,7:50:00,1,Collision with vehicle,4,Wednesday,130,REAR END(VEHICLES IN SAME LANE),2,780842,2,0,1,0,1,2,1,5,Not at intersection,2,60,Arterial Other
T20230021454,2023/9/13,7:48:00,1,Collision with vehicle,4,Wednesday,110,CROSS TRAFFIC(INTERSECTIONS ONLY),1,241033,2,0,1,1,0,2,1,1,Cross intersection,2,40,Local Road
T20230022553,2023/9/13,18:15:00,1,Collision with vehicle,3,Wednesday,110,CROSS TRAFFIC(INTERSECTIONS ONLY),2,269738,2,0,0,1,1,2,2,1,Cross intersection,3,50,Local Road
T20230021455,2023/9/13,10:20:00,1,Collision with vehicle,4,Wednesday,121,RIGHT THROUGH,1,868,2,0,1,0,1,2,1,1,Cross intersection,2,60,Arterial Highway
T20230021486,2023/9/13,19:00:00,1,Collision with vehicle,4,Wednesday,160,VEHICLE COLLIDES WITH VEHICLE PARKED ON LEFT OF ROAD,3,790395,2,0,0,3,0,3,1,5,Not at intersection,3,60,Local Road
T20230021465,2023/9/13,15:08:00,1,Collision with vehicle,4,Wednesday,140,U TURN,1,37908,2,0,0,1,1,2,1,1,Cross intersection,3,40,Local Road
T20230021456,2023/9/13,12:45:00,1,Collision with vehicle,4,Wednesday,110,CROSS TRAFFIC(INTERSECTIONS ONLY),1,29708,4,0,2,2,1,5,1,1,Cross intersection,2,60,Local Road
T20230021461,2023/9/13,12:15:00,1,Collision with vehicle,3,Wednesday,133,LANE SIDE SWIPE (VEHICLES IN PARALLEL LANES),1,10042,2,0,0,1,1,2,1,2,T intersection,3,60,Arterial Other
T20230021529,2023/9/13,15:35:00,1,Collision with vehicle,4,Wednesday,130,REAR END(VEHICLES IN SAME LANE),1,781760,3,0,0,2,1,3,1,5,Not at intersection,3,100,Freeway
T20230021483,2023/9/13,17:45:00,2,Struck Pedestrian,4,Wednesday,101,PED EMERGES FROM IN FRONT OF PARKED OR STATIONARY VEHICLE,1,38468,1,0,1,0,1,2,1,2,T intersection,2,50,Arterial Highway
T20230022250,2023/9/13,15:00:00,8,No collision and no object struck,3,Wednesday,184,OUT OF CONTROL ON CARRIAGEWAY (ON BEND),1,800088,2,0,0,1,1,2,1,5,Not at intersection,3,60,Local Road
T20230022216,2023/9/13,14:00:00,1,Collision with vehicle,3,Wednesday,130,REAR END(VEHICLES IN SAME LANE),1,142979,2,0,1,0,1,2,1,5,Not at intersection,2,999,Arterial Other
T20230021487,2023/9/13,16:46:00,4,Collision with a fixed object,3,Wednesday,181,OFF RIGHT BEND INTO OBJECT/PARKED VEHICLE,1,784907,1,0,0,1,0,1,1,5,Not at intersection,3,60,Arterial Other
T20230021424,2023/9/13,4:10:00,4,Collision with a fixed object,3,Wednesday,173,RIGHT OFF CARRIAGEWAY INTO OBJECT/PARKED VEHICLE,5,800196,1,0,0,1,0,1,1,5,Not at intersection,3,100,Arterial Highway
T20230021484,2023/9/13,18:24:00,6,Vehicle overturned (no collision),4,Wednesday,170,OFF CARRIAGEWAY TO LEFT,2,783102,1,0,0,1,0,1,1,5,Not at intersection,3,100,Arterial Other
T20230021489,2023/9/13,20:10:00,6,Vehicle overturned (no collision),4,Wednesday,180,OFF CARRIAGEWAY ON RIGHT BEND,5,781999,2,0,1,1,0,2,2,5,Not at intersection,2,100,Local Road
T20230021425,2023/9/13,7:01:00,1,Collision with vehicle,4,Wednesday,130,REAR END(VEHICLES IN SAME LANE),1,48105,2,0,1,1,0,2,1,1,Cross intersection,2,40,Local Road
T20230022009,2023/9/13,7:30:00,1,Collision with vehicle,4,Wednesday,119,OTHER ADJACENT (INTERSECTIONS ONLY),9,785455,2,0,0,1,1,2,2,2,T intersection,3,50,Local Road
T20230021521,2023/9/13,20:00:00,8,No collision and no object struck,3,Wednesday,174,OUT OF CONTROL ON CARRIAGEWAY (ON STRAIGHT),3,40150,1,0,1,0,1,2,2,1,Cross intersection,2,60,Local Road
T20230021480,2023/9/13,15:10:00,1,Collision with vehicle,4,Wednesday,120,HEAD ON (NOT OVERTAKING),1,780716,2,1,1,0,0,2,1,5,Not at intersection,1,100,Arterial Highway
T20230021427,2023/9/13,7:55:00,1,Collision with vehicle,3,Wednesday,130,REAR END(VEHICLES IN SAME LANE),1,782180,3,0,0,1,3,4,1,5,Not at intersection,3,70,Arterial Highway
T20230021432,2023/9/13,9:00:00,1,Collision with vehicle,3,Wednesday,110,CROSS TRAFFIC(INTERSECTIONS ONLY),1,39919,2,0,0,1,1,2,2,1,Cross intersection,3,60,Local Road
T20230021433,2023/9/13,6:40:00,1,Collision with vehicle,3,Wednesday,140,U TURN,2,800082,2,0,1,0,1,2,1,5,Not at intersection,2,50,Local Road
T20230021444,2023/9/13,7:30:00,1,Collision with vehicle,3,Wednesday,130,REAR END(VEHICLES IN SAME LANE),2,781053,2,0,0,1,1,2,1,5,Not at intersection,3,100,Freeway
T20230021525,2023/9/13,9:45:00,1,Collision with vehicle,3,Wednesday,148,VEHICLE OFF FOOTPATH STRIKES VEH ON CARRIAGEWAY,1,144,2,0,0,1,1,2,1,2,T intersection,3,999,Arterial Highway
T20230021447,2023/9/13,12:47:00,1,Collision with vehicle,3,Wednesday,147,VEHICLE STRIKES ANOTHER VEH WHILE EMERGING FROM DRIVEWAY,1,790391,2,0,0,1,1,2,1,5,Not at intersection,3,50,Local Road
T20230021603,2023/9/13,19:30:00,1,Collision with vehicle,4,Wednesday,147,VEHICLE STRIKES ANOTHER VEH WHILE EMERGING FROM DRIVEWAY,3,203486,2,0,0,1,1,2,2,5,Not at intersection,3,60,Arterial Other
T20230021448,2023/9/13,12:42:00,1,Collision with vehicle,4,Wednesday,136,RIGHT TURN SIDESWIPE,1,790378,2,0,1,2,2,5,1,2,T intersection,2,70,Arterial Highway
T20230021438,2023/9/13,10:42:00,1,Collision with vehicle,4,Wednesday,113,RIGHT NEAR (INTERSECTIONS ONLY),1,780841,2,0,2,0,0,2,1,2,T intersection,2,100,Arterial Highway
T20230021474,2023/9/13,17:03:00,1,Collision with vehicle,4,Wednesday,130,REAR END(VEHICLES IN SAME LANE),1,792041,3,0,1,2,1,4,1,5,Not at intersection,2,80,Arterial Other
T20230021492,2023/9/13,20:56:00,1,Collision with vehicle,3,Wednesday,110,CROSS TRAFFIC(INTERSECTIONS ONLY),3,53961,2,0,0,1,2,3,1,1,Cross intersection,3,60,Arterial Highway
T20230021553,2023/9/14,8:00:00,1,Collision with vehicle,5,Thursday,147,VEHICLE STRIKES ANOTHER VEH WHILE EMERGING FROM DRIVEWAY,1,800130,2,0,1,0,1,2,2,5,Not at intersection,2,999,
T20230022759,2023/9/14,11:10:00,4,Collision with a fixed object,4,Thursday,146,REVERSING INTO FIXED OBJECT/PARKED VEHICLE,1,796871,1,0,0,1,2,3,2,5,Not at intersection,3,999,Local Road
T20230021828,2023/9/14,8:40:00,1,Collision with vehicle,5,Thursday,130,REAR END(VEHICLES IN SAME LANE),1,800208,2,0,1,1,1,3,2,5,Not at intersection,2,999,Arterial Other
T20230027259,2023/9/14,15:45:00,1,Collision with vehicle,5,Thursday,130,REAR END(VEHICLES IN SAME LANE),1,786011,2,0,0,1,4,5,2,1,Cross intersection,3,60,Local Road
T20230021858,2023/9/14,9:00:00,1,Collision with vehicle,4,Thursday,130,REAR END(VEHICLES IN SAME LANE),1,796348,2,0,0,1,1,2,2,5,Not at intersection,3,60,
T20230021868,2023/9/14,22:00:00,3,Struck animal,4,Thursday,167,STRUCK ANIMAL,5,781149,1,0,0,1,0,1,2,5,Not at intersection,3,100,Arterial Highway
T20230021878,2023/9/14,8:45:00,6,Vehicle overturned (no collision),4,Thursday,174,OUT OF CONTROL ON CARRIAGEWAY (ON STRAIGHT),1,781150,1,0,1,0,0,1,2,1,Cross intersection,2,50,Local Road
T20230021506,2023/9/14,8:35:00,1,Collision with vehicle,4,Thursday,112,LEFT FAR (INTERSECTIONS ONLY),1,791666,2,0,0,1,2,3,1,2,T intersection,3,60,Local Road
T20230021510,2023/9/14,8:30:00,2,Struck Pedestrian,4,Thursday,100,PED NEAR SIDE. PED HIT BY VEHICLE FROM THE RIGHT.,1,351734,1,0,0,2,4,6,1,1,Cross intersection,3,60,Arterial Other
T20230023549,2023/9/14,6:40:00,1,Collision with vehicle,5,Thursday,130,REAR END(VEHICLES IN SAME LANE),2,800125,2,0,1,0,1,2,2,5,Not at intersection,2,60,
T20230021517,2023/9/14,7:10:00,1,Collision with vehicle,5,Thursday,116,LEFT NEAR (INTERSECTIONS ONLY),1,45516,2,0,1,0,1,2,1,2,T intersection,2,80,Arterial Other
T20230021522,2023/9/14,10:19:00,1,Collision with vehicle,4,Thursday,121,RIGHT THROUGH,1,792034,2,0,1,0,1,2,1,2,T intersection,2,60,Arterial Other
T20230021526,2023/9/14,10:43:00,1,Collision with vehicle,5,Thursday,113,RIGHT NEAR (INTERSECTIONS ONLY),1,36070,2,0,1,0,3,4,1,2,T intersection,2,100,Arterial Other
T20230021559,2023/9/14,18:47:00,1,Collision with vehicle,5,Thursday,130,REAR END(VEHICLES IN SAME LANE),3,47195,2,0,1,0,2,3,1,2,T intersection,2,60,Arterial Other
T20230021528,2023/9/14,8:00:00,4,Collision with a fixed object,5,Thursday,173,RIGHT OFF CARRIAGEWAY INTO OBJECT/PARKED VEHICLE,1,792027,1,0,0,1,1,2,1,5,Not at intersection,3,100,Arterial Highway
T20230021530,2023/9/14,11:00:00,1,Collision with vehicle,5,Thursday,121,RIGHT THROUGH,1,278559,2,0,0,3,1,4,1,1,Cross intersection,3,60,Freeway
T20230021531,2023/9/14,12:05:00,1,Collision with vehicle,4,Thursday,132,RIGHT REAR.,1,780974,2,0,0,2,0,2,1,5,Not at intersection,3,100,Arterial Other
T20230021535,2023/9/14,5:30:00,1,Collision with vehicle,4,Thursday,163,VEHICLE STRIKES DOOR OF PARKED/STATIONARY VEHICLE,2,784449,2,0,0,1,1,2,2,5,Not at intersection,3,40,Local Road
T20230021537,2023/9/14,8:45:00,1,Collision with vehicle,5,Thursday,113,RIGHT NEAR (INTERSECTIONS ONLY),1,42373,3,0,0,3,0,3,1,2,T intersection,3,50,Local Road
T20230021561,2023/9/14,17:50:00,1,Collision with vehicle,5,Thursday,151,OUT OF CONTROL (OVERTAKING),5,782618,2,0,0,2,3,5,1,5,Not at intersection,3,80,Local Road
T20230021545,2023/9/14,14:15:00,1,Collision with vehicle,4,Thursday,130,REAR END(VEHICLES IN SAME LANE),1,35304,2,0,0,1,2,3,1,1,Cross intersection,3,50,Arterial Other
T20230024425,2023/9/14,11:55:00,1,Collision with vehicle,5,Thursday,148,VEHICLE OFF FOOTPATH STRIKES VEH ON CARRIAGEWAY,1,783441,2,0,1,0,1,2,1,2,T intersection,2,50,Local Road
T20230021565,2023/9/14,16:39:00,4,Collision with a fixed object,4,Thursday,179,OTHER ACCIDENTS-OFF STRAIGHT NOT INCLUDED IN DCAs 170-175,1,794799,1,0,0,1,0,1,1,5,Not at intersection,3,80,
T20230021567,2023/9/14,20:00:00,1,Collision with vehicle,4,Thursday,130,REAR END(VEHICLES IN SAME LANE),3,781348,2,0,0,1,1,2,2,2,T intersection,3,60,Local Road
T20230021568,2023/9/14,20:45:00,4,Collision with a fixed object,4,Thursday,173,RIGHT OFF CARRIAGEWAY INTO OBJECT/PARKED VEHICLE,3,800152,1,0,0,1,0,1,1,5,Not at intersection,3,50,Local Road
T20230021569,2023/9/14,18:30:00,6,Vehicle overturned (no collision),4,Thursday,151,OUT OF CONTROL (OVERTAKING),5,790278,1,0,0,1,0,1,1,5,Not at intersection,3,80,Local Road
T20230021501,2023/9/14,6:15:00,4,Collision with a fixed object,4,Thursday,181,OFF RIGHT BEND INTO OBJECT/PARKED VEHICLE,2,790274,1,0,0,1,0,1,1,5,Not at intersection,3,100,Freeway