ACCIDENT_NO,ACCIDENT_DATE,ACCIDENT_TIME,ACCIDENT_TYPE,ACCIDENT_TYPE_DESC,DAY_OF_WEEK,DAY_WEEK_DESC,DCA_CODE,DCA_DESC,LIGHT_CONDITION,NODE_ID,NO_OF_VEHICLES,NO_PERSONS_KILLED,NO_PERSONS_INJ_2,NO_PERSONS_INJ_3,NO_PERSONS_NOT_INJ,NO_PERSONS,POLICE_ATTEND,ROAD_GEOMETRY,ROAD_GEOMETRY_DESC,SEVERITY,SPEED_ZONE,RMA
T20230021572,2023/9/14,18:15:00,4,Collision with a fixed object,5,Thursday,181,OFF RIGHT BEND INTO OBJECT/PARKED VEHICLE,2,796144,1,1,0,0,0,1,1,5,Not at intersection,1,80,Arterial Highway
T20230021577,2023/9/14,22:15:00,3,Struck animal,4,Thursday,167,STRUCK ANIMAL,5,783543,1,0,0,2,0,2,1,5,Not at intersection,3,100,Arterial Other
T20230021573,2023/9/14,21:10:00,1,Collision with vehicle,4,Thursday,130,REAR END(VEHICLES IN SAME LANE),3,782385,2,0,1,0,3,4,1,5,Not at intersection,2,80,Arterial Highway
T20230021575,2023/9/14,14:45:00,1,Collision with vehicle,4,Thursday,134,LANE CHANGE RIGHT (NOT OVERTAKING),1,781425,2,0,0,1,1,2,1,5,Not at intersection,3,80,Arterial Highway
T20230021576,2023/9/14,22:10:00,1,Collision with vehicle,4,Thursday,121,RIGHT THROUGH,3,800128,2,0,1,0,1,2,1,1,Cross intersection,2,50,
T20230022490,2023/9/14,19:18:00,1,Collision with vehicle,5,Thursday,121,RIGHT THROUGH,3,41249,2,0,1,0,1,2,1,1,Cross intersection,2,60,Arterial Other
T20230021551,2023/9/14,15:45:00,1,Collision with vehicle,4,Thursday,120,HEAD ON (NOT OVERTAKING),1,791676,2,0,0,1,2,3,1,5,Not at intersection,3,100,Arterial Other
T20230021552,2023/9/14,17:00:00,1,Collision with vehicle,5,Thursday,136,RIGHT TURN SIDESWIPE,1,781451,2,0,1,1,1,3,1,5,Not at intersection,2,40,Local Road
T20230021679,2023/9/15,21:15:00,1,Collision with vehicle,5,Friday,142,LEAVING PARKING,3,54819,2,0,0,1,1,2,1,2,T intersection,3,60,Arterial Other
T20230021845,2023/9/15,17:00:00,2,Struck Pedestrian,5,Friday,100,PED NEAR SIDE. PED HIT BY VEHICLE FROM THE RIGHT.,1,49828,1,0,1,0,1,2,2,2,T intersection,2,60,Arterial Other
T20230023090,2023/9/15,16:34:00,1,Collision with vehicle,5,Friday,134,LANE CHANGE RIGHT (NOT OVERTAKING),1,782072,2,0,0,1,1,2,1,5,Not at intersection,3,100,Freeway
T20230021838,2023/9/15,17:30:00,1,Collision with vehicle,6,Friday,130,REAR END(VEHICLES IN SAME LANE),1,45405,2,0,0,1,1,2,2,2,T intersection,3,60,Arterial Other
T20230021833,2023/9/15,17:10:00,1,Collision with vehicle,5,Friday,130,REAR END(VEHICLES IN SAME LANE),2,791701,2,0,0,1,1,2,2,2,T intersection,3,80,Arterial Other
T20230021657,2023/9/15,22:05:00,2,Struck Pedestrian,5,Friday,100,PED NEAR SIDE. PED HIT BY VEHICLE FROM THE RIGHT.,3,782923,1,0,1,0,1,2,1,5,Not at intersection,2,50,Local Road
T20230021652,2023/9/15,16:29:00,1,Collision with vehicle,5,Friday,130,REAR END(VEHICLES IN SAME LANE),1,800194,4,0,0,1,3,4,1,5,Not at intersection,3,100,Freeway
T20230021774,2023/9/15,14:20:00,1,Collision with vehicle,5,Friday,134,LANE CHANGE RIGHT (NOT OVERTAKING),1,791839,2,0,0,1,1,2,2,5,Not at intersection,3,60,Arterial Other
T20230025599,2023/9/15,17:38:00,1,Collision with vehicle,5,Friday,121,RIGHT THROUGH,1,36180,2,0,0,1,1,2,1,2,T intersection,3,60,Local Road
T20230021646,2023/9/15,18:45:00,3,Struck animal,5,Friday,167,STRUCK ANIMAL,3,780978,1,0,1,0,0,1,1,5,Not at intersection,2,80,Arterial Highway
T20230021640,2023/9/15,15:46:00,1,Collision with vehicle,6,Friday,130,REAR END(VEHICLES IN SAME LANE),1,796214,3,0,1,0,2,3,1,5,Not at intersection,2,80,
T20230021639,2023/9/15,15:00:00,5,collision with some other object,5,Friday,166,STRUCK OBJECT ON CARRIAGEWAY,1,781055,1,0,0,1,0,1,1,5,Not at intersection,3,100,Arterial Highway
T20230021608,2023/9/15,13:13:00,2,Struck Pedestrian,6,Friday,102,FAR SIDE. PED HIT BY VEHICLE FROM THE LEFT,1,878,1,0,1,0,1,2,1,1,Cross intersection,2,80,Arterial Highway
T20230021914,2023/9/15,8:37:00,1,Collision with vehicle,5,Friday,113,RIGHT NEAR (INTERSECTIONS ONLY),1,45103,2,0,1,0,1,2,1,2,T intersection,2,60,Local Road
T20230021976,2023/9/15,16:50:00,1,Collision with vehicle,5,Friday,130,REAR END(VEHICLES IN SAME LANE),2,42464,2,0,0,1,1,2,2,2,T intersection,3,999,Arterial Other
T20230021637,2023/9/15,16:50:00,2,Struck Pedestrian,6,Friday,100,PED NEAR SIDE. PED HIT BY VEHICLE FROM THE RIGHT.,1,791823,1,0,0,1,1,2,2,1,Cross intersection,3,60,Arterial Other
T20230021581,2023/9/15,5:55:00,1,Collision with vehicle,5,Friday,110,CROSS TRAFFIC(INTERSECTIONS ONLY),2,781145,2,0,0,1,1,2,1,1,Cross intersection,3,80,Arterial Other
T20230021611,2023/9/15,12:30:00,1,Collision with vehicle,5,Friday,173,RIGHT OFF CARRIAGEWAY INTO OBJECT/PARKED VEHICLE,1,791821,2,0,0,1,0,1,1,5,Not at intersection,3,40,Local Road
T20230021635,2023/9/15,17:26:00,1,Collision with vehicle,5,Friday,121,RIGHT THROUGH,2,791702,2,0,0,1,1,2,1,1,Cross intersection,3,80,Arterial Other
T20230021964,2023/9/15,6:30:00,1,Collision with vehicle,6,Friday,110,CROSS TRAFFIC(INTERSECTIONS ONLY),9,44217,2,0,0,1,1,2,2,1,Cross intersection,3,999,Local Road
T20230022095,2023/9/15,8:25:00,1,Collision with vehicle,5,Friday,134,LANE CHANGE RIGHT (NOT OVERTAKING),1,781453,2,0,0,1,1,2,2,5,Not at intersection,3,40,Local Road
T20230021787,2023/9/15,22:30:00,4,Collision with a fixed object,6,Friday,164,PERMANENT OBSTRUCTION ON CARRIAGEWAY,5,791820,1,0,0,2,0,2,1,5,Not at intersection,3,100,Arterial Highway
T20230021713,2023/9/15,12:30:00,8,No collision and no object struck,5,Friday,180,OFF CARRIAGEWAY ON RIGHT BEND,1,780980,1,0,1,0,0,1,2,5,Not at intersection,2,60,Arterial Other
T20230021634,2023/9/15,14:55:00,1,Collision with vehicle,5,Friday,120,HEAD ON (NOT OVERTAKING),1,791824,3,0,0,2,1,3,1,5,Not at intersection,3,50,Local Road
T20230021633,2023/9/15,17:20:00,1,Collision with vehicle,6,Friday,120,HEAD ON (NOT OVERTAKING),1,791828,2,0,1,0,1,2,2,5,Not at intersection,2,999,Local Road
T20230021632,2023/9/15,16:10:00,1,Collision with vehicle,6,Friday,110,CROSS TRAFFIC(INTERSECTIONS ONLY),1,40239,2,0,1,0,1,2,1,1,Cross intersection,2,60,Local Road
T20230023140,2023/9/15,10:30:00,1,Collision with vehicle,5,Friday,130,REAR END(VEHICLES IN SAME LANE),1,800151,2,0,0,1,1,2,2,5,Not at intersection,3,80,Freeway
T20230021589,2023/9/15,8:30:00,1,Collision with vehicle,6,Friday,116,LEFT NEAR (INTERSECTIONS ONLY),1,780931,2,0,1,2,1,4,1,2,T intersection,2,60,Arterial Other
T20230021658,2023/9/15,20:50:00,4,Collision with a fixed object,6,Friday,151,OUT OF CONTROL (OVERTAKING),3,800121,1,0,2,1,0,3,1,5,Not at intersection,2,60,Arterial Other
T20230024611,2023/9/15,14:54:00,1,Collision with vehicle,5,Friday,113,RIGHT NEAR (INTERSECTIONS ONLY),1,790030,2,0,0,1,1,2,2,2,T intersection,3,40,Arterial Other
T20230021599,2023/9/15,11:00:00,4,Collision with a fixed object,6,Friday,171,LEFT OFF CARRIAGEWAY INTO OBJECT/PARKED VEHICLE,1,791840,2,0,1,0,0,1,1,5,Not at intersection,2,60,Arterial Other
T20230021600,2023/9/15,12:00:00,1,Collision with vehicle,6,Friday,132,RIGHT REAR.,1,70183,2,0,0,4,0,4,1,2,T intersection,3,60,Arterial Highway
T20230021602,2023/9/15,11:15:00,6,Vehicle overturned (no collision),5,Friday,149,OTHER MANOEUVRING NOT INCLUDED IN DCAs 140-148,1,799917,1,0,1,0,0,1,1,5,Not at intersection,2,100,Arterial Other
T20230021612,2023/9/15,7:59:00,1,Collision with vehicle,6,Friday,110,CROSS TRAFFIC(INTERSECTIONS ONLY),1,55801,2,1,0,1,1,3,1,1,Cross intersection,1,60,Local Road
T20230021604,2023/9/15,12:49:00,1,Collision with vehicle,5,Friday,147,VEHICLE STRIKES ANOTHER VEH WHILE EMERGING FROM DRIVEWAY,1,781868,2,0,1,0,2,3,1,5,Not at intersection,2,70,Local Road
T20230021606,2023/9/15,9:55:00,1,Collision with vehicle,6,Friday,110,CROSS TRAFFIC(INTERSECTIONS ONLY),1,48721,2,0,1,0,1,2,1,1,Cross intersection,2,80,Arterial Other
T20230021985,2023/9/15,13:30:00,1,Collision with vehicle,6,Friday,130,REAR END(VEHICLES IN SAME LANE),1,781258,2,0,1,0,1,2,2,5,Not at intersection,2,60,Arterial Other
T20230022433,2023/9/15,20:00:00,1,Collision with vehicle,5,Friday,133,LANE SIDE SWIPE (VEHICLES IN PARALLEL LANES),3,36375,2,0,0,1,1,2,2,1,Cross intersection,3,60,Arterial Other
T20230021614,2023/9/15,14:40:00,1,Collision with vehicle,6,Friday,116,LEFT NEAR (INTERSECTIONS ONLY),1,781869,2,0,1,1,1,3,1,2,T intersection,2,80,Local Road
T20230022180,2023/9/15,12:17:00,1,Collision with vehicle,5,Friday,130,REAR END(VEHICLES IN SAME LANE),1,38203,3,0,0,1,1,2,1,1,Cross intersection,3,70,Arterial Highway
T20230022184,2023/9/15,17:25:00,1,Collision with vehicle,5,Friday,140,U TURN,2,792021,2,0,1,0,1,2,1,5,Not at intersection,2,80,Arterial Other
T20230023144,2023/9/15,15:45:00,1,Collision with vehicle,5,Friday,135,LANE CHANGE LEFT (NOT OVERTAKING),1,791677,2,0,0,1,1,2,2,5,Not at intersection,3,100,Freeway
T20230021656,2023/9/15,21:26:00,4,Collision with a fixed object,5,Friday,171,LEFT OFF CARRIAGEWAY INTO OBJECT/PARKED VEHICLE,5,783754,1,0,1,0,0,1,1,5,Not at intersection,2,999,Local Road
T20230021852,2023/9/15,16:00:00,6,Vehicle overturned (no collision),5,Friday,174,OUT OF CONTROL ON CARRIAGEWAY (ON STRAIGHT),1,791706,1,0,0,1,0,1,2,2,T intersection,3,60,Local Road
T20240002952,2023/9/15,16:30:00,1,Collision with vehicle,5,Friday,132,RIGHT REAR.,1,797707,2,0,0,1,2,3,1,2,T intersection,3,50,Local Road
T20230023628,2023/9/15,15:50:00,1,Collision with vehicle,5,Friday,110,CROSS TRAFFIC(INTERSECTIONS ONLY),1,29643,2,0,0,1,1,2,2,4,Multiple intersection,3,60,Arterial Other
T20230021653,2023/9/15,15:30:00,2,Struck Pedestrian,6,Friday,102,FAR SIDE. PED HIT BY VEHICLE FROM THE LEFT,1,119783,1,0,2,0,1,3,1,5,Not at intersection,2,50,Arterial Other
T20230021623,2023/9/15,15:52:00,1,Collision with vehicle,5,Friday,130,REAR END(VEHICLES IN SAME LANE),1,335786,2,0,0,3,1,4,1,5,Not at intersection,3,80,Freeway
T20230021654,2023/9/15,20:30:00,1,Collision with vehicle,6,Friday,120,HEAD ON (NOT OVERTAKING),3,43289,2,0,2,1,1,4,1,1,Cross intersection,2,70,Arterial Other
T20230021625,2023/9/15,12:00:00,1,Collision with vehicle,6,Friday,120,HEAD ON (NOT OVERTAKING),1,792023,2,0,0,1,1,2,1,5,Not at intersection,3,100,Arterial Highway
T20230022221,2023/9/15,8:50:00,1,Collision with vehicle,5,Friday,135,LANE CHANGE LEFT (NOT OVERTAKING),1,781438,2,0,0,1,1,2,2,5,Not at intersection,3,100,Freeway
T20230022230,2023/9/15,14:00:00,1,Collision with vehicle,6,Friday,130,REAR END(VEHICLES IN SAME LANE),1,784015,2,0,0,1,1,2,2,5,Not at intersection,3,80,Freeway
T20230021641,2023/9/15,17:22:00,1,Collision with vehicle,5,Friday,121,RIGHT THROUGH,1,781870,2,0,0,1,1,2,1,5,Not at intersection,3,70,Local Road
T20230021854,2023/9/15,19:20:00,6,Vehicle overturned (no collision),5,Friday,174,OUT OF CONTROL ON CARRIAGEWAY (ON STRAIGHT),1,791678,1,0,0,1,0,1,2,5,Not at intersection,3,60,
T20230021644,2023/9/15,17:16:00,1,Collision with vehicle,5,Friday,110,CROSS TRAFFIC(INTERSECTIONS ONLY),1,800085,2,0,0,1,2,3,1,1,Cross intersection,3,60,Local Road
T20230021669,2023/9/15,23:32:00,2,Struck Pedestrian,6,Friday,103,PED PLAYING/LYING/WORKING/STANDING ON CARRIAGEWAY.,3,786819,1,0,1,0,1,2,1,5,Not at intersection,2,50,Local Road
T20230022142,2023/9/15,8:32:00,1,Collision with vehicle,5,Friday,123,RIGHT/LEFT. ONE VEH TURNING RIGHT THE OTHER LEFT.,1,40806,2,0,0,1,1,2,1,1,Cross intersection,3,80,Arterial Highway
T20230022979,2023/9/15,14:15:00,2,Struck Pedestrian,5,Friday,102,FAR SIDE. PED HIT BY VEHICLE FROM THE LEFT,1,35363,1,0,0,1,1,2,2,1,Cross intersection,3,777,Local Road
T20230021629,2023/9/15,16:25:00,2,Struck Pedestrian,5,Friday,100,PED NEAR SIDE. PED HIT BY VEHICLE FROM THE RIGHT.,1,791838,1,0,0,1,1,2,1,1,Cross intersection,3,40,Local Road
T20230021721,2023/9/16,17:15:00,1,Collision with vehicle,6,Saturday,130,REAR END(VEHICLES IN SAME LANE),2,143831,2,0,0,1,2,3,1,5,Not at intersection,3,60,Local Road
T20230021722,2023/9/16,13:59:00,1,Collision with vehicle,6,Saturday,130,REAR END(VEHICLES IN SAME LANE),1,37537,2,0,0,2,3,5,2,2,T intersection,3,60,Local Road
T20230021724,2023/9/16,16:50:00,1,Collision with vehicle,6,Saturday,120,HEAD ON (NOT OVERTAKING),1,792916,2,0,2,1,0,3,1,5,Not at intersection,2,60,Arterial Other
T20230021725,2023/9/16,10:07:00,1,Collision with vehicle,6,Saturday,121,RIGHT THROUGH,1,783103,3,0,0,3,1,4,1,1,Cross intersection,3,80,Non Arterial
T20230021731,2023/9/16,18:07:00,1,Collision with vehicle,7,Saturday,110,CROSS TRAFFIC(INTERSECTIONS ONLY),3,44662,2,0,0,2,2,4,1,1,Cross intersection,3,60,Arterial Other
T20230026228,2023/9/16,12:40:00,5,collision with some other object,6,Saturday,166,STRUCK OBJECT ON CARRIAGEWAY,1,791696,1,0,0,1,0,1,2,5,Not at intersection,3,80,
T20230022620,2023/9/16,19:15:00,7,Fall from or in moving vehicle,7,Saturday,190,FELL IN/FROM VEHICLE,3,198815,1,0,0,1,2,3,2,5,Not at intersection,3,50,Arterial Other
T20230021734,2023/9/16,11:30:00,1,Collision with vehicle,6,Saturday,147,VEHICLE STRIKES ANOTHER VEH WHILE EMERGING FROM DRIVEWAY,1,785822,2,0,0,1,1,2,2,5,Not at intersection,3,40,Arterial Other
T20230021742,2023/9/16,17:40:00,1,Collision with vehicle,7,Saturday,130,REAR END(VEHICLES IN SAME LANE),1,780981,3,0,1,1,2,4,1,5,Not at intersection,2,60,Local Road
T20230021743,2023/9/16,16:25:00,1,Collision with vehicle,6,Saturday,132,RIGHT REAR.,1,353827,2,0,0,1,1,2,1,2,T intersection,3,60,Arterial Other
T20230021750,2023/9/16,21:45:00,2,Struck Pedestrian,6,Saturday,103,PED PLAYING/LYING/WORKING/STANDING ON CARRIAGEWAY.,5,791886,1,0,1,1,0,2,1,5,Not at intersection,2,999,Local Road
T20230021753,2023/9/16,22:05:00,1,Collision with vehicle,7,Saturday,110,CROSS TRAFFIC(INTERSECTIONS ONLY),3,44862,2,0,0,3,1,4,1,1,Cross intersection,3,50,Arterial Highway
T20230021762,2023/9/16,22:40:00,1,Collision with vehicle,7,Saturday,132,RIGHT REAR.,3,70555,2,0,0,1,3,4,1,2,T intersection,3,60,Arterial Highway
T20230021768,2023/9/16,10:45:00,5,collision with some other object,6,Saturday,166,STRUCK OBJECT ON CARRIAGEWAY,1,791808,3,0,0,2,1,3,1,5,Not at intersection,3,100,Freeway
T20230021770,2023/9/16,10:15:00,8,No collision and no object struck,6,Saturday,180,OFF CARRIAGEWAY ON RIGHT BEND,1,781147,1,0,1,0,0,1,1,2,T intersection,2,50,Local Road
T20230024064,2023/9/16,14:50:00,1,Collision with vehicle,6,Saturday,120,HEAD ON (NOT OVERTAKING),1,791700,2,0,0,1,3,4,1,5,Not at intersection,3,80,
T20230021676,2023/9/16,2:40:00,4,Collision with a fixed object,7,Saturday,173,RIGHT OFF CARRIAGEWAY INTO OBJECT/PARKED VEHICLE,5,795058,1,1,0,0,0,1,1,5,Not at intersection,1,60,Arterial Highway
T20230021674,2023/9/16,1:20:00,4,Collision with a fixed object,6,Saturday,173,RIGHT OFF CARRIAGEWAY INTO OBJECT/PARKED VEHICLE,5,773729,1,0,1,1,1,3,1,5,Not at intersection,2,110,Freeway
T20230021730,2023/9/16,16:25:00,1,Collision with vehicle,7,Saturday,135,LANE CHANGE LEFT (NOT OVERTAKING),1,781761,2,0,0,1,1,2,1,5,Not at intersection,3,60,Arterial Other
T20230021683,2023/9/16,6:44:00,3,Struck animal,6,Saturday,167,STRUCK ANIMAL,1,790765,1,0,0,2,0,2,1,5,Not at intersection,3,80,Arterial Other
T20230022058,2023/9/16,12:20:00,1,Collision with vehicle,6,Saturday,142,LEAVING PARKING,1,781354,2,0,0,1,1,2,2,5,Not at intersection,3,60,Local Road
T20230021687,2023/9/16,8:40:00,1,Collision with vehicle,7,Saturday,110,CROSS TRAFFIC(INTERSECTIONS ONLY),1,53502,3,0,0,3,3,6,1,1,Cross intersection,3,80,Arterial Other
T20230021688,2023/9/16,10:10:00,1,Collision with vehicle,7,Saturday,116,LEFT NEAR (INTERSECTIONS ONLY),1,782924,2,0,1,0,2,3,1,2,T intersection,2,80,Arterial Other
T20230021689,2023/9/16,9:55:00,1,Collision with vehicle,6,Saturday,113,RIGHT NEAR (INTERSECTIONS ONLY),1,358154,2,0,1,0,1,2,1,2,T intersection,2,80,Arterial Highway
T20230021694,2023/9/16,12:30:00,1,Collision with vehicle,7,Saturday,110,CROSS TRAFFIC(INTERSECTIONS ONLY),1,36382,2,0,0,1,1,2,2,1,Cross intersection,3,50,Local Road
T20230021696,2023/9/16,12:08:00,1,Collision with vehicle,7,Saturday,132,RIGHT REAR.,1,791822,2,0,1,1,1,3,1,5,Not at intersection,2,80,Local Road
T20230022055,2023/9/16,12:20:00,1,Collision with vehicle,6,Saturday,130,REAR END(VEHICLES IN SAME LANE),1,41089,2,0,0,1,1,2,2,1,Cross intersection,3,999,Arterial Other
T20230022044,2023/9/16,18:30:00,8,No collision and no object struck,6,Saturday,174,OUT OF CONTROL ON CARRIAGEWAY (ON STRAIGHT),2,781264,2,0,1,0,1,2,2,1,Cross intersection,2,40,Arterial Other
T20230021665,2023/9/16,0:30:00,1,Collision with vehicle,7,Saturday,160,VEHICLE COLLIDES WITH VEHICLE PARKED ON LEFT OF ROAD,3,791693,2,0,0,2,0,2,1,5,Not at intersection,3,40,Local Road
T20230021697,2023/9/16,10:15:00,1,Collision with vehicle,6,Saturday,113,RIGHT NEAR (INTERSECTIONS ONLY),1,29892,2,0,0,2,0,2,1,2,T intersection,3,60,Freeway
T20230021699,2023/9/16,14:15:00,1,Collision with vehicle,6,Saturday,130,REAR END(VEHICLES IN SAME LANE),1,784450,2,0,0,1,1,2,2,5,Not at intersection,3,40,Local Road
T20230021703,2023/9/16,13:35:00,5,collision with some other object,6,Saturday,191,LOAD OR MISSILE STRUCK VEHICLE,1,780979,1,0,0,1,0,1,2,5,Not at intersection,3,40,Arterial Other
T20230021704,2023/9/16,13:50:00,1,Collision with vehicle,7,Saturday,110,CROSS TRAFFIC(INTERSECTIONS ONLY),1,61967,2,0,1,0,1,2,1,1,Cross intersection,2,50,Local Road
T20230022010,2023/9/16,20:00:00,1,Collision with vehicle,6,Saturday,140,U TURN,3,781352,2,0,0,1,1,2,1,5,Not at intersection,3,60,Arterial Other
T20230021706,2023/9/16,12:04:00,1,Collision with vehicle,7,Saturday,130,REAR END(VEHICLES IN SAME LANE),1,791697,2,0,0,1,2,3,1,5,Not at intersection,3,50,Local Road
T20230021708,2023/9/16,10:54:00,1,Collision with vehicle,6,Saturday,130,REAR END(VEHICLES IN SAME LANE),1,782364,2,0,0,2,0,2,1,5,Not at intersection,3,100,Freeway
T20230021677,2023/9/16,4:10:00,4,Collision with a fixed object,7,Saturday,173,RIGHT OFF CARRIAGEWAY INTO OBJECT/PARKED VEHICLE,5,792914,1,0,1,0,0,1,1,5,Not at intersection,2,100,Arterial Other
T20230023787,2023/9/16,10:35:00,6,Vehicle overturned (no collision),6,Saturday,180,OFF CARRIAGEWAY ON RIGHT BEND,1,790600,1,0,0,1,0,1,2,5,Not at intersection,3,999,Arterial Other
T20230025467,2023/9/16,17:45:00,8,No collision and no object struck,7,Saturday,170,OFF CARRIAGEWAY TO LEFT,9,784942,2,0,0,1,1,2,2,2,T intersection,3,60,Local Road
T20230021678,2023/9/16,0:44:00,4,Collision with a fixed object,7,Saturday,173,RIGHT OFF CARRIAGEWAY INTO OBJECT/PARKED VEHICLE,5,794518,1,1,0,0,0,1,1,5,Not at intersection,1,100,Arterial Highway
T20230022450,2023/9/16,14:30:00,6,Vehicle overturned (no collision),6,Saturday,170,OFF CARRIAGEWAY TO LEFT,1,790599,1,0,0,1,0,1,2,5,Not at intersection,3,50,
T20230021710,2023/9/16,13:48:00,4,Collision with a fixed object,7,Saturday,173,RIGHT OFF CARRIAGEWAY INTO OBJECT/PARKED VEHICLE,1,275628,1,0,1,0,0,1,1,3,Y intersection,2,80,Arterial Other
T20230022233,2023/9/16,12:17:00,1,Collision with vehicle,7,Saturday,163,VEHICLE STRIKES DOOR OF PARKED/STATIONARY VEHICLE,1,781457,2,0,1,0,1,2,2,2,T intersection,2,40,Arterial Other
T20230021825,2023/9/16,10:25:00,1,Collision with vehicle,6,Saturday,110,CROSS TRAFFIC(INTERSECTIONS ONLY),1,701257,2,0,0,2,2,4,1,1,Cross intersection,3,100,Local Road
T20230024205,2023/9/16,14:00:00,1,Collision with vehicle,6,Saturday,124,RIGHT/RIGHT BOTH VEHs FROM OPPOSITE DIRECTIONS TURNING RIGHT,1,57839,2,0,0,1,1,2,2,1,Cross intersection,3,80,Arterial Other
T20230025981,2023/9/16,12:30:00,1,Collision with vehicle,6,Saturday,132,RIGHT REAR.,1,800120,2,0,1,0,1,2,2,5,Not at intersection,2,60,Arterial Other
T20230021711,2023/9/16,11:05:00,1,Collision with vehicle,6,Saturday,110,CROSS TRAFFIC(INTERSECTIONS ONLY),1,714,2,0,0,1,1,2,1,1,Cross intersection,3,60,Arterial Other
T20230021865,2023/9/16,6:44:00,1,Collision with vehicle,6,Saturday,133,LANE SIDE SWIPE (VEHICLES IN PARALLEL LANES),1,790595,3,0,0,2,1,3,1,5,Not at intersection,3,60,Arterial Highway
T20230021712,2023/9/16,16:05:00,1,Collision with vehicle,7,Saturday,116,LEFT NEAR (INTERSECTIONS ONLY),1,41659,2,0,1,0,4,5,1,1,Cross intersection,2,60,Arterial Other
T20230021716,2023/9/16,12:09:00,1,Collision with vehicle,6,Saturday,130,REAR END(VEHICLES IN SAME LANE),1,799128,3,0,0,1,2,3,1,5,Not at intersection,3,80,Local Road
T20230022960,2023/9/16,4:36:00,1,Collision with vehicle,6,Saturday,130,REAR END(VEHICLES IN SAME LANE),3,739894,2,0,0,1,1,2,1,1,Cross intersection,3,80,Local Road
T20230021717,2023/9/16,16:45:00,1,Collision with vehicle,6,Saturday,111,RIGHT FAR (INTERSECTIONS ONLY),1,781923,2,0,0,1,1,2,1,2,T intersection,3,60,Local Road
T20230021718,2023/9/16,16:45:00,1,Collision with vehicle,6,Saturday,133,LANE SIDE SWIPE (VEHICLES IN PARALLEL LANES),1,782183,2,0,0,1,1,2,2,5,Not at intersection,3,60,Arterial Other
T20230023927,2023/9/17,15:10:00,6,Vehicle overturned (no collision),0,Sunday,174,OUT OF CONTROL ON CARRIAGEWAY (ON STRAIGHT),1,7527,1,0,0,1,0,1,2,4,Multiple intersection,2,60,
T20230021839,2023/9/17,10:00:00,6,Vehicle overturned (no collision),0,Sunday,174,OUT OF CONTROL ON CARRIAGEWAY (ON STRAIGHT),1,790580,1,0,0,1,0,1,2,5,Not at intersection,3,40,Local Road
T20230022561,2023/9/17,16:24:00,2,Struck Pedestrian,0,Sunday,100,PED NEAR SIDE. PED HIT BY VEHICLE FROM THE RIGHT.,1,29596,1,0,0,1,1,2,2,1,Cross intersection,3,40,Arterial Other
T20230021786,2023/9/17,11:44:00,6,Vehicle overturned (no collision),1,Sunday,174,OUT OF CONTROL ON CARRIAGEWAY (ON STRAIGHT),1,781251,1,0,1,0,0,1,1,5,Not at intersection,2,999,Local Road
T20230021776,2023/9/17,10:00:00,1,Collision with vehicle,0,Sunday,110,CROSS TRAFFIC(INTERSECTIONS ONLY),1,60388,2,0,0,1,2,3,1,1,Cross intersection,3,60,Arterial Highway
T20230021781,2023/9/17,12:16:00,4,Collision with a fixed object,0,Sunday,171,LEFT OFF CARRIAGEWAY INTO OBJECT/PARKED VEHICLE,1,781056,1,0,0,1,0,1,1,5,Not at intersection,3,50,Local Road
T20230025700,2023/9/17,10:30:00,6,Vehicle overturned (no collision),0,Sunday,184,OUT OF CONTROL ON CARRIAGEWAY (ON BEND),1,790592,1,0,0,1,0,1,2,5,Not at intersection,3,888,
T20230021782,2023/9/17,13:36:00,4,Collision with a fixed object,0,Sunday,171,LEFT OFF CARRIAGEWAY INTO OBJECT/PARKED VEHICLE,1,781762,1,0,0,1,0,1,1,5,Not at intersection,3,80,Arterial Other
T20230021796,2023/9/17,14:30:00,8,No collision and no object struck,0,Sunday,180,OFF CARRIAGEWAY ON RIGHT BEND,1,781637,1,0,1,0,0,1,1,5,Not at intersection,2,100,Local Road
T20230021792,2023/9/17,13:00:00,1,Collision with vehicle,1,Sunday,130,REAR END(VEHICLES IN SAME LANE),1,797660,2,0,1,0,1,2,1,5,Not at intersection,2,70,Arterial Other
T20230022489,2023/9/17,12:10:00,1,Collision with vehicle,0,Sunday,112,LEFT FAR (INTERSECTIONS ONLY),1,29404,2,0,0,1,1,2,1,1,Cross intersection,3,80,Arterial Other
T20230021765,2023/9/17,0:06:00,8,No collision and no object struck,0,Sunday,180,OFF CARRIAGEWAY ON RIGHT BEND,5,797943,1,0,1,1,0,2,1,5,Not at intersection,2,50,Local Road
T20230024568,2023/9/17,8:00:00,6,Vehicle overturned (no collision),0,Sunday,184,OUT OF CONTROL ON CARRIAGEWAY (ON BEND),1,784173,1,0,0,1,0,1,2,3,Y intersection,3,100,Local Road
T20230021793,2023/9/17,13:56:00,1,Collision with vehicle,0,Sunday,110,CROSS TRAFFIC(INTERSECTIONS ONLY),9,790561,2,0,0,1,1,2,2,1,Cross intersection,3,999,Local Road
T20230023792,2023/9/17,11:30:00,5,collision with some other object,0,Sunday,166,STRUCK OBJECT ON CARRIAGEWAY,1,782935,1,0,0,1,1,2,1,5,Not at intersection,3,100,Freeway