ACCIDENT_NO,ACCIDENT_DATE,ACCIDENT_TIME,ACCIDENT_TYPE,ACCIDENT_TYPE_DESC,DAY_OF_WEEK,DAY_WEEK_DESC,DCA_CODE,DCA_DESC,LIGHT_CONDITION,NODE_ID,NO_OF_VEHICLES,NO_PERSONS_KILLED,NO_PERSONS_INJ_2,NO_PERSONS_INJ_3,NO_PERSONS_NOT_INJ,NO_PERSONS,POLICE_ATTEND,ROAD_GEOMETRY,ROAD_GEOMETRY_DESC,SEVERITY,SPEED_ZONE,RMA
T20230021784,2023/9/17,9:53:00,1,Collision with vehicle,1,Sunday,120,HEAD ON (NOT OVERTAKING),1,793434,2,1,0,1,1,3,1,5,Not at intersection,1,100,Arterial Other
T20230021802,2023/9/17,10:10:00,1,Collision with vehicle,1,Sunday,120,HEAD ON (NOT OVERTAKING),1,781158,2,1,3,2,0,6,1,5,Not at intersection,1,100,Local Road
T20230021806,2023/9/17,9:57:00,4,Collision with a fixed object,1,Sunday,181,OFF RIGHT BEND INTO OBJECT/PARKED VEHICLE,1,797605,1,0,1,0,0,1,1,5,Not at intersection,2,100,Arterial Highway
T20230021807,2023/9/17,18:32:00,1,Collision with vehicle,0,Sunday,133,LANE SIDE SWIPE (VEHICLES IN PARALLEL LANES),3,43620,2,0,0,2,1,3,2,1,Cross intersection,3,80,Arterial Highway
T20230021808,2023/9/17,17:40:00,1,Collision with vehicle,1,Sunday,133,LANE SIDE SWIPE (VEHICLES IN PARALLEL LANES),1,788521,2,0,1,0,2,3,1,5,Not at intersection,2,80,Arterial Other
T20230021811,2023/9/17,18:52:00,1,Collision with vehicle,1,Sunday,134,LANE CHANGE RIGHT (NOT OVERTAKING),3,781835,2,0,1,0,2,3,1,5,Not at intersection,2,100,Freeway
T20230021812,2023/9/17,18:43:00,1,Collision with vehicle,1,Sunday,130,REAR END(VEHICLES IN SAME LANE),3,339916,4,0,2,2,4,8,1,5,Not at intersection,2,100,Freeway
T20230021813,2023/9/17,19:34:00,1,Collision with vehicle,0,Sunday,110,CROSS TRAFFIC(INTERSECTIONS ONLY),3,44177,2,0,0,1,1,2,1,1,Cross intersection,3,50,Local Road
T20230021818,2023/9/17,22:30:00,6,Vehicle overturned (no collision),0,Sunday,174,OUT OF CONTROL ON CARRIAGEWAY (ON STRAIGHT),5,790571,1,0,0,2,0,2,1,5,Not at intersection,3,80,Local Road
T20230021800,2023/9/17,15:30:00,6,Vehicle overturned (no collision),1,Sunday,180,OFF CARRIAGEWAY ON RIGHT BEND,1,791880,1,0,0,1,0,1,1,5,Not at intersection,3,80,Local Road
T20230021801,2023/9/17,17:29:00,1,Collision with vehicle,0,Sunday,110,CROSS TRAFFIC(INTERSECTIONS ONLY),2,51953,2,0,0,1,3,4,1,1,Cross intersection,3,60,Arterial Highway
T20230021866,2023/9/17,18:30:00,6,Vehicle overturned (no collision),0,Sunday,174,OUT OF CONTROL ON CARRIAGEWAY (ON STRAIGHT),1,781060,2,0,0,1,1,2,2,5,Not at intersection,3,50,Local Road
T20230021933,2023/9/17,11:30:00,6,Vehicle overturned (no collision),0,Sunday,174,OUT OF CONTROL ON CARRIAGEWAY (ON STRAIGHT),1,781155,1,0,0,1,0,1,2,5,Not at intersection,3,999,Arterial Other
T20230021917,2023/9/18,11:11:00,1,Collision with vehicle,2,Monday,160,VEHICLE COLLIDES WITH VEHICLE PARKED ON LEFT OF ROAD,1,800164,2,0,1,0,0,1,1,5,Not at intersection,2,60,Local Road
T20230021966,2023/9/18,15:53:00,1,Collision with vehicle,2,Monday,130,REAR END(VEHICLES IN SAME LANE),1,338534,2,0,1,1,1,3,2,5,Not at intersection,2,60,Arterial Highway
T20230021902,2023/9/18,20:10:00,1,Collision with vehicle,1,Monday,120,HEAD ON (NOT OVERTAKING),3,57595,2,0,0,1,3,4,1,2,T intersection,3,70,Arterial Other
T20230021903,2023/9/18,17:08:00,1,Collision with vehicle,1,Monday,160,VEHICLE COLLIDES WITH VEHICLE PARKED ON LEFT OF ROAD,1,791530,3,0,0,1,0,1,1,5,Not at intersection,3,60,Arterial Other
T20230022099,2023/9/18,9:20:00,1,Collision with vehicle,1,Monday,130,REAR END(VEHICLES IN SAME LANE),1,775745,2,0,0,1,1,2,2,5,Not at intersection,3,60,Local Road
T20230021851,2023/9/18,12:40:00,1,Collision with vehicle,2,Monday,130,REAR END(VEHICLES IN SAME LANE),1,51553,2,0,0,1,3,4,1,2,T intersection,3,80,Arterial Highway
T20230021853,2023/9/18,13:14:00,1,Collision with vehicle,2,Monday,140,U TURN,1,791879,2,0,0,1,1,2,1,5,Not at intersection,3,999,Arterial Highway
T20230022539,2023/9/18,7:00:00,5,collision with some other object,1,Monday,166,STRUCK OBJECT ON CARRIAGEWAY,1,782418,1,0,0,1,0,1,2,5,Not at intersection,3,999,Local Road
T20230022089,2023/9/18,13:50:00,1,Collision with vehicle,2,Monday,130,REAR END(VEHICLES IN SAME LANE),1,45558,2,0,1,0,1,2,2,2,T intersection,2,60,Local Road
T20230022217,2023/9/18,16:00:00,1,Collision with vehicle,1,Monday,135,LANE CHANGE LEFT (NOT OVERTAKING),1,781456,4,0,0,2,4,6,2,5,Not at intersection,3,60,Arterial Highway
T20230023262,2023/9/18,18:30:00,6,Vehicle overturned (no collision),1,Monday,174,OUT OF CONTROL ON CARRIAGEWAY (ON STRAIGHT),9,782369,2,0,0,1,0,1,2,5,Not at intersection,3,999,Local Road
T20230021840,2023/9/18,9:59:00,1,Collision with vehicle,2,Monday,122,LEFT THROUGH,1,37273,2,0,2,0,1,3,1,1,Cross intersection,2,80,Arterial Other
T20230021844,2023/9/18,11:05:00,1,Collision with vehicle,1,Monday,130,REAR END(VEHICLES IN SAME LANE),1,800632,3,0,1,0,3,4,1,2,T intersection,2,100,Freeway
T20230021849,2023/9/18,12:03:00,2,Struck Pedestrian,1,Monday,103,PED PLAYING/LYING/WORKING/STANDING ON CARRIAGEWAY.,1,781058,1,0,0,1,1,2,1,5,Not at intersection,3,50,Local Road
T20230023137,2023/9/18,10:00:00,1,Collision with vehicle,1,Monday,121,RIGHT THROUGH,1,36893,2,0,1,0,1,2,1,1,Cross intersection,2,50,Local Road
T20230024099,2023/9/18,14:50:00,1,Collision with vehicle,1,Monday,110,CROSS TRAFFIC(INTERSECTIONS ONLY),1,50267,2,0,0,1,1,2,1,1,Cross intersection,3,60,Arterial Highway
T20230023995,2023/9/18,16:04:00,1,Collision with vehicle,2,Monday,130,REAR END(VEHICLES IN SAME LANE),1,790555,2,0,0,1,2,3,1,5,Not at intersection,3,100,
T20230021915,2023/9/18,22:15:00,1,Collision with vehicle,2,Monday,121,RIGHT THROUGH,3,29795,2,0,1,0,6,7,1,1,Cross intersection,2,70,Non Arterial
T20230022003,2023/9/18,22:00:00,6,Vehicle overturned (no collision),1,Monday,180,OFF CARRIAGEWAY ON RIGHT BEND,5,785769,1,0,0,1,0,1,1,5,Not at intersection,3,80,Arterial Other
T20230021894,2023/9/18,18:00:00,4,Collision with a fixed object,1,Monday,173,RIGHT OFF CARRIAGEWAY INTO OBJECT/PARKED VEHICLE,2,785078,1,0,1,0,0,1,1,5,Not at intersection,2,60,Arterial Other
T20230021895,2023/9/18,19:10:00,1,Collision with vehicle,2,Monday,130,REAR END(VEHICLES IN SAME LANE),3,781452,2,0,1,0,1,2,1,5,Not at intersection,2,60,Arterial Other
T20230021820,2023/9/18,0:33:00,4,Collision with a fixed object,1,Monday,183,OFF LEFT BEND INTO OBJECT/PARKED VEHICLE,3,791872,1,0,1,0,0,1,1,5,Not at intersection,2,50,
T20230021821,2023/9/18,3:30:00,4,Collision with a fixed object,1,Monday,173,RIGHT OFF CARRIAGEWAY INTO OBJECT/PARKED VEHICLE,3,781253,1,0,0,2,0,2,1,5,Not at intersection,3,60,Local Road
T20230021822,2023/9/18,2:21:00,4,Collision with a fixed object,2,Monday,171,LEFT OFF CARRIAGEWAY INTO OBJECT/PARKED VEHICLE,3,791876,1,0,1,1,0,2,1,2,T intersection,2,80,Arterial Highway
T20230021905,2023/9/18,20:40:00,1,Collision with vehicle,1,Monday,110,CROSS TRAFFIC(INTERSECTIONS ONLY),3,49899,2,0,0,1,1,2,1,1,Cross intersection,3,40,Local Road
T20230021912,2023/9/18,15:34:00,1,Collision with vehicle,2,Monday,121,RIGHT THROUGH,1,38868,2,0,1,0,1,2,1,1,Cross intersection,2,60,Arterial Other
T20230021900,2023/9/18,15:20:00,1,Collision with vehicle,2,Monday,110,CROSS TRAFFIC(INTERSECTIONS ONLY),1,40239,3,0,1,0,2,3,1,1,Cross intersection,2,60,Local Road
T20230021883,2023/9/18,16:15:00,1,Collision with vehicle,1,Monday,113,RIGHT NEAR (INTERSECTIONS ONLY),1,234746,2,0,0,1,1,2,1,1,Cross intersection,3,70,Arterial Other
T20230021885,2023/9/18,15:16:00,4,Collision with a fixed object,1,Monday,164,PERMANENT OBSTRUCTION ON CARRIAGEWAY,1,786998,1,0,0,1,0,1,1,5,Not at intersection,3,100,Freeway
T20230023630,2023/9/18,17:50:00,1,Collision with vehicle,1,Monday,135,LANE CHANGE LEFT (NOT OVERTAKING),3,790393,3,0,0,1,2,3,1,5,Not at intersection,3,80,Freeway
T20230021862,2023/9/18,13:18:00,4,Collision with a fixed object,1,Monday,171,LEFT OFF CARRIAGEWAY INTO OBJECT/PARKED VEHICLE,1,791875,1,0,1,0,0,1,1,1,Cross intersection,2,50,Local Road
T20230021923,2023/9/18,8:46:00,1,Collision with vehicle,1,Monday,110,CROSS TRAFFIC(INTERSECTIONS ONLY),1,44081,2,0,0,1,1,2,1,1,Cross intersection,3,50,Arterial Highway
T20230022123,2023/9/18,21:00:00,1,Collision with vehicle,1,Monday,148,VEHICLE OFF FOOTPATH STRIKES VEH ON CARRIAGEWAY,5,783654,2,0,0,1,2,3,1,5,Not at intersection,3,80,Local Road
T20230021887,2023/9/18,14:34:00,1,Collision with vehicle,2,Monday,135,LANE CHANGE LEFT (NOT OVERTAKING),1,781151,2,0,0,3,2,5,1,5,Not at intersection,3,60,Arterial Other
T20230022764,2023/9/18,13:00:00,7,Fall from or in moving vehicle,1,Monday,179,OTHER ACCIDENTS-OFF STRAIGHT NOT INCLUDED IN DCAs 170-175,1,791692,1,0,0,1,0,1,2,5,Not at intersection,3,50,Local Road
T20230021871,2023/9/18,14:17:00,1,Collision with vehicle,1,Monday,130,REAR END(VEHICLES IN SAME LANE),1,782950,2,0,0,2,0,2,1,5,Not at intersection,3,100,Freeway
T20230021904,2023/9/18,20:44:00,1,Collision with vehicle,2,Monday,121,RIGHT THROUGH,3,355313,2,0,0,1,1,2,1,1,Cross intersection,3,80,Arterial Highway
T20230021879,2023/9/18,14:00:00,1,Collision with vehicle,2,Monday,130,REAR END(VEHICLES IN SAME LANE),1,45432,2,0,0,3,1,4,1,1,Cross intersection,3,60,Arterial Other
T20230021889,2023/9/18,15:14:00,4,Collision with a fixed object,2,Monday,171,LEFT OFF CARRIAGEWAY INTO OBJECT/PARKED VEHICLE,1,796215,1,0,1,0,0,1,1,5,Not at intersection,2,100,Local Road
T20230021835,2023/9/18,7:30:00,1,Collision with vehicle,1,Monday,120,HEAD ON (NOT OVERTAKING),1,791877,3,0,1,0,2,3,1,5,Not at intersection,2,60,Arterial Other
T20230021901,2023/9/18,19:00:00,1,Collision with vehicle,2,Monday,137,LEFT TURN SIDESWIPE,2,38051,2,0,0,1,2,3,2,1,Cross intersection,3,60,Arterial Other
T20230021837,2023/9/18,7:42:00,1,Collision with vehicle,1,Monday,110,CROSS TRAFFIC(INTERSECTIONS ONLY),1,278563,2,0,0,1,3,4,1,1,Cross intersection,3,50,Local Road
T20230023048,2023/9/18,18:57:00,1,Collision with vehicle,1,Monday,130,REAR END(VEHICLES IN SAME LANE),2,790547,2,0,0,1,1,2,2,5,Not at intersection,3,60,Local Road
T20230021997,2023/9/19,20:32:00,1,Collision with vehicle,2,Tuesday,113,RIGHT NEAR (INTERSECTIONS ONLY),3,35339,2,0,0,1,2,3,1,2,T intersection,3,70,Arterial Other
T20230022122,2023/9/19,20:05:00,1,Collision with vehicle,2,Tuesday,111,RIGHT FAR (INTERSECTIONS ONLY),3,37490,2,0,0,1,1,2,2,1,Cross intersection,3,60,Arterial Other
T20230021963,2023/9/19,14:45:00,4,Collision with a fixed object,2,Tuesday,183,OFF LEFT BEND INTO OBJECT/PARKED VEHICLE,1,791863,1,0,1,0,0,1,1,5,Not at intersection,2,50,Local Road
T20230022630,2023/9/19,13:45:00,1,Collision with vehicle,2,Tuesday,131,LEFT REAR,1,781877,3,0,0,1,3,4,2,2,T intersection,3,70,Arterial Other
T20230022019,2023/9/19,8:00:00,1,Collision with vehicle,2,Tuesday,116,LEFT NEAR (INTERSECTIONS ONLY),1,790389,2,0,0,1,1,2,2,2,T intersection,3,999,Local Road
T20230022000,2023/9/19,21:50:00,1,Collision with vehicle,3,Tuesday,160,VEHICLE COLLIDES WITH VEHICLE PARKED ON LEFT OF ROAD,5,781260,2,0,1,0,0,1,1,5,Not at intersection,2,60,Local Road
T20230021999,2023/9/19,21:15:00,1,Collision with vehicle,2,Tuesday,110,CROSS TRAFFIC(INTERSECTIONS ONLY),9,67970,2,0,0,1,2,3,2,1,Cross intersection,3,60,Local Road
T20230021996,2023/9/19,21:30:00,1,Collision with vehicle,3,Tuesday,131,LEFT REAR,3,41565,2,0,1,0,1,2,1,2,T intersection,2,60,Arterial Highway
T20230021992,2023/9/19,17:00:00,1,Collision with vehicle,3,Tuesday,111,RIGHT FAR (INTERSECTIONS ONLY),1,58571,2,0,0,1,1,2,1,2,T intersection,3,60,Local Road
T20230021990,2023/9/19,14:16:00,6,Vehicle overturned (no collision),3,Tuesday,172,OFF CARRIAGEWAY TO RIGHT,1,781351,1,0,1,0,0,1,1,5,Not at intersection,2,80,Local Road
T20230021989,2023/9/19,15:04:00,1,Collision with vehicle,2,Tuesday,130,REAR END(VEHICLES IN SAME LANE),1,781259,3,0,0,1,2,3,1,2,T intersection,3,60,Local Road
T20230021988,2023/9/19,19:35:00,1,Collision with vehicle,3,Tuesday,110,CROSS TRAFFIC(INTERSECTIONS ONLY),5,50407,2,0,0,2,3,5,1,1,Cross intersection,3,80,Local Road
T20230021979,2023/9/19,17:06:00,1,Collision with vehicle,2,Tuesday,130,REAR END(VEHICLES IN SAME LANE),3,101670,2,0,0,1,2,3,1,5,Not at intersection,3,60,Local Road
T20230021977,2023/9/19,14:00:00,1,Collision with vehicle,2,Tuesday,130,REAR END(VEHICLES IN SAME LANE),1,790388,2,0,0,1,1,2,2,1,Cross intersection,3,60,Arterial Other
T20230021971,2023/9/19,13:50:00,4,Collision with a fixed object,2,Tuesday,183,OFF LEFT BEND INTO OBJECT/PARKED VEHICLE,1,781427,1,0,1,0,0,1,1,5,Not at intersection,2,80,Arterial Other
T20230021969,2023/9/19,15:02:00,1,Collision with vehicle,2,Tuesday,121,RIGHT THROUGH,1,337915,2,0,1,0,1,2,1,2,T intersection,2,80,Arterial Other
T20230021967,2023/9/19,12:00:00,2,Struck Pedestrian,3,Tuesday,100,PED NEAR SIDE. PED HIT BY VEHICLE FROM THE RIGHT.,1,653283,1,0,1,0,1,2,1,1,Cross intersection,2,80,Arterial Other
T20230021962,2023/9/19,15:20:00,6,Vehicle overturned (no collision),3,Tuesday,174,OUT OF CONTROL ON CARRIAGEWAY (ON STRAIGHT),1,781256,1,0,1,0,0,1,1,5,Not at intersection,2,40,Arterial Other
T20230021960,2023/9/19,13:30:00,1,Collision with vehicle,3,Tuesday,113,RIGHT NEAR (INTERSECTIONS ONLY),1,795,3,0,1,0,5,6,1,1,Cross intersection,2,80,Arterial Highway
T20230021957,2023/9/19,14:10:00,1,Collision with vehicle,3,Tuesday,121,RIGHT THROUGH,1,791865,2,0,1,0,1,2,1,5,Not at intersection,2,100,Arterial Highway
T20230021956,2023/9/19,10:41:00,1,Collision with vehicle,3,Tuesday,113,RIGHT NEAR (INTERSECTIONS ONLY),1,72560,2,0,0,1,1,2,1,2,T intersection,3,60,Arterial Other
T20230021955,2023/9/19,7:40:00,1,Collision with vehicle,2,Tuesday,110,CROSS TRAFFIC(INTERSECTIONS ONLY),1,36172,2,0,0,1,1,2,1,1,Cross intersection,3,60,Arterial Other
T20230021952,2023/9/19,12:49:00,4,Collision with a fixed object,2,Tuesday,171,LEFT OFF CARRIAGEWAY INTO OBJECT/PARKED VEHICLE,1,277699,1,0,1,0,0,1,1,2,T intersection,2,80,Arterial Other
T20230021951,2023/9/19,13:20:00,1,Collision with vehicle,2,Tuesday,130,REAR END(VEHICLES IN SAME LANE),1,800087,2,0,0,2,1,3,1,5,Not at intersection,3,80,Freeway
T20230021948,2023/9/19,12:00:00,1,Collision with vehicle,2,Tuesday,110,CROSS TRAFFIC(INTERSECTIONS ONLY),1,22742,2,0,1,1,0,2,1,1,Cross intersection,2,60,Local Road
T20230021940,2023/9/19,10:48:00,6,Vehicle overturned (no collision),2,Tuesday,184,OUT OF CONTROL ON CARRIAGEWAY (ON BEND),1,40282,1,0,0,1,0,1,1,1,Cross intersection,3,60,Arterial Other
T20230021938,2023/9/19,11:00:00,1,Collision with vehicle,2,Tuesday,113,RIGHT NEAR (INTERSECTIONS ONLY),1,344630,2,0,0,1,1,2,1,2,T intersection,3,50,Local Road
T20230021931,2023/9/19,8:30:00,1,Collision with vehicle,3,Tuesday,121,RIGHT THROUGH,1,56017,2,0,1,0,1,2,1,1,Cross intersection,2,60,Arterial Other
T20230022321,2023/9/19,16:45:00,1,Collision with vehicle,2,Tuesday,130,REAR END(VEHICLES IN SAME LANE),1,800089,2,0,0,1,1,2,2,5,Not at intersection,3,60,Local Road
T20230021925,2023/9/19,5:33:00,2,Struck Pedestrian,3,Tuesday,102,FAR SIDE. PED HIT BY VEHICLE FROM THE LEFT,3,781254,1,0,1,1,0,2,1,5,Not at intersection,2,60,Arterial Highway
T20230021924,2023/9/19,6:37:00,4,Collision with a fixed object,2,Tuesday,181,OFF RIGHT BEND INTO OBJECT/PARKED VEHICLE,1,791861,1,0,1,0,0,1,1,5,Not at intersection,2,60,Local Road
T20230021930,2023/9/19,7:55:00,1,Collision with vehicle,2,Tuesday,120,HEAD ON (NOT OVERTAKING),1,796176,2,0,0,1,1,2,1,5,Not at intersection,3,60,
T20230022251,2023/9/19,9:50:00,1,Collision with vehicle,2,Tuesday,130,REAR END(VEHICLES IN SAME LANE),1,800990,2,0,1,0,2,3,1,5,Not at intersection,2,50,Local Road
T20230022192,2023/9/19,12:40:00,1,Collision with vehicle,2,Tuesday,130,REAR END(VEHICLES IN SAME LANE),1,791859,2,0,1,3,0,4,1,5,Not at intersection,2,80,Arterial Other
T20230026694,2023/9/19,12:08:00,1,Collision with vehicle,2,Tuesday,113,RIGHT NEAR (INTERSECTIONS ONLY),1,15342,2,0,0,2,1,3,1,2,T intersection,3,80,Arterial Other
T20230026639,2023/9/19,15:30:00,1,Collision with vehicle,2,Tuesday,130,REAR END(VEHICLES IN SAME LANE),1,793955,2,0,0,1,1,2,2,5,Not at intersection,3,999,Arterial Other
T20230023123,2023/9/19,14:00:00,1,Collision with vehicle,3,Tuesday,140,U TURN,1,783311,2,0,0,2,1,3,1,5,Not at intersection,3,60,Arterial Highway
T20230022034,2023/9/20,6:41:00,1,Collision with vehicle,4,Wednesday,135,LANE CHANGE LEFT (NOT OVERTAKING),1,791246,2,0,1,0,1,2,1,5,Not at intersection,2,50,Local Road
T20230022698,2023/9/20,19:15:00,1,Collision with vehicle,3,Wednesday,130,REAR END(VEHICLES IN SAME LANE),2,94761,2,0,0,1,1,2,1,1,Cross intersection,3,50,Arterial Other
T20230022079,2023/9/20,23:30:00,4,Collision with a fixed object,4,Wednesday,171,LEFT OFF CARRIAGEWAY INTO OBJECT/PARKED VEHICLE,5,794604,1,1,0,0,0,1,1,5,Not at intersection,1,100,Arterial Highway
T20230023654,2023/9/20,15:20:00,1,Collision with vehicle,3,Wednesday,113,RIGHT NEAR (INTERSECTIONS ONLY),1,790321,2,0,0,1,1,2,1,2,T intersection,3,999,Arterial Other
T20230022002,2023/9/20,0:15:00,1,Collision with vehicle,4,Wednesday,163,VEHICLE STRIKES DOOR OF PARKED/STATIONARY VEHICLE,3,790320,2,0,0,1,1,2,1,5,Not at intersection,3,40,Local Road
T20230022018,2023/9/20,9:40:00,4,Collision with a fixed object,4,Wednesday,173,RIGHT OFF CARRIAGEWAY INTO OBJECT/PARKED VEHICLE,1,790335,1,0,1,0,0,1,1,5,Not at intersection,2,80,Arterial Other
T20230022075,2023/9/20,1:30:00,2,Struck Pedestrian,4,Wednesday,103,PED PLAYING/LYING/WORKING/STANDING ON CARRIAGEWAY.,5,792988,1,0,1,0,2,3,1,5,Not at intersection,2,50,Local Road
T20230022070,2023/9/20,15:15:00,1,Collision with vehicle,4,Wednesday,110,CROSS TRAFFIC(INTERSECTIONS ONLY),1,790368,2,0,0,2,0,2,1,1,Cross intersection,3,100,
T20230023594,2023/9/20,8:45:00,1,Collision with vehicle,3,Wednesday,131,LEFT REAR,1,782736,2,0,0,1,1,2,2,2,T intersection,3,60,Local Road
T20230022068,2023/9/20,15:30:00,1,Collision with vehicle,3,Wednesday,150,HEAD ON(OVERTAKING),1,800545,2,0,0,3,3,6,1,5,Not at intersection,3,60,
T20230022067,2023/9/20,20:39:00,1,Collision with vehicle,3,Wednesday,121,RIGHT THROUGH,3,37342,2,0,0,2,1,3,1,2,T intersection,3,50,Local Road
T20230022066,2023/9/20,19:54:00,6,Vehicle overturned (no collision),3,Wednesday,170,OFF CARRIAGEWAY TO LEFT,5,790356,1,0,0,2,0,2,1,5,Not at intersection,3,100,
T20230022046,2023/9/20,15:50:00,2,Struck Pedestrian,3,Wednesday,100,PED NEAR SIDE. PED HIT BY VEHICLE FROM THE RIGHT.,1,291434,1,0,1,0,2,3,1,1,Cross intersection,2,60,Arterial Other
T20230026772,2023/9/20,6:10:00,1,Collision with vehicle,3,Wednesday,130,REAR END(VEHICLES IN SAME LANE),2,788966,2,0,0,1,1,2,2,5,Not at intersection,3,80,Arterial Highway
T20230022007,2023/9/20,6:43:00,1,Collision with vehicle,3,Wednesday,130,REAR END(VEHICLES IN SAME LANE),2,212441,2,0,0,1,1,2,1,5,Not at intersection,3,40,Arterial Other
T20230022048,2023/9/20,7:30:00,1,Collision with vehicle,3,Wednesday,130,REAR END(VEHICLES IN SAME LANE),1,781893,2,0,0,1,1,2,2,5,Not at intersection,3,60,Arterial Other
T20230025033,2023/9/20,12:15:00,1,Collision with vehicle,3,Wednesday,130,REAR END(VEHICLES IN SAME LANE),1,790353,2,0,0,1,1,2,9,1,Cross intersection,3,999,
T20230022061,2023/9/20,12:37:00,2,Struck Pedestrian,4,Wednesday,109,ANY MANOEUVRE INVOLVING PED NOT INCLUDED IN DCAs 100-108.,1,785770,1,0,1,0,1,2,1,5,Not at intersection,2,60,Local Road
T20230022281,2023/9/20,15:00:00,1,Collision with vehicle,3,Wednesday,132,RIGHT REAR.,9,781541,2,0,0,1,1,2,2,2,T intersection,3,999,Local Road
T20230022056,2023/9/20,15:22:00,1,Collision with vehicle,3,Wednesday,147,VEHICLE STRIKES ANOTHER VEH WHILE EMERGING FROM DRIVEWAY,1,69376,2,0,0,1,1,2,1,2,T intersection,3,50,Local Road
T20230022054,2023/9/20,15:05:00,1,Collision with vehicle,4,Wednesday,130,REAR END(VEHICLES IN SAME LANE),1,784669,2,0,2,0,1,3,1,5,Not at intersection,2,60,Arterial Other
T20230022050,2023/9/20,15:00:00,4,Collision with a fixed object,3,Wednesday,173,RIGHT OFF CARRIAGEWAY INTO OBJECT/PARKED VEHICLE,1,57571,1,0,0,1,0,1,1,1,Cross intersection,3,60,Arterial Highway
T20230028994,2023/9/20,19:30:00,1,Collision with vehicle,4,Wednesday,121,RIGHT THROUGH,9,46728,2,0,1,0,1,2,2,1,Cross intersection,2,999,Arterial Other
T20230022013,2023/9/20,7:10:00,1,Collision with vehicle,4,Wednesday,120,HEAD ON (NOT OVERTAKING),1,790337,2,0,1,1,0,2,1,5,Not at intersection,2,60,Local Road
T20230022015,2023/9/20,8:47:00,1,Collision with vehicle,3,Wednesday,110,CROSS TRAFFIC(INTERSECTIONS ONLY),1,51959,2,0,0,1,1,2,1,1,Cross intersection,3,60,Arterial Highway
T20230022020,2023/9/20,4:30:00,9,Other accident,3,Wednesday,179,OTHER ACCIDENTS-OFF STRAIGHT NOT INCLUDED IN DCAs 170-175,6,791249,1,0,1,0,0,1,2,5,Not at intersection,2,999,Local Road
T20230022045,2023/9/20,12:30:00,1,Collision with vehicle,3,Wednesday,130,REAR END(VEHICLES IN SAME LANE),1,785239,2,0,1,1,0,2,1,5,Not at intersection,2,100,Arterial Highway
T20230022035,2023/9/20,10:30:00,1,Collision with vehicle,3,Wednesday,130,REAR END(VEHICLES IN SAME LANE),1,781353,2,0,0,1,1,2,1,5,Not at intersection,3,70,Arterial Other
T20230030211,2023/9/20,6:20:00,1,Collision with vehicle,3,Wednesday,150,HEAD ON(OVERTAKING),2,795607,2,0,0,1,1,2,1,5,Not at intersection,3,80,
T20230022032,2023/9/20,12:00:00,1,Collision with vehicle,4,Wednesday,130,REAR END(VEHICLES IN SAME LANE),1,790354,2,0,0,1,3,4,1,5,Not at intersection,3,60,Arterial Other
T20230022031,2023/9/20,10:30:00,1,Collision with vehicle,4,Wednesday,121,RIGHT THROUGH,1,36311,2,0,0,1,2,3,1,2,T intersection,3,999,Local Road
T20230022227,2023/9/20,8:14:00,1,Collision with vehicle,3,Wednesday,130,REAR END(VEHICLES IN SAME LANE),1,781439,2,0,0,1,1,2,2,5,Not at intersection,3,80,Freeway
T20230022047,2023/9/20,7:48:00,1,Collision with vehicle,4,Wednesday,116,LEFT NEAR (INTERSECTIONS ONLY),1,232837,2,0,0,1,1,2,2,2,T intersection,3,60,Local Road
T20230022088,2023/9/20,7:28:00,2,Struck Pedestrian,3,Wednesday,106,VEH STRIKES PED ON FOOTPATH/MEDIAN/TRAFFIC ISLAND.,1,790344,1,0,0,1,1,2,1,1,Cross intersection,3,60,Arterial Other
T20230026057,2023/9/20,6:10:00,3,Struck animal,3,Wednesday,167,STRUCK ANIMAL,2,800546,1,0,0,1,0,1,2,2,T intersection,3,100,Local Road
T20230022359,2023/9/20,15:00:00,1,Collision with vehicle,4,Wednesday,121,RIGHT THROUGH,1,313172,2,0,0,1,1,2,1,1,Cross intersection,3,50,Local Road
T20230026217,2023/9/20,8:40:00,4,Collision with a fixed object,3,Wednesday,183,OFF LEFT BEND INTO OBJECT/PARKED VEHICLE,1,780686,1,0,0,1,0,1,1,5,Not at intersection,3,70,Local Road
T20230022623,2023/9/20,23:00:00,5,collision with some other object,4,Wednesday,166,STRUCK OBJECT ON CARRIAGEWAY,3,781851,1,0,1,0,0,1,1,5,Not at intersection,2,100,Freeway
T20230022163,2023/9/20,22:17:00,4,Collision with a fixed object,3,Wednesday,171,LEFT OFF CARRIAGEWAY INTO OBJECT/PARKED VEHICLE,5,790351,1,0,0,1,0,1,1,5,Not at intersection,3,100,
T20230022147,2023/9/21,14:37:00,1,Collision with vehicle,4,Thursday,120,HEAD ON (NOT OVERTAKING),1,782056,2,0,0,1,3,4,1,5,Not at intersection,3,100,Local Road
T20230022146,2023/9/21,14:10:00,6,Vehicle overturned (no collision),5,Thursday,180,OFF CARRIAGEWAY ON RIGHT BEND,1,799087,1,0,1,0,0,1,1,5,Not at intersection,2,100,