ACCIDENT_NO,ACCIDENT_DATE,ACCIDENT_TIME,ACCIDENT_TYPE,ACCIDENT_TYPE_DESC,DAY_OF_WEEK,DAY_WEEK_DESC,DCA_CODE,DCA_DESC,LIGHT_CONDITION,NODE_ID,NO_OF_VEHICLES,NO_PERSONS_KILLED,NO_PERSONS_INJ_2,NO_PERSONS_INJ_3,NO_PERSONS_NOT_INJ,NO_PERSONS,POLICE_ATTEND,ROAD_GEOMETRY,ROAD_GEOMETRY_DESC,SEVERITY,SPEED_ZONE,RMA
T20230022140,2023/9/21,9:59:00,1,Collision with vehicle,4,Thursday,140,U TURN,1,781837,2,0,1,0,1,2,1,2,T intersection,2,80,Arterial Highway
T20230022138,2023/9/21,11:18:00,1,Collision with vehicle,5,Thursday,130,REAR END(VEHICLES IN SAME LANE),1,800015,4,0,0,1,4,5,1,5,Not at intersection,3,80,Arterial Other
T20230022137,2023/9/21,14:30:00,1,Collision with vehicle,4,Thursday,121,RIGHT THROUGH,1,29783,2,0,0,1,1,2,2,2,T intersection,3,60,Arterial Other
T20230022133,2023/9/21,14:46:00,1,Collision with vehicle,5,Thursday,147,VEHICLE STRIKES ANOTHER VEH WHILE EMERGING FROM DRIVEWAY,1,790301,2,0,0,2,1,3,1,5,Not at intersection,3,50,Local Road
T20230022132,2023/9/21,15:00:00,1,Collision with vehicle,4,Thursday,149,OTHER MANOEUVRING NOT INCLUDED IN DCAs 140-148,1,781454,2,0,0,1,1,2,1,5,Not at intersection,3,40,Local Road
T20230022125,2023/9/21,9:30:00,1,Collision with vehicle,4,Thursday,111,RIGHT FAR (INTERSECTIONS ONLY),1,277699,3,0,0,1,2,3,1,1,Cross intersection,3,80,Arterial Other
T20230022456,2023/9/21,18:30:00,1,Collision with vehicle,5,Thursday,163,VEHICLE STRIKES DOOR OF PARKED/STATIONARY VEHICLE,9,790280,2,0,1,0,1,2,2,5,Not at intersection,2,999,Arterial Other
T20230022084,2023/9/21,6:55:00,1,Collision with vehicle,5,Thursday,135,LANE CHANGE LEFT (NOT OVERTAKING),1,781430,3,0,1,0,2,3,1,5,Not at intersection,2,80,Arterial Highway
T20230022158,2023/9/21,8:15:00,1,Collision with vehicle,4,Thursday,130,REAR END(VEHICLES IN SAME LANE),9,39774,2,0,0,1,1,2,2,1,Cross intersection,3,70,Arterial Other
T20230022576,2023/9/21,7:40:00,1,Collision with vehicle,4,Thursday,116,LEFT NEAR (INTERSECTIONS ONLY),1,44079,2,0,0,1,1,2,2,2,T intersection,3,50,Local Road
T20230022117,2023/9/21,11:58:00,4,Collision with a fixed object,4,Thursday,171,LEFT OFF CARRIAGEWAY INTO OBJECT/PARKED VEHICLE,1,790283,1,0,0,1,1,2,1,5,Not at intersection,3,80,Arterial Other
T20230022901,2023/9/21,14:30:00,1,Collision with vehicle,4,Thursday,111,RIGHT FAR (INTERSECTIONS ONLY),1,326209,2,0,0,1,1,2,2,1,Cross intersection,3,60,Arterial Other
T20230024259,2023/9/21,9:30:00,1,Collision with vehicle,4,Thursday,131,LEFT REAR,1,29387,2,0,0,1,2,3,1,1,Cross intersection,3,60,Arterial Other
T20230022119,2023/9/21,10:30:00,4,Collision with a fixed object,4,Thursday,183,OFF LEFT BEND INTO OBJECT/PARKED VEHICLE,1,791028,1,0,1,0,0,1,1,5,Not at intersection,2,80,
T20230022155,2023/9/21,16:27:00,1,Collision with vehicle,5,Thursday,130,REAR END(VEHICLES IN SAME LANE),9,781359,2,0,0,1,1,2,2,5,Not at intersection,3,999,Arterial Other
T20230022502,2023/9/21,6:40:00,1,Collision with vehicle,5,Thursday,130,REAR END(VEHICLES IN SAME LANE),2,790303,2,0,0,1,1,2,2,5,Not at intersection,3,80,Arterial Highway
T20230022172,2023/9/21,19:48:00,1,Collision with vehicle,4,Thursday,130,REAR END(VEHICLES IN SAME LANE),3,781434,2,0,0,1,1,2,1,2,T intersection,3,999,Freeway
T20230022120,2023/9/21,9:02:00,1,Collision with vehicle,5,Thursday,121,RIGHT THROUGH,1,42310,2,0,1,0,1,2,1,2,T intersection,2,60,Arterial Highway
T20230022115,2023/9/21,8:08:00,1,Collision with vehicle,5,Thursday,137,LEFT TURN SIDESWIPE,1,116,2,0,1,1,1,3,1,1,Cross intersection,2,40,Local Road
T20230024551,2023/9/21,15:15:00,1,Collision with vehicle,4,Thursday,130,REAR END(VEHICLES IN SAME LANE),1,783559,2,0,0,1,1,2,2,5,Not at intersection,3,60,Arterial Other
T20230022173,2023/9/21,17:40:00,1,Collision with vehicle,5,Thursday,120,HEAD ON (NOT OVERTAKING),2,781435,2,0,0,1,5,6,1,5,Not at intersection,3,100,Arterial Other
T20230022118,2023/9/21,13:30:00,4,Collision with a fixed object,4,Thursday,173,RIGHT OFF CARRIAGEWAY INTO OBJECT/PARKED VEHICLE,1,791022,1,0,1,0,0,1,1,5,Not at intersection,2,70,Arterial Other
T20230022175,2023/9/21,13:00:00,2,Struck Pedestrian,5,Thursday,106,VEH STRIKES PED ON FOOTPATH/MEDIAN/TRAFFIC ISLAND.,1,790304,1,0,0,2,0,2,2,5,Not at intersection,3,40,Arterial Other
T20230022177,2023/9/21,21:15:00,1,Collision with vehicle,4,Thursday,110,CROSS TRAFFIC(INTERSECTIONS ONLY),3,55241,4,0,1,0,1,2,1,1,Cross intersection,2,50,Arterial Other
T20230022178,2023/9/21,15:15:00,7,Fall from or in moving vehicle,5,Thursday,190,FELL IN/FROM VEHICLE,1,280169,1,0,0,1,0,1,1,5,Not at intersection,3,999,Local Road
T20230022179,2023/9/21,16:29:00,4,Collision with a fixed object,5,Thursday,171,LEFT OFF CARRIAGEWAY INTO OBJECT/PARKED VEHICLE,1,29871,2,0,0,1,1,2,1,2,T intersection,3,60,Arterial Other
T20230022183,2023/9/21,19:26:00,1,Collision with vehicle,5,Thursday,140,U TURN,3,783426,2,0,1,0,1,2,1,5,Not at intersection,2,70,Local Road
T20230022186,2023/9/21,12:00:00,1,Collision with vehicle,5,Thursday,120,HEAD ON (NOT OVERTAKING),1,782184,2,0,1,0,1,2,1,5,Not at intersection,2,80,Arterial Other
T20230022427,2023/9/21,11:20:00,1,Collision with vehicle,4,Thursday,130,REAR END(VEHICLES IN SAME LANE),1,781544,2,0,0,1,1,2,2,5,Not at intersection,3,50,Arterial Highway
T20230022434,2023/9/21,7:30:00,1,Collision with vehicle,4,Thursday,110,CROSS TRAFFIC(INTERSECTIONS ONLY),1,353176,2,0,0,1,1,2,2,1,Cross intersection,3,80,Arterial Other
T20230022442,2023/9/21,9:00:00,1,Collision with vehicle,4,Thursday,110,CROSS TRAFFIC(INTERSECTIONS ONLY),1,57303,2,0,0,1,1,2,1,1,Cross intersection,3,50,Local Road
T20230022094,2023/9/21,8:00:00,1,Collision with vehicle,5,Thursday,130,REAR END(VEHICLES IN SAME LANE),1,782925,3,0,1,1,1,3,1,5,Not at intersection,2,80,Arterial Highway
T20230022096,2023/9/21,8:49:00,6,Vehicle overturned (no collision),4,Thursday,170,OFF CARRIAGEWAY TO LEFT,1,790308,1,0,0,1,0,1,1,5,Not at intersection,3,100,Local Road
T20230022097,2023/9/21,6:45:00,1,Collision with vehicle,4,Thursday,130,REAR END(VEHICLES IN SAME LANE),1,781432,3,0,0,1,2,3,1,5,Not at intersection,3,100,Freeway
T20230022102,2023/9/21,12:10:00,1,Collision with vehicle,4,Thursday,140,U TURN,1,40822,2,0,0,1,1,2,1,2,T intersection,3,80,Arterial Highway
T20230022103,2023/9/21,11:18:00,1,Collision with vehicle,4,Thursday,134,LANE CHANGE RIGHT (NOT OVERTAKING),1,800589,4,0,1,0,3,4,1,1,Cross intersection,2,60,Arterial Highway
T20230022104,2023/9/21,9:40:00,1,Collision with vehicle,4,Thursday,133,LANE SIDE SWIPE (VEHICLES IN PARALLEL LANES),1,791874,5,0,1,0,5,6,1,2,T intersection,2,100,Freeway
T20230022108,2023/9/21,12:09:00,1,Collision with vehicle,5,Thursday,140,U TURN,1,41644,2,0,0,1,1,2,1,2,T intersection,3,60,Arterial Other
T20230022111,2023/9/21,10:58:00,1,Collision with vehicle,5,Thursday,110,CROSS TRAFFIC(INTERSECTIONS ONLY),1,19689,2,0,1,1,1,3,1,1,Cross intersection,2,60,Arterial Highway
T20230022113,2023/9/21,9:09:00,6,Vehicle overturned (no collision),4,Thursday,172,OFF CARRIAGEWAY TO RIGHT,1,800591,1,0,1,0,0,1,1,5,Not at intersection,2,80,
T20230022114,2023/9/21,7:24:00,1,Collision with vehicle,4,Thursday,121,RIGHT THROUGH,1,38531,2,0,1,0,1,2,1,1,Cross intersection,2,60,Arterial Other
T20230022950,2023/9/21,17:35:00,1,Collision with vehicle,4,Thursday,113,RIGHT NEAR (INTERSECTIONS ONLY),1,296291,2,0,0,1,1,2,1,2,T intersection,3,70,Arterial Other
T20230022924,2023/9/21,7:00:00,1,Collision with vehicle,4,Thursday,130,REAR END(VEHICLES IN SAME LANE),1,305841,2,0,0,1,1,2,2,5,Not at intersection,3,60,Arterial Other
T20230024762,2023/9/21,12:00:00,1,Collision with vehicle,5,Thursday,132,RIGHT REAR.,1,800542,3,0,0,1,2,3,1,1,Cross intersection,3,60,
T20230022154,2023/9/21,15:50:00,1,Collision with vehicle,5,Thursday,120,HEAD ON (NOT OVERTAKING),1,781433,2,1,0,2,0,3,1,5,Not at intersection,1,70,Arterial Highway
T20230022153,2023/9/21,17:52:00,1,Collision with vehicle,4,Thursday,121,RIGHT THROUGH,2,40189,2,0,0,1,1,2,1,2,T intersection,3,40,Arterial Other
T20230022188,2023/9/21,22:03:00,4,Collision with a fixed object,4,Thursday,181,OFF RIGHT BEND INTO OBJECT/PARKED VEHICLE,5,790311,1,0,0,1,1,2,1,5,Not at intersection,3,100,Arterial Other
T20230022166,2023/9/21,18:15:00,1,Collision with vehicle,4,Thursday,133,LANE SIDE SWIPE (VEHICLES IN PARALLEL LANES),2,795697,2,0,0,1,3,4,1,5,Not at intersection,3,100,
T20240000881,2023/9/21,12:00:00,1,Collision with vehicle,4,Thursday,132,RIGHT REAR.,1,796060,2,0,0,1,2,3,1,2,T intersection,3,100,Freeway
T20230022150,2023/9/21,15:10:00,2,Struck Pedestrian,5,Thursday,102,FAR SIDE. PED HIT BY VEHICLE FROM THE LEFT,1,44738,1,1,0,0,1,2,1,1,Cross intersection,1,60,Arterial Other
T20230022159,2023/9/21,17:54:00,2,Struck Pedestrian,4,Thursday,108,PED STRUCK WALKING TO/FROM OR BOARDING/ALIGHTING VEHICLE.,1,790291,2,0,0,1,2,3,1,5,Not at intersection,3,60,Arterial Other
T20230022978,2023/9/21,11:45:00,1,Collision with vehicle,5,Thursday,130,REAR END(VEHICLES IN SAME LANE),1,789116,2,0,0,1,1,2,2,5,Not at intersection,3,60,Freeway
T20230022990,2023/9/21,11:20:00,6,Vehicle overturned (no collision),5,Thursday,170,OFF CARRIAGEWAY TO LEFT,1,784456,2,0,0,1,1,2,2,5,Not at intersection,3,80,Local Road
T20230022228,2023/9/22,14:30:00,4,Collision with a fixed object,5,Friday,171,LEFT OFF CARRIAGEWAY INTO OBJECT/PARKED VEHICLE,1,799254,1,0,0,1,0,1,1,5,Not at intersection,3,100,Local Road
T20230022226,2023/9/22,14:25:00,4,Collision with a fixed object,6,Friday,173,RIGHT OFF CARRIAGEWAY INTO OBJECT/PARKED VEHICLE,1,790309,1,0,0,2,0,2,1,5,Not at intersection,3,110,Freeway
T20230022322,2023/9/22,6:35:00,3,Struck animal,6,Friday,167,STRUCK ANIMAL,1,790342,1,0,0,1,0,1,1,5,Not at intersection,3,100,Local Road
T20230022224,2023/9/22,11:45:00,6,Vehicle overturned (no collision),5,Friday,180,OFF CARRIAGEWAY ON RIGHT BEND,1,781540,1,0,0,1,0,1,1,5,Not at intersection,3,100,Local Road
T20230022223,2023/9/22,15:01:00,1,Collision with vehicle,6,Friday,130,REAR END(VEHICLES IN SAME LANE),1,784087,2,0,0,2,1,3,1,5,Not at intersection,3,40,Local Road
T20230022220,2023/9/22,13:48:00,1,Collision with vehicle,5,Friday,120,HEAD ON (NOT OVERTAKING),1,781838,2,0,1,0,1,2,1,2,T intersection,2,80,Arterial Other
T20230022218,2023/9/22,11:06:00,1,Collision with vehicle,6,Friday,110,CROSS TRAFFIC(INTERSECTIONS ONLY),1,56465,2,0,1,0,1,2,1,1,Cross intersection,2,60,Arterial Highway
T20230022212,2023/9/22,12:02:00,1,Collision with vehicle,6,Friday,130,REAR END(VEHICLES IN SAME LANE),1,790357,2,0,1,0,1,2,1,2,T intersection,2,70,Arterial Other
T20230022208,2023/9/22,8:55:00,1,Collision with vehicle,5,Friday,149,OTHER MANOEUVRING NOT INCLUDED IN DCAs 140-148,1,800480,3,0,1,1,1,3,1,5,Not at intersection,2,999,Local Road
T20230022207,2023/9/22,7:54:00,1,Collision with vehicle,5,Friday,134,LANE CHANGE RIGHT (NOT OVERTAKING),1,113077,2,0,0,2,0,2,1,5,Not at intersection,3,80,Arterial Highway
T20230022202,2023/9/22,9:53:00,1,Collision with vehicle,5,Friday,121,RIGHT THROUGH,1,781455,2,0,1,0,2,3,1,5,Not at intersection,2,60,Arterial Other
T20230022290,2023/9/22,21:35:00,1,Collision with vehicle,5,Friday,113,RIGHT NEAR (INTERSECTIONS ONLY),3,46492,2,0,0,1,2,3,1,2,T intersection,3,60,Arterial Other
T20230022199,2023/9/22,9:39:00,1,Collision with vehicle,5,Friday,110,CROSS TRAFFIC(INTERSECTIONS ONLY),1,51452,2,0,0,1,1,2,1,1,Cross intersection,3,50,Local Road
T20230022196,2023/9/22,8:20:00,1,Collision with vehicle,6,Friday,110,CROSS TRAFFIC(INTERSECTIONS ONLY),1,301594,2,0,1,0,1,2,1,1,Cross intersection,2,50,Local Road
T20230022195,2023/9/22,7:40:00,1,Collision with vehicle,6,Friday,132,RIGHT REAR.,1,651233,3,0,0,3,0,3,1,2,T intersection,3,100,Arterial Highway
T20230025148,2023/9/22,15:55:00,1,Collision with vehicle,6,Friday,130,REAR END(VEHICLES IN SAME LANE),1,790317,4,0,0,1,3,4,1,5,Not at intersection,3,60,Local Road
T20230024160,2023/9/22,16:10:00,1,Collision with vehicle,5,Friday,135,LANE CHANGE LEFT (NOT OVERTAKING),1,41831,2,0,0,1,1,2,2,1,Cross intersection,3,80,Arterial Other
T20230022265,2023/9/22,17:01:00,1,Collision with vehicle,6,Friday,133,LANE SIDE SWIPE (VEHICLES IN PARALLEL LANES),1,790336,3,0,0,1,2,3,1,5,Not at intersection,3,80,Freeway
T20230022307,2023/9/22,20:30:00,4,Collision with a fixed object,5,Friday,183,OFF LEFT BEND INTO OBJECT/PARKED VEHICLE,5,792913,1,0,1,0,0,1,1,5,Not at intersection,2,40,
T20230022241,2023/9/22,13:58:00,1,Collision with vehicle,6,Friday,113,RIGHT NEAR (INTERSECTIONS ONLY),1,58713,2,0,1,0,1,2,1,2,T intersection,2,60,Arterial Other
T20230022426,2023/9/22,11:50:00,8,No collision and no object struck,5,Friday,174,OUT OF CONTROL ON CARRIAGEWAY (ON STRAIGHT),9,781765,1,0,0,1,0,1,2,2,T intersection,3,999,Local Road
T20230022283,2023/9/22,20:08:00,1,Collision with vehicle,6,Friday,132,RIGHT REAR.,3,679439,2,0,0,1,1,2,2,5,Not at intersection,3,50,Arterial Other
T20230022270,2023/9/22,22:20:00,1,Collision with vehicle,5,Friday,130,REAR END(VEHICLES IN SAME LANE),6,797937,2,0,0,1,2,3,1,1,Cross intersection,3,60,Local Road
T20230022269,2023/9/22,6:20:00,2,Struck Pedestrian,5,Friday,100,PED NEAR SIDE. PED HIT BY VEHICLE FROM THE RIGHT.,1,780588,1,0,1,0,1,2,1,1,Cross intersection,2,60,Arterial Other
T20230022268,2023/9/22,19:45:00,1,Collision with vehicle,6,Friday,139,OTHER SAME DIRECTION-MANOUEVRES NOT INCLUDED IN DCAs 130-137,2,795161,3,0,0,1,2,3,1,5,Not at intersection,3,50,Local Road
T20230022267,2023/9/22,21:25:00,1,Collision with vehicle,5,Friday,110,CROSS TRAFFIC(INTERSECTIONS ONLY),3,53687,2,0,1,0,2,3,1,1,Cross intersection,2,70,Arterial Highway
T20230022264,2023/9/22,17:45:00,2,Struck Pedestrian,5,Friday,100,PED NEAR SIDE. PED HIT BY VEHICLE FROM THE RIGHT.,1,800482,1,0,1,0,1,2,1,5,Not at intersection,2,60,Arterial Other
T20230022262,2023/9/22,16:00:00,1,Collision with vehicle,5,Friday,113,RIGHT NEAR (INTERSECTIONS ONLY),1,783310,2,0,0,1,1,2,1,2,T intersection,3,80,Local Road
T20230025707,2023/9/22,16:54:00,1,Collision with vehicle,5,Friday,130,REAR END(VEHICLES IN SAME LANE),1,44375,3,0,1,0,2,3,2,2,T intersection,2,60,Arterial Other
T20230022260,2023/9/22,18:57:00,2,Struck Pedestrian,6,Friday,100,PED NEAR SIDE. PED HIT BY VEHICLE FROM THE RIGHT.,5,791014,1,0,1,0,2,3,1,5,Not at intersection,2,60,Local Road
T20230022255,2023/9/22,19:00:00,1,Collision with vehicle,5,Friday,113,RIGHT NEAR (INTERSECTIONS ONLY),3,781441,2,0,0,1,1,2,1,2,T intersection,3,60,Local Road
T20230022254,2023/9/22,19:25:00,8,No collision and no object struck,6,Friday,179,OTHER ACCIDENTS-OFF STRAIGHT NOT INCLUDED IN DCAs 170-175,3,783105,2,0,0,1,1,2,1,5,Not at intersection,3,80,Arterial Other
T20230022248,2023/9/22,15:00:00,1,Collision with vehicle,6,Friday,121,RIGHT THROUGH,1,36053,2,0,0,1,2,3,1,2,T intersection,3,40,Arterial Other
T20230022247,2023/9/22,16:58:00,1,Collision with vehicle,6,Friday,132,RIGHT REAR.,1,789921,2,0,0,3,0,3,1,5,Not at intersection,3,60,Arterial Other
T20230022246,2023/9/22,14:36:00,1,Collision with vehicle,5,Friday,130,REAR END(VEHICLES IN SAME LANE),1,38764,2,0,0,1,2,3,1,1,Cross intersection,3,30,Arterial Highway
T20230022609,2023/9/22,14:30:00,1,Collision with vehicle,5,Friday,130,REAR END(VEHICLES IN SAME LANE),1,800587,2,0,2,1,2,5,1,5,Not at intersection,2,80,Arterial Highway
T20230022244,2023/9/22,14:15:00,1,Collision with vehicle,6,Friday,136,RIGHT TURN SIDESWIPE,1,782001,2,0,1,0,1,2,1,5,Not at intersection,2,50,Local Road
T20230022242,2023/9/22,17:00:00,1,Collision with vehicle,5,Friday,130,REAR END(VEHICLES IN SAME LANE),1,782185,2,0,0,1,1,2,1,5,Not at intersection,3,100,Freeway
T20230023184,2023/9/22,18:30:00,1,Collision with vehicle,6,Friday,124,RIGHT/RIGHT BOTH VEHs FROM OPPOSITE DIRECTIONS TURNING RIGHT,2,40443,2,0,0,2,1,3,1,1,Cross intersection,3,60,Arterial Other
T20230022240,2023/9/22,15:00:00,1,Collision with vehicle,5,Friday,130,REAR END(VEHICLES IN SAME LANE),1,791019,2,0,1,0,2,3,2,5,Not at intersection,2,100,Freeway
T20230022239,2023/9/22,14:00:00,1,Collision with vehicle,6,Friday,121,RIGHT THROUGH,1,781408,2,1,0,0,1,2,1,2,T intersection,1,100,Arterial Other
T20230022238,2023/9/22,0:30:00,7,Fall from or in moving vehicle,5,Friday,190,FELL IN/FROM VEHICLE,3,781839,1,0,0,1,1,2,1,2,T intersection,3,50,Local Road
T20230022232,2023/9/22,11:59:00,1,Collision with vehicle,5,Friday,133,LANE SIDE SWIPE (VEHICLES IN PARALLEL LANES),1,800481,2,0,1,0,1,2,1,1,Cross intersection,2,60,Arterial Other
T20230022995,2023/9/22,15:50:00,1,Collision with vehicle,6,Friday,130,REAR END(VEHICLES IN SAME LANE),1,782189,3,0,0,1,2,3,2,5,Not at intersection,3,80,Local Road
T20230022310,2023/9/23,14:59:00,6,Vehicle overturned (no collision),7,Saturday,174,OUT OF CONTROL ON CARRIAGEWAY (ON STRAIGHT),1,69912,1,0,1,0,0,1,1,2,T intersection,2,60,Arterial Other
T20230022386,2023/9/23,11:00:00,5,collision with some other object,7,Saturday,166,STRUCK OBJECT ON CARRIAGEWAY,1,781543,1,0,1,0,0,1,2,5,Not at intersection,2,999,Local Road
T20230023291,2023/9/23,7:20:00,1,Collision with vehicle,7,Saturday,130,REAR END(VEHICLES IN SAME LANE),1,790380,2,0,0,1,1,2,2,5,Not at intersection,3,70,Arterial Other
T20230022330,2023/9/23,19:50:00,1,Collision with vehicle,7,Saturday,163,VEHICLE STRIKES DOOR OF PARKED/STATIONARY VEHICLE,3,783885,2,0,1,0,1,2,1,5,Not at intersection,2,40,Local Road
T20230022340,2023/9/23,21:10:00,1,Collision with vehicle,7,Saturday,121,RIGHT THROUGH,3,782416,3,0,0,4,3,7,1,5,Not at intersection,3,50,Local Road
T20230023147,2023/9/23,19:00:00,1,Collision with vehicle,7,Saturday,110,CROSS TRAFFIC(INTERSECTIONS ONLY),1,50614,2,0,0,1,1,2,2,1,Cross intersection,3,60,Arterial Other
T20230022306,2023/9/23,7:40:00,4,Collision with a fixed object,7,Saturday,171,LEFT OFF CARRIAGEWAY INTO OBJECT/PARKED VEHICLE,1,791009,1,0,1,0,0,1,1,5,Not at intersection,2,60,Arterial Highway
T20230022305,2023/9/23,13:42:00,6,Vehicle overturned (no collision),6,Saturday,170,OFF CARRIAGEWAY TO LEFT,1,791012,1,0,1,0,0,1,1,5,Not at intersection,2,100,Freeway
T20230023227,2023/9/23,14:50:00,1,Collision with vehicle,7,Saturday,130,REAR END(VEHICLES IN SAME LANE),1,782303,2,0,0,1,1,2,2,5,Not at intersection,3,60,Local Road
T20230022272,2023/9/23,2:50:00,8,No collision and no object struck,7,Saturday,174,OUT OF CONTROL ON CARRIAGEWAY (ON STRAIGHT),3,248402,1,0,1,0,1,2,1,1,Cross intersection,2,40,Local Road
T20230023260,2023/9/23,9:35:00,8,No collision and no object struck,6,Saturday,179,OTHER ACCIDENTS-OFF STRAIGHT NOT INCLUDED IN DCAs 170-175,1,790386,1,0,0,1,0,1,2,5,Not at intersection,3,888,Local Road
T20230022319,2023/9/23,16:40:00,1,Collision with vehicle,6,Saturday,110,CROSS TRAFFIC(INTERSECTIONS ONLY),1,20837,2,0,1,1,3,5,1,1,Cross intersection,2,50,Local Road
T20230022302,2023/9/23,14:05:00,1,Collision with vehicle,6,Saturday,121,RIGHT THROUGH,1,781482,3,0,0,1,1,2,1,5,Not at intersection,3,50,Local Road
T20230029000,2023/9/23,11:30:00,8,No collision and no object struck,7,Saturday,182,OFF CARRIAGEWAY ON LEFT BEND,1,795452,1,0,0,1,0,1,2,5,Not at intersection,3,999,
T20230022327,2023/9/23,19:30:00,4,Collision with a fixed object,6,Saturday,171,LEFT OFF CARRIAGEWAY INTO OBJECT/PARKED VEHICLE,3,790387,1,0,0,2,0,2,1,5,Not at intersection,3,80,Arterial Other
T20230022326,2023/9/23,19:49:00,6,Vehicle overturned (no collision),6,Saturday,151,OUT OF CONTROL (OVERTAKING),5,786824,1,0,0,1,0,1,2,2,T intersection,3,100,Arterial Other
T20230022320,2023/9/23,15:08:00,4,Collision with a fixed object,6,Saturday,183,OFF LEFT BEND INTO OBJECT/PARKED VEHICLE,1,790531,1,0,0,1,0,1,1,3,Y intersection,3,50,Local Road
T20230023748,2023/9/23,17:40:00,1,Collision with vehicle,7,Saturday,121,RIGHT THROUGH,1,800488,2,0,0,2,1,3,2,5,Not at intersection,3,80,Freeway
T20230022316,2023/9/23,16:30:00,6,Vehicle overturned (no collision),6,Saturday,174,OUT OF CONTROL ON CARRIAGEWAY (ON STRAIGHT),1,782002,1,0,1,0,3,4,1,5,Not at intersection,2,888,Local Road
T20230022274,2023/9/23,0:00:00,1,Collision with vehicle,6,Saturday,110,CROSS TRAFFIC(INTERSECTIONS ONLY),3,46110,2,0,1,0,1,2,1,1,Cross intersection,2,60,Arterial Other
T20230022301,2023/9/23,12:50:00,5,collision with some other object,6,Saturday,166,STRUCK OBJECT ON CARRIAGEWAY,1,791854,1,0,1,0,0,1,1,5,Not at intersection,2,100,
T20230022276,2023/9/23,0:17:00,4,Collision with a fixed object,6,Saturday,173,RIGHT OFF CARRIAGEWAY INTO OBJECT/PARKED VEHICLE,3,800483,1,0,0,1,0,1,1,5,Not at intersection,3,70,Arterial Other
T20230022299,2023/9/23,13:45:00,1,Collision with vehicle,7,Saturday,137,LEFT TURN SIDESWIPE,1,36601,2,0,1,0,1,2,2,2,T intersection,2,999,Local Road
T20230022332,2023/9/23,4:20:00,4,Collision with a fixed object,6,Saturday,173,RIGHT OFF CARRIAGEWAY INTO OBJECT/PARKED VEHICLE,3,792104,1,0,0,1,0,1,1,5,Not at intersection,3,60,Arterial Other
T20230022333,2023/9/23,3:20:00,4,Collision with a fixed object,6,Saturday,171,LEFT OFF CARRIAGEWAY INTO OBJECT/PARKED VEHICLE,3,791013,1,0,1,0,0,1,1,5,Not at intersection,2,40,Local Road
T20230022298,2023/9/23,14:15:00,1,Collision with vehicle,7,Saturday,116,LEFT NEAR (INTERSECTIONS ONLY),1,790385,3,0,0,1,1,2,1,1,Cross intersection,3,50,Local Road
T20230022335,2023/9/23,14:24:00,1,Collision with vehicle,6,Saturday,120,HEAD ON (NOT OVERTAKING),1,799233,2,0,1,2,4,7,1,5,Not at intersection,2,100,Arterial Highway
T20230022295,2023/9/23,12:33:00,1,Collision with vehicle,6,Saturday,110,CROSS TRAFFIC(INTERSECTIONS ONLY),1,247957,2,0,0,1,2,3,1,1,Cross intersection,3,40,Local Road
T20230022286,2023/9/23,10:00:00,6,Vehicle overturned (no collision),6,Saturday,170,OFF CARRIAGEWAY TO LEFT,1,796617,1,0,1,0,0,1,1,1,Cross intersection,2,100,Local Road
T20230022289,2023/9/23,10:41:00,1,Collision with vehicle,7,Saturday,121,RIGHT THROUGH,1,37890,2,0,0,1,2,3,1,2,T intersection,3,60,Arterial Highway
T20230024637,2023/9/23,17:00:00,1,Collision with vehicle,6,Saturday,130,REAR END(VEHICLES IN SAME LANE),1,790539,3,0,0,1,2,3,2,5,Not at intersection,3,60,Arterial Other
T20230022349,2023/9/23,10:30:00,8,No collision and no object struck,7,Saturday,174,OUT OF CONTROL ON CARRIAGEWAY (ON STRAIGHT),1,781483,1,0,0,1,0,1,2,5,Not at intersection,3,999,Local Road
T20230022338,2023/9/23,23:32:00,1,Collision with vehicle,7,Saturday,121,RIGHT THROUGH,3,790567,2,0,0,1,1,2,1,2,T intersection,3,60,Local Road
T20230022313,2023/9/23,14:20:00,4,Collision with a fixed object,7,Saturday,171,LEFT OFF CARRIAGEWAY INTO OBJECT/PARKED VEHICLE,1,793916,1,1,0,0,0,1,1,2,T intersection,1,50,
T20230022292,2023/9/23,10:00:00,2,Struck Pedestrian,7,Saturday,102,FAR SIDE. PED HIT BY VEHICLE FROM THE LEFT,1,782033,1,1,0,0,1,2,1,5,Not at intersection,1,50,Local Road
T20230022291,2023/9/23,10:40:00,1,Collision with vehicle,7,Saturday,110,CROSS TRAFFIC(INTERSECTIONS ONLY),1,225697,2,0,0,2,2,4,1,1,Cross intersection,3,999,Local Road
T20230022296,2023/9/23,13:00:00,4,Collision with a fixed object,7,Saturday,171,LEFT OFF CARRIAGEWAY INTO OBJECT/PARKED VEHICLE,1,790535,1,0,0,1,0,1,1,5,Not at intersection,3,60,Arterial Other
T20230022360,2023/9/23,14:00:00,8,No collision and no object struck,7,Saturday,174,OUT OF CONTROL ON CARRIAGEWAY (ON STRAIGHT),1,790534,1,0,1,0,0,1,2,5,Not at intersection,2,999,Local Road