ACCIDENT_NO,ACCIDENT_DATE,ACCIDENT_TIME,ACCIDENT_TYPE,ACCIDENT_TYPE_DESC,DAY_OF_WEEK,DAY_WEEK_DESC,DCA_CODE,DCA_DESC,LIGHT_CONDITION,NODE_ID,NO_OF_VEHICLES,NO_PERSONS_KILLED,NO_PERSONS_INJ_2,NO_PERSONS_INJ_3,NO_PERSONS_NOT_INJ,NO_PERSONS,POLICE_ATTEND,ROAD_GEOMETRY,ROAD_GEOMETRY_DESC,SEVERITY,SPEED_ZONE,RMA
T20230022277,2023/9/23,1:44:00,2,Struck Pedestrian,7,Saturday,102,FAR SIDE. PED HIT BY VEHICLE FROM THE LEFT,3,781764,1,0,1,1,0,2,1,5,Not at intersection,2,50,Local Road
T20230022387,2023/9/24,15:30:00,1,Collision with vehicle,1,Sunday,110,CROSS TRAFFIC(INTERSECTIONS ONLY),1,50258,2,0,2,1,0,3,1,1,Cross intersection,2,100,Arterial Highway
T20230027864,2023/9/24,13:00:00,1,Collision with vehicle,0,Sunday,132,RIGHT REAR.,1,50145,2,0,0,1,1,2,2,2,T intersection,3,60,Local Road
T20230024369,2023/9/24,17:00:00,1,Collision with vehicle,0,Sunday,120,HEAD ON (NOT OVERTAKING),1,790570,2,0,0,1,1,2,2,5,Not at intersection,3,30,Local Road
T20230024273,2023/9/24,11:00:00,8,No collision and no object struck,0,Sunday,179,OTHER ACCIDENTS-OFF STRAIGHT NOT INCLUDED IN DCAs 170-175,1,790593,1,0,0,1,0,1,2,5,Not at intersection,3,999,Local Road
T20230024195,2023/9/24,9:00:00,8,No collision and no object struck,0,Sunday,174,OUT OF CONTROL ON CARRIAGEWAY (ON STRAIGHT),1,783217,1,0,0,1,0,1,2,5,Not at intersection,3,999,Local Road
T20230022389,2023/9/24,7:55:00,2,Struck Pedestrian,0,Sunday,100,PED NEAR SIDE. PED HIT BY VEHICLE FROM THE RIGHT.,2,45233,1,0,0,1,1,2,2,2,T intersection,3,60,Arterial Other
T20230024218,2023/9/24,16:40:00,1,Collision with vehicle,0,Sunday,121,RIGHT THROUGH,1,234746,2,0,0,1,2,3,2,5,Not at intersection,3,60,Arterial Other
T20230022343,2023/9/24,3:17:00,1,Collision with vehicle,0,Sunday,120,HEAD ON (NOT OVERTAKING),3,783886,2,0,0,1,1,2,1,5,Not at intersection,3,50,Local Road
T20230022409,2023/9/24,23:49:00,4,Collision with a fixed object,0,Sunday,171,LEFT OFF CARRIAGEWAY INTO OBJECT/PARKED VEHICLE,5,44873,1,0,0,1,0,1,1,2,T intersection,3,60,Arterial Other
T20230026681,2023/9/24,1:00:00,4,Collision with a fixed object,0,Sunday,171,LEFT OFF CARRIAGEWAY INTO OBJECT/PARKED VEHICLE,5,787067,1,0,0,1,0,1,2,5,Not at intersection,3,100,Arterial Other
T20230022492,2023/9/24,22:57:00,4,Collision with a fixed object,0,Sunday,173,RIGHT OFF CARRIAGEWAY INTO OBJECT/PARKED VEHICLE,5,781767,1,0,0,1,0,1,1,5,Not at intersection,3,100,Arterial Highway
T20230022347,2023/9/24,9:30:00,1,Collision with vehicle,0,Sunday,121,RIGHT THROUGH,1,43057,3,0,0,2,1,3,2,1,Cross intersection,3,60,Local Road
T20230022350,2023/9/24,8:47:00,1,Collision with vehicle,1,Sunday,121,RIGHT THROUGH,1,15416,2,0,0,1,1,2,1,2,T intersection,3,60,Arterial Other
T20230022351,2023/9/24,7:22:00,4,Collision with a fixed object,0,Sunday,173,RIGHT OFF CARRIAGEWAY INTO OBJECT/PARKED VEHICLE,1,797282,1,0,0,2,0,2,1,5,Not at intersection,3,110,Freeway
T20230022353,2023/9/24,10:14:00,4,Collision with a fixed object,1,Sunday,171,LEFT OFF CARRIAGEWAY INTO OBJECT/PARKED VEHICLE,1,798829,1,0,1,0,0,1,1,5,Not at intersection,2,60,Arterial Other
T20230022356,2023/9/24,9:55:00,4,Collision with a fixed object,1,Sunday,181,OFF RIGHT BEND INTO OBJECT/PARKED VEHICLE,1,790588,1,0,1,0,0,1,1,5,Not at intersection,2,100,Arterial Other
T20230025216,2023/9/24,15:35:00,1,Collision with vehicle,0,Sunday,160,VEHICLE COLLIDES WITH VEHICLE PARKED ON LEFT OF ROAD,1,784483,2,0,0,1,0,1,1,5,Not at intersection,3,50,Local Road
T20230022366,2023/9/24,13:05:00,1,Collision with vehicle,1,Sunday,137,LEFT TURN SIDESWIPE,1,782386,2,0,1,0,2,3,1,5,Not at intersection,2,60,Local Road
T20230022406,2023/9/24,23:14:00,1,Collision with vehicle,0,Sunday,121,RIGHT THROUGH,3,35331,2,0,0,2,1,3,1,1,Cross intersection,3,80,Arterial Highway
T20230022371,2023/9/24,10:23:00,1,Collision with vehicle,0,Sunday,160,VEHICLE COLLIDES WITH VEHICLE PARKED ON LEFT OF ROAD,1,792283,3,0,1,0,2,3,1,5,Not at intersection,2,40,Local Road
T20230022377,2023/9/24,12:00:00,6,Vehicle overturned (no collision),1,Sunday,170,OFF CARRIAGEWAY TO LEFT,1,796216,1,0,1,0,0,1,1,5,Not at intersection,2,100,Arterial Other
T20230022361,2023/9/24,11:10:00,8,No collision and no object struck,1,Sunday,174,OUT OF CONTROL ON CARRIAGEWAY (ON STRAIGHT),1,53203,2,0,1,0,1,2,1,2,T intersection,2,60,Arterial Other
T20230022382,2023/9/24,16:45:00,2,Struck Pedestrian,1,Sunday,100,PED NEAR SIDE. PED HIT BY VEHICLE FROM THE RIGHT.,1,342240,1,0,0,1,1,2,2,1,Cross intersection,3,999,Local Road
T20230022383,2023/9/24,15:10:00,1,Collision with vehicle,1,Sunday,147,VEHICLE STRIKES ANOTHER VEH WHILE EMERGING FROM DRIVEWAY,1,781641,2,0,1,1,1,3,1,2,T intersection,2,100,Arterial Other
T20230022770,2023/9/24,10:00:00,1,Collision with vehicle,1,Sunday,110,CROSS TRAFFIC(INTERSECTIONS ONLY),1,35884,2,0,0,1,1,2,2,1,Cross intersection,3,999,Local Road
T20230022445,2023/9/24,20:45:00,1,Collision with vehicle,1,Sunday,150,HEAD ON(OVERTAKING),3,792105,2,0,0,4,1,5,1,5,Not at intersection,3,60,Local Road
T20230022362,2023/9/24,10:19:00,4,Collision with a fixed object,0,Sunday,181,OFF RIGHT BEND INTO OBJECT/PARKED VEHICLE,1,782186,1,0,1,0,0,1,1,5,Not at intersection,2,100,Arterial Other
T20230022391,2023/9/24,15:20:00,1,Collision with vehicle,0,Sunday,110,CROSS TRAFFIC(INTERSECTIONS ONLY),1,42394,2,0,0,2,4,6,1,1,Cross intersection,3,60,Arterial Other
T20230022402,2023/9/24,22:05:00,1,Collision with vehicle,1,Sunday,130,REAR END(VEHICLES IN SAME LANE),3,782417,3,0,0,2,2,4,1,1,Cross intersection,3,80,Arterial Other
T20230022933,2023/9/24,11:30:00,6,Vehicle overturned (no collision),0,Sunday,184,OUT OF CONTROL ON CARRIAGEWAY (ON BEND),1,790594,1,0,0,1,0,1,2,5,Not at intersection,3,999,Local Road
T20230022418,2023/9/24,7:30:00,4,Collision with a fixed object,0,Sunday,179,OTHER ACCIDENTS-OFF STRAIGHT NOT INCLUDED IN DCAs 170-175,1,790601,1,0,0,1,0,1,1,5,Not at intersection,3,60,Local Road
T20230022408,2023/9/24,21:30:00,4,Collision with a fixed object,1,Sunday,173,RIGHT OFF CARRIAGEWAY INTO OBJECT/PARKED VEHICLE,5,796251,1,0,1,0,0,1,1,5,Not at intersection,2,50,Local Road
T20230023050,2023/9/24,6:20:00,1,Collision with vehicle,1,Sunday,121,RIGHT THROUGH,1,29868,2,0,0,1,1,2,1,1,Cross intersection,3,70,Freeway
T20230022380,2023/9/24,11:30:00,1,Collision with vehicle,0,Sunday,130,REAR END(VEHICLES IN SAME LANE),1,800534,3,0,0,1,8,9,1,5,Not at intersection,3,60,Arterial Highway
T20230022484,2023/9/25,10:30:00,6,Vehicle overturned (no collision),1,Monday,189,OTHER ACCIDENTS ON CURVE NOT INCLUDED IN DCAs 180-184,9,788732,1,0,0,1,3,4,1,5,Not at intersection,3,999,Local Road
T20230023940,2023/9/25,14:00:00,1,Collision with vehicle,1,Monday,121,RIGHT THROUGH,1,52764,2,0,0,2,1,3,1,1,Cross intersection,3,60,Local Road
T20230023851,2023/9/25,15:00:00,7,Fall from or in moving vehicle,2,Monday,190,FELL IN/FROM VEHICLE,1,790775,1,0,1,0,1,2,2,2,T intersection,2,999,Local Road
T20230022444,2023/9/25,14:00:00,2,Struck Pedestrian,2,Monday,100,PED NEAR SIDE. PED HIT BY VEHICLE FROM THE RIGHT.,1,63547,1,0,0,1,1,2,1,1,Cross intersection,3,40,Arterial Other
T20230023595,2023/9/25,14:30:00,2,Struck Pedestrian,2,Monday,102,FAR SIDE. PED HIT BY VEHICLE FROM THE LEFT,1,790806,1,0,1,1,0,2,2,2,T intersection,2,999,Local Road
T20230023366,2023/9/25,11:40:00,1,Collision with vehicle,2,Monday,112,LEFT FAR (INTERSECTIONS ONLY),1,291434,2,0,1,0,1,2,2,1,Cross intersection,2,60,Arterial Other
T20230025991,2023/9/25,15:30:00,1,Collision with vehicle,2,Monday,130,REAR END(VEHICLES IN SAME LANE),9,785685,2,0,0,1,1,2,2,5,Not at intersection,3,80,Freeway
T20230022599,2023/9/25,16:05:00,4,Collision with a fixed object,1,Monday,181,OFF RIGHT BEND INTO OBJECT/PARKED VEHICLE,1,114300,2,0,0,1,1,2,2,5,Not at intersection,3,50,Local Road
T20230022588,2023/9/25,7:30:00,2,Struck Pedestrian,1,Monday,100,PED NEAR SIDE. PED HIT BY VEHICLE FROM THE RIGHT.,1,46174,1,0,0,1,1,2,2,2,T intersection,3,40,Arterial Other
T20230022440,2023/9/25,8:00:00,4,Collision with a fixed object,1,Monday,164,PERMANENT OBSTRUCTION ON CARRIAGEWAY,1,781873,1,0,0,1,2,3,1,5,Not at intersection,3,40,Arterial Other
T20230023218,2023/9/25,8:40:00,1,Collision with vehicle,1,Monday,110,CROSS TRAFFIC(INTERSECTIONS ONLY),1,64303,2,0,0,1,1,2,1,1,Cross intersection,3,80,Local Road
T20230022441,2023/9/25,11:55:00,1,Collision with vehicle,2,Monday,120,HEAD ON (NOT OVERTAKING),1,792393,2,0,2,2,2,6,1,5,Not at intersection,2,50,Local Road
T20230022436,2023/9/25,10:05:00,1,Collision with vehicle,2,Monday,136,RIGHT TURN SIDESWIPE,1,781766,2,0,1,0,1,2,1,2,T intersection,2,60,Arterial Other
T20230022430,2023/9/25,7:10:00,1,Collision with vehicle,1,Monday,135,LANE CHANGE LEFT (NOT OVERTAKING),1,34518,2,0,0,1,1,2,1,1,Cross intersection,3,60,Arterial Other
T20230022429,2023/9/25,7:30:00,6,Vehicle overturned (no collision),1,Monday,170,OFF CARRIAGEWAY TO LEFT,2,795577,1,0,0,1,0,1,1,5,Not at intersection,3,100,
T20230022428,2023/9/25,6:10:00,1,Collision with vehicle,1,Monday,131,LEFT REAR,2,140542,2,0,0,1,1,2,2,2,T intersection,3,80,Freeway
T20230022424,2023/9/25,9:14:00,1,Collision with vehicle,2,Monday,147,VEHICLE STRIKES ANOTHER VEH WHILE EMERGING FROM DRIVEWAY,1,790616,2,0,1,0,1,2,1,5,Not at intersection,2,777,Arterial Other
T20230022420,2023/9/25,7:57:00,1,Collision with vehicle,1,Monday,113,RIGHT NEAR (INTERSECTIONS ONLY),1,800586,2,0,1,0,1,2,1,2,T intersection,2,50,Local Road
T20230022417,2023/9/25,10:00:00,1,Collision with vehicle,1,Monday,112,LEFT FAR (INTERSECTIONS ONLY),1,57468,2,0,1,0,1,2,1,2,T intersection,2,40,Local Road
T20230022410,2023/9/25,1:21:00,1,Collision with vehicle,2,Monday,130,REAR END(VEHICLES IN SAME LANE),3,37686,2,0,1,0,2,3,1,2,T intersection,2,40,Local Road
T20230022443,2023/9/25,12:45:00,1,Collision with vehicle,1,Monday,113,RIGHT NEAR (INTERSECTIONS ONLY),1,60004,2,0,0,4,6,10,1,2,T intersection,3,70,Arterial Highway
T20230024441,2023/9/25,16:00:00,1,Collision with vehicle,1,Monday,147,VEHICLE STRIKES ANOTHER VEH WHILE EMERGING FROM DRIVEWAY,1,783555,2,0,0,1,1,2,2,5,Not at intersection,3,50,Local Road
T20230022451,2023/9/25,14:53:00,4,Collision with a fixed object,1,Monday,173,RIGHT OFF CARRIAGEWAY INTO OBJECT/PARKED VEHICLE,1,790645,1,0,1,0,0,1,1,5,Not at intersection,2,60,Arterial Other
T20230022452,2023/9/25,16:50:00,1,Collision with vehicle,1,Monday,110,CROSS TRAFFIC(INTERSECTIONS ONLY),1,37533,2,0,0,1,1,2,1,1,Cross intersection,3,60,Local Road
T20230022459,2023/9/25,15:43:00,1,Collision with vehicle,2,Monday,135,LANE CHANGE LEFT (NOT OVERTAKING),1,781642,2,0,1,0,1,2,1,5,Not at intersection,2,100,Freeway
T20230022463,2023/9/25,17:24:00,1,Collision with vehicle,2,Monday,110,CROSS TRAFFIC(INTERSECTIONS ONLY),1,53010,2,0,1,0,1,2,1,1,Cross intersection,2,60,Local Road
T20230022465,2023/9/25,17:11:00,5,collision with some other object,1,Monday,191,LOAD OR MISSILE STRUCK VEHICLE,1,781842,4,0,1,0,5,6,1,5,Not at intersection,2,100,Freeway
T20230022467,2023/9/25,19:30:00,1,Collision with vehicle,1,Monday,121,RIGHT THROUGH,3,242344,2,0,0,1,1,2,1,2,T intersection,3,50,Local Road
T20230022468,2023/9/25,17:15:00,1,Collision with vehicle,1,Monday,137,LEFT TURN SIDESWIPE,1,781874,2,0,0,1,1,2,2,5,Not at intersection,3,40,Local Road
T20230022470,2023/9/25,18:50:00,1,Collision with vehicle,2,Monday,121,RIGHT THROUGH,3,342706,3,0,2,2,1,5,1,2,T intersection,2,80,Arterial Highway
T20230022473,2023/9/25,15:30:00,2,Struck Pedestrian,2,Monday,100,PED NEAR SIDE. PED HIT BY VEHICLE FROM THE RIGHT.,1,790964,1,0,0,1,1,2,1,5,Not at intersection,3,50,Local Road
T20230022478,2023/9/25,20:14:00,4,Collision with a fixed object,2,Monday,173,RIGHT OFF CARRIAGEWAY INTO OBJECT/PARKED VEHICLE,3,783106,1,0,1,0,0,1,1,5,Not at intersection,2,60,Arterial Highway
T20230022482,2023/9/25,21:35:00,4,Collision with a fixed object,2,Monday,171,LEFT OFF CARRIAGEWAY INTO OBJECT/PARKED VEHICLE,3,796217,1,0,1,0,0,1,1,5,Not at intersection,2,50,Local Road
T20230022563,2023/9/26,21:55:00,8,No collision and no object struck,2,Tuesday,174,OUT OF CONTROL ON CARRIAGEWAY (ON STRAIGHT),3,781644,1,0,0,1,0,1,1,5,Not at intersection,3,40,Local Road
T20230022555,2023/9/26,15:35:00,1,Collision with vehicle,3,Tuesday,110,CROSS TRAFFIC(INTERSECTIONS ONLY),1,781768,2,0,0,1,1,2,1,1,Cross intersection,3,50,Local Road
T20230022568,2023/9/26,14:12:00,1,Collision with vehicle,3,Tuesday,160,VEHICLE COLLIDES WITH VEHICLE PARKED ON LEFT OF ROAD,1,790793,2,0,0,1,0,1,1,5,Not at intersection,3,60,Local Road
T20230022567,2023/9/26,21:25:00,1,Collision with vehicle,3,Tuesday,162,ACCIDENT OR BROKEN DOWN,5,788894,2,0,0,1,1,2,2,5,Not at intersection,3,100,Freeway
T20230022532,2023/9/26,14:30:00,2,Struck Pedestrian,2,Tuesday,101,PED EMERGES FROM IN FRONT OF PARKED OR STATIONARY VEHICLE,1,781643,1,0,0,1,1,2,1,5,Not at intersection,3,40,Local Road
T20230026072,2023/9/26,11:00:00,7,Fall from or in moving vehicle,3,Tuesday,190,FELL IN/FROM VEHICLE,1,792971,1,0,1,0,0,1,2,5,Not at intersection,2,888,Local Road
T20230022565,2023/9/26,21:41:00,4,Collision with a fixed object,2,Tuesday,173,RIGHT OFF CARRIAGEWAY INTO OBJECT/PARKED VEHICLE,3,797109,1,0,1,0,0,1,1,5,Not at intersection,2,60,Local Road
T20230022564,2023/9/26,17:00:00,1,Collision with vehicle,3,Tuesday,120,HEAD ON (NOT OVERTAKING),1,786825,2,0,2,0,0,2,1,5,Not at intersection,2,80,Arterial Other
T20230022491,2023/9/26,3:23:00,4,Collision with a fixed object,3,Tuesday,173,RIGHT OFF CARRIAGEWAY INTO OBJECT/PARKED VEHICLE,3,790805,1,0,1,0,0,1,1,5,Not at intersection,2,80,Arterial Highway
T20230022527,2023/9/26,13:30:00,1,Collision with vehicle,3,Tuesday,136,RIGHT TURN SIDESWIPE,1,56191,2,0,1,0,1,2,1,1,Cross intersection,2,40,Arterial Other
T20230022801,2023/9/26,21:30:00,1,Collision with vehicle,2,Tuesday,135,LANE CHANGE LEFT (NOT OVERTAKING),3,785081,2,0,1,0,1,2,2,5,Not at intersection,2,50,Local Road
T20230022557,2023/9/26,19:18:00,1,Collision with vehicle,3,Tuesday,113,RIGHT NEAR (INTERSECTIONS ONLY),3,67987,2,0,2,1,1,4,1,2,T intersection,2,50,Local Road
T20230025475,2023/9/26,19:00:00,6,Vehicle overturned (no collision),3,Tuesday,174,OUT OF CONTROL ON CARRIAGEWAY (ON STRAIGHT),3,784943,1,0,0,1,0,1,2,5,Not at intersection,3,999,Local Road
T20230022795,2023/9/26,14:36:00,1,Collision with vehicle,3,Tuesday,133,LANE SIDE SWIPE (VEHICLES IN PARALLEL LANES),1,1468,2,0,1,0,1,2,1,5,Not at intersection,2,80,Arterial Highway
T20230022631,2023/9/26,16:30:00,1,Collision with vehicle,2,Tuesday,133,LANE SIDE SWIPE (VEHICLES IN PARALLEL LANES),1,781772,2,0,0,1,1,2,2,5,Not at intersection,3,999,Freeway
T20230022551,2023/9/26,17:44:00,1,Collision with vehicle,2,Tuesday,133,LANE SIDE SWIPE (VEHICLES IN PARALLEL LANES),2,791837,3,0,2,0,2,4,1,5,Not at intersection,2,100,Local Road
T20230022548,2023/9/26,15:30:00,1,Collision with vehicle,2,Tuesday,135,LANE CHANGE LEFT (NOT OVERTAKING),1,800485,2,0,1,0,1,2,1,5,Not at intersection,2,100,Freeway
T20230025451,2023/9/26,8:55:00,1,Collision with vehicle,2,Tuesday,111,RIGHT FAR (INTERSECTIONS ONLY),1,44481,3,0,0,1,3,4,1,1,Cross intersection,3,60,Local Road
T20230023855,2023/9/26,8:45:00,1,Collision with vehicle,2,Tuesday,122,LEFT THROUGH,1,42919,2,0,0,1,1,2,2,2,T intersection,3,60,Arterial Other
T20230025442,2023/9/26,21:00:00,1,Collision with vehicle,2,Tuesday,130,REAR END(VEHICLES IN SAME LANE),6,800532,2,0,0,2,0,2,2,5,Not at intersection,3,999,Local Road
T20230023747,2023/9/26,20:00:00,1,Collision with vehicle,3,Tuesday,130,REAR END(VEHICLES IN SAME LANE),6,784252,2,0,0,1,1,2,2,1,Cross intersection,3,60,Arterial Other
T20230022986,2023/9/26,8:15:00,1,Collision with vehicle,2,Tuesday,130,REAR END(VEHICLES IN SAME LANE),1,782008,2,0,0,2,0,2,2,5,Not at intersection,3,80,Arterial Highway
T20230022510,2023/9/26,8:55:00,4,Collision with a fixed object,3,Tuesday,173,RIGHT OFF CARRIAGEWAY INTO OBJECT/PARKED VEHICLE,1,784016,1,0,0,1,0,1,1,5,Not at intersection,3,100,Arterial Other
T20230022512,2023/9/26,11:20:00,2,Struck Pedestrian,3,Tuesday,100,PED NEAR SIDE. PED HIT BY VEHICLE FROM THE RIGHT.,1,782365,1,0,1,0,1,2,1,1,Cross intersection,2,50,Local Road
T20230022873,2023/9/26,14:10:00,1,Collision with vehicle,2,Tuesday,130,REAR END(VEHICLES IN SAME LANE),1,782060,2,0,0,1,1,2,2,5,Not at intersection,3,80,Freeway
T20230024274,2023/9/26,13:35:00,4,Collision with a fixed object,2,Tuesday,173,RIGHT OFF CARRIAGEWAY INTO OBJECT/PARKED VEHICLE,1,594814,1,0,0,2,0,2,1,2,T intersection,3,80,Arterial Other
T20230022515,2023/9/26,10:24:00,1,Collision with vehicle,2,Tuesday,130,REAR END(VEHICLES IN SAME LANE),1,787224,2,0,1,0,1,2,1,5,Not at intersection,2,80,Local Road
T20230022509,2023/9/26,7:32:00,1,Collision with vehicle,2,Tuesday,130,REAR END(VEHICLES IN SAME LANE),1,35991,2,0,0,1,1,2,1,1,Cross intersection,3,40,Local Road
T20230022507,2023/9/26,9:00:00,4,Collision with a fixed object,3,Tuesday,173,RIGHT OFF CARRIAGEWAY INTO OBJECT/PARKED VEHICLE,1,797586,1,0,1,0,0,1,1,5,Not at intersection,2,100,Arterial Highway
T20230022693,2023/9/26,12:00:00,1,Collision with vehicle,3,Tuesday,113,RIGHT NEAR (INTERSECTIONS ONLY),1,781855,2,0,0,2,1,3,1,2,T intersection,3,60,Local Road
T20230022691,2023/9/26,17:14:00,1,Collision with vehicle,3,Tuesday,130,REAR END(VEHICLES IN SAME LANE),1,787550,2,0,0,1,1,2,2,5,Not at intersection,3,70,Arterial Other
T20230022744,2023/9/26,23:15:00,1,Collision with vehicle,2,Tuesday,120,HEAD ON (NOT OVERTAKING),6,800486,2,0,0,1,1,2,1,5,Not at intersection,3,70,Arterial Other
T20230022766,2023/9/26,18:15:00,1,Collision with vehicle,2,Tuesday,113,RIGHT NEAR (INTERSECTIONS ONLY),3,782004,2,0,0,1,2,3,1,2,T intersection,3,60,Local Road
T20230022483,2023/9/26,1:10:00,1,Collision with vehicle,3,Tuesday,130,REAR END(VEHICLES IN SAME LANE),3,800484,2,0,1,0,1,2,1,5,Not at intersection,2,40,Freeway
T20230022581,2023/9/26,22:30:00,5,collision with some other object,2,Tuesday,166,STRUCK OBJECT ON CARRIAGEWAY,5,781769,1,0,0,1,0,1,2,5,Not at intersection,3,80,Arterial Other
T20230022578,2023/9/26,17:20:00,1,Collision with vehicle,3,Tuesday,160,VEHICLE COLLIDES WITH VEHICLE PARKED ON LEFT OF ROAD,1,791836,4,0,2,0,1,3,1,5,Not at intersection,2,40,Local Road
T20230022654,2023/9/27,21:48:00,2,Struck Pedestrian,3,Wednesday,100,PED NEAR SIDE. PED HIT BY VEHICLE FROM THE RIGHT.,5,784248,1,0,1,0,1,2,1,5,Not at intersection,2,50,Local Road
T20230023177,2023/9/27,9:00:00,1,Collision with vehicle,4,Wednesday,152,PULLING OUT (OVERTAKING),1,782301,2,0,1,0,1,2,2,5,Not at intersection,2,100,Local Road
T20230023146,2023/9/27,14:00:00,1,Collision with vehicle,4,Wednesday,130,REAR END(VEHICLES IN SAME LANE),1,306589,2,0,0,1,1,2,2,2,T intersection,3,60,Freeway
T20230022583,2023/9/27,9:00:00,1,Collision with vehicle,3,Wednesday,130,REAR END(VEHICLES IN SAME LANE),1,800849,3,0,1,0,2,3,1,5,Not at intersection,2,70,Arterial Highway
T20230022594,2023/9/27,9:57:00,1,Collision with vehicle,3,Wednesday,110,CROSS TRAFFIC(INTERSECTIONS ONLY),1,36856,2,0,1,0,1,2,1,1,Cross intersection,2,40,Arterial Highway
T20230022644,2023/9/27,16:48:00,1,Collision with vehicle,3,Wednesday,121,RIGHT THROUGH,1,790800,2,0,1,0,1,2,1,2,T intersection,2,60,Arterial Other
T20230022598,2023/9/27,10:00:00,7,Fall from or in moving vehicle,3,Wednesday,184,OUT OF CONTROL ON CARRIAGEWAY (ON BEND),1,781770,1,0,0,1,0,1,2,5,Not at intersection,3,80,Local Road
T20230022646,2023/9/27,15:21:00,1,Collision with vehicle,3,Wednesday,132,RIGHT REAR.,1,40216,2,0,0,1,1,2,1,2,T intersection,3,60,Local Road
T20230022602,2023/9/27,11:45:00,4,Collision with a fixed object,3,Wednesday,171,LEFT OFF CARRIAGEWAY INTO OBJECT/PARKED VEHICLE,1,66960,1,0,1,0,0,1,1,1,Cross intersection,2,40,Local Road
T20230022647,2023/9/27,16:10:00,1,Collision with vehicle,4,Wednesday,148,VEHICLE OFF FOOTPATH STRIKES VEH ON CARRIAGEWAY,1,250019,2,0,1,0,1,2,1,1,Cross intersection,2,40,Arterial Other
T20230022603,2023/9/27,10:50:00,4,Collision with a fixed object,3,Wednesday,171,LEFT OFF CARRIAGEWAY INTO OBJECT/PARKED VEHICLE,1,790803,1,0,1,0,0,1,1,5,Not at intersection,2,50,
T20230022604,2023/9/27,10:20:00,4,Collision with a fixed object,3,Wednesday,173,RIGHT OFF CARRIAGEWAY INTO OBJECT/PARKED VEHICLE,1,791835,1,0,1,0,0,1,1,5,Not at intersection,2,100,
T20230022607,2023/9/27,7:53:00,1,Collision with vehicle,4,Wednesday,130,REAR END(VEHICLES IN SAME LANE),1,781849,2,0,1,0,1,2,1,5,Not at intersection,2,60,Arterial Other
T20230022617,2023/9/27,10:30:00,1,Collision with vehicle,3,Wednesday,149,OTHER MANOEUVRING NOT INCLUDED IN DCAs 140-148,1,790983,2,0,0,1,0,1,1,5,Not at intersection,3,80,Local Road
T20230023602,2023/9/27,6:22:00,1,Collision with vehicle,3,Wednesday,113,RIGHT NEAR (INTERSECTIONS ONLY),1,43103,2,0,0,1,1,2,1,2,T intersection,3,60,Local Road
T20230022626,2023/9/27,16:20:00,4,Collision with a fixed object,4,Wednesday,181,OFF RIGHT BEND INTO OBJECT/PARKED VEHICLE,1,788896,2,0,1,0,0,1,1,5,Not at intersection,2,60,Arterial Other
T20230022652,2023/9/27,21:35:00,1,Collision with vehicle,3,Wednesday,130,REAR END(VEHICLES IN SAME LANE),3,790974,6,0,0,2,6,8,1,5,Not at intersection,3,100,Freeway
T20230022627,2023/9/27,16:45:00,1,Collision with vehicle,3,Wednesday,121,RIGHT THROUGH,1,35513,2,0,0,1,1,2,1,2,T intersection,3,60,Arterial Other
T20230022628,2023/9/27,17:15:00,2,Struck Pedestrian,3,Wednesday,108,PED STRUCK WALKING TO/FROM OR BOARDING/ALIGHTING VEHICLE.,1,29427,2,0,0,1,2,3,2,1,Cross intersection,3,40,Local Road
T20230022697,2023/9/27,12:58:00,2,Struck Pedestrian,3,Wednesday,100,PED NEAR SIDE. PED HIT BY VEHICLE FROM THE RIGHT.,1,790970,1,0,0,1,1,2,2,5,Not at intersection,3,999,Local Road
T20230022629,2023/9/27,17:10:00,1,Collision with vehicle,3,Wednesday,130,REAR END(VEHICLES IN SAME LANE),1,800852,3,0,1,0,2,3,1,5,Not at intersection,2,100,Freeway
T20230022632,2023/9/27,17:39:00,1,Collision with vehicle,4,Wednesday,130,REAR END(VEHICLES IN SAME LANE),1,790971,2,0,0,2,4,6,1,2,T intersection,3,80,Local Road
T20230022688,2023/9/27,9:45:00,2,Struck Pedestrian,3,Wednesday,106,VEH STRIKES PED ON FOOTPATH/MEDIAN/TRAFFIC ISLAND.,1,790981,1,0,0,1,1,2,2,5,Not at intersection,3,50,Local Road
T20230022638,2023/9/27,8:00:00,1,Collision with vehicle,3,Wednesday,137,LEFT TURN SIDESWIPE,1,29887,2,0,0,1,1,2,2,1,Cross intersection,3,60,Arterial Highway
T20230022763,2023/9/27,12:48:00,2,Struck Pedestrian,4,Wednesday,100,PED NEAR SIDE. PED HIT BY VEHICLE FROM THE RIGHT.,1,37920,1,0,0,1,1,2,2,2,T intersection,3,60,Arterial Highway
T20230022639,2023/9/27,19:04:00,1,Collision with vehicle,3,Wednesday,152,PULLING OUT (OVERTAKING),5,60748,2,0,1,0,1,2,1,2,T intersection,2,100,Arterial Other
T20230022633,2023/9/27,15:41:00,4,Collision with a fixed object,4,Wednesday,173,RIGHT OFF CARRIAGEWAY INTO OBJECT/PARKED VEHICLE,1,794423,1,1,0,0,0,1,1,5,Not at intersection,1,60,Arterial Other
T20230023773,2023/9/27,7:20:00,1,Collision with vehicle,3,Wednesday,147,VEHICLE STRIKES ANOTHER VEH WHILE EMERGING FROM DRIVEWAY,1,795918,2,0,0,2,0,2,2,2,T intersection,3,999,Arterial Other