ACCIDENT_NO,ACCIDENT_DATE,ACCIDENT_TIME,ACCIDENT_TYPE,ACCIDENT_TYPE_DESC,DAY_OF_WEEK,DAY_WEEK_DESC,DCA_CODE,DCA_DESC,LIGHT_CONDITION,NODE_ID,NO_OF_VEHICLES,NO_PERSONS_KILLED,NO_PERSONS_INJ_2,NO_PERSONS_INJ_3,NO_PERSONS_NOT_INJ,NO_PERSONS,POLICE_ATTEND,ROAD_GEOMETRY,ROAD_GEOMETRY_DESC,SEVERITY,SPEED_ZONE,RMA
T20230022659,2023/9/27,21:15:00,6,Vehicle overturned (no collision),3,Wednesday,180,OFF CARRIAGEWAY ON RIGHT BEND,5,790972,1,0,0,1,0,1,1,5,Not at intersection,3,80,Local Road
T20230025871,2023/9/27,17:12:00,6,Vehicle overturned (no collision),4,Wednesday,182,OFF CARRIAGEWAY ON LEFT BEND,1,797603,1,0,0,1,0,1,1,5,Not at intersection,3,60,Arterial Other
T20230023078,2023/9/27,10:00:00,2,Struck Pedestrian,3,Wednesday,100,PED NEAR SIDE. PED HIT BY VEHICLE FROM THE RIGHT.,1,53300,1,0,1,0,1,2,2,1,Cross intersection,2,60,Arterial Highway
T20230022670,2023/9/27,17:30:00,1,Collision with vehicle,3,Wednesday,130,REAR END(VEHICLES IN SAME LANE),1,62380,2,0,0,1,1,2,2,2,T intersection,3,50,Local Road
T20230023061,2023/9/27,13:40:00,8,No collision and no object struck,3,Wednesday,174,OUT OF CONTROL ON CARRIAGEWAY (ON STRAIGHT),1,15472,1,0,0,1,0,1,2,5,Not at intersection,3,60,Local Road
T20230023248,2023/9/27,16:17:00,6,Vehicle overturned (no collision),3,Wednesday,184,OUT OF CONTROL ON CARRIAGEWAY (ON BEND),1,252346,1,0,0,1,0,1,1,2,T intersection,3,60,Local Road
T20230022676,2023/9/27,8:30:00,1,Collision with vehicle,3,Wednesday,131,LEFT REAR,1,783757,2,0,0,1,1,2,2,5,Not at intersection,3,50,Arterial Highway
T20230022741,2023/9/28,21:55:00,1,Collision with vehicle,4,Thursday,163,VEHICLE STRIKES DOOR OF PARKED/STATIONARY VEHICLE,3,782497,2,0,0,1,1,2,1,5,Not at intersection,3,40,Arterial Highway
T20230023224,2023/9/28,8:57:00,8,No collision and no object struck,5,Thursday,172,OFF CARRIAGEWAY TO RIGHT,1,782302,2,0,1,0,1,2,2,1,Cross intersection,2,40,Local Road
T20230022738,2023/9/28,21:30:00,1,Collision with vehicle,5,Thursday,162,ACCIDENT OR BROKEN DOWN,5,791002,2,0,1,0,4,5,1,5,Not at intersection,2,100,Arterial Highway
T20230022737,2023/9/28,17:00:00,1,Collision with vehicle,5,Thursday,137,LEFT TURN SIDESWIPE,1,45633,2,0,1,0,1,2,1,2,T intersection,2,40,Arterial Other
T20230023159,2023/9/28,14:45:00,8,No collision and no object struck,4,Thursday,174,OUT OF CONTROL ON CARRIAGEWAY (ON STRAIGHT),1,782300,1,0,0,1,0,1,2,5,Not at intersection,3,80,Arterial Other
T20230022736,2023/9/28,19:02:00,1,Collision with vehicle,5,Thursday,121,RIGHT THROUGH,5,52745,2,0,1,0,2,3,1,2,T intersection,2,999,Local Road
T20230022701,2023/9/28,12:35:00,8,No collision and no object struck,4,Thursday,179,OTHER ACCIDENTS-OFF STRAIGHT NOT INCLUDED IN DCAs 170-175,1,781897,1,0,0,1,0,1,1,5,Not at intersection,3,50,Local Road
T20230022735,2023/9/28,16:31:00,1,Collision with vehicle,5,Thursday,110,CROSS TRAFFIC(INTERSECTIONS ONLY),1,68657,2,0,2,0,0,2,1,1,Cross intersection,2,60,Local Road
T20230022707,2023/9/28,13:40:00,4,Collision with a fixed object,4,Thursday,173,RIGHT OFF CARRIAGEWAY INTO OBJECT/PARKED VEHICLE,1,793485,1,0,0,1,0,1,1,5,Not at intersection,3,80,Local Road
T20230022731,2023/9/28,19:51:00,1,Collision with vehicle,5,Thursday,134,LANE CHANGE RIGHT (NOT OVERTAKING),3,781856,2,0,1,0,1,2,1,2,T intersection,2,40,Local Road
T20230022708,2023/9/28,12:00:00,1,Collision with vehicle,4,Thursday,113,RIGHT NEAR (INTERSECTIONS ONLY),1,71422,2,0,0,1,1,2,1,2,T intersection,3,60,Local Road
T20230022717,2023/9/28,16:47:00,4,Collision with a fixed object,5,Thursday,173,RIGHT OFF CARRIAGEWAY INTO OBJECT/PARKED VEHICLE,1,36626,1,0,1,0,0,1,1,1,Cross intersection,2,40,Arterial Other
T20230022957,2023/9/28,15:15:00,1,Collision with vehicle,4,Thursday,121,RIGHT THROUGH,1,782498,2,0,0,1,1,2,2,5,Not at intersection,3,60,Arterial Other
T20230027212,2023/9/28,21:43:00,3,Struck animal,5,Thursday,167,STRUCK ANIMAL,9,790993,1,0,0,1,0,1,2,5,Not at intersection,3,60,Local Road
T20230022726,2023/9/28,17:07:00,1,Collision with vehicle,5,Thursday,120,HEAD ON (NOT OVERTAKING),2,782291,3,0,0,3,2,5,1,5,Not at intersection,3,60,Arterial Other
T20230022725,2023/9/28,16:30:00,1,Collision with vehicle,5,Thursday,130,REAR END(VEHICLES IN SAME LANE),1,790996,2,0,1,2,2,5,1,5,Not at intersection,2,100,Freeway
T20230022724,2023/9/28,17:30:00,1,Collision with vehicle,4,Thursday,130,REAR END(VEHICLES IN SAME LANE),1,782388,2,0,0,2,1,3,1,1,Cross intersection,3,80,Arterial Other
T20230023258,2023/9/28,14:20:00,1,Collision with vehicle,4,Thursday,130,REAR END(VEHICLES IN SAME LANE),1,790999,2,0,0,1,1,2,2,5,Not at intersection,3,999,Local Road
T20230023499,2023/9/28,12:52:00,1,Collision with vehicle,5,Thursday,121,RIGHT THROUGH,1,51701,2,0,1,1,0,2,1,2,T intersection,2,60,Local Road
T20230024776,2023/9/28,12:15:00,1,Collision with vehicle,5,Thursday,110,CROSS TRAFFIC(INTERSECTIONS ONLY),1,39918,2,0,1,0,1,2,1,1,Cross intersection,2,50,Local Road
T20230024774,2023/9/28,20:30:00,4,Collision with a fixed object,4,Thursday,183,OFF LEFT BEND INTO OBJECT/PARKED VEHICLE,3,265814,1,0,0,1,0,1,2,2,T intersection,3,50,Local Road
T20230024668,2023/9/28,3:28:00,1,Collision with vehicle,5,Thursday,130,REAR END(VEHICLES IN SAME LANE),3,787455,2,0,0,1,1,2,1,5,Not at intersection,3,100,Freeway
T20230022661,2023/9/28,2:36:00,1,Collision with vehicle,5,Thursday,120,HEAD ON (NOT OVERTAKING),3,787738,2,0,0,3,0,3,1,5,Not at intersection,3,50,Local Road
T20240000278,2023/9/28,20:30:00,1,Collision with vehicle,4,Thursday,163,VEHICLE STRIKES DOOR OF PARKED/STATIONARY VEHICLE,3,797010,2,0,0,1,1,2,2,5,Not at intersection,3,50,Local Road
T20230028424,2023/9/28,17:40:00,1,Collision with vehicle,5,Thursday,130,REAR END(VEHICLES IN SAME LANE),1,795505,3,0,0,1,3,4,1,5,Not at intersection,3,60,Arterial Other
T20230022817,2023/9/28,21:55:00,4,Collision with a fixed object,5,Thursday,171,LEFT OFF CARRIAGEWAY INTO OBJECT/PARKED VEHICLE,3,44928,1,0,0,1,0,1,1,2,T intersection,3,60,Arterial Other
T20230022790,2023/9/28,14:10:00,1,Collision with vehicle,5,Thursday,130,REAR END(VEHICLES IN SAME LANE),1,297824,2,0,0,1,1,2,1,1,Cross intersection,3,60,Arterial Highway
T20230022671,2023/9/28,9:05:00,1,Collision with vehicle,5,Thursday,147,VEHICLE STRIKES ANOTHER VEH WHILE EMERGING FROM DRIVEWAY,1,781896,2,0,1,0,1,2,1,5,Not at intersection,2,50,Local Road
T20230022658,2023/9/28,1:04:00,1,Collision with vehicle,5,Thursday,130,REAR END(VEHICLES IN SAME LANE),4,39352,2,0,1,1,0,2,1,1,Cross intersection,2,50,Local Road
T20230023854,2023/9/28,11:15:00,1,Collision with vehicle,5,Thursday,132,RIGHT REAR.,1,782939,2,0,0,1,1,2,2,5,Not at intersection,3,777,Local Road
T20230022783,2023/9/28,16:30:00,1,Collision with vehicle,5,Thursday,110,CROSS TRAFFIC(INTERSECTIONS ONLY),1,250884,2,0,0,2,2,4,1,1,Cross intersection,3,60,Arterial Other
T20230022660,2023/9/28,3:45:00,4,Collision with a fixed object,4,Thursday,171,LEFT OFF CARRIAGEWAY INTO OBJECT/PARKED VEHICLE,3,790995,1,0,0,1,0,1,1,5,Not at intersection,3,70,Local Road
T20230022662,2023/9/28,2:05:00,1,Collision with vehicle,4,Thursday,130,REAR END(VEHICLES IN SAME LANE),5,789748,2,0,1,4,1,6,1,5,Not at intersection,2,100,Arterial Other
T20230022663,2023/9/28,3:00:00,1,Collision with vehicle,4,Thursday,130,REAR END(VEHICLES IN SAME LANE),3,782003,2,0,0,1,1,2,1,5,Not at intersection,3,70,Arterial Other
T20230022678,2023/9/28,11:55:00,1,Collision with vehicle,5,Thursday,163,VEHICLE STRIKES DOOR OF PARKED/STATIONARY VEHICLE,1,306171,2,0,1,0,1,2,2,5,Not at intersection,2,50,Local Road
T20230022749,2023/9/28,19:13:00,2,Struck Pedestrian,5,Thursday,109,ANY MANOEUVRE INVOLVING PED NOT INCLUDED IN DCAs 100-108.,3,793814,1,1,0,1,0,2,1,5,Not at intersection,1,60,Arterial Other
T20230022682,2023/9/28,6:25:00,1,Collision with vehicle,4,Thursday,130,REAR END(VEHICLES IN SAME LANE),2,782187,2,0,0,1,2,3,2,5,Not at intersection,3,50,Local Road
T20230022720,2023/9/28,17:00:00,1,Collision with vehicle,5,Thursday,133,LANE SIDE SWIPE (VEHICLES IN PARALLEL LANES),1,785966,2,0,0,1,1,2,1,5,Not at intersection,3,80,Arterial Other
T20230022687,2023/9/28,11:48:00,1,Collision with vehicle,4,Thursday,130,REAR END(VEHICLES IN SAME LANE),1,792989,2,0,0,1,1,2,1,5,Not at intersection,3,60,Arterial Other
T20230022689,2023/9/28,12:35:00,1,Collision with vehicle,5,Thursday,113,RIGHT NEAR (INTERSECTIONS ONLY),1,70945,2,0,1,0,1,2,1,2,T intersection,2,50,Local Road
T20230022692,2023/9/28,11:40:00,1,Collision with vehicle,5,Thursday,113,RIGHT NEAR (INTERSECTIONS ONLY),1,45446,2,0,1,0,1,2,1,2,T intersection,2,100,Arterial Highway
T20230023281,2023/9/29,12:30:00,1,Collision with vehicle,6,Friday,113,RIGHT NEAR (INTERSECTIONS ONLY),1,314604,2,0,1,0,1,2,1,2,T intersection,2,100,Arterial Highway
T20230022930,2023/9/29,9:00:00,1,Collision with vehicle,6,Friday,137,LEFT TURN SIDESWIPE,1,784089,2,0,0,1,1,2,2,5,Not at intersection,3,60,Arterial Other
T20230022836,2023/9/29,20:25:00,1,Collision with vehicle,5,Friday,113,RIGHT NEAR (INTERSECTIONS ONLY),3,35520,2,0,0,1,1,2,1,2,T intersection,3,60,Arterial Highway
T20230022755,2023/9/29,5:35:00,4,Collision with a fixed object,5,Friday,183,OFF LEFT BEND INTO OBJECT/PARKED VEHICLE,2,790782,1,0,1,0,0,1,1,5,Not at intersection,2,100,Arterial Other
T20230022786,2023/9/29,12:55:00,1,Collision with vehicle,5,Friday,113,RIGHT NEAR (INTERSECTIONS ONLY),1,224301,2,0,0,1,1,2,2,2,T intersection,3,50,Local Road
T20230022748,2023/9/29,1:00:00,1,Collision with vehicle,6,Friday,121,RIGHT THROUGH,3,29868,2,0,2,2,3,7,1,1,Cross intersection,2,70,Freeway
T20230022746,2023/9/29,0:45:00,4,Collision with a fixed object,5,Friday,181,OFF RIGHT BEND INTO OBJECT/PARKED VEHICLE,3,800820,1,0,1,0,0,1,1,5,Not at intersection,2,50,Local Road
T20230026332,2023/9/29,23:08:00,1,Collision with vehicle,6,Friday,130,REAR END(VEHICLES IN SAME LANE),3,791195,2,0,0,1,1,2,1,5,Not at intersection,3,50,Local Road
T20230022796,2023/9/29,14:55:00,1,Collision with vehicle,5,Friday,113,RIGHT NEAR (INTERSECTIONS ONLY),1,40802,2,0,0,2,0,2,1,2,T intersection,3,60,Arterial Other
T20230027069,2023/9/29,16:15:00,1,Collision with vehicle,6,Friday,110,CROSS TRAFFIC(INTERSECTIONS ONLY),1,19689,2,0,0,1,1,2,1,1,Cross intersection,3,60,Arterial Highway
T20230022821,2023/9/29,21:10:00,4,Collision with a fixed object,5,Friday,173,RIGHT OFF CARRIAGEWAY INTO OBJECT/PARKED VEHICLE,5,794805,1,0,0,1,0,1,1,5,Not at intersection,3,100,Arterial Other
T20230023343,2023/9/29,15:47:00,6,Vehicle overturned (no collision),5,Friday,174,OUT OF CONTROL ON CARRIAGEWAY (ON STRAIGHT),1,783429,1,0,1,0,0,1,2,5,Not at intersection,2,100,Local Road
T20230022804,2023/9/29,16:14:00,1,Collision with vehicle,6,Friday,130,REAR END(VEHICLES IN SAME LANE),1,721637,2,0,0,1,1,2,1,5,Not at intersection,3,70,Arterial Other
T20230022797,2023/9/29,15:28:00,1,Collision with vehicle,5,Friday,113,RIGHT NEAR (INTERSECTIONS ONLY),1,791007,2,0,0,2,0,2,1,2,T intersection,3,80,Local Road
T20230023408,2023/9/29,17:00:00,1,Collision with vehicle,5,Friday,130,REAR END(VEHICLES IN SAME LANE),2,793928,2,0,0,1,1,2,2,5,Not at intersection,3,60,Local Road
T20230022777,2023/9/29,12:06:00,4,Collision with a fixed object,6,Friday,173,RIGHT OFF CARRIAGEWAY INTO OBJECT/PARKED VEHICLE,1,791021,1,0,1,0,0,1,1,5,Not at intersection,2,100,Local Road
T20230022776,2023/9/29,12:40:00,1,Collision with vehicle,6,Friday,121,RIGHT THROUGH,1,67375,2,0,1,0,1,2,1,2,T intersection,2,60,Arterial Other
T20230022774,2023/9/29,10:20:00,4,Collision with a fixed object,6,Friday,171,LEFT OFF CARRIAGEWAY INTO OBJECT/PARKED VEHICLE,1,40420,1,0,1,0,0,1,1,2,T intersection,2,60,Arterial Other
T20230022772,2023/9/29,11:00:00,1,Collision with vehicle,6,Friday,130,REAR END(VEHICLES IN SAME LANE),1,791199,3,0,1,0,6,7,1,5,Not at intersection,2,80,Local Road
T20230022789,2023/9/29,14:30:00,6,Vehicle overturned (no collision),5,Friday,170,OFF CARRIAGEWAY TO LEFT,1,223545,1,0,0,1,0,1,1,2,T intersection,3,60,Local Road
T20230022805,2023/9/29,18:40:00,1,Collision with vehicle,6,Friday,111,RIGHT FAR (INTERSECTIONS ONLY),3,51671,2,0,1,0,1,2,1,2,T intersection,2,60,Local Road
T20230022809,2023/9/29,18:55:00,1,Collision with vehicle,5,Friday,130,REAR END(VEHICLES IN SAME LANE),3,782729,3,0,0,2,4,6,1,5,Not at intersection,3,70,Arterial Other
T20230022788,2023/9/29,12:00:00,1,Collision with vehicle,6,Friday,130,REAR END(VEHICLES IN SAME LANE),1,781880,2,0,1,1,0,2,1,5,Not at intersection,2,80,Freeway
T20230022814,2023/9/29,18:25:00,4,Collision with a fixed object,5,Friday,183,OFF LEFT BEND INTO OBJECT/PARKED VEHICLE,5,783655,1,0,1,0,0,1,1,5,Not at intersection,2,100,Local Road
T20230022816,2023/9/29,21:39:00,1,Collision with vehicle,5,Friday,110,CROSS TRAFFIC(INTERSECTIONS ONLY),3,781899,2,0,0,2,4,6,1,1,Cross intersection,3,50,Local Road
T20230022818,2023/9/29,15:58:00,6,Vehicle overturned (no collision),5,Friday,174,OUT OF CONTROL ON CARRIAGEWAY (ON STRAIGHT),1,790785,1,0,1,0,0,1,1,5,Not at intersection,2,80,
T20230022819,2023/9/29,19:41:00,1,Collision with vehicle,5,Friday,110,CROSS TRAFFIC(INTERSECTIONS ONLY),3,41182,2,0,1,0,4,5,1,1,Cross intersection,2,50,Arterial Other
T20230024563,2023/9/29,12:00:00,1,Collision with vehicle,5,Friday,130,REAR END(VEHICLES IN SAME LANE),1,783561,2,0,0,1,2,3,2,5,Not at intersection,3,50,Local Road
T20230024493,2023/9/29,22:20:00,1,Collision with vehicle,5,Friday,110,CROSS TRAFFIC(INTERSECTIONS ONLY),3,57576,2,0,0,1,1,2,1,1,Cross intersection,3,70,Arterial Highway
T20230024337,2023/9/29,10:00:00,4,Collision with a fixed object,6,Friday,179,OTHER ACCIDENTS-OFF STRAIGHT NOT INCLUDED IN DCAs 170-175,1,791188,1,0,0,1,0,1,2,5,Not at intersection,3,999,Local Road
T20230024315,2023/9/29,13:30:00,1,Collision with vehicle,5,Friday,130,REAR END(VEHICLES IN SAME LANE),1,789537,2,0,0,1,2,3,2,5,Not at intersection,3,100,Arterial Highway
T20230022810,2023/9/29,19:00:00,1,Collision with vehicle,5,Friday,121,RIGHT THROUGH,3,782292,2,0,0,2,1,3,1,1,Cross intersection,3,80,Arterial Other
T20230022862,2023/9/29,15:00:00,8,No collision and no object struck,5,Friday,174,OUT OF CONTROL ON CARRIAGEWAY (ON STRAIGHT),1,781926,1,0,0,1,0,1,2,5,Not at intersection,3,888,Local Road
T20230023037,2023/9/29,8:55:00,1,Collision with vehicle,5,Friday,110,CROSS TRAFFIC(INTERSECTIONS ONLY),1,49850,2,0,0,2,0,2,1,1,Cross intersection,3,60,Arterial Other
T20230023066,2023/9/29,6:00:00,3,Struck animal,6,Friday,167,STRUCK ANIMAL,2,791010,1,0,1,0,0,1,2,5,Not at intersection,2,100,Local Road
T20230022850,2023/9/29,15:00:00,5,collision with some other object,5,Friday,166,STRUCK OBJECT ON CARRIAGEWAY,9,783203,1,0,1,0,0,1,2,5,Not at intersection,2,100,Local Road
T20230023057,2023/9/29,14:00:00,8,No collision and no object struck,5,Friday,174,OUT OF CONTROL ON CARRIAGEWAY (ON STRAIGHT),1,799234,1,0,1,0,0,1,2,2,T intersection,2,100,Local Road
T20230022782,2023/9/29,11:10:00,6,Vehicle overturned (no collision),5,Friday,170,OFF CARRIAGEWAY TO LEFT,1,799261,1,0,0,1,0,1,1,5,Not at intersection,3,100,Arterial Highway
T20230022881,2023/9/30,21:23:00,7,Fall from or in moving vehicle,7,Saturday,190,FELL IN/FROM VEHICLE,4,781927,1,0,1,0,1,2,1,5,Not at intersection,2,50,Local Road
T20230022840,2023/9/30,10:00:00,5,collision with some other object,6,Saturday,166,STRUCK OBJECT ON CARRIAGEWAY,1,787003,1,0,0,1,0,1,1,5,Not at intersection,3,100,Local Road
T20230022880,2023/9/30,20:55:00,1,Collision with vehicle,6,Saturday,110,CROSS TRAFFIC(INTERSECTIONS ONLY),3,1140,2,0,0,1,4,5,1,1,Cross intersection,3,70,Arterial Other
T20230022879,2023/9/30,19:03:00,4,Collision with a fixed object,7,Saturday,171,LEFT OFF CARRIAGEWAY INTO OBJECT/PARKED VEHICLE,5,793972,1,0,1,0,0,1,1,5,Not at intersection,2,80,
T20230022849,2023/9/30,9:47:00,1,Collision with vehicle,6,Saturday,121,RIGHT THROUGH,1,782005,2,0,0,1,1,2,1,5,Not at intersection,3,50,Local Road
T20230022841,2023/9/30,11:00:00,2,Struck Pedestrian,6,Saturday,100,PED NEAR SIDE. PED HIT BY VEHICLE FROM THE RIGHT.,1,790536,1,0,0,1,1,2,1,5,Not at intersection,3,60,Arterial Other
T20230022843,2023/9/30,8:35:00,8,No collision and no object struck,7,Saturday,174,OUT OF CONTROL ON CARRIAGEWAY (ON STRAIGHT),1,797554,1,0,0,1,0,1,1,5,Not at intersection,3,100,
T20230022845,2023/9/30,10:00:00,1,Collision with vehicle,6,Saturday,132,RIGHT REAR.,1,785773,2,0,1,0,2,3,1,5,Not at intersection,2,60,Arterial Other
T20230023154,2023/9/30,18:00:00,4,Collision with a fixed object,6,Saturday,181,OFF RIGHT BEND INTO OBJECT/PARKED VEHICLE,5,791533,1,0,0,1,0,1,1,2,T intersection,3,80,Arterial Other
T20230022844,2023/9/30,11:00:00,2,Struck Pedestrian,7,Saturday,109,ANY MANOEUVRE INVOLVING PED NOT INCLUDED IN DCAs 100-108.,1,791217,1,0,0,1,1,2,1,5,Not at intersection,3,30,Arterial Highway
T20230023104,2023/9/30,16:40:00,1,Collision with vehicle,6,Saturday,147,VEHICLE STRIKES ANOTHER VEH WHILE EMERGING FROM DRIVEWAY,1,791228,2,0,0,1,1,2,2,5,Not at intersection,3,999,Arterial Other
T20230023095,2023/9/30,10:30:00,1,Collision with vehicle,6,Saturday,116,LEFT NEAR (INTERSECTIONS ONLY),1,800561,2,0,0,1,2,3,2,2,T intersection,3,50,Local Road
T20230026680,2023/9/30,11:35:00,1,Collision with vehicle,6,Saturday,110,CROSS TRAFFIC(INTERSECTIONS ONLY),1,40378,2,0,0,1,1,2,1,1,Cross intersection,3,60,Arterial Other
T20230029791,2023/9/30,18:52:00,7,Fall from or in moving vehicle,7,Saturday,190,FELL IN/FROM VEHICLE,3,36604,1,0,0,1,0,1,1,5,Not at intersection,3,40,Local Road
T20230022891,2023/9/30,23:39:00,4,Collision with a fixed object,7,Saturday,173,RIGHT OFF CARRIAGEWAY INTO OBJECT/PARKED VEHICLE,3,781907,1,1,1,3,0,5,1,2,T intersection,1,60,Local Road
T20230023083,2023/9/30,23:10:00,2,Struck Pedestrian,6,Saturday,100,PED NEAR SIDE. PED HIT BY VEHICLE FROM THE RIGHT.,3,798257,1,0,0,1,1,2,1,5,Not at intersection,3,60,Arterial Other
T20230023394,2023/9/30,12:00:00,6,Vehicle overturned (no collision),6,Saturday,184,OUT OF CONTROL ON CARRIAGEWAY (ON BEND),1,789642,1,0,1,0,0,1,2,5,Not at intersection,2,100,Arterial Other
T20230025330,2023/9/30,12:30:00,8,No collision and no object struck,7,Saturday,184,OUT OF CONTROL ON CARRIAGEWAY (ON BEND),1,791226,1,0,0,1,0,1,2,5,Not at intersection,3,999,Local Road
T20230022832,2023/9/30,6:04:00,1,Collision with vehicle,6,Saturday,145,REVERSING IN STREAM OF TRAFFIC,2,782293,2,0,0,1,2,3,1,5,Not at intersection,3,40,Local Road
T20230022833,2023/9/30,6:05:00,1,Collision with vehicle,7,Saturday,120,HEAD ON (NOT OVERTAKING),2,790538,2,0,0,1,2,3,1,5,Not at intersection,3,40,Local Road
T20230024687,2023/9/30,13:00:00,1,Collision with vehicle,6,Saturday,110,CROSS TRAFFIC(INTERSECTIONS ONLY),1,52823,3,0,0,1,3,4,1,1,Cross intersection,3,50,Local Road
T20230022828,2023/9/30,0:30:00,4,Collision with a fixed object,6,Saturday,173,RIGHT OFF CARRIAGEWAY INTO OBJECT/PARKED VEHICLE,5,791207,1,0,0,1,0,1,1,5,Not at intersection,3,100,Arterial Highway
T20230022876,2023/9/30,16:29:00,4,Collision with a fixed object,7,Saturday,181,OFF RIGHT BEND INTO OBJECT/PARKED VEHICLE,1,791227,1,0,0,1,0,1,1,5,Not at intersection,3,60,Arterial Other
T20230022875,2023/9/30,7:40:00,1,Collision with vehicle,7,Saturday,137,LEFT TURN SIDESWIPE,1,40082,2,0,1,0,1,2,2,2,T intersection,2,60,Arterial Other
T20230024738,2023/9/30,11:00:00,6,Vehicle overturned (no collision),7,Saturday,189,OTHER ACCIDENTS ON CURVE NOT INCLUDED IN DCAs 180-184,1,791208,1,0,1,0,0,1,2,5,Not at intersection,2,888,Local Road
T20230022918,2023/9/30,16:11:00,1,Collision with vehicle,6,Saturday,110,CROSS TRAFFIC(INTERSECTIONS ONLY),1,54583,2,0,0,1,2,3,1,1,Cross intersection,3,40,Local Road
T20230022872,2023/9/30,10:20:00,1,Collision with vehicle,6,Saturday,111,RIGHT FAR (INTERSECTIONS ONLY),1,39897,2,0,0,1,1,2,2,1,Cross intersection,3,60,Arterial Other
T20230028864,2023/9/30,10:40:00,1,Collision with vehicle,6,Saturday,130,REAR END(VEHICLES IN SAME LANE),1,799262,2,0,0,1,1,2,2,5,Not at intersection,3,60,Arterial Other
T20230022868,2023/9/30,13:58:00,1,Collision with vehicle,7,Saturday,113,RIGHT NEAR (INTERSECTIONS ONLY),1,38349,2,1,0,1,0,2,1,1,Cross intersection,1,70,Arterial Other
T20230022975,2023/9/30,13:00:00,8,No collision and no object struck,7,Saturday,174,OUT OF CONTROL ON CARRIAGEWAY (ON STRAIGHT),1,791220,1,0,0,1,0,1,2,5,Not at intersection,3,888,Arterial Other
T20230022864,2023/9/30,12:46:00,1,Collision with vehicle,6,Saturday,130,REAR END(VEHICLES IN SAME LANE),1,782006,2,0,0,1,0,1,1,5,Not at intersection,3,100,Freeway
T20230022863,2023/9/30,10:25:00,1,Collision with vehicle,6,Saturday,113,RIGHT NEAR (INTERSECTIONS ONLY),1,59945,2,0,0,1,5,6,1,2,T intersection,3,80,Arterial Highway
T20230022829,2023/9/30,3:30:00,4,Collision with a fixed object,6,Saturday,173,RIGHT OFF CARRIAGEWAY INTO OBJECT/PARKED VEHICLE,3,784672,1,0,1,1,0,2,1,5,Not at intersection,2,70,Arterial Other
T20230023410,2023/9/30,7:20:00,1,Collision with vehicle,7,Saturday,110,CROSS TRAFFIC(INTERSECTIONS ONLY),1,70726,2,0,0,1,3,4,1,1,Cross intersection,3,80,Arterial Highway
T20230022903,2023/9/30,21:26:00,1,Collision with vehicle,7,Saturday,110,CROSS TRAFFIC(INTERSECTIONS ONLY),3,782061,2,0,1,3,2,6,1,1,Cross intersection,2,80,Arterial Highway
T20230022861,2023/9/30,12:40:00,8,No collision and no object struck,6,Saturday,174,OUT OF CONTROL ON CARRIAGEWAY (ON STRAIGHT),1,790010,1,0,1,0,0,1,1,5,Not at intersection,2,888,Local Road
T20230022999,2023/9/30,13:45:00,1,Collision with vehicle,6,Saturday,130,REAR END(VEHICLES IN SAME LANE),1,782064,5,0,0,2,5,7,1,5,Not at intersection,3,80,Arterial Other
T20230023004,2023/9/30,13:00:00,8,No collision and no object struck,7,Saturday,174,OUT OF CONTROL ON CARRIAGEWAY (ON STRAIGHT),9,791830,1,0,0,1,0,1,2,5,Not at intersection,3,999,
T20230026514,2023/9/30,15:00:00,8,No collision and no object struck,7,Saturday,174,OUT OF CONTROL ON CARRIAGEWAY (ON STRAIGHT),1,791201,1,0,0,1,0,1,2,5,Not at intersection,3,50,Local Road
T20230022851,2023/9/30,11:31:00,4,Collision with a fixed object,6,Saturday,171,LEFT OFF CARRIAGEWAY INTO OBJECT/PARKED VEHICLE,1,43739,1,0,0,1,0,1,1,1,Cross intersection,3,60,Local Road
T20230023969,2023/9/30,1:55:00,3,Struck animal,7,Saturday,167,STRUCK ANIMAL,3,791202,1,0,0,1,1,2,1,5,Not at intersection,3,80,Arterial Other
T20230022835,2023/9/30,6:50:00,1,Collision with vehicle,6,Saturday,130,REAR END(VEHICLES IN SAME LANE),1,39785,2,0,0,1,1,2,1,1,Cross intersection,3,80,Arterial Other
T20230022889,2023/9/30,23:18:00,4,Collision with a fixed object,6,Saturday,179,OTHER ACCIDENTS-OFF STRAIGHT NOT INCLUDED IN DCAs 170-175,3,797736,1,0,0,1,0,1,1,5,Not at intersection,3,50,Local Road
T20230022887,2023/9/30,18:55:00,1,Collision with vehicle,7,Saturday,160,VEHICLE COLLIDES WITH VEHICLE PARKED ON LEFT OF ROAD,3,785255,2,0,1,0,0,1,1,5,Not at intersection,2,50,Local Road
T20230022886,2023/9/30,18:00:00,1,Collision with vehicle,7,Saturday,160,VEHICLE COLLIDES WITH VEHICLE PARKED ON LEFT OF ROAD,1,797584,4,0,1,0,0,1,1,5,Not at intersection,2,40,Local Road
T20230022860,2023/9/30,12:15:00,1,Collision with vehicle,6,Saturday,130,REAR END(VEHICLES IN SAME LANE),1,350177,2,0,0,1,2,3,1,2,T intersection,3,70,Arterial Other